card_id,card1_num,customer_id
C00001-K1,10859,C00001
C00002-K1,11708,C00002
C00003-K1,20184,C00003
C00004-K1,14056,C00004
C00005-K1,17978,C00005
C00006-K1,21464,C00006
C00007-K1,15316,C00007
C00008-K2,10583,C00008
C00009-K1,17267,C00009
C00010-K1,15641,C00010
C00011-K1,16584,C00011
C00012-K1,13486,C00012
C00013-K1,19046,C00013
C00014-K1,12342,C00014
C00015-K1,17172,C00015
C00016-K1,11923,C00016
C00017-K1,12627,C00017
C00018-K1,15017,C00018
C00019-K1,13022,C00019
C00020-K1,20865,C00020
C00021-K1,14680,C00021
C00022-K1,15055,C00022
C00023-K1,11791,C00023
C00024-K1,23250,C00024
C00025-K1,11373,C00025
C00026-K1,23113,C00026
C00027-K1,22934,C00027
C00028-K1,20791,C00028
C00029-K1,10731,C00029
C00030-K1,22130,C00030
C00031-K1,20493,C00031
C00032-K1,22415,C00032
C00033-K1,13587,C00033
C00034-K1,12685,C00034
C00035-K1,20071,C00035
C00036-K1,11005,C00036
C00037-K1,17510,C00037
C00038-K1,16123,C00038
C00039-K1,20516,C00039
C00040-K1,19058,C00040
C00041-K1,11340,C00041
C00042-K1,12285,C00042
C00043-K1,14045,C00043
C00044-K1,18404,C00044
C00045-K1,21537,C00045
C00046-K1,17735,C00046
C00047-K1,12344,C00047
C00048-K1,16271,C00048
C00049-K1,20308,C00049
C00050-K1,18770,C00050
C00051-K1,18038,C00051
C00052-K1,18943,C00052
C00053-K1,19448,C00053
C00054-K1,17561,C00054
C00055-K1,22636,C00055
C00056-K1,18079,C00056
C00057-K1,15385,C00057
C00058-K1,15349,C00058
C00059-K2,21826,C00059
C00060-K1,16087,C00060
C00061-K1,21836,C00061
C00062-K1,13912,C00062
C00063-K1,17420,C00063
C00064-K1,15329,C00064
C00065-K1,19270,C00065
C00066-K1,13368,C00066
C00067-K1,20290,C00067
C00068-K1,14129,C00068
C00069-K1,18195,C00069
C00070-K1,18785,C00070
C00071-K1,20969,C00071
C00072-K1,12282,C00072
C00073-K2,17304,C00073
C00074-K1,11152,C00074
C00075-K1,16971,C00075
C00076-K1,18703,C00076
C00077-K1,11606,C00077
C00078-K1,13297,C00078
C00079-K1,22236,C00079
C00080-K1,12284,C00080
C00081-K1,10465,C00081
C00082-K1,22960,C00082
C00083-K1,16723,C00083
C00084-K1,10451,C00084
C00085-K1,23143,C00085
C00086-K1,16655,C00086
C00087-K1,19350,C00087
C00088-K1,19163,C00088
C00089-K1,18634,C00089
C00090-K1,16189,C00090
C00091-K1,16998,C00091
C00092-K1,22321,C00092
C00093-K1,22547,C00093
C00094-K3,16429,C00094
C00095-K1,12490,C00095
C00096-K1,18055,C00096
C00097-K1,21818,C00097
C00098-K1,12400,C00098
C00099-K1,23446,C00099
C00100-K1,16864,C00100
C00101-K1,14535,C00101
C00102-K1,17479,C00102
C00103-K1,17560,C00103
C00104-K1,12278,C00104
C00105-K1,14077,C00105
C00106-K1,17101,C00106
C00107-K1,15729,C00107
C00108-K1,12734,C00108
C00109-K1,21599,C00109
C00110-K1,11043,C00110
C00111-K1,16066,C00111
C00112-K1,18490,C00112
C00113-K1,20137,C00113
C00114-K1,18692,C00114
C00115-K1,10790,C00115
C00116-K1,17087,C00116
C00117-K1,15773,C00117
C00118-K1,18205,C00118
C00119-K1,12784,C00119
C00120-K1,12710,C00120
C00121-K1,16506,C00121
C00122-K1,20919,C00122
C00123-K1,21354,C00123
C00124-K1,14096,C00124
C00125-K1,15743,C00125
C00126-K1,19537,C00126
C00127-K1,14563,C00127
C00128-K1,14149,C00128
C00129-K2,15785,C00129
C00130-K1,15461,C00130
C00131-K1,14069,C00131
C00132-K1,21544,C00132
C00133-K1,16424,C00133
C00134-K1,16055,C00134
C00135-K1,18074,C00135
C00136-K1,11992,C00136
C00137-K1,10475,C00137
C00138-K1,13416,C00138
C00139-K1,18509,C00139
C00140-K1,20630,C00140
C00141-K1,14229,C00141
C00142-K1,10448,C00142
C00143-K1,22170,C00143
C00144-K1,21108,C00144
C00145-K1,15492,C00145
C00146-K1,11179,C00146
C00147-K1,16194,C00147
C00148-K1,23003,C00148
C00149-K1,12862,C00149
C00150-K1,17192,C00150
C00151-K1,20044,C00151
C00152-K1,19893,C00152
C00153-K1,19008,C00153
C00154-K1,23358,C00154
C00155-K1,19981,C00155
C00156-K1,20481,C00156
C00157-K1,15964,C00157
C00158-K1,23468,C00158
C00159-K1,17478,C00159
C00160-K1,16049,C00160
C00161-K1,10902,C00161
C00162-K1,20088,C00162
C00163-K1,18680,C00163
C00164-K1,22964,C00164
C00165-K1,20852,C00165
C00166-K1,23481,C00166
C00167-K1,17909,C00167
C00168-K1,21886,C00168
C00169-K1,16615,C00169
C00170-K1,21693,C00170
C00171-K1,22269,C00171
C00172-K1,13151,C00172
C00173-K1,19973,C00173
C00174-K1,16276,C00174
C00175-K1,16736,C00175
C00176-K1,16517,C00176
C00177-K1,19397,C00177
C00178-K1,11299,C00178
C00179-K1,20110,C00179
C00180-K1,12533,C00180
C00181-K1,23038,C00181
C00182-K1,19821,C00182
C00183-K1,11843,C00183
C00184-K1,14659,C00184
C00185-K1,12271,C00185
C00186-K1,22072,C00186
C00187-K1,12235,C00187
C00188-K1,18863,C00188
C00189-K1,20059,C00189
C00190-K1,15234,C00190
C00191-K1,19114,C00191
C00192-K1,12114,C00192
C00193-K1,12930,C00193
C00194-K1,12298,C00194
C00195-K1,10856,C00195
C00196-K1,17148,C00196
C00197-K1,16667,C00197
C00198-K1,14861,C00198
C00199-K1,10832,C00199
C00200-K1,15139,C00200
C00201-K1,10170,C00201
C00202-K1,15776,C00202
C00203-K1,22776,C00203
C00204-K1,12686,C00204
C00205-K1,23125,C00205
C00206-K1,21072,C00206
C00207-K1,13178,C00207
C00208-K1,13133,C00208
C00209-K1,13517,C00209
C00210-K1,15228,C00210
C00211-K1,15386,C00211
C00212-K1,10133,C00212
C00213-K1,18229,C00213
C00214-K1,15174,C00214
C00215-K1,11936,C00215
C00216-K1,13430,C00216
C00217-K1,19483,C00217
C00218-K1,19740,C00218
C00219-K1,14200,C00219
C00220-K1,22419,C00220
C00221-K1,14273,C00221
C00222-K1,11675,C00222
C00223-K1,23285,C00223
C00224-K1,21006,C00224
C00225-K1,13396,C00225
C00226-K1,20353,C00226
C00227-K1,10452,C00227
C00228-K1,17375,C00228
C00229-K1,18992,C00229
C00230-K1,12843,C00230
C00231-K1,12289,C00231
C00232-K1,21426,C00232
C00233-K1,14581,C00233
C00234-K1,19827,C00234
C00235-K2,22607,C00235
C00236-K1,19190,C00236
C00237-K1,10594,C00237
C00238-K1,16369,C00238
C00239-K1,21060,C00239
C00240-K1,22998,C00240
C00241-K1,19960,C00241
C00242-K1,16315,C00242
C00243-K1,11467,C00243
C00244-K1,15313,C00244
C00245-K1,18552,C00245
C00246-K1,12030,C00246
C00247-K1,18145,C00247
C00248-K1,18105,C00248
C00249-K1,13037,C00249
C00250-K1,14555,C00250
C00251-K1,10299,C00251
C00252-K1,22272,C00252
C00253-K1,20812,C00253
C00254-K1,23277,C00254
C00255-K1,19748,C00255
C00256-K1,19544,C00256
C00257-K1,10362,C00257
C00258-K1,11499,C00258
C00259-K1,15620,C00259
C00260-K1,12818,C00260
C00261-K1,21323,C00261
C00262-K1,16483,C00262
C00263-K1,19989,C00263
C00264-K1,14831,C00264
C00265-K1,15258,C00265
C00266-K1,20693,C00266
C00267-K1,21394,C00267
C00268-K1,22030,C00268
C00269-K1,10525,C00269
C00270-K1,15459,C00270
C00271-K1,18153,C00271
C00272-K1,18799,C00272
C00273-K1,18499,C00273
C00274-K1,13914,C00274
C00275-K1,11194,C00275
C00276-K1,20538,C00276
C00277-K1,13154,C00277
C00278-K1,16970,C00278
C00279-K1,16464,C00279
C00280-K2,11234,C00280
C00281-K1,19017,C00281
C00282-K1,22920,C00282
C00283-K1,15643,C00283
C00284-K1,23317,C00284
C00285-K1,12124,C00285
C00286-K1,19063,C00286
C00287-K1,11028,C00287
C00288-K1,12044,C00288
C00289-K1,16465,C00289
C00290-K1,15179,C00290
C00291-K1,17901,C00291
C00292-K1,20614,C00292
C00293-K1,13069,C00293
C00294-K2,11260,C00294
C00295-K1,16574,C00295
C00296-K1,23472,C00296
C00297-K1,13201,C00297
C00298-K1,22834,C00298
C00299-K1,12888,C00299
C00300-K1,14686,C00300
C00301-K1,19678,C00301
C00302-K1,21842,C00302
C00303-K1,19662,C00303
C00304-K1,18403,C00304
C00305-K1,17732,C00305
C00306-K1,23246,C00306
C00307-K1,16813,C00307
C00308-K1,19727,C00308
C00309-K1,11925,C00309
C00310-K1,12231,C00310
C00311-K1,22264,C00311
C00312-K1,20266,C00312
C00313-K1,15885,C00313
C00314-K1,22767,C00314
C00315-K1,19806,C00315
C00316-K1,12140,C00316
C00317-K1,14491,C00317
C00318-K1,17522,C00318
C00319-K1,22376,C00319
C00320-K1,14688,C00320
C00321-K1,22955,C00321
C00322-K1,12828,C00322
C00323-K1,18432,C00323
C00324-K1,22936,C00324
C00325-K1,17187,C00325
C00326-K1,18960,C00326
C00327-K1,12353,C00327
C00328-K1,12418,C00328
C00329-K2,13169,C00329
C00330-K1,13105,C00330
C00331-K1,22984,C00331
C00332-K1,18869,C00332
C00333-K1,21346,C00333
C00334-K1,17707,C00334
C00335-K1,12116,C00335
C00336-K1,17225,C00336
C00337-K1,22209,C00337
C00338-K1,10555,C00338
C00339-K1,23023,C00339
C00340-K1,17599,C00340
C00341-K1,15400,C00341
C00342-K1,19994,C00342
C00343-K1,12660,C00343
C00344-K1,12122,C00344
C00345-K1,20839,C00345
C00346-K1,19603,C00346
C00347-K1,15882,C00347
C00348-K1,21803,C00348
C00349-K1,16610,C00349
C00350-K1,13676,C00350
C00351-K1,11363,C00351
C00352-K1,13939,C00352
C00353-K1,18898,C00353
C00354-K1,20141,C00354
C00355-K1,14378,C00355
C00356-K1,19456,C00356
C00357-K1,15369,C00357
C00358-K1,10298,C00358
C00359-K1,10189,C00359
C00360-K1,13211,C00360
C00361-K1,19781,C00361
C00362-K1,19067,C00362
C00363-K1,23100,C00363
C00364-K1,23541,C00364
C00365-K1,15659,C00365
C00366-K1,19645,C00366
C00367-K1,18517,C00367
C00368-K1,15830,C00368
C00369-K1,18540,C00369
C00370-K1,15731,C00370
C00371-K1,14081,C00371
C00372-K1,11851,C00372
C00373-K1,15542,C00373
C00374-K1,22349,C00374
C00375-K1,11592,C00375
C00376-K1,17060,C00376
C00377-K1,10720,C00377
C00378-K1,15254,C00378
C00379-K1,19789,C00379
C00380-K1,10831,C00380
C00381-K1,21396,C00381
C00382-K1,20125,C00382
C00383-K1,14037,C00383
C00384-K1,12102,C00384
C00385-K1,13644,C00385
C00386-K1,16321,C00386
C00387-K1,11443,C00387
C00388-K1,11556,C00388
C00389-K1,17876,C00389
C00390-K1,11248,C00390
C00391-K1,23461,C00391
C00392-K1,22097,C00392
C00393-K1,16557,C00393
C00394-K1,19059,C00394
C00395-K1,18970,C00395
C00396-K1,19534,C00396
C00397-K1,10445,C00397
C00398-K1,21793,C00398
C00399-K1,20669,C00399
C00400-K1,15548,C00400
C00401-K1,11827,C00401
C00402-K1,21630,C00402
C00403-K1,23278,C00403
C00404-K1,19793,C00404
C00405-K1,19320,C00405
C00406-K1,14054,C00406
C00407-K1,20509,C00407
C00408-K1,18211,C00408
C00409-K1,14046,C00409
C00410-K1,19809,C00410
C00411-K1,22297,C00411
C00412-K1,15948,C00412
C00413-K1,19629,C00413
C00414-K1,11625,C00414
C00415-K1,11425,C00415
C00416-K1,15996,C00416
C00417-K1,11860,C00417
C00418-K1,16229,C00418
C00419-K1,12082,C00419
C00420-K1,11880,C00420
C00421-K1,22231,C00421
C00422-K1,11465,C00422
C00423-K1,10824,C00423
C00424-K1,10081,C00424
C00425-K1,21079,C00425
C00426-K2,23507,C00426
C00427-K1,13415,C00427
C00428-K1,22262,C00428
C00429-K1,19762,C00429
C00430-K1,15226,C00430
C00431-K1,15057,C00431
C00432-K1,10861,C00432
C00433-K1,23190,C00433
C00434-K1,20841,C00434
C00435-K1,10485,C00435
C00436-K1,11429,C00436
C00437-K1,21467,C00437
C00438-K1,11736,C00438
C00439-K1,15664,C00439
C00440-K1,14972,C00440
C00441-K1,23553,C00441
C00442-K1,15579,C00442
C00443-K1,12135,C00443
C00444-K1,13041,C00444
C00445-K1,15164,C00445
C00446-K1,23243,C00446
C00447-K1,14311,C00447
C00448-K1,21435,C00448
C00449-K1,15538,C00449
C00450-K1,17089,C00450
C00451-K1,20468,C00451
C00452-K2,22224,C00452
C00453-K1,15519,C00453
C00454-K1,14344,C00454
C00455-K1,13344,C00455
C00456-K1,16503,C00456
C00457-K1,23543,C00457
C00458-K1,10682,C00458
C00459-K1,19037,C00459
C00460-K1,17067,C00460
C00461-K1,17013,C00461
C00462-K1,17098,C00462
C00463-K1,17313,C00463
C00464-K1,20521,C00464
C00465-K1,14898,C00465
C00466-K1,19963,C00466
C00467-K1,21635,C00467
C00468-K1,15692,C00468
C00469-K1,12812,C00469
C00470-K1,22677,C00470
C00471-K1,19054,C00471
C00472-K1,10575,C00472
C00473-K1,12504,C00473
C00474-K1,17130,C00474
C00475-K1,19844,C00475
C00476-K1,19765,C00476
C00477-K2,11861,C00477
C00478-K1,20843,C00478
C00479-K1,14507,C00479
C00480-K1,21091,C00480
C00481-K1,14713,C00481
C00482-K1,15087,C00482
C00483-K1,20039,C00483
C00484-K1,11528,C00484
C00485-K1,21038,C00485
C00486-K1,12238,C00486
C00487-K1,21591,C00487
C00488-K1,14621,C00488
C00489-K1,14127,C00489
C00490-K1,23391,C00490
C00491-K1,19272,C00491
C00492-K1,16784,C00492
C00493-K1,18825,C00493
C00494-K1,14083,C00494
C00495-K1,21010,C00495
C00496-K1,12389,C00496
C00497-K1,10078,C00497
C00498-K1,16359,C00498
C00499-K1,20730,C00499
C00500-K1,21810,C00500
C00501-K1,11602,C00501
C00502-K1,22328,C00502
C00503-K1,14052,C00503
C00504-K1,21976,C00504
C00505-K1,19618,C00505
C00506-K1,20670,C00506
C00507-K1,10165,C00507
C00508-K1,13748,C00508
C00509-K1,14504,C00509
C00510-K1,14160,C00510
C00511-K1,14652,C00511
C00512-K1,15475,C00512
C00513-K1,23485,C00513
C00514-K1,17596,C00514
C00515-K1,19226,C00515
C00516-K1,12155,C00516
C00517-K1,22048,C00517
C00518-K1,18701,C00518
C00519-K1,19426,C00519
C00520-K1,18990,C00520
C00521-K1,18519,C00521
C00522-K1,15608,C00522
C00523-K1,16847,C00523
C00524-K1,19098,C00524
C00525-K1,14377,C00525
C00526-K1,13304,C00526
C00527-K1,10167,C00527
C00528-K1,16043,C00528
C00529-K1,22983,C00529
C00530-K1,21917,C00530
C00531-K1,21303,C00531
C00532-K1,19303,C00532
C00533-K1,17167,C00533
C00534-K2,20831,C00534
C00535-K1,22793,C00535
C00536-K1,13999,C00536
C00537-K1,16604,C00537
C00538-K1,23229,C00538
C00539-K1,18341,C00539
C00540-K1,23260,C00540
C00541-K1,14910,C00541
C00542-K1,10907,C00542
C00543-K1,22457,C00543
C00544-K1,21648,C00544
C00545-K1,14991,C00545
C00546-K1,13722,C00546
C00547-K1,12176,C00547
C00548-K1,12042,C00548
C00549-K1,13701,C00549
C00550-K1,14420,C00550
C00551-K1,18824,C00551
C00552-K1,21206,C00552
C00553-K1,19382,C00553
C00554-K1,18832,C00554
C00555-K1,19104,C00555
C00556-K1,13420,C00556
C00557-K1,19249,C00557
C00558-K1,22858,C00558
C00559-K1,10873,C00559
C00560-K1,16879,C00560
C00561-K1,10874,C00561
C00562-K1,20086,C00562
C00563-K1,14305,C00563
C00564-K1,10338,C00564
C00565-K1,11204,C00565
C00566-K1,13901,C00566
C00567-K1,21616,C00567
C00568-K1,20778,C00568
C00569-K1,19477,C00569
C00570-K1,22551,C00570
C00571-K1,10220,C00571
C00572-K1,18708,C00572
C00573-K1,18048,C00573
C00574-K1,18989,C00574
C00575-K1,19016,C00575
C00576-K1,19869,C00576
C00577-K1,16686,C00577
C00578-K1,13454,C00578
C00579-K1,11445,C00579
C00580-K1,22320,C00580
C00581-K1,14055,C00581
C00582-K1,17336,C00582
C00583-K1,18344,C00583
C00584-K1,11548,C00584
C00585-K1,17407,C00585
C00586-K1,17677,C00586
C00587-K1,15147,C00587
C00588-K1,20634,C00588
C00589-K1,10404,C00589
C00590-K1,15864,C00590
C00591-K1,21432,C00591
C00592-K1,21336,C00592
C00593-K1,21333,C00593
C00594-K1,17184,C00594
C00595-K1,17626,C00595
C00596-K1,11014,C00596
C00597-K1,15395,C00597
C00598-K1,19181,C00598
C00599-K1,13287,C00599
C00600-K1,19155,C00600
C00601-K1,10420,C00601
C00602-K1,10935,C00602
C00603-K1,15292,C00603
C00604-K1,19686,C00604
C00605-K1,12606,C00605
C00606-K1,22711,C00606
C00607-K1,11613,C00607
C00608-K1,21188,C00608
C00609-K1,16263,C00609
C00610-K1,13899,C00610
C00611-K1,15060,C00611
C00612-K1,22301,C00612
C00613-K1,11966,C00613
C00614-K2,18618,C00614
C00615-K1,18324,C00615
C00616-K1,22498,C00616
C00617-K1,11773,C00617
C00618-K1,14968,C00618
C00619-K1,17642,C00619
C00620-K1,16627,C00620
C00621-K2,11667,C00621
C00622-K1,14716,C00622
C00623-K1,14346,C00623
C00624-K1,15115,C00624
C00625-K1,14319,C00625
C00626-K1,20434,C00626
C00627-K1,12577,C00627
C00628-K1,22916,C00628
C00629-K1,20360,C00629
C00630-K1,19782,C00630
C00631-K1,10656,C00631
C00632-K1,22946,C00632
C00633-K1,17757,C00633
C00634-K1,10020,C00634
C00635-K1,12909,C00635
C00636-K1,19451,C00636
C00637-K1,14921,C00637
C00638-K1,23490,C00638
C00639-K1,19860,C00639
C00640-K1,15900,C00640
C00641-K1,14137,C00641
C00642-K1,19203,C00642
C00643-K1,11590,C00643
C00644-K1,11173,C00644
C00645-K1,11105,C00645
C00646-K1,23551,C00646
C00647-K1,19247,C00647
C00648-K1,14403,C00648
C00649-K1,22026,C00649
C00650-K1,13578,C00650
C00651-K1,20382,C00651
C00652-K1,11680,C00652
C00653-K1,20467,C00653
C00654-K1,21093,C00654
C00655-K1,14962,C00655
C00656-K1,19148,C00656
C00657-K1,16046,C00657
C00658-K1,18255,C00658
C00659-K1,21585,C00659
C00660-K1,15148,C00660
C00661-K1,13855,C00661
C00662-K1,15970,C00662
C00663-K1,14666,C00663
C00664-K1,11013,C00664
C00665-K1,18322,C00665
C00666-K1,11879,C00666
C00667-K1,22347,C00667
C00668-K1,20956,C00668
C00669-K1,10200,C00669
C00670-K1,21212,C00670
C00671-K1,22588,C00671
C00672-K1,19977,C00672
C00673-K1,17243,C00673
C00674-K1,17667,C00674
C00675-K1,20491,C00675
C00676-K1,12054,C00676
C00677-K1,14600,C00677
C00678-K1,14602,C00678
C00679-K1,10340,C00679
C00680-K1,12159,C00680
C00681-K1,18803,C00681
C00682-K1,10085,C00682
C00683-K1,23403,C00683
C00684-K1,22749,C00684
C00685-K1,22648,C00685
C00686-K1,20621,C00686
C00687-K1,14885,C00687
C00688-K1,19772,C00688
C00689-K1,16515,C00689
C00690-K1,22315,C00690
C00691-K1,11849,C00691
C00692-K1,12550,C00692
C00693-K1,21991,C00693
C00694-K1,15753,C00694
C00695-K1,22886,C00695
C00696-K1,21332,C00696
C00697-K1,22669,C00697
C00698-K1,18281,C00698
C00699-K1,15834,C00699
C00700-K1,15084,C00700
C00701-K1,22434,C00701
C00702-K1,12175,C00702
C00703-K1,12256,C00703
C00704-K1,11256,C00704
C00705-K1,15125,C00705
C00706-K1,16136,C00706
C00707-K1,12752,C00707
C00708-K1,21796,C00708
C00709-K1,22961,C00709
C00710-K1,21787,C00710
C00711-K1,22562,C00711
C00712-K1,21498,C00712
C00713-K1,17982,C00713
C00714-K1,22144,C00714
C00715-K1,11257,C00715
C00716-K1,12180,C00716
C00717-K1,17833,C00717
C00718-K1,20882,C00718
C00719-K1,22803,C00719
C00720-K1,22210,C00720
C00721-K1,14908,C00721
C00722-K1,13984,C00722
C00723-K1,17927,C00723
C00724-K1,12134,C00724
C00725-K1,17123,C00725
C00726-K1,13629,C00726
C00727-K1,11965,C00727
C00728-K2,12948,C00728
C00729-K1,21476,C00729
C00730-K1,10839,C00730
C00731-K1,21057,C00731
C00732-K1,20540,C00732
C00733-K1,19491,C00733
C00734-K1,19754,C00734
C00735-K1,12777,C00735
C00736-K1,15748,C00736
C00737-K1,19469,C00737
C00738-K1,19894,C00738
C00739-K1,13190,C00739
C00740-K1,14556,C00740
C00741-K1,14799,C00741
C00742-K1,11885,C00742
C00743-K1,17906,C00743
C00744-K1,14337,C00744
C00745-K1,17977,C00745
C00746-K1,22546,C00746
C00747-K1,17081,C00747
C00748-K1,20054,C00748
C00749-K1,16094,C00749
C00750-K2,16300,C00750
C00751-K1,11812,C00751
C00752-K1,19105,C00752
C00753-K1,21086,C00753
C00754-K1,12072,C00754
C00755-K1,20428,C00755
C00756-K1,18210,C00756
C00757-K1,22308,C00757
C00758-K1,14252,C00758
C00759-K1,20140,C00759
C00760-K1,13614,C00760
C00761-K1,20849,C00761
C00762-K1,15920,C00762
C00763-K1,18930,C00763
C00764-K1,19310,C00764
C00765-K1,20590,C00765
C00766-K1,23475,C00766
C00767-K1,17789,C00767
C00768-K2,14644,C00768
C00769-K1,19433,C00769
C00770-K1,19082,C00770
C00771-K1,11886,C00771
C00772-K1,21504,C00772
C00773-K2,20065,C00773
C00774-K1,12378,C00774
C00775-K1,18955,C00775
C00776-K1,13911,C00776
C00777-K1,18148,C00777
C00778-K1,23095,C00778
C00779-K1,21415,C00779
C00780-K1,16818,C00780
C00781-K1,21724,C00781
C00782-K1,22005,C00782
C00783-K1,16099,C00783
C00784-K1,17114,C00784
C00785-K1,16534,C00785
C00786-K1,21949,C00786
C00787-K1,21208,C00787
C00788-K1,23146,C00788
C00789-K1,14863,C00789
C00790-K1,19797,C00790
C00791-K1,14974,C00791
C00792-K1,18677,C00792
C00793-K1,14566,C00793
C00794-K1,17557,C00794
C00795-K1,14814,C00795
C00796-K1,17227,C00796
C00797-K1,12405,C00797
C00798-K1,21974,C00798
C00799-K1,22214,C00799
C00800-K1,15011,C00800
C00801-K1,17392,C00801
C00802-K1,16478,C00802
C00803-K1,20331,C00803
C00804-K1,20098,C00804
C00805-K1,10430,C00805
C00806-K1,20109,C00806
C00807-K1,17119,C00807
C00808-K1,11010,C00808
C00809-K1,11081,C00809
C00810-K1,13590,C00810
C00811-K1,17558,C00811
C00812-K1,10392,C00812
C00813-K1,16630,C00813
C00814-K1,19892,C00814
C00815-K1,12145,C00815
C00816-K1,18388,C00816
C00817-K1,20945,C00817
C00818-K1,18887,C00818
C00819-K1,10107,C00819
C00820-K1,10689,C00820
C00821-K1,22471,C00821
C00822-K1,16896,C00822
C00823-K1,15931,C00823
C00824-K1,10681,C00824
C00825-K1,13316,C00825
C00826-K1,22710,C00826
C00827-K1,13569,C00827
C00828-K1,11117,C00828
C00829-K1,18928,C00829
C00830-K1,16992,C00830
C00831-K1,23087,C00831
C00832-K1,16178,C00832
C00833-K1,18946,C00833
C00834-K2,12053,C00834
C00835-K1,12978,C00835
C00836-K1,10582,C00836
C00837-K1,14615,C00837
C00838-K1,11195,C00838
C00839-K1,21864,C00839
C00840-K1,19162,C00840
C00841-K1,17812,C00841
C00842-K2,19072,C00842
C00843-K1,16496,C00843
C00844-K1,16199,C00844
C00845-K1,16664,C00845
C00846-K1,12217,C00846
C00847-K1,21507,C00847
C00848-K1,11531,C00848
C00849-K1,18140,C00849
C00850-K1,19380,C00850
C00851-K1,14849,C00851
C00852-K1,16923,C00852
C00853-K1,19178,C00853
C00854-K2,15058,C00854
C00855-K1,13738,C00855
C00856-K1,19313,C00856
C00857-K1,10159,C00857
C00858-K1,13243,C00858
C00859-K1,12186,C00859
C00860-K1,17871,C00860
C00861-K1,11816,C00861
C00862-K1,12643,C00862
C00863-K1,10290,C00863
C00864-K1,13983,C00864
C00865-K1,19958,C00865
C00866-K1,18493,C00866
C00867-K1,20766,C00867
C00868-K1,15683,C00868
C00869-K1,12926,C00869
C00870-K1,22937,C00870
C00871-K1,11560,C00871
C00872-K1,23014,C00872
C00873-K1,13196,C00873
C00874-K1,16706,C00874
C00875-K1,13960,C00875
C00876-K1,11989,C00876
C00877-K1,15225,C00877
C00878-K1,19593,C00878
C00879-K1,12847,C00879
C00880-K1,14738,C00880
C00881-K1,19884,C00881
C00882-K1,11343,C00882
C00883-K1,18486,C00883
C00884-K1,20093,C00884
C00885-K1,15485,C00885
C00886-K1,10435,C00886
C00887-K1,11829,C00887
C00888-K1,13483,C00888
C00889-K2,21689,C00889
C00890-K1,15130,C00890
C00891-K1,19209,C00891
C00892-K1,15822,C00892
C00893-K1,18659,C00893
C00894-K1,17049,C00894
C00895-K1,20678,C00895
C00896-K1,12981,C00896
C00897-K1,15963,C00897
C00898-K1,16031,C00898
C00899-K1,10168,C00899
C00900-K1,22642,C00900
C00901-K1,10692,C00901
C00902-K1,21832,C00902
C00903-K1,14236,C00903
C00904-K1,23040,C00904
C00905-K1,18338,C00905
C00906-K1,17244,C00906
C00907-K1,22835,C00907
C00908-K1,13138,C00908
C00909-K1,14631,C00909
C00910-K1,15514,C00910
C00911-K1,14067,C00911
C00912-K1,17253,C00912
C00913-K1,20547,C00913
C00914-K1,14933,C00914
C00915-K1,17864,C00915
C00916-K1,19179,C00916
C00917-K1,12337,C00917
C00918-K1,20691,C00918
C00919-K1,12074,C00919
C00920-K1,10182,C00920
C00921-K1,10442,C00921
C00922-K1,21240,C00922
C00923-K1,10638,C00923
C00924-K1,17989,C00924
C00925-K1,14241,C00925
C00926-K1,23247,C00926
C00927-K1,10394,C00927
C00928-K1,10697,C00928
C00929-K1,12137,C00929
C00930-K1,22523,C00930
C00931-K1,15287,C00931
C00932-K1,11647,C00932
C00933-K1,22371,C00933
C00934-K1,18500,C00934
C00935-K1,18562,C00935
C00936-K1,17277,C00936
C00937-K1,10955,C00937
C00938-K1,23419,C00938
C00939-K1,20365,C00939
C00940-K1,22618,C00940
C00941-K1,15236,C00941
C00942-K2,22120,C00942
C00943-K1,18185,C00943
C00944-K1,16063,C00944
C00945-K1,21231,C00945
C00946-K1,17988,C00946
C00947-K1,10144,C00947
C00948-K1,22901,C00948
C00949-K1,13100,C00949
C00950-K1,10917,C00950
C00951-K1,15473,C00951
C00952-K1,15810,C00952
C00953-K1,17061,C00953
C00954-K1,20465,C00954
C00955-K1,17211,C00955
C00956-K1,14053,C00956
C00957-K1,13202,C00957
C00958-K1,12581,C00958
C00959-K1,12141,C00959
C00960-K1,22488,C00960
C00961-K1,13603,C00961
C00962-K1,22987,C00962
C00963-K1,16425,C00963
C00964-K1,20710,C00964
C00965-K1,21951,C00965
C00966-K1,12931,C00966
C00967-K1,17459,C00967
C00968-K1,20388,C00968
C00969-K2,23224,C00969
C00970-K1,20325,C00970
C00971-K1,14363,C00971
C00972-K1,19254,C00972
C00973-K1,18401,C00973
C00974-K1,18782,C00974
C00975-K1,13089,C00975
C00976-K1,22737,C00976
C00977-K1,10747,C00977
C00978-K1,19077,C00978
C00979-K1,17656,C00979
C00980-K1,14832,C00980
C00981-K1,13862,C00981
C00982-K1,17786,C00982
C00983-K1,14634,C00983
C00984-K1,22693,C00984
C00985-K1,10425,C00985
C00986-K1,12287,C00986
C00987-K1,22676,C00987
C00988-K1,22460,C00988
C00989-K1,12853,C00989
C00990-K1,20085,C00990
C00991-K1,13033,C00991
C00992-K1,15967,C00992
C00993-K1,10965,C00993
C00994-K1,11533,C00994
C00995-K1,13669,C00995
C00996-K1,22033,C00996
C00997-K1,21867,C00997
C00998-K1,12035,C00998
C00999-K1,19152,C00999
C01000-K1,21032,C01000
C01001-K1,11000,C01001
C01002-K1,15517,C01002
C01003-K1,18206,C01003
C01004-K1,17448,C01004
C01005-K1,20492,C01005
C01006-K1,20316,C01006
C01007-K1,14196,C01007
C01008-K1,20178,C01008
C01009-K1,12330,C01009
C01010-K1,22848,C01010
C01011-K1,15688,C01011
C01012-K1,12087,C01012
C01013-K1,23254,C01013
C01014-K1,11945,C01014
C01015-K1,21173,C01015
C01016-K1,15345,C01016
C01017-K1,14370,C01017
C01018-K1,18856,C01018
C01019-K1,21511,C01019
C01020-K1,23122,C01020
C01021-K1,10344,C01021
C01022-K1,21039,C01022
C01023-K1,11270,C01023
C01024-K1,11137,C01024
C01025-K1,12508,C01025
C01026-K1,15718,C01026
C01027-K1,13792,C01027
C01028-K1,10518,C01028
C01029-K1,13274,C01029
C01030-K1,15984,C01030
C01031-K1,21295,C01031
C01032-K1,18693,C01032
C01033-K1,19218,C01033
C01034-K1,15101,C01034
C01035-K1,19776,C01035
C01036-K1,18574,C01036
C01037-K1,16163,C01037
C01038-K1,12618,C01038
C01039-K1,16807,C01039
C01040-K2,15004,C01040
C01041-K1,19172,C01041
C01042-K1,16721,C01042
C01043-K1,19980,C01043
C01044-K1,20870,C01044
C01045-K1,21717,C01045
C01046-K1,13031,C01046
C01047-K1,12803,C01047
C01048-K1,20446,C01048
C01049-K1,15771,C01049
C01050-K1,19309,C01050
C01051-K1,22628,C01051
C01052-K1,19467,C01052
C01053-K1,18769,C01053
C01054-K1,13258,C01054
C01055-K1,23297,C01055
C01056-K1,16883,C01056
C01057-K1,19003,C01057
C01058-K1,20225,C01058
C01059-K1,17775,C01059
C01060-K1,17357,C01060
C01061-K1,16868,C01061
C01062-K1,13736,C01062
C01063-K2,11576,C01063
C01064-K1,21935,C01064
C01065-K1,15170,C01065
C01066-K1,11361,C01066
C01067-K1,18183,C01067
C01068-K1,13462,C01068
C01069-K1,14930,C01069
C01070-K1,18174,C01070
C01071-K1,12745,C01071
C01072-K1,11209,C01072
C01073-K1,16391,C01073
C01074-K1,15448,C01074
C01075-K1,21495,C01075
C01076-K1,14138,C01076
C01077-K1,18082,C01077
C01078-K1,19177,C01078
C01079-K1,22575,C01079
C01080-K1,11145,C01080
C01081-K1,20864,C01081
C01082-K1,12739,C01082
C01083-K1,17072,C01083
C01084-K1,11651,C01084
C01085-K1,19728,C01085
C01086-K1,17585,C01086
C01087-K1,23312,C01087
C01088-K1,10208,C01088
C01089-K1,14847,C01089
C01090-K1,15347,C01090
C01091-K1,20948,C01091
C01092-K1,20052,C01092
C01093-K1,22459,C01093
C01094-K1,19411,C01094
C01095-K1,15645,C01095
C01096-K1,12402,C01096
C01097-K1,17397,C01097
C01098-K1,18430,C01098
C01099-K1,21307,C01099
C01100-K1,12748,C01100
C01101-K1,21744,C01101
C01102-K1,10484,C01102
C01103-K1,11771,C01103
C01104-K2,13791,C01104
C01105-K1,20869,C01105
C01106-K1,13500,C01106
C01107-K1,21843,C01107
C01108-K1,16662,C01108
C01109-K2,23029,C01109
C01110-K1,17155,C01110
C01111-K1,21029,C01111
C01112-K1,17768,C01112
C01113-K1,16083,C01113
C01114-K1,22025,C01114
C01115-K1,16427,C01115
C01116-K2,10288,C01116
C01117-K1,10653,C01117
C01118-K1,15972,C01118
C01119-K2,12040,C01119
C01120-K1,23148,C01120
C01121-K1,21745,C01121
C01122-K1,20941,C01122
C01123-K1,21769,C01123
C01124-K1,22827,C01124
C01125-K1,14048,C01125
C01126-K1,16372,C01126
C01127-K1,19713,C01127
C01128-K2,15758,C01128
C01129-K1,13162,C01129
C01130-K1,21896,C01130
C01131-K1,19591,C01131
C01132-K1,18661,C01132
C01133-K1,13411,C01133
C01134-K1,19502,C01134
C01135-K1,23114,C01135
C01136-K1,15941,C01136
C01137-K1,16355,C01137
C01138-K2,12531,C01138
C01139-K1,16442,C01139
C01140-K1,18639,C01140
C01141-K1,19271,C01141
C01142-K1,16802,C01142
C01143-K1,13210,C01143
C01144-K1,20752,C01144
C01145-K1,17530,C01145
C01146-K1,15096,C01146
C01147-K1,16689,C01147
C01148-K1,20119,C01148
C01149-K1,17085,C01149
C01150-K1,10265,C01150
C01151-K1,10396,C01151
C01152-K1,17929,C01152
C01153-K1,19316,C01153
C01154-K1,18031,C01154
C01155-K2,21788,C01155
C01156-K1,11600,C01156
C01157-K1,11086,C01157
C01158-K1,10542,C01158
C01159-K1,14110,C01159
C01160-K1,15869,C01160
C01161-K1,12065,C01161
C01162-K1,10415,C01162
C01163-K1,19164,C01163
C01164-K1,21055,C01164
C01165-K1,15275,C01165
C01166-K1,14107,C01166
C01167-K1,20038,C01167
C01168-K1,16602,C01168
C01169-K1,18398,C01169
C01170-K1,18976,C01170
C01171-K1,19511,C01171
C01172-K1,10584,C01172
C01173-K1,20385,C01173
C01174-K1,14444,C01174
C01175-K1,20689,C01175
C01176-K1,21627,C01176
C01177-K1,14282,C01177
C01178-K1,10126,C01178
C01179-K1,20153,C01179
C01180-K1,11349,C01180
C01181-K1,23244,C01181
C01182-K1,12814,C01182
C01183-K1,10997,C01183
C01184-K1,19913,C01184
C01185-K1,16366,C01185
C01186-K1,15481,C01186
C01187-K1,11160,C01187
C01188-K1,23028,C01188
C01189-K1,18489,C01189
C01190-K1,16754,C01190
C01191-K1,15435,C01191
C01192-K1,11015,C01192
C01193-K1,10483,C01193
C01194-K1,17127,C01194
C01195-K1,16697,C01195
C01196-K1,12718,C01196
C01197-K1,19551,C01197
C01198-K1,16897,C01198
C01199-K1,21823,C01199
C01200-K1,12813,C01200
C01201-K1,19066,C01201
C01202-K1,11085,C01202
C01203-K1,23237,C01203
C01204-K1,14334,C01204
C01205-K1,18237,C01205
C01206-K1,16079,C01206
C01207-K1,16406,C01207
C01208-K1,16718,C01208
C01209-K1,23353,C01209
C01210-K1,11632,C01210
C01211-K1,15652,C01211
C01212-K1,18234,C01212
C01213-K1,16445,C01213
C01214-K1,15549,C01214
C01215-K1,17646,C01215
C01216-K1,11958,C01216
C01217-K1,13526,C01217
C01218-K1,20609,C01218
C01219-K1,14692,C01219
C01220-K1,18670,C01220
C01221-K1,22478,C01221
C01222-K1,18063,C01222
C01223-K1,21682,C01223
C01224-K1,13479,C01224
C01225-K1,14915,C01225
C01226-K1,15541,C01226
C01227-K1,17792,C01227
C01228-K1,13582,C01228
C01229-K1,14565,C01229
C01230-K1,18647,C01230
C01231-K1,19227,C01231
C01232-K1,12403,C01232
C01233-K1,15593,C01233
C01234-K1,15763,C01234
C01235-K1,14207,C01235
C01236-K1,14120,C01236
C01237-K1,19941,C01237
C01238-K1,12216,C01238
C01239-K1,18444,C01239
C01240-K1,16278,C01240
C01241-K1,13382,C01241
C01242-K1,10534,C01242
C01243-K1,23118,C01243
C01244-K1,22149,C01244
C01245-K1,16061,C01245
C01246-K1,19911,C01246
C01247-K1,10207,C01247
C01248-K1,11231,C01248
C01249-K1,10564,C01249
C01250-K1,10352,C01250
C01251-K1,20024,C01251
C01252-K1,13679,C01252
C01253-K1,16890,C01253
C01254-K1,11468,C01254
C01255-K1,11656,C01255
C01256-K1,14186,C01256
C01257-K1,13451,C01257
C01258-K1,14899,C01258
C01259-K1,13994,C01259
C01260-K1,22340,C01260
C01261-K1,13764,C01261
C01262-K1,10670,C01262
C01263-K1,21734,C01263
C01264-K1,13399,C01264
C01265-K1,15064,C01265
C01266-K1,22670,C01266
C01267-K1,22234,C01267
C01268-K1,15083,C01268
C01269-K1,11197,C01269
C01270-K1,13466,C01270
C01271-K1,19703,C01271
C01272-K1,13165,C01272
C01273-K1,23085,C01273
C01274-K1,13498,C01274
C01275-K1,15105,C01275
C01276-K1,15540,C01276
C01277-K1,22050,C01277
C01278-K1,11351,C01278
C01279-K1,14032,C01279
C01280-K1,17082,C01280
C01281-K1,21719,C01281
C01282-K1,20311,C01282
C01283-K1,17215,C01283
C01284-K1,12635,C01284
C01285-K1,23156,C01285
C01286-K1,20116,C01286
C01287-K1,17998,C01287
C01288-K1,19835,C01288
C01289-K1,10103,C01289
C01290-K1,11967,C01290
C01291-K1,22631,C01291
C01292-K1,16078,C01292
C01293-K1,19107,C01293
C01294-K1,11354,C01294
C01295-K1,19284,C01295
C01296-K1,23311,C01296
C01297-K1,15331,C01297
C01298-K1,11277,C01298
C01299-K1,17777,C01299
C01300-K1,20367,C01300
C01301-K1,16937,C01301
C01302-K1,15338,C01302
C01303-K1,19908,C01303
C01304-K1,23429,C01304
C01305-K1,13363,C01305
C01306-K1,18275,C01306
C01307-K1,19723,C01307
C01308-K1,15609,C01308
C01309-K1,23154,C01309
C01310-K1,22768,C01310
C01311-K1,19683,C01311
C01312-K1,16008,C01312
C01313-K1,15274,C01313
C01314-K1,17365,C01314
C01315-K1,17234,C01315
C01316-K1,16314,C01316
C01317-K1,18104,C01317
C01318-K1,18190,C01318
C01319-K1,16724,C01319
C01320-K1,17872,C01320
C01321-K1,17636,C01321
C01322-K1,23465,C01322
C01323-K1,13132,C01323
C01324-K1,22203,C01324
C01325-K1,10604,C01325
C01326-K1,13654,C01326
C01327-K1,19499,C01327
C01328-K1,13145,C01328
C01329-K1,21975,C01329
C01330-K1,12774,C01330
C01331-K1,11166,C01331
C01332-K1,15672,C01332
C01333-K2,14332,C01333
C01334-K1,11410,C01334
C01335-K1,10229,C01335
C01336-K1,11807,C01336
C01337-K1,18242,C01337
C01338-K1,10862,C01338
C01339-K1,11356,C01339
C01340-K1,23066,C01340
C01341-K1,13682,C01341
C01342-K1,13769,C01342
C01343-K1,18894,C01343
C01344-K1,15451,C01344
C01345-K1,10009,C01345
C01346-K1,14748,C01346
C01347-K2,13073,C01347
C01348-K1,18039,C01348
C01349-K1,17029,C01349
C01350-K1,19191,C01350
C01351-K1,16594,C01351
C01352-K1,20927,C01352
C01353-K1,11821,C01353
C01354-K1,10961,C01354
C01355-K1,11474,C01355
C01356-K1,20697,C01356
C01357-K1,16831,C01357
C01358-K1,17063,C01358
C01359-K1,16451,C01359
C01360-K1,18530,C01360
C01361-K1,11525,C01361
C01362-K1,17217,C01362
C01363-K1,19655,C01363
C01364-K1,20729,C01364
C01365-K1,18852,C01365
C01366-K1,17216,C01366
C01367-K1,16333,C01367
C01368-K1,11681,C01368
C01369-K1,20300,C01369
C01370-K1,17228,C01370
C01371-K1,10974,C01371
C01372-K1,13894,C01372
C01373-K1,14315,C01373
C01374-K1,10190,C01374
C01375-K1,22973,C01375
C01376-K1,11193,C01376
C01377-K1,11337,C01377
C01378-K1,14508,C01378
C01379-K1,11778,C01379
C01380-K1,19444,C01380
C01381-K1,14478,C01381
C01382-K1,16647,C01382
C01383-K1,20944,C01383
C01384-K1,21257,C01384
C01385-K1,18575,C01385
C01386-K1,16858,C01386
C01387-K1,11121,C01387
C01388-K1,21308,C01388
C01389-K1,20915,C01389
C01390-K1,13529,C01390
C01391-K1,17903,C01391
C01392-K1,11846,C01392
C01393-K1,18709,C01393
C01394-K1,22645,C01394
C01395-K1,19912,C01395
C01396-K1,14978,C01396
C01397-K1,21367,C01397
C01398-K1,14411,C01398
C01399-K1,16579,C01399
C01400-K1,10246,C01400
C01401-K1,21244,C01401
C01402-K1,10469,C01402
C01403-K1,15775,C01403
C01404-K1,17269,C01404
C01405-K1,21672,C01405
C01406-K1,11313,C01406
C01407-K1,11693,C01407
C01408-K1,15342,C01408
C01409-K1,18230,C01409
C01410-K1,20717,C01410
C01411-K1,15730,C01411
C01412-K1,19769,C01412
C01413-K1,12782,C01413
C01414-K1,21881,C01414
C01415-K1,22010,C01415
C01416-K1,21480,C01416
C01417-K1,13092,C01417
C01418-K1,20479,C01418
C01419-K1,10829,C01419
C01420-K1,21653,C01420
C01421-K1,22625,C01421
C01422-K1,14159,C01422
C01423-K1,22424,C01423
C01424-K1,14660,C01424
C01425-K1,14502,C01425
C01426-K1,10629,C01426
C01427-K1,19019,C01427
C01428-K1,17475,C01428
C01429-K1,15012,C01429
C01430-K1,16680,C01430
C01431-K1,14458,C01431
C01432-K1,12427,C01432
C01433-K1,21699,C01433
C01434-K1,18689,C01434
C01435-K1,18506,C01435
C01436-K1,20511,C01436
C01437-K1,20520,C01437
C01438-K1,12149,C01438
C01439-K1,19418,C01439
C01440-K1,21178,C01440
C01441-K1,19660,C01441
C01442-K1,19576,C01442
C01443-K1,19854,C01443
C01444-K1,11129,C01444
C01445-K1,14333,C01445
C01446-K1,21628,C01446
C01447-K1,17045,C01447
C01448-K1,11449,C01448
C01449-K1,12839,C01449
C01450-K1,18890,C01450
C01451-K1,15631,C01451
C01452-K1,15325,C01452
C01453-K1,22039,C01453
C01454-K1,15564,C01454
C01455-K1,22113,C01455
C01456-K1,14010,C01456
C01457-K1,16223,C01457
C01458-K1,13743,C01458
C01459-K1,17489,C01459
C01460-K1,14681,C01460
C01461-K1,16357,C01461
C01462-K1,21278,C01462
C01463-K1,16131,C01463
C01464-K1,19051,C01464
C01465-K1,13532,C01465
C01466-K1,19971,C01466
C01467-K1,23121,C01467
C01468-K1,19990,C01468
C01469-K1,12233,C01469
C01470-K1,18021,C01470
C01471-K1,21791,C01471
C01472-K1,10349,C01472
C01473-K1,19096,C01473
C01474-K1,22491,C01474
C01475-K1,21642,C01475
C01476-K1,17548,C01476
C01477-K1,12364,C01477
C01478-K1,19449,C01478
C01479-K1,16461,C01479
C01480-K1,18984,C01480
C01481-K1,14723,C01481
C01482-K1,17413,C01482
C01483-K1,21967,C01483
C01484-K1,12302,C01484
C01485-K1,10389,C01485
C01486-K1,22795,C01486
C01487-K1,22617,C01487
C01488-K1,17454,C01488
C01489-K1,11698,C01489
C01490-K1,22036,C01490
C01491-K1,22742,C01491
C01492-K1,15723,C01492
C01493-K1,11924,C01493
C01494-K1,23138,C01494
C01495-K1,10175,C01495
C01496-K1,13506,C01496
C01497-K1,16416,C01497
C01498-K1,14369,C01498
C01499-K1,13571,C01499
C01500-K1,19715,C01500
C01501-K1,14860,C01501
C01502-K1,12269,C01502
C01503-K1,21181,C01503
C01504-K1,10314,C01504
C01505-K1,14187,C01505
C01506-K1,10788,C01506
C01507-K1,19498,C01507
C01508-K1,14423,C01508
C01509-K1,14944,C01509
C01510-K1,16542,C01510
C01511-K1,20387,C01511
C01512-K1,20955,C01512
C01513-K1,15188,C01513
C01514-K1,22397,C01514
C01515-K1,17378,C01515
C01516-K1,15456,C01516
C01517-K1,18766,C01517
C01518-K1,14182,C01518
C01519-K1,20451,C01519
C01520-K1,12474,C01520
C01521-K2,15986,C01521
C01522-K1,15268,C01522
C01523-K1,11982,C01523
C01524-K1,15232,C01524
C01525-K2,22351,C01525
C01526-K1,10978,C01526
C01527-K1,10482,C01527
C01528-K1,20929,C01528
C01529-K1,21562,C01529
C01530-K1,20549,C01530
C01531-K1,21309,C01531
C01532-K1,22270,C01532
C01533-K1,13518,C01533
C01534-K1,13013,C01534
C01535-K1,14366,C01535
C01536-K1,15669,C01536
C01537-K1,22287,C01537
C01538-K1,22573,C01538
C01539-K1,21621,C01539
C01540-K1,20406,C01540
C01541-K1,14494,C01541
C01542-K1,13834,C01542
C01543-K1,16188,C01543
C01544-K1,23320,C01544
C01545-K1,21474,C01545
C01546-K1,23524,C01546
C01547-K1,21897,C01547
C01548-K1,22085,C01548
C01549-K1,17969,C01549
C01550-K1,17886,C01550
C01551-K1,12221,C01551
C01552-K1,23188,C01552
C01553-K1,22208,C01553
C01554-K1,21771,C01554
C01555-K1,20754,C01555
C01556-K1,20871,C01556
C01557-K1,14390,C01557
C01558-K1,13431,C01558
C01559-K1,17555,C01559
C01560-K1,22683,C01560
C01561-K1,16692,C01561
C01562-K1,13034,C01562
C01563-K1,10553,C01563
C01564-K1,13204,C01564
C01565-K1,19847,C01565
C01566-K1,13997,C01566
C01567-K1,19649,C01567
C01568-K1,17280,C01568
C01569-K1,19250,C01569
C01570-K1,15747,C01570
C01571-K1,12611,C01571
C01572-K1,10058,C01572
C01573-K1,12201,C01573
C01574-K1,11845,C01574
C01575-K1,16671,C01575
C01576-K1,20603,C01576
C01577-K1,18253,C01577
C01578-K1,13937,C01578
C01579-K1,22438,C01579
C01580-K1,13331,C01580
C01581-K1,15466,C01581
C01582-K1,15832,C01582
C01583-K1,12692,C01583
C01584-K1,17289,C01584
C01585-K1,16774,C01585
C01586-K1,12222,C01586
C01587-K1,19968,C01587
C01588-K1,14764,C01588
C01589-K1,22738,C01589
C01590-K1,13691,C01590
C01591-K1,11154,C01591
C01592-K1,20487,C01592
C01593-K1,22045,C01593
C01594-K1,16947,C01594
C01595-K1,11581,C01595
C01596-K2,22907,C01596
C01597-K1,15391,C01597
C01598-K1,19354,C01598
C01599-K1,16446,C01599
C01600-K1,16027,C01600
C01601-K1,11553,C01601
C01602-K1,14232,C01602
C01603-K1,15302,C01603
C01604-K1,18594,C01604
C01605-K1,10172,C01605
C01606-K1,13115,C01606
C01607-K1,15255,C01607
C01608-K1,22023,C01608
C01609-K1,11817,C01609
C01610-K1,19547,C01610
C01611-K1,20105,C01611
C01612-K1,15210,C01612
C01613-K1,14105,C01613
C01614-K1,14609,C01614
C01615-K1,21440,C01615
C01616-K1,21510,C01616
C01617-K1,12946,C01617
C01618-K2,21807,C01618
C01619-K1,18353,C01619
C01620-K1,12071,C01620
C01621-K1,21710,C01621
C01622-K1,18346,C01622
C01623-K1,20126,C01623
C01624-K1,18077,C01624
C01625-K1,19396,C01625
C01626-K1,21784,C01626
C01627-K1,23371,C01627
C01628-K1,15530,C01628
C01629-K1,20252,C01629
C01630-K1,21808,C01630
C01631-K1,10762,C01631
C01632-K1,15838,C01632
C01633-K1,16911,C01633
C01634-K1,19306,C01634
C01635-K1,19136,C01635
C01636-K1,12647,C01636
C01637-K1,11290,C01637
C01638-K1,19116,C01638
C01639-K1,19647,C01639
C01640-K1,10741,C01640
C01641-K1,14318,C01641
C01642-K1,17924,C01642
C01643-K1,12742,C01643
C01644-K1,10952,C01644
C01645-K1,17970,C01645
C01646-K1,22022,C01646
C01647-K1,16432,C01647
C01648-K1,15708,C01648
C01649-K1,16520,C01649
C01650-K1,19482,C01650
C01651-K1,16983,C01651
C01652-K1,20375,C01652
C01653-K1,10611,C01653
C01654-K1,13910,C01654
C01655-K1,21279,C01655
C01656-K1,17887,C01656
C01657-K1,17245,C01657
C01658-K1,18864,C01658
C01659-K1,10772,C01659
C01660-K1,12980,C01660
C01661-K1,21154,C01661
C01662-K1,17666,C01662
C01663-K1,12060,C01663
C01664-K1,15005,C01664
C01665-K1,20466,C01665
C01666-K1,22172,C01666
C01667-K1,14382,C01667
C01668-K1,14122,C01668
C01669-K1,15177,C01669
C01670-K1,13480,C01670
C01671-K1,16222,C01671
C01672-K1,17565,C01672
C01673-K1,19554,C01673
C01674-K1,11190,C01674
C01675-K1,12751,C01675
C01676-K1,23106,C01676
C01677-K1,14061,C01677
C01678-K1,10932,C01678
C01679-K1,16267,C01679
C01680-K1,19779,C01680
C01681-K1,18911,C01681
C01682-K1,11857,C01682
C01683-K1,19995,C01683
C01684-K1,10281,C01684
C01685-K1,17809,C01685
C01686-K1,23284,C01686
C01687-K1,21946,C01687
C01688-K1,14916,C01688
C01689-K1,16328,C01689
C01690-K1,10494,C01690
C01691-K1,10866,C01691
C01692-K1,21855,C01692
C01693-K1,18533,C01693
C01694-K1,15135,C01694
C01695-K1,14371,C01695
C01696-K1,20205,C01696
C01697-K1,21535,C01697
C01698-K1,21236,C01698
C01699-K1,13312,C01699
C01700-K1,10645,C01700
C01701-K1,18325,C01701
C01702-K1,21509,C01702
C01703-K1,14694,C01703
C01704-K1,16681,C01704
C01705-K1,22837,C01705
C01706-K1,17595,C01706
C01707-K1,14575,C01707
C01708-K1,14947,C01708
C01709-K1,20975,C01709
C01710-K1,15525,C01710
C01711-K1,18788,C01711
C01712-K1,18568,C01712
C01713-K1,15315,C01713
C01714-K1,22041,C01714
C01715-K1,15783,C01715
C01716-K1,11908,C01716
C01717-K1,19532,C01717
C01718-K1,11092,C01718
C01719-K1,16107,C01719
C01720-K1,11673,C01720
C01721-K2,20490,C01721
C01722-K1,14217,C01722
C01723-K1,14115,C01723
C01724-K1,20123,C01724
C01725-K1,10423,C01725
C01726-K1,16865,C01726
C01727-K2,12209,C01727
C01728-K1,17794,C01728
C01729-K1,14374,C01729
C01730-K1,22830,C01730
C01731-K1,15034,C01731
C01732-K1,11922,C01732
C01733-K1,18482,C01733
C01734-K1,11815,C01734
C01735-K1,10185,C01735
C01736-K1,14109,C01736
C01737-K1,19550,C01737
C01738-K1,16001,C01738
C01739-K1,19945,C01739
C01740-K1,14163,C01740
C01741-K1,21811,C01741
C01742-K1,19246,C01742
C01743-K1,22602,C01743
C01744-K2,13947,C01744
C01745-K1,12279,C01745
C01746-K1,19799,C01746
C01747-K1,22330,C01747
C01748-K1,20241,C01748
C01749-K1,13046,C01749
C01750-K1,10359,C01750
C01751-K1,11380,C01751
C01752-K1,22114,C01752
C01753-K1,16398,C01753
C01754-K1,13752,C01754
C01755-K2,10769,C01755
C01756-K1,17554,C01756
C01757-K1,15829,C01757
C01758-K1,11107,C01758
C01759-K1,13690,C01759
C01760-K1,20673,C01760
C01761-K1,11400,C01761
C01762-K1,15035,C01762
C01763-K1,14854,C01763
C01764-K1,19388,C01764
C01765-K1,21037,C01765
C01766-K1,14580,C01766
C01767-K1,13565,C01767
C01768-K1,11569,C01768
C01769-K1,21546,C01769
C01770-K1,12674,C01770
C01771-K1,19359,C01771
C01772-K1,14793,C01772
C01773-K1,22422,C01773
C01774-K1,13897,C01774
C01775-K1,13049,C01775
C01776-K1,13025,C01776
C01777-K1,23171,C01777
C01778-K1,22314,C01778
C01779-K1,16958,C01779
C01780-K1,14376,C01780
C01781-K1,18783,C01781
C01782-K2,12876,C01782
C01783-K1,11262,C01783
C01784-K1,12661,C01784
C01785-K1,21918,C01785
C01786-K1,21328,C01786
C01787-K1,15689,C01787
C01788-K1,11422,C01788
C01789-K1,14982,C01789
C01790-K1,10367,C01790
C01791-K1,14057,C01791
C01792-K1,22610,C01792
C01793-K1,13770,C01793
C01794-K1,19658,C01794
C01795-K1,11990,C01795
C01796-K1,13727,C01796
C01797-K1,13509,C01797
C01798-K1,19153,C01798
C01799-K2,11883,C01799
C01800-K1,19101,C01800
C01801-K1,12015,C01801
C01802-K1,18260,C01802
C01803-K1,10719,C01803
C01804-K1,15694,C01804
C01805-K1,19324,C01805
C01806-K1,15849,C01806
C01807-K1,13933,C01807
C01808-K1,11926,C01808
C01809-K1,17343,C01809
C01810-K1,22761,C01810
C01811-K1,16522,C01811
C01812-K1,15770,C01812
C01813-K1,10693,C01813
C01814-K1,16021,C01814
C01815-K1,16840,C01815
C01816-K1,18789,C01816
C01817-K1,22707,C01817
C01818-K1,17366,C01818
C01819-K1,19457,C01819
C01820-K1,10204,C01820
C01821-K1,13938,C01821
C01822-K1,20773,C01822
C01823-K1,19204,C01823
C01824-K1,14027,C01824
C01825-K1,17131,C01825
C01826-K1,19394,C01826
C01827-K1,17749,C01827
C01828-K2,22413,C01828
C01829-K1,21454,C01829
C01830-K1,16472,C01830
C01831-K1,15237,C01831
C01832-K1,14772,C01832
C01833-K1,12934,C01833
C01834-K1,10516,C01834
C01835-K1,11131,C01835
C01836-K1,16848,C01836
C01837-K1,11286,C01837
C01838-K1,18010,C01838
C01839-K1,17139,C01839
C01840-K1,17516,C01840
C01841-K1,15014,C01841
C01842-K1,11808,C01842
C01843-K1,20604,C01843
C01844-K1,18146,C01844
C01845-K1,11427,C01845
C01846-K1,13313,C01846
C01847-K1,11687,C01847
C01848-K1,15376,C01848
C01849-K1,13318,C01849
C01850-K1,16939,C01850
C01851-K1,19616,C01851
C01852-K1,14582,C01852
C01853-K1,17663,C01853
C01854-K1,10813,C01854
C01855-K2,19122,C01855
C01856-K1,16913,C01856
C01857-K1,19013,C01857
C01858-K1,11236,C01858
C01859-K1,10187,C01859
C01860-K1,12313,C01860
C01861-K1,22898,C01861
C01862-K1,21862,C01862
C01863-K1,14858,C01863
C01864-K1,20454,C01864
C01865-K1,10967,C01865
C01866-K1,15436,C01866
C01867-K1,21321,C01867
C01868-K1,10330,C01868
C01869-K1,13413,C01869
C01870-K1,20605,C01870
C01871-K1,16544,C01871
C01872-K1,21180,C01872
C01873-K1,17452,C01873
C01874-K1,16450,C01874
C01875-K1,23134,C01875
C01876-K1,14472,C01876
C01877-K1,10601,C01877
C01878-K1,20808,C01878
C01879-K1,16764,C01879
C01880-K1,22504,C01880
C01881-K1,17171,C01881
C01882-K1,21249,C01882
C01883-K1,15833,C01883
C01884-K1,12227,C01884
C01885-K1,12641,C01885
C01886-K1,14990,C01886
C01887-K1,19594,C01887
C01888-K1,14151,C01888
C01889-K1,21202,C01889
C01890-K1,10082,C01890
C01891-K1,16528,C01891
C01892-K1,13693,C01892
C01893-K1,16368,C01893
C01894-K1,17612,C01894
C01895-K1,22261,C01895
C01896-K1,11546,C01896
C01897-K1,18551,C01897
C01898-K1,17618,C01898
C01899-K1,23230,C01899
C01900-K1,16334,C01900
C01901-K1,18908,C01901
C01902-K1,11372,C01902
C01903-K1,16683,C01903
C01904-K1,13397,C01904
C01905-K1,20648,C01905
C01906-K1,13974,C01906
C01907-K1,17645,C01907
C01908-K1,22128,C01908
C01909-K2,11371,C01909
C01910-K1,20173,C01910
C01911-K1,19969,C01911
C01912-K1,22815,C01912
C01913-K1,10343,C01913
C01914-K1,16537,C01914
C01915-K1,23151,C01915
C01916-K1,21168,C01916
C01917-K1,23249,C01917
C01918-K1,20161,C01918
C01919-K1,17713,C01919
C01920-K1,14068,C01920
C01921-K1,13414,C01921
C01922-K2,17118,C01922
C01923-K1,13058,C01923
C01924-K1,22489,C01924
C01925-K1,15740,C01925
C01926-K1,13276,C01926
C01927-K1,17056,C01927
C01928-K1,23536,C01928
C01929-K1,13836,C01929
C01930-K1,12386,C01930
C01931-K1,18198,C01931
C01932-K1,11750,C01932
C01933-K2,23398,C01933
C01934-K1,15533,C01934
C01935-K1,13347,C01935
C01936-K1,22585,C01936
C01937-K1,14194,C01937
C01938-K1,16643,C01938
C01939-K1,12788,C01939
C01940-K1,11022,C01940
C01941-K1,10062,C01941
C01942-K1,14626,C01942
C01943-K1,20893,C01943
C01944-K1,12194,C01944
C01945-K1,13989,C01945
C01946-K1,23105,C01946
C01947-K1,11963,C01947
C01948-K1,20051,C01948
C01949-K1,21042,C01949
C01950-K1,18601,C01950
C01951-K1,10278,C01951
C01952-K1,10233,C01952
C01953-K2,15887,C01953
C01954-K1,22709,C01954
C01955-K1,18479,C01955
C01956-K1,13826,C01956
C01957-K1,22771,C01957
C01958-K1,17771,C01958
C01959-K1,12436,C01959
C01960-K1,11490,C01960
C01961-K1,16252,C01961
C01962-K1,21582,C01962
C01963-K1,22256,C01963
C01964-K1,17311,C01964
C01965-K1,13659,C01965
C01966-K1,20914,C01966
C01967-K1,13586,C01967
C01968-K1,18631,C01968
C01969-K1,20739,C01969
C01970-K1,11793,C01970
C01971-K1,10646,C01971
C01972-K1,23139,C01972
C01973-K1,17078,C01973
C01974-K1,11941,C01974
C01975-K1,13111,C01975
C01976-K1,18673,C01976
C01977-K1,10663,C01977
C01978-K1,12705,C01978
C01979-K1,22008,C01979
C01980-K1,19983,C01980
C01981-K1,14164,C01981
C01982-K2,19648,C01982
C01983-K1,11676,C01983
C01984-K1,19666,C01984
C01985-K1,17028,C01985
C01986-K1,11377,C01986
C01987-K1,18463,C01987
C01988-K1,23069,C01988
C01989-K1,22887,C01989
C01990-K1,11671,C01990
C01991-K1,20108,C01991
C01992-K1,12404,C01992
C01993-K1,18476,C01993
C01994-K1,15568,C01994
C01995-K1,10616,C01995
C01996-K2,12505,C01996
C01997-K1,15154,C01997
C01998-K1,20661,C01998
C01999-K1,13839,C01999
C02000-K2,16800,C02000
C02001-K1,12944,C02001
C02002-K1,17342,C02002
C02003-K1,16856,C02003
C02004-K1,20278,C02004
C02005-K1,14308,C02005
C02006-K1,18503,C02006
C02007-K1,13524,C02007
C02008-K1,11627,C02008
C02009-K1,12651,C02009
C02010-K1,16299,C02010
C02011-K1,16869,C02011
C02012-K1,23346,C02012
C02013-K1,20861,C02013
C02014-K1,14623,C02014
C02015-K1,11428,C02015
C02016-K1,21773,C02016
C02017-K1,15383,C02017
C02018-K2,18609,C02018
C02019-K1,21177,C02019
C02020-K1,17260,C02020
C02021-K1,14184,C02021
C02022-K1,23537,C02022
C02023-K1,22995,C02023
C02024-K1,18646,C02024
C02025-K1,18657,C02025
C02026-K1,12211,C02026
C02027-K1,20769,C02027
C02028-K1,18184,C02028
C02029-K1,22722,C02029
C02030-K1,20525,C02030
C02031-K1,19843,C02031
C02032-K1,20246,C02032
C02033-K1,12491,C02033
C02034-K1,18759,C02034
C02035-K1,13544,C02035
C02036-K1,12913,C02036
C02037-K1,11265,C02037
C02038-K1,10674,C02038
C02039-K1,11792,C02039
C02040-K1,20164,C02040
C02041-K1,10135,C02041
C02042-K1,12293,C02042
C02043-K1,12790,C02043
C02044-K1,19955,C02044
C02045-K1,18833,C02045
C02046-K1,17648,C02046
C02047-K1,10759,C02047
C02048-K1,14792,C02048
C02049-K1,14979,C02049
C02050-K1,23077,C02050
C02051-K1,15961,C02051
C02052-K1,12572,C02052
C02053-K1,17157,C02053
C02054-K1,16809,C02054
C02055-K1,22923,C02055
C02056-K1,11715,C02056
C02057-K1,13528,C02057
C02058-K1,19954,C02058
C02059-K1,21096,C02059
C02060-K1,22942,C02060
C02061-K1,12041,C02061
C02062-K1,21259,C02062
C02063-K1,19663,C02063
C02064-K1,20156,C02064
C02065-K1,17920,C02065
C02066-K1,22891,C02066
C02067-K1,20130,C02067
C02068-K1,17889,C02068
C02069-K1,15195,C02069
C02070-K1,11867,C02070
C02071-K1,22444,C02071
C02072-K1,17512,C02072
C02073-K1,14099,C02073
C02074-K1,10322,C02074
C02075-K1,18485,C02075
C02076-K1,21204,C02076
C02077-K1,20022,C02077
C02078-K1,14041,C02078
C02079-K1,18391,C02079
C02080-K1,19014,C02080
C02081-K1,12182,C02081
C02082-K1,18379,C02082
C02083-K1,21348,C02083
C02084-K2,16313,C02084
C02085-K1,10568,C02085
C02086-K1,17505,C02086
C02087-K1,18991,C02087
C02088-K1,11805,C02088
C02089-K1,17851,C02089
C02090-K1,15458,C02090
C02091-K1,19495,C02091
C02092-K1,16422,C02092
C02093-K1,23503,C02093
C02094-K1,20510,C02094
C02095-K1,21939,C02095
C02096-K1,20211,C02096
C02097-K1,15377,C02097
C02098-K1,11621,C02098
C02099-K1,14629,C02099
C02100-K1,12069,C02100
C02101-K1,12551,C02101
C02102-K1,18434,C02102
C02103-K1,16749,C02103
C02104-K1,21523,C02104
C02105-K1,23160,C02105
C02106-K1,16467,C02106
C02107-K1,11056,C02107
C02108-K1,21987,C02108
C02109-K1,17121,C02109
C02110-K1,13180,C02110
C02111-K1,22341,C02111
C02112-K1,12086,C02112
C02113-K1,17925,C02113
C02114-K1,15126,C02114
C02115-K1,20423,C02115
C02116-K1,18370,C02116
C02117-K1,10970,C02117
C02118-K1,23471,C02118
C02119-K1,17875,C02119
C02120-K1,21508,C02120
C02121-K1,15886,C02121
C02122-K1,20753,C02122
C02123-K1,21954,C02123
C02124-K1,13322,C02124
C02125-K1,21322,C02125
C02126-K1,15009,C02126
C02127-K1,19546,C02127
C02128-K1,21195,C02128
C02129-K1,19035,C02129
C02130-K1,16972,C02130
C02131-K1,19909,C02131
C02132-K1,22577,C02132
C02133-K1,10881,C02133
C02134-K1,13600,C02134
C02135-K1,19372,C02135
C02136-K1,17660,C02136
C02137-K1,16507,C02137
C02138-K1,11029,C02138
C02139-K1,12081,C02139
C02140-K1,15712,C02140
C02141-K1,22864,C02141
C02142-K1,14026,C02142
C02143-K1,12757,C02143
C02144-K1,16250,C02144
C02145-K1,12728,C02145
C02146-K1,22469,C02146
C02147-K2,13864,C02147
C02148-K1,21424,C02148
C02149-K1,10376,C02149
C02150-K1,13493,C02150
C02151-K1,20013,C02151
C02152-K1,10399,C02152
C02153-K1,14805,C02153
C02154-K1,23034,C02154
C02155-K1,17491,C02155
C02156-K1,12622,C02156
C02157-K1,12376,C02157
C02158-K1,15036,C02158
C02159-K1,20439,C02159
C02160-K1,23223,C02160
C02161-K1,11073,C02161
C02162-K1,20396,C02162
C02163-K1,21866,C02163
C02164-K1,18622,C02164
C02165-K1,21996,C02165
C02166-K1,22816,C02166
C02167-K1,19927,C02167
C02168-K1,21106,C02168
C02169-K1,13323,C02169
C02170-K1,22958,C02170
C02171-K1,21988,C02171
C02172-K1,22167,C02172
C02173-K1,22247,C02173
C02174-K1,12865,C02174
C02175-K1,11863,C02175
C02176-K1,20182,C02176
C02177-K1,18993,C02177
C02178-K1,20372,C02178
C02179-K1,10495,C02179
C02180-K1,22174,C02180
C02181-K2,10363,C02181
C02182-K1,18537,C02182
C02183-K1,13560,C02183
C02184-K1,19996,C02184
C02185-K1,20317,C02185
C02186-K1,20822,C02186
C02187-K1,20926,C02187
C02188-K1,19836,C02188
C02189-K1,20819,C02189
C02190-K1,20271,C02190
C02191-K1,15801,C02191
C02192-K1,17937,C02192
C02193-K1,13513,C02193
C02194-K1,17177,C02194
C02195-K1,22116,C02195
C02196-K1,11624,C02196
C02197-K1,13101,C02197
C02198-K1,11498,C02198
C02199-K1,13707,C02199
C02200-K1,13538,C02200
C02201-K1,10685,C02201
C02202-K1,11643,C02202
C02203-K1,19402,C02203
C02204-K1,13525,C02204
C02205-K1,16907,C02205
C02206-K1,13487,C02206
C02207-K1,20949,C02207
C02208-K1,18015,C02208
C02209-K1,21934,C02209
C02210-K1,17241,C02210
C02211-K1,23142,C02211
C02212-K1,11648,C02212
C02213-K1,12738,C02213
C02214-K2,21786,C02214
C02215-K1,20433,C02215
C02216-K1,23393,C02216
C02217-K1,20987,C02217
C02218-K1,14653,C02218
C02219-K1,10025,C02219
C02220-K1,21813,C02220
C02221-K1,18497,C02221
C02222-K1,17363,C02222
C02223-K1,20336,C02223
C02224-K1,11917,C02224
C02225-K1,12314,C02225
C02226-K1,14546,C02226
C02227-K1,21522,C02227
C02228-K1,10848,C02228
C02229-K1,19379,C02229
C02230-K1,12518,C02230
C02231-K2,14089,C02231
C02232-K1,22912,C02232
C02233-K1,20298,C02233
C02234-K1,14353,C02234
C02235-K1,17883,C02235
C02236-K1,11034,C02236
C02237-K1,14379,C02237
C02238-K1,13290,C02238
C02239-K1,14708,C02239
C02240-K1,21198,C02240
C02241-K1,13563,C02241
C02242-K1,12108,C02242
C02243-K1,15251,C02243
C02244-K1,19924,C02244
C02245-K2,20195,C02245
C02246-K1,23342,C02246
C02247-K1,19801,C02247
C02248-K1,18666,C02248
C02249-K1,12265,C02249
C02250-K2,20397,C02250
C02251-K1,12758,C02251
C02252-K1,15896,C02252
C02253-K1,18881,C02253
C02254-K1,15355,C02254
C02255-K1,21425,C02255
C02256-K1,16950,C02256
C02257-K1,16192,C02257
C02258-K1,17384,C02258
C02259-K1,10524,C02259
C02260-K1,20224,C02260
C02261-K1,16152,C02261
C02262-K1,18419,C02262
C02263-K1,20961,C02263
C02264-K1,23424,C02264
C02265-K1,22804,C02265
C02266-K2,17608,C02266
C02267-K1,19401,C02267
C02268-K1,10050,C02268
C02269-K1,13319,C02269
C02270-K1,10477,C02270
C02271-K1,22845,C02271
C02272-K1,10870,C02272
C02273-K1,20449,C02273
C02274-K1,13469,C02274
C02275-K1,15879,C02275
C02276-K1,12870,C02276
C02277-K1,22257,C02277
C02278-K1,12329,C02278
C02279-K1,20608,C02279
C02280-K1,21838,C02280
C02281-K1,15853,C02281
C02282-K1,22532,C02282
C02283-K1,15284,C02283
C02284-K1,11594,C02284
C02285-K2,12317,C02285
C02286-K1,12591,C02286
C02287-K1,16245,C02287
C02288-K1,17161,C02288
C02289-K1,13305,C02289
C02290-K1,10250,C02290
C02291-K1,22232,C02291
C02292-K1,17447,C02292
C02293-K1,13667,C02293
C02294-K1,10948,C02294
C02295-K1,17853,C02295
C02296-K1,13408,C02296
C02297-K1,12670,C02297
C02298-K1,19428,C02298
C02299-K1,13460,C02299
C02300-K1,16587,C02300
C02301-K1,10048,C02301
C02302-K1,22034,C02302
C02303-K1,16756,C02303
C02304-K1,13681,C02304
C02305-K1,19328,C02305
C02306-K1,16336,C02306
C02307-K1,12994,C02307
C02308-K1,18938,C02308
C02309-K2,16857,C02309
C02310-K1,21964,C02310
C02311-K1,19369,C02311
C02312-K1,10101,C02312
C02313-K1,16691,C02313
C02314-K1,12160,C02314
C02315-K1,19341,C02315
C02316-K1,18117,C02316
C02317-K1,13768,C02317
C02318-K1,15802,C02318
C02319-K1,23389,C02319
C02320-K2,14856,C02320
C02321-K2,19338,C02321
C02322-K1,15341,C02322
C02323-K1,21296,C02323
C02324-K1,13456,C02324
C02325-K1,20748,C02325
C02326-K1,20986,C02326
C02327-K1,22380,C02327
C02328-K1,20713,C02328
C02329-K1,13643,C02329
C02330-K1,11658,C02330
C02331-K1,21097,C02331
C02332-K1,13940,C02332
C02333-K1,13374,C02333
C02334-K1,11699,C02334
C02335-K1,12669,C02335
C02336-K1,20684,C02336
C02337-K1,17974,C02337
C02338-K1,17360,C02338
C02339-K1,18754,C02339
C02340-K1,11506,C02340
C02341-K1,21270,C02341
C02342-K1,13321,C02342
C02343-K1,10821,C02343
C02344-K1,13172,C02344
C02345-K1,22974,C02345
C02346-K1,23041,C02346
C02347-K1,19034,C02347
C02348-K1,20458,C02348
C02349-K1,20181,C02349
C02350-K1,12545,C02350
C02351-K1,10173,C02351
C02352-K1,14942,C02352
C02353-K1,13357,C02353
C02354-K2,19248,C02354
C02355-K1,13482,C02355
C02356-K1,11897,C02356
C02357-K1,13898,C02357
C02358-K1,18695,C02358
C02359-K1,18383,C02359
C02360-K1,16502,C02360
C02361-K1,12312,C02361
C02362-K1,21316,C02362
C02363-K1,10872,C02363
C02364-K1,22439,C02364
C02365-K1,13775,C02365
C02366-K1,18081,C02366
C02367-K1,10703,C02367
C02368-K1,15843,C02368
C02369-K1,18968,C02369
C02370-K1,17047,C02370
C02371-K2,20469,C02371
C02372-K1,13079,C02372
C02373-K1,20715,C02373
C02374-K1,22484,C02374
C02375-K1,19518,C02375
C02376-K1,14995,C02376
C02377-K1,11578,C02377
C02378-K1,11596,C02378
C02379-K1,20042,C02379
C02380-K1,20216,C02380
C02381-K1,14335,C02381
C02382-K1,12399,C02382
C02383-K1,13661,C02383
C02384-K1,13179,C02384
C02385-K1,20335,C02385
C02386-K1,11283,C02386
C02387-K1,15216,C02387
C02388-K1,12473,C02388
C02389-K1,14857,C02389
C02390-K1,10730,C02390
C02391-K1,13076,C02391
C02392-K1,14756,C02392
C02393-K2,18593,C02393
C02394-K1,16703,C02394
C02395-K1,19221,C02395
C02396-K1,20377,C02396
C02397-K1,22487,C02397
C02398-K1,21892,C02398
C02399-K1,16375,C02399
C02400-K1,12595,C02400
C02401-K1,15480,C02401
C02402-K1,16505,C02402
C02403-K1,20280,C02403
C02404-K1,15988,C02404
C02405-K1,16669,C02405
C02406-K1,14365,C02406
C02407-K1,20319,C02407
C02408-K1,12923,C02408
C02409-K1,19395,C02409
C02410-K1,13555,C02410
C02411-K1,13832,C02411
C02412-K1,13672,C02412
C02413-K1,21853,C02413
C02414-K1,22187,C02414
C02415-K1,20142,C02415
C02416-K1,20804,C02416
C02417-K1,10636,C02417
C02418-K1,18329,C02418
C02419-K1,21313,C02419
C02420-K1,10804,C02420
C02421-K1,19606,C02421
C02422-K1,21766,C02422
C02423-K1,18687,C02423
C02424-K1,15482,C02424
C02425-K1,20358,C02425
C02426-K1,12983,C02426
C02427-K1,23457,C02427
C02428-K1,16244,C02428
C02429-K1,12327,C02429
C02430-K1,18760,C02430
C02431-K1,11682,C02431
C02432-K1,23128,C02432
C02433-K1,16828,C02433
C02434-K1,13134,C02434
C02435-K1,16275,C02435
C02436-K1,17578,C02436
C02437-K1,17272,C02437
C02438-K1,16539,C02438
C02439-K1,14959,C02439
C02440-K1,16715,C02440
C02441-K1,10909,C02441
C02442-K1,21797,C02442
C02443-K1,13735,C02443
C02444-K1,17000,C02444
C02445-K1,17931,C02445
C02446-K1,14640,C02446
C02447-K1,15076,C02447
C02448-K1,10011,C02448
C02449-K1,20076,C02449
C02450-K1,15285,C02450
C02451-K1,12886,C02451
C02452-K1,22104,C02452
C02453-K1,14584,C02453
C02454-K1,21258,C02454
C02455-K1,16039,C02455
C02456-K1,10112,C02456
C02457-K1,19400,C02457
C02458-K1,11591,C02458
C02459-K1,11135,C02459
C02460-K1,13991,C02460
C02461-K1,18307,C02461
C02462-K1,10900,C02462
C02463-K1,15518,C02463
C02464-K1,10992,C02464
C02465-K1,16203,C02465
C02466-K1,22092,C02466
C02467-K1,16113,C02467
C02468-K1,19865,C02468
C02469-K1,10969,C02469
C02470-K1,11814,C02470
C02471-K1,18488,C02471
C02472-K1,13875,C02472
C02473-K1,14523,C02473
C02474-K1,21472,C02474
C02475-K1,16455,C02475
C02476-K1,13965,C02476
C02477-K1,17730,C02477
C02478-K1,22274,C02478
C02479-K1,12226,C02479
C02480-K1,20879,C02480
C02481-K1,19315,C02481
C02482-K1,14753,C02482
C02483-K1,18564,C02483
C02484-K1,10324,C02484
C02485-K1,12933,C02485
C02486-K1,11830,C02486
C02487-K1,17546,C02487
C02488-K1,12792,C02488
C02489-K1,14300,C02489
C02490-K1,17467,C02490
C02491-K1,10047,C02491
C02492-K1,15782,C02492
C02493-K1,21130,C02493
C02494-K1,16872,C02494
C02495-K1,18836,C02495
C02496-K1,18875,C02496
C02497-K1,10505,C02497
C02498-K1,18296,C02498
C02499-K1,18064,C02499
C02500-K1,17633,C02500
C02501-K1,18347,C02501
C02502-K2,19787,C02502
C02503-K1,14341,C02503
C02504-K1,22801,C02504
C02505-K1,11110,C02505
C02506-K1,22940,C02506
C02507-K1,21364,C02507
C02508-K1,18994,C02508
C02509-K1,10574,C02509
C02510-K1,12380,C02510
C02511-K1,17347,C02511
C02512-K1,23065,C02512
C02513-K1,21482,C02513
C02514-K1,13184,C02514
C02515-K2,23330,C02515
C02516-K1,18765,C02516
C02517-K1,10523,C02517
C02518-K1,17959,C02518
C02519-K1,15463,C02519
C02520-K1,19424,C02520
C02521-K1,22817,C02521
C02522-K1,18483,C02522
C02523-K1,20350,C02523
C02524-K1,18475,C02524
C02525-K1,12678,C02525
C02526-K1,10549,C02526
C02527-K1,10749,C02527
C02528-K1,12395,C02528
C02529-K1,15898,C02529
C02530-K1,12322,C02530
C02531-K1,20411,C02531
C02532-K1,20340,C02532
C02533-K1,23348,C02533
C02534-K1,22430,C02534
C02535-K1,18535,C02535
C02536-K1,23109,C02536
C02537-K1,18033,C02537
C02538-K1,20303,C02538
C02539-K1,22654,C02539
C02540-K1,11045,C02540
C02541-K1,17826,C02541
C02542-K1,22373,C02542
C02543-K1,18949,C02543
C02544-K1,16447,C02544
C02545-K2,11509,C02545
C02546-K1,14457,C02546
C02547-K1,19898,C02547
C02548-K1,22643,C02548
C02549-K1,23363,C02549
C02550-K1,11964,C02550
C02551-K1,13464,C02551
C02552-K1,22317,C02552
C02553-K1,16006,C02553
C02554-K1,17046,C02554
C02555-K1,12264,C02555
C02556-K1,15799,C02556
C02557-K1,22143,C02557
C02558-K1,11944,C02558
C02559-K1,21241,C02559
C02560-K1,10271,C02560
C02561-K1,10515,C02561
C02562-K1,19871,C02562
C02563-K1,10959,C02563
C02564-K1,21611,C02564
C02565-K1,23227,C02565
C02566-K1,14042,C02566
C02567-K1,14035,C02567
C02568-K1,12811,C02568
C02569-K1,12031,C02569
C02570-K1,11360,C02570
C02571-K1,12762,C02571
C02572-K1,22185,C02572
C02573-K2,23394,C02573
C02574-K1,21542,C02574
C02575-K2,21514,C02575
C02576-K1,21349,C02576
C02577-K1,10026,C02577
C02578-K1,14971,C02578
C02579-K1,18179,C02579
C02580-K1,13619,C02580
C02581-K1,20857,C02581
C02582-K1,11932,C02582
C02583-K1,21675,C02583
C02584-K1,13721,C02584
C02585-K1,19752,C02585
C02586-K1,21099,C02586
C02587-K1,22311,C02587
C02588-K1,23270,C02588
C02589-K1,21969,C02589
C02590-K1,11185,C02590
C02591-K1,12261,C02591
C02592-K1,19515,C02592
C02593-K1,23101,C02593
C02594-K1,16834,C02594
C02595-K1,22828,C02595
C02596-K1,12451,C02596
C02597-K1,17622,C02597
C02598-K1,10033,C02598
C02599-K1,18373,C02599
C02600-K1,16829,C02600
C02601-K1,10972,C02601
C02602-K1,21334,C02602
C02603-K1,18885,C02603
C02604-K1,22700,C02604
C02605-K1,14479,C02605
C02606-K1,22671,C02606
C02607-K1,19243,C02607
C02608-K1,15835,C02608
C02609-K1,22917,C02609
C02610-K1,16550,C02610
C02611-K1,14950,C02611
C02612-K1,16009,C02612
C02613-K1,13934,C02613
C02614-K1,20190,C02614
C02615-K1,12348,C02615
C02616-K1,18086,C02616
C02617-K1,19965,C02617
C02618-K2,16885,C02618
C02619-K1,14209,C02619
C02620-K1,23523,C02620
C02621-K1,23293,C02621
C02622-K1,20151,C02622
C02623-K1,14638,C02623
C02624-K1,17586,C02624
C02625-K1,22173,C02625
C02626-K1,10210,C02626
C02627-K1,16130,C02627
C02628-K1,15929,C02628
C02629-K1,17196,C02629
C02630-K1,18847,C02630
C02631-K1,18715,C02631
C02632-K1,15809,C02632
C02633-K1,21215,C02633
C02634-K1,14007,C02634
C02635-K1,21602,C02635
C02636-K1,15968,C02636
C02637-K1,22638,C02637
C02638-K1,13944,C02638
C02639-K1,11246,C02639
C02640-K1,11547,C02640
C02641-K1,20379,C02641
C02642-K1,15462,C02642
C02643-K1,11987,C02643
C02644-K1,12721,C02644
C02645-K1,12208,C02645
C02646-K1,13664,C02646
C02647-K1,10876,C02647
C02648-K1,12013,C02648
C02649-K1,14211,C02649
C02650-K1,19275,C02650
C02651-K1,20272,C02651
C02652-K1,20902,C02652
C02653-K1,18872,C02653
C02654-K1,22874,C02654
C02655-K1,21720,C02655
C02656-K1,14614,C02656
C02657-K1,21985,C02657
C02658-K1,16246,C02658
C02659-K1,23552,C02659
C02660-K1,22520,C02660
C02661-K1,16668,C02661
C02662-K1,12534,C02662
C02663-K1,15630,C02663
C02664-K1,19335,C02664
C02665-K1,17318,C02665
C02666-K1,17016,C02666
C02667-K1,20943,C02667
C02668-K1,10545,C02668
C02669-K1,11984,C02669
C02670-K1,12688,C02670
C02671-K1,18330,C02671
C02672-K1,19751,C02672
C02673-K1,19692,C02673
C02674-K1,19092,C02674
C02675-K1,11777,C02675
C02676-K1,21711,C02676
C02677-K1,18263,C02677
C02678-K1,21614,C02678
C02679-K1,11662,C02679
C02680-K1,13361,C02680
C02681-K1,20984,C02681
C02682-K1,14192,C02682
C02683-K1,13550,C02683
C02684-K1,16294,C02684
C02685-K1,14306,C02685
C02686-K1,19375,C02686
C02687-K1,17689,C02687
C02688-K1,10188,C02688
C02689-K1,20301,C02689
C02690-K1,14963,C02690
C02691-K1,15575,C02691
C02692-K1,13395,C02692
C02693-K1,13472,C02693
C02694-K1,19934,C02694
C02695-K1,18768,C02695
C02696-K1,15547,C02696
C02697-K1,21782,C02697
C02698-K1,11055,C02698
C02699-K1,22443,C02699
C02700-K1,15957,C02700
C02701-K1,16657,C02701
C02702-K2,20359,C02702
C02703-K1,13713,C02703
C02704-K1,13683,C02704
C02705-K1,18722,C02705
C02706-K1,19030,C02706
C02707-K1,14398,C02707
C02708-K1,22633,C02708
C02709-K1,12412,C02709
C02710-K1,12567,C02710
C02711-K1,22735,C02711
C02712-K1,13452,C02712
C02713-K1,14515,C02713
C02714-K1,15364,C02714
C02715-K1,22723,C02715
C02716-K2,18652,C02716
C02717-K1,10272,C02717
C02718-K1,13496,C02718
C02719-K1,13607,C02719
C02720-K1,12147,C02720
C02721-K1,12575,C02721
C02722-K1,12854,C02722
C02723-K1,16987,C02723
C02724-K1,13200,C02724
C02725-K1,17753,C02725
C02726-K1,12986,C02726
C02727-K1,19079,C02727
C02728-K1,19278,C02728
C02729-K1,21228,C02729
C02730-K1,15098,C02730
C02731-K1,11999,C02731
C02732-K1,23039,C02732
C02733-K1,16921,C02733
C02734-K1,14443,C02734
C02735-K1,12462,C02735
C02736-K1,17992,C02736
C02737-K1,18580,C02737
C02738-K1,10700,C02738
C02739-K1,19115,C02739
C02740-K1,13742,C02740
C02741-K1,15069,C02741
C02742-K1,18734,C02742
C02743-K1,23255,C02743
C02744-K1,21428,C02744
C02745-K1,22423,C02745
C02746-K1,10768,C02746
C02747-K1,21948,C02747
C02748-K1,17766,C02748
C02749-K1,20132,C02749
C02750-K1,17290,C02750
C02751-K1,20721,C02751
C02752-K1,20162,C02752
C02753-K1,23096,C02753
C02754-K1,15850,C02754
C02755-K1,15762,C02755
C02756-K1,22576,C02756
C02757-K1,11649,C02757
C02758-K1,14373,C02758
C02759-K1,16598,C02759
C02760-K1,21962,C02760
C02761-K1,21688,C02761
C02762-K1,16274,C02762
C02763-K1,23438,C02763
C02764-K1,19146,C02764
C02765-K1,17538,C02765
C02766-K1,16645,C02766
C02767-K1,12272,C02767
C02768-K1,11334,C02768
C02769-K1,20528,C02769
C02770-K1,13957,C02770
C02771-K1,10971,C02771
C02772-K1,16815,C02772
C02773-K1,14646,C02773
C02774-K1,18729,C02774
C02775-K1,12987,C02775
C02776-K1,21726,C02776
C02777-K1,13620,C02777
C02778-K1,18860,C02778
C02779-K1,16678,C02779
C02780-K2,19258,C02780
C02781-K1,11993,C02781
C02782-K2,12976,C02782
C02783-K1,17750,C02783
C02784-K1,18150,C02784
C02785-K1,13920,C02785
C02786-K1,16042,C02786
C02787-K1,18653,C02787
C02788-K1,13964,C02788
C02789-K1,14362,C02789
C02790-K1,13445,C02790
C02791-K1,13732,C02791
C02792-K1,15531,C02792
C02793-K1,19985,C02793
C02794-K1,17075,C02794
C02795-K1,10336,C02795
C02796-K1,15857,C02796
C02797-K1,18630,C02797
C02798-K1,12441,C02798
C02799-K1,21300,C02799
C02800-K1,10725,C02800
C02801-K1,15091,C02801
C02802-K1,10705,C02802
C02803-K1,17543,C02803
C02804-K1,17614,C02804
C02805-K1,11541,C02805
C02806-K1,19523,C02806
C02807-K1,11122,C02807
C02808-K1,16073,C02808
C02809-K2,22640,C02809
C02810-K1,16292,C02810
C02811-K1,19863,C02811
C02812-K1,12856,C02812
C02813-K1,15627,C02813
C02814-K1,13326,C02814
C02815-K1,11030,C02815
C02816-K1,18873,C02816
C02817-K1,16167,C02817
C02818-K1,18102,C02818
C02819-K1,22701,C02819
C02820-K1,11124,C02820
C02821-K1,19453,C02821
C02822-K1,13302,C02822
C02823-K1,12905,C02823
C02824-K1,10929,C02824
C02825-K1,15447,C02825
C02826-K1,22441,C02826
C02827-K1,20908,C02827
C02828-K1,16658,C02828
C02829-K1,13288,C02829
C02830-K1,19069,C02830
C02831-K1,19331,C02831
C02832-K1,18667,C02832
C02833-K1,22086,C02833
C02834-K1,14864,C02834
C02835-K1,20267,C02835
C02836-K1,20094,C02836
C02837-K1,18414,C02837
C02838-K1,19825,C02838
C02839-K1,16978,C02839
C02840-K1,13566,C02840
C02841-K1,18027,C02841
C02842-K1,14116,C02842
C02843-K1,16137,C02843
C02844-K1,21448,C02844
C02845-K1,17747,C02845
C02846-K1,11141,C02846
C02847-K1,21723,C02847
C02848-K1,22106,C02848
C02849-K1,21655,C02849
C02850-K1,12822,C02850
C02851-K2,18160,C02851
C02852-K1,16385,C02852
C02853-K1,11783,C02853
C02854-K1,12075,C02854
C02855-K1,10890,C02855
C02856-K1,13224,C02856
C02857-K1,12524,C02857
C02858-K1,14255,C02858
C02859-K1,16233,C02859
C02860-K1,16081,C02860
C02861-K1,18951,C02861
C02862-K1,10514,C02862
C02863-K1,22772,C02863
C02864-K1,21617,C02864
C02865-K1,20817,C02865
C02866-K1,10492,C02866
C02867-K1,23302,C02867
C02868-K1,21447,C02868
C02869-K1,22245,C02869
C02870-K1,20890,C02870
C02871-K1,15379,C02871
C02872-K1,19055,C02872
C02873-K1,22549,C02873
C02874-K1,22662,C02874
C02875-K1,21237,C02875
C02876-K1,18416,C02876
C02877-K1,15545,C02877
C02878-K1,15120,C02878
C02879-K1,14564,C02879
C02880-K1,14260,C02880
C02881-K1,19614,C02881
C02882-K1,15705,C02882
C02883-K2,11523,C02883
C02884-K1,14006,C02884
C02885-K1,15759,C02885
C02886-K1,13917,C02886
C02887-K1,19297,C02887
C02888-K1,13194,C02888
C02889-K1,15936,C02889
C02890-K1,13365,C02890
C02891-K1,16563,C02891
C02892-K1,18741,C02892
C02893-K1,18004,C02893
C02894-K1,18248,C02894
C02895-K1,20903,C02895
C02896-K1,18453,C02896
C02897-K1,17981,C02897
C02898-K1,22000,C02898
C02899-K1,15619,C02899
C02900-K1,22102,C02900
C02901-K1,17191,C02901
C02902-K2,18167,C02902
C02903-K1,15899,C02903
C02904-K1,13723,C02904
C02905-K1,14869,C02905
C02906-K1,11565,C02906
C02907-K1,17602,C02907
C02908-K1,13776,C02908
C02909-K1,20705,C02909
C02910-K1,12043,C02910
C02911-K1,17502,C02911
C02912-K1,23303,C02912
C02913-K1,11501,C02913
C02914-K2,18558,C02914
C02915-K1,15757,C02915
C02916-K1,16164,C02916
C02917-K1,20531,C02917
C02918-K1,19432,C02918
C02919-K1,17111,C02919
C02920-K1,19510,C02920
C02921-K1,16955,C02921
C02922-K1,20586,C02922
C02923-K1,22606,C02923
C02924-K1,16562,C02924
C02925-K1,12307,C02925
C02926-K1,23548,C02926
C02927-K1,22568,C02927
C02928-K1,10843,C02928
C02929-K1,15389,C02929
C02930-K1,12076,C02930
C02931-K1,22953,C02931
C02932-K1,23205,C02932
C02933-K1,16816,C02933
C02934-K1,21070,C02934
C02935-K1,21319,C02935
C02936-K1,19770,C02936
C02937-K1,21521,C02937
C02938-K1,17212,C02938
C02939-K1,20656,C02939
C02940-K1,12605,C02940
C02941-K1,13332,C02941
C02942-K1,20522,C02942
C02943-K1,17950,C02943
C02944-K1,11976,C02944
C02945-K1,16617,C02945
C02946-K1,22153,C02946
C02947-K1,16444,C02947
C02948-K1,17442,C02948
C02949-K1,21678,C02949
C02950-K1,11344,C02950
C02951-K1,15479,C02951
C02952-K1,14650,C02952
C02953-K1,23427,C02953
C02954-K1,21062,C02954
C02955-K1,21580,C02955
C02956-K1,22785,C02956
C02957-K1,20448,C02957
C02958-K1,12800,C02958
C02959-K1,17594,C02959
C02960-K1,13557,C02960
C02961-K1,23210,C02961
C02962-K1,22511,C02962
C02963-K1,12838,C02963
C02964-K1,21366,C02964
C02965-K1,10311,C02965
C02966-K1,10116,C02966
C02967-K1,14065,C02967
C02968-K1,10739,C02968
C02969-K1,13630,C02969
C02970-K1,16783,C02970
C02971-K1,10473,C02971
C02972-K1,14988,C02972
C02973-K1,12753,C02973
C02974-K1,11211,C02974
C02975-K1,20289,C02975
C02976-K1,17026,C02976
C02977-K1,19984,C02977
C02978-K1,19210,C02978
C02979-K1,14853,C02979
C02980-K1,12499,C02980
C02981-K1,16228,C02981
C02982-K1,22360,C02982
C02983-K1,12536,C02983
C02984-K1,21034,C02984
C02985-K1,17338,C02985
C02986-K1,15409,C02986
C02987-K1,11942,C02987
C02988-K1,17986,C02988
C02989-K1,11763,C02989
C02990-K1,18380,C02990
C02991-K1,19979,C02991
C02992-K1,13473,C02992
C02993-K1,17445,C02993
C02994-K1,20399,C02994
C02995-K1,15544,C02995
C02996-K1,11116,C02996
C02997-K1,22485,C02997
C02998-K1,22035,C02998
C02999-K2,13579,C02999
C03000-K1,23018,C03000
C03001-K1,22792,C03001
C03002-K1,14608,C03002
C03003-K1,15668,C03003
C03004-K1,11988,C03004
C03005-K1,17145,C03005
C03006-K1,19866,C03006
C03007-K1,19365,C03007
C03008-K1,11734,C03008
C03009-K1,22040,C03009
C03010-K1,10825,C03010
C03011-K1,19064,C03011
C03012-K1,14169,C03012
C03013-K1,14744,C03013
C03014-K1,10753,C03014
C03015-K1,13481,C03015
C03016-K1,18597,C03016
C03017-K1,11268,C03017
C03018-K1,15715,C03018
C03019-K2,19672,C03019
C03020-K1,20220,C03020
C03021-K1,19362,C03021
C03022-K1,19253,C03022
C03023-K1,18496,C03023
C03024-K1,20572,C03024
C03025-K1,18589,C03025
C03026-K1,16935,C03026
C03027-K1,22133,C03027
C03028-K1,11077,C03028
C03029-K1,18421,C03029
C03030-K1,21725,C03030
C03031-K1,15402,C03031
C03032-K1,16236,C03032
C03033-K1,22555,C03033
C03034-K1,22246,C03034
C03035-K1,19366,C03035
C03036-K1,21850,C03036
C03037-K1,21820,C03037
C03038-K1,13102,C03038
C03039-K1,21692,C03039
C03040-K2,15507,C03040
C03041-K1,10501,C03041
C03042-K1,15158,C03042
C03043-K1,16625,C03043
C03044-K1,21557,C03044
C03045-K1,13231,C03045
C03046-K1,10052,C03046
C03047-K2,23232,C03047
C03048-K1,16338,C03048
C03049-K1,16635,C03049
C03050-K1,11920,C03050
C03051-K1,15457,C03051
C03052-K1,16499,C03052
C03053-K1,15719,C03053
C03054-K1,17273,C03054
C03055-K1,18570,C03055
C03056-K1,14994,C03056
C03057-K1,19720,C03057
C03058-K1,18177,C03058
C03059-K1,17092,C03059
C03060-K1,20736,C03060
C03061-K1,16341,C03061
C03062-K1,11710,C03062
C03063-K1,15624,C03063
C03064-K1,13824,C03064
C03065-K1,21493,C03065
C03066-K1,11470,C03066
C03067-K1,11628,C03067
C03068-K1,23145,C03068
C03069-K1,14777,C03069
C03070-K1,17418,C03070
C03071-K1,12383,C03071
C03072-K1,17258,C03072
C03073-K1,11661,C03073
C03074-K1,10529,C03074
C03075-K1,18505,C03075
C03076-K1,14016,C03076
C03077-K1,18072,C03077
C03078-K1,14932,C03078
C03079-K1,15079,C03079
C03080-K2,22950,C03080
C03081-K1,17762,C03081
C03082-K1,20503,C03082
C03083-K1,12698,C03083
C03084-K1,15707,C03084
C03085-K1,14731,C03085
C03086-K1,18620,C03086
C03087-K1,19371,C03087
C03088-K1,15779,C03088
C03089-K1,16853,C03089
C03090-K1,23473,C03090
C03091-K1,14561,C03091
C03092-K1,17083,C03092
C03093-K1,13658,C03093
C03094-K1,22856,C03094
C03095-K2,14742,C03095
C03096-K1,22814,C03096
C03097-K1,10676,C03097
C03098-K1,16685,C03098
C03099-K1,23221,C03099
C03100-K1,15303,C03100
C03101-K1,22510,C03101
C03102-K1,15636,C03102
C03103-K1,15029,C03103
C03104-K1,10450,C03104
C03105-K1,10977,C03105
C03106-K1,15021,C03106
C03107-K1,12356,C03107
C03108-K1,12191,C03108
C03109-K1,14118,C03109
C03110-K1,15020,C03110
C03111-K1,20916,C03111
C03112-K1,19140,C03112
C03113-K1,22933,C03113
C03114-K1,22243,C03114
C03115-K1,16029,C03115
C03116-K1,23510,C03116
C03117-K1,15163,C03117
C03118-K1,19798,C03118
C03119-K1,12727,C03119
C03120-K1,20828,C03120
C03121-K1,18238,C03121
C03122-K1,14021,C03122
C03123-K1,10090,C03123
C03124-K1,21596,C03124
C03125-K2,15906,C03125
C03126-K1,16603,C03126
C03127-K1,13492,C03127
C03128-K1,21731,C03128
C03129-K1,17182,C03129
C03130-K1,14616,C03130
C03131-K1,22838,C03131
C03132-K1,18744,C03132
C03133-K1,13921,C03133
C03134-K1,16902,C03134
C03135-K1,18214,C03135
C03136-K1,16891,C03136
C03137-K1,11836,C03137
C03138-K1,10805,C03138
C03139-K1,17476,C03139
C03140-K1,17619,C03140
C03141-K1,11529,C03141
C03142-K1,17427,C03142
C03143-K1,19565,C03143
C03144-K1,11472,C03144
C03145-K1,22477,C03145
C03146-K1,23075,C03146
C03147-K1,23048,C03147
C03148-K1,17334,C03148
C03149-K1,14997,C03149
C03150-K1,15186,C03150
C03151-K2,13109,C03151
C03152-K1,20830,C03152
C03153-K1,13692,C03153
C03154-K1,18372,C03154
C03155-K1,20859,C03155
C03156-K1,21728,C03156
C03157-K1,13292,C03157
C03158-K1,14408,C03158
C03159-K1,16540,C03159
C03160-K1,14183,C03160
C03161-K1,12144,C03161
C03162-K1,21561,C03162
C03163-K1,21956,C03163
C03164-K1,10077,C03164
C03165-K1,21879,C03165
C03166-K1,12325,C03166
C03167-K1,22586,C03167
C03168-K1,19673,C03168
C03169-K1,13761,C03169
C03170-K1,16934,C03170
C03171-K1,18472,C03171
C03172-K1,11431,C03172
C03173-K1,10438,C03173
C03174-K1,22437,C03174
C03175-K1,16501,C03175
C03176-K1,20866,C03176
C03177-K1,23506,C03177
C03178-K1,19475,C03178
C03179-K1,15278,C03179
C03180-K1,10706,C03180
C03181-K1,10147,C03181
C03182-K1,18932,C03182
C03183-K1,12414,C03183
C03184-K1,13252,C03184
C03185-K1,22455,C03185
C03186-K1,15082,C03186
C03187-K1,19878,C03187
C03188-K1,11940,C03188
C03189-K1,22736,C03189
C03190-K1,14188,C03190
C03191-K1,10151,C03191
C03192-K1,11884,C03192
C03193-K1,16684,C03193
C03194-K1,21944,C03194
C03195-K1,14965,C03195
C03196-K1,17556,C03196
C03197-K1,12104,C03197
C03198-K1,17327,C03198
C03199-K1,17412,C03199
C03200-K1,20323,C03200
C03201-K1,14675,C03201
C03202-K1,16326,C03202
C03203-K1,16054,C03203
C03204-K1,20860,C03204
C03205-K1,21691,C03205
C03206-K1,10393,C03206
C03207-K1,13040,C03207
C03208-K1,17348,C03208
C03209-K1,18467,C03209
C03210-K1,22501,C03210
C03211-K1,10820,C03211
C03212-K1,18660,C03212
C03213-K1,10060,C03213
C03214-K1,20227,C03214
C03215-K1,19334,C03215
C03216-K1,19767,C03216
C03217-K1,18865,C03217
C03218-K2,16435,C03218
C03219-K1,18362,C03219
C03220-K1,22639,C03220
C03221-K1,18735,C03221
C03222-K1,22211,C03222
C03223-K1,10683,C03223
C03224-K1,11087,C03224
C03225-K1,15202,C03225
C03226-K1,18681,C03226
C03227-K1,11181,C03227
C03228-K1,18304,C03228
C03229-K1,21061,C03229
C03230-K1,19707,C03230
C03231-K2,10860,C03231
C03232-K1,14884,C03232
C03233-K1,19709,C03233
C03234-K1,10644,C03234
C03235-K1,17296,C03235
C03236-K1,12509,C03236
C03237-K1,10944,C03237
C03238-K1,20312,C03238
C03239-K1,10807,C03239
C03240-K1,19217,C03240
C03241-K1,17152,C03241
C03242-K1,16798,C03242
C03243-K1,19458,C03243
C03244-K1,23515,C03244
C03245-K1,22292,C03245
C03246-K1,14633,C03246
C03247-K1,13982,C03247
C03248-K1,12367,C03248
C03249-K1,11852,C03249
C03250-K1,21505,C03250
C03251-K1,21073,C03251
C03252-K1,19902,C03252
C03253-K1,12735,C03253
C03254-K1,21983,C03254
C03255-K1,11749,C03255
C03256-K1,10798,C03256
C03257-K1,20115,C03257
C03258-K1,11870,C03258
C03259-K1,14180,C03259
C03260-K1,17841,C03260
C03261-K1,21515,C03261
C03262-K1,22043,C03262
C03263-K1,12461,C03263
C03264-K1,14495,C03264
C03265-K1,21880,C03265
C03266-K1,22697,C03266
C03267-K1,22453,C03267
C03268-K1,22254,C03268
C03269-K1,23425,C03269
C03270-K1,13364,C03270
C03271-K1,21113,C03271
C03272-K1,16773,C03272
C03273-K1,12943,C03273
C03274-K1,22383,C03274
C03275-K1,14820,C03275
C03276-K1,18257,C03276
C03277-K1,16376,C03277
C03278-K2,18442,C03278
C03279-K1,23068,C03279
C03280-K1,23430,C03280
C03281-K1,18212,C03281
C03282-K1,23445,C03282
C03283-K1,19583,C03283
C03284-K1,16929,C03284
C03285-K2,15118,C03285
C03286-K1,15346,C03286
C03287-K1,21900,C03287
C03288-K1,12895,C03288
C03289-K1,17176,C03289
C03290-K1,20993,C03290
C03291-K1,20318,C03291
C03292-K1,17237,C03292
C03293-K1,19677,C03293
C03294-K1,18418,C03294
C03295-K2,15955,C03295
C03296-K1,15324,C03296
C03297-K1,23026,C03297
C03298-K1,22705,C03298
C03299-K2,12793,C03299
C03300-K1,11003,C03300
C03301-K1,12773,C03301
C03302-K1,19718,C03302
C03303-K1,12029,C03303
C03304-K1,17481,C03304
C03305-K1,20972,C03305
C03306-K1,15373,C03306
C03307-K1,20994,C03307
C03308-K1,22267,C03308
C03309-K1,13381,C03309
C03310-K1,15813,C03310
C03311-K1,19267,C03311
C03312-K1,21984,C03312
C03313-K1,14329,C03313
C03314-K1,20418,C03314
C03315-K1,17782,C03315
C03316-K1,13786,C03316
C03317-K1,20297,C03317
C03318-K1,23491,C03318
C03319-K1,10712,C03319
C03320-K1,11304,C03320
C03321-K1,10799,C03321
C03322-K1,10984,C03322
C03323-K1,15262,C03323
C03324-K1,13220,C03324
C03325-K1,10005,C03325
C03326-K1,20626,C03326
C03327-K1,21861,C03327
C03328-K1,18539,C03328
C03329-K1,12177,C03329
C03330-K1,12096,C03330
C03331-K1,15971,C03331
C03332-K1,14249,C03332
C03333-K1,13477,C03333
C03334-K1,19252,C03334
C03335-K1,13936,C03335
C03336-K1,14998,C03336
C03337-K1,11488,C03337
C03338-K1,19026,C03338
C03339-K1,21626,C03339
C03340-K1,10796,C03340
C03341-K2,12450,C03341
C03342-K1,19056,C03342
C03343-K1,19068,C03343
C03344-K1,21721,C03344
C03345-K2,23362,C03345
C03346-K1,12250,C03346
C03347-K1,10913,C03347
C03348-K1,10864,C03348
C03349-K1,13117,C03349
C03350-K1,11705,C03350
C03351-K2,12971,C03351
C03352-K1,11359,C03352
C03353-K1,19897,C03353
C03354-K1,19904,C03354
C03355-K1,22854,C03355
C03356-K1,17576,C03356
C03357-K1,11278,C03357
C03358-K1,19717,C03358
C03359-K1,20462,C03359
C03360-K1,19130,C03360
C03361-K1,15831,C03361
C03362-K1,16599,C03362
C03363-K2,15663,C03363
C03364-K1,18858,C03364
C03365-K1,16284,C03365
C03366-K1,20457,C03366
C03367-K1,13116,C03367
C03368-K1,14937,C03368
C03369-K1,20055,C03369
C03370-K1,10504,C03370
C03371-K1,20833,C03371
C03372-K1,11411,C03372
C03373-K1,16633,C03373
C03374-K1,15166,C03374
C03375-K1,13494,C03375
C03376-K1,21007,C03376
C03377-K1,17079,C03377
C03378-K1,11685,C03378
C03379-K1,14325,C03379
C03380-K1,17395,C03380
C03381-K1,16069,C03381
C03382-K1,12381,C03382
C03383-K1,20226,C03383
C03384-K1,22868,C03384
C03385-K1,21053,C03385
C03386-K1,18805,C03386
C03387-K1,11346,C03387
C03388-K1,17957,C03388
C03389-K1,17953,C03389
C03390-K1,12529,C03390
C03391-K1,13567,C03391
C03392-K1,12885,C03392
C03393-K1,12247,C03393
C03394-K2,11049,C03394
C03395-K1,10275,C03395
C03396-K1,19626,C03396
C03397-K1,10695,C03397
C03398-K1,14040,C03398
C03399-K1,17788,C03399
C03400-K1,12708,C03400
C03401-K1,18822,C03401
C03402-K1,14583,C03402
C03403-K1,16423,C03403
C03404-K1,17328,C03404
C03405-K2,20951,C03405
C03406-K1,19357,C03406
C03407-K1,17692,C03407
C03408-K1,18931,C03408
C03409-K1,11307,C03409
C03410-K1,15503,C03410
C03411-K2,19473,C03411
C03412-K1,20714,C03412
C03413-K1,21489,C03413
C03414-K1,10066,C03414
C03415-K1,20556,C03415
C03416-K1,21312,C03416
C03417-K1,17635,C03417
C03418-K1,15199,C03418
C03419-K1,21839,C03419
C03420-K1,17468,C03420
C03421-K1,10267,C03421
C03422-K1,22836,C03422
C03423-K1,13708,C03423
C03424-K1,14901,C03424
C03425-K1,22561,C03425
C03426-K1,21311,C03426
C03427-K2,14649,C03427
C03428-K1,23204,C03428
C03429-K1,14768,C03429
C03430-K1,17611,C03430
C03431-K1,23410,C03431
C03432-K1,15073,C03432
C03433-K1,17024,C03433
C03434-K1,16796,C03434
C03435-K1,19259,C03435
C03436-K1,12775,C03436
C03437-K1,12898,C03437
C03438-K1,17778,C03438
C03439-K1,14253,C03439
C03440-K1,13845,C03440
C03441-K1,15852,C03441
C03442-K1,13783,C03442
C03443-K1,10701,C03443
C03444-K1,20497,C03444
C03445-K1,12950,C03445
C03446-K1,16986,C03446
C03447-K1,18731,C03447
C03448-K1,19760,C03448
C03449-K1,23035,C03449
C03450-K1,10316,C03450
C03451-K1,14294,C03451
C03452-K1,19746,C03452
C03453-K1,18804,C03453
C03454-K1,12482,C03454
C03455-K1,22578,C03455
C03456-K1,22303,C03456
C03457-K1,10585,C03457
C03458-K1,19237,C03458
C03459-K1,15781,C03459
C03460-K1,18236,C03460
C03461-K1,15015,C03461
C03462-K1,10655,C03462
C03463-K1,22047,C03463
C03464-K1,22713,C03464
C03465-K1,15266,C03465
C03466-K1,21475,C03466
C03467-K1,16092,C03467
C03468-K1,13666,C03468
C03469-K1,22324,C03469
C03470-K1,13903,C03470
C03471-K1,21663,C03471
C03472-K1,18331,C03472
C03473-K1,21612,C03473
C03474-K1,16511,C03474
C03475-K1,20583,C03475
C03476-K1,15870,C03476
C03477-K1,12410,C03477
C03478-K1,17259,C03478
C03479-K1,14297,C03479
C03480-K1,20620,C03480
C03481-K1,12871,C03481
C03482-K1,17705,C03482
C03483-K1,13810,C03483
C03484-K1,16064,C03484
C03485-K1,13401,C03485
C03486-K1,21109,C03486
C03487-K1,11329,C03487
C03488-K2,11653,C03488
C03489-K1,13753,C03489
C03490-K1,12492,C03490
C03491-K1,20760,C03491
C03492-K1,23482,C03492
C03493-K1,22012,C03493
C03494-K1,11911,C03494
C03495-K1,19047,C03495
C03496-K1,22569,C03496
C03497-K1,22134,C03497
C03498-K1,14550,C03498
C03499-K1,13687,C03499
C03500-K1,12750,C03500
C03501-K1,14150,C03501
C03502-K1,16751,C03502
C03503-K1,21360,C03503
C03504-K1,22619,C03504
C03505-K1,12300,C03505
C03506-K1,10209,C03506
C03507-K1,23549,C03507
C03508-K1,15891,C03508
C03509-K1,14266,C03509
C03510-K1,16759,C03510
C03511-K1,21184,C03511
C03512-K1,22218,C03512
C03513-K1,17138,C03513
C03514-K1,23137,C03514
C03515-K1,18920,C03515
C03516-K1,15426,C03516
C03517-K1,20378,C03517
C03518-K1,16701,C03518
C03519-K1,10649,C03519
C03520-K1,19949,C03520
C03521-K1,15133,C03521
C03522-K1,14907,C03522
C03523-K1,17112,C03523
C03524-K1,20177,C03524
C03525-K1,15599,C03525
C03526-K1,19726,C03526
C03527-K1,12693,C03527
C03528-K1,14407,C03528
C03529-K1,11143,C03529
C03530-K1,23214,C03530
C03531-K1,19644,C03531
C03532-K1,13422,C03532
C03533-K1,14790,C03533
C03534-K1,20442,C03534
C03535-K1,18900,C03535
C03536-K1,22580,C03536
C03537-K1,10838,C03537
C03538-K1,23149,C03538
C03539-K1,11622,C03539
C03540-K1,15767,C03540
C03541-K1,11785,C03541
C03542-K1,15640,C03542
C03543-K1,22368,C03543
C03544-K1,15606,C03544
C03545-K1,18061,C03545
C03546-K1,11776,C03546
C03547-K1,22758,C03547
C03548-K1,17428,C03548
C03549-K1,18377,C03549
C03550-K1,12138,C03550
C03551-K2,10286,C03551
C03552-K1,13932,C03552
C03553-K1,21021,C03553
C03554-K1,15157,C03554
C03555-K1,17027,C03555
C03556-K1,22121,C03556
C03557-K1,22325,C03557
C03558-K1,15651,C03558
C03559-K1,12890,C03559
C03560-K1,16822,C03560
C03561-K1,20637,C03561
C03562-K1,17770,C03562
C03563-K1,18208,C03563
C03564-K1,21571,C03564
C03565-K1,12018,C03565
C03566-K1,20486,C03566
C03567-K1,13908,C03567
C03568-K1,19861,C03568
C03569-K1,12009,C03569
C03570-K1,17825,C03570
C03571-K1,15580,C03571
C03572-K1,22495,C03572
C03573-K1,17840,C03573
C03574-K1,11825,C03574
C03575-K2,15916,C03575
C03576-K1,10282,C03576
C03577-K1,18608,C03577
C03578-K1,18316,C03578
C03579-K1,21549,C03579
C03580-K1,19862,C03580
C03581-K1,19240,C03581
C03582-K1,13263,C03582
C03583-K1,23207,C03583
C03584-K1,15506,C03584
C03585-K1,18969,C03585
C03586-K1,18544,C03586
C03587-K1,22698,C03587
C03588-K1,15797,C03588
C03589-K1,15068,C03589
C03590-K1,23431,C03590
C03591-K1,11119,C03591
C03592-K1,10775,C03592
C03593-K1,14509,C03593
C03594-K1,12133,C03594
C03595-K1,17323,C03595
C03596-K1,21196,C03596
C03597-K1,12470,C03597
C03598-K2,12097,C03598
C03599-K1,15491,C03599
C03600-K1,22255,C03600
C03601-K1,16286,C03601
C03602-K1,21906,C03602
C03603-K1,21860,C03603
C03604-K1,20809,C03604
C03605-K1,22597,C03605
C03606-K1,12128,C03606
C03607-K1,16704,C03607
C03608-K1,22076,C03608
C03609-K1,14205,C03609
C03610-K1,12196,C03610
C03611-K1,15191,C03611
C03612-K1,11009,C03612
C03613-K1,14914,C03613
C03614-K1,21255,C03614
C03615-K1,17939,C03615
C03616-K1,16572,C03616
C03617-K1,23158,C03617
C03618-K1,13256,C03618
C03619-K1,22970,C03619
C03620-K1,20239,C03620
C03621-K1,10455,C03621
C03622-K1,14796,C03622
C03623-K1,15500,C03623
C03624-K1,17991,C03624
C03625-K1,11216,C03625
C03626-K1,22531,C03626
C03627-K1,13961,C03627
C03628-K1,15696,C03628
C03629-K1,16310,C03629
C03630-K1,18921,C03630
C03631-K1,20514,C03631
C03632-K1,12925,C03632
C03633-K1,10938,C03633
C03634-K1,23305,C03634
C03635-K1,21094,C03635
C03636-K1,15554,C03636
C03637-K1,14359,C03637
C03638-K1,22687,C03638
C03639-K1,18203,C03639
C03640-K1,15264,C03640
C03641-K1,11514,C03641
C03642-K1,14287,C03642
C03643-K1,14473,C03643
C03644-K1,12109,C03644
C03645-K1,22879,C03645
C03646-K1,13781,C03646
C03647-K1,21284,C03647
C03648-K1,14813,C03648
C03649-K1,16212,C03649
C03650-K1,13267,C03650
C03651-K2,10639,C03651
C03652-K1,17381,C03652
C03653-K1,12463,C03653
C03654-K1,15350,C03654
C03655-K1,19578,C03655
C03656-K2,18355,C03656
C03657-K1,17696,C03657
C03658-K1,21293,C03658
C03659-K1,17606,C03659
C03660-K1,15976,C03660
C03661-K1,19956,C03661
C03662-K1,16620,C03662
C03663-K1,18691,C03663
C03664-K1,15227,C03664
C03665-K1,12142,C03665
C03666-K1,18756,C03666
C03667-K1,18118,C03667
C03668-K1,18283,C03668
C03669-K1,23310,C03669
C03670-K1,10242,C03670
C03671-K1,15883,C03671
C03672-K1,10038,C03672
C03673-K1,17884,C03673
C03674-K1,23088,C03674
C03675-K1,22753,C03675
C03676-K2,22791,C03676
C03677-K1,11901,C03677
C03678-K1,19323,C03678
C03679-K1,13011,C03679
C03680-K1,15407,C03680
C03681-K1,17405,C03681
C03682-K1,12880,C03682
C03683-K1,18902,C03683
C03684-K1,22903,C03684
C03685-K2,15394,C03685
C03686-K1,10698,C03686
C03687-K1,12468,C03687
C03688-K1,23097,C03688
C03689-K1,19117,C03689
C03690-K1,12103,C03690
C03691-K1,13015,C03691
C03692-K1,22913,C03692
C03693-K1,11103,C03693
C03694-K1,23197,C03694
C03695-K1,12562,C03695
C03696-K1,14661,C03696
C03697-K1,12459,C03697
C03698-K1,19643,C03698
C03699-K1,14622,C03699
C03700-K1,18354,C03700
C03701-K1,14639,C03701
C03702-K1,21134,C03702
C03703-K1,21167,C03703
C03704-K1,12576,C03704
C03705-K1,10528,C03705
C03706-K1,10269,C03706
C03707-K1,11323,C03707
C03708-K2,17537,C03708
C03709-K1,12985,C03709
C03710-K1,16045,C03710
C03711-K1,15040,C03711
C03712-K1,14986,C03712
C03713-K1,20127,C03713
C03714-K1,17708,C03714
C03715-K1,12359,C03715
C03716-K1,19384,C03716
C03717-K1,11503,C03717
C03718-K1,16007,C03718
C03719-K1,18172,C03719
C03720-K1,22775,C03720
C03721-K1,10619,C03721
C03722-K1,17006,C03722
C03723-K1,22332,C03723
C03724-K1,23078,C03724
C03725-K1,13282,C03725
C03726-K1,14399,C03726
C03727-K1,13440,C03727
C03728-K1,22601,C03728
C03729-K1,11282,C03729
C03730-K1,10596,C03730
C03731-K1,19522,C03731
C03732-K1,18213,C03732
C03733-K1,19360,C03733
C03734-K1,11943,C03734
C03735-K1,16851,C03735
C03736-K1,17054,C03736
C03737-K1,10908,C03737
C03738-K2,23070,C03738
C03739-K1,15874,C03739
C03740-K1,10634,C03740
C03741-K1,10750,C03741
C03742-K1,18130,C03742
C03743-K1,12199,C03743
C03744-K1,14810,C03744
C03745-K1,13019,C03745
C03746-K1,19186,C03746
C03747-K1,12609,C03747
C03748-K1,21883,C03748
C03749-K1,21025,C03749
C03750-K1,18767,C03750
C03751-K1,16060,C03751
C03752-K1,16367,C03752
C03753-K1,17430,C03753
C03754-K1,12834,C03754
C03755-K1,15658,C03755
C03756-K1,10231,C03756
C03757-K1,22171,C03757
C03758-K1,12022,C03758
C03759-K1,11761,C03759
C03760-K1,19635,C03760
C03761-K1,20415,C03761
C03762-K1,21210,C03762
C03763-K1,16504,C03763
C03764-K1,21045,C03764
C03765-K1,19775,C03765
C03766-K1,19899,C03766
C03767-K1,21146,C03767
C03768-K1,12530,C03768
C03769-K1,22075,C03769
C03770-K1,17712,C03770
C03771-K1,16862,C03771
C03772-K1,12341,C03772
C03773-K2,19813,C03773
C03774-K1,13293,C03774
C03775-K1,21821,C03775
C03776-K1,23368,C03776
C03777-K1,18896,C03777
C03778-K1,15924,C03778
C03779-K1,15143,C03779
C03780-K1,15059,C03780
C03781-K1,14836,C03781
C03782-K1,17220,C03782
C03783-K1,17355,C03783
C03784-K1,11689,C03784
C03785-K1,18345,C03785
C03786-K1,23124,C03786
C03787-K1,10104,C03787
C03788-K1,10734,C03788
C03789-K1,13813,C03789
C03790-K1,10956,C03790
C03791-K1,12251,C03791
C03792-K1,15589,C03792
C03793-K1,15412,C03793
C03794-K1,11374,C03794
C03795-K1,14082,C03795
C03796-K1,15291,C03796
C03797-K1,23020,C03797
C03798-K1,16531,C03798
C03799-K1,18763,C03799
C03800-K1,21430,C03800
C03801-K1,16553,C03801
C03802-K1,15272,C03802
C03803-K1,11683,C03803
C03804-K1,13958,C03804
C03805-K1,18977,C03805
C03806-K1,20499,C03806
C03807-K1,18334,C03807
C03808-K1,23316,C03808
C03809-K1,19028,C03809
C03810-K1,11858,C03810
C03811-K1,12120,C03811
C03812-K1,22553,C03812
C03813-K1,20188,C03813
C03814-K1,21668,C03814
C03815-K1,19455,C03815
C03816-K1,21694,C03816
C03817-K1,15665,C03817
C03818-K1,14230,C03818
C03819-K1,10214,C03819
C03820-K1,15212,C03820
C03821-K1,22428,C03821
C03822-K1,11818,C03822
C03823-K1,19289,C03823
C03824-K1,19592,C03824
C03825-K1,15289,C03825
C03826-K1,18648,C03826
C03827-K1,13967,C03827
C03828-K1,22402,C03828
C03829-K1,10598,C03829
C03830-K1,12437,C03830
C03831-K1,16708,C03831
C03832-K1,18546,C03832
C03833-K1,13704,C03833
C03834-K1,12873,C03834
C03835-K1,15612,C03835
C03836-K1,20063,C03836
C03837-K1,16975,C03837
C03838-K1,17482,C03838
C03839-K1,17665,C03839
C03840-K1,18579,C03840
C03841-K1,23478,C03841
C03842-K1,17444,C03842
C03843-K1,15918,C03843
C03844-K1,11582,C03844
C03845-K1,18187,C03845
C03846-K1,16737,C03846
C03847-K1,14534,C03847
C03848-K1,21763,C03848
C03849-K1,12215,C03849
C03850-K1,10351,C03850
C03851-K2,15928,C03851
C03852-K1,12580,C03852
C03853-K1,15427,C03853
C03854-K1,18999,C03854
C03855-K1,21819,C03855
C03856-K1,10680,C03856
C03857-K1,16999,C03857
C03858-K1,22451,C03858
C03859-K1,21673,C03859
C03860-K1,17262,C03860
C03861-K1,20613,C03861
C03862-K1,11063,C03862
C03863-K1,10364,C03863
C03864-K1,21588,C03864
C03865-K1,11446,C03865
C03866-K1,11261,C03866
C03867-K1,13388,C03867
C03868-K1,18705,C03868
C03869-K1,23397,C03869
C03870-K1,19002,C03870
C03871-K1,13674,C03871
C03872-K1,17091,C03872
C03873-K1,17601,C03873
C03874-K1,21590,C03874
C03875-K1,10530,C03875
C03876-K1,17891,C03876
C03877-K1,15653,C03877
C03878-K1,12258,C03878
C03879-K1,16863,C03879
C03880-K1,11274,C03880
C03881-K1,16767,C03881
C03882-K1,16516,C03882
C03883-K1,18405,C03883
C03884-K1,19536,C03884
C03885-K1,12733,C03885
C03886-K1,19196,C03886
C03887-K1,12240,C03887
C03888-K1,21170,C03888
C03889-K1,21762,C03889
C03890-K1,17198,C03890
C03891-K1,22348,C03891
C03892-K1,15607,C03892
C03893-K1,10264,C03893
C03894-K1,13702,C03894
C03895-K1,11701,C03895
C03896-K1,22609,C03896
C03897-K1,12771,C03897
C03898-K1,16948,C03898
C03899-K1,21529,C03899
C03900-K1,20518,C03900
C03901-K1,12294,C03901
C03902-K1,12717,C03902
C03903-K1,11402,C03903
C03904-K1,21528,C03904
C03905-K1,11065,C03905
C03906-K1,13141,C03906
C03907-K1,13177,C03907
C03908-K1,11801,C03908
C03909-K1,18277,C03909
C03910-K1,16591,C03910
C03911-K1,22037,C03911
C03912-K1,20536,C03912
C03913-K1,17463,C03913
C03914-K1,13189,C03914
C03915-K1,22704,C03915
C03916-K1,20930,C03916
C03917-K1,20414,C03917
C03918-K1,13266,C03918
C03919-K1,23110,C03919
C03920-K1,22343,C03920
C03921-K1,23189,C03921
C03922-K1,14691,C03922
C03923-K1,19974,C03923
C03924-K1,15654,C03924
C03925-K1,16133,C03925
C03926-K1,23384,C03926
C03927-K1,23009,C03927
C03928-K1,15074,C03928
C03929-K1,22394,C03929
C03930-K1,23498,C03930
C03931-K1,11913,C03931
C03932-K1,23442,C03932
C03933-K1,17904,C03933
C03934-K1,16794,C03934
C03935-K1,20935,C03935
C03936-K1,16208,C03936
C03937-K1,13900,C03937
C03938-K1,19805,C03938
C03939-K1,13485,C03939
C03940-K1,15334,C03940
C03941-K1,10178,C03941
C03942-K1,12719,C03942
C03943-K1,17536,C03943
C03944-K1,12607,C03944
C03945-K1,17055,C03945
C03946-K1,18218,C03946
C03947-K1,17946,C03947
C03948-K1,10647,C03948
C03949-K1,12569,C03949
C03950-K1,15297,C03950
C03951-K1,10283,C03951
C03952-K1,15471,C03952
C03953-K1,20774,C03953
C03954-K1,23526,C03954
C03955-K1,22227,C03955
C03956-K1,17808,C03956
C03957-K1,15820,C03957
C03958-K1,14900,C03958
C03959-K1,23056,C03959
C03960-K1,22386,C03960
C03961-K1,19755,C03961
C03962-K1,22932,C03962
C03963-K1,23209,C03963
C03964-K1,10577,C03964
C03965-K1,21551,C03965
C03966-K1,23217,C03966
C03967-K1,13888,C03967
C03968-K1,14317,C03968
C03969-K1,23356,C03969
C03970-K1,13700,C03970
C03971-K1,16859,C03971
C03972-K1,22405,C03972
C03973-K1,14665,C03973
C03974-K1,11737,C03974
C03975-K1,17369,C03975
C03976-K1,19831,C03976
C03977-K1,14173,C03977
C03978-K1,12360,C03978
C03979-K1,18876,C03979
C03980-K1,20425,C03980
C03981-K1,11726,C03981
C03982-K1,19006,C03982
C03983-K1,14279,C03983
C03984-K1,15713,C03984
C03985-K1,16742,C03985
C03986-K1,10658,C03986
C03987-K1,19731,C03987
C03988-K1,13114,C03988
C03989-K1,13772,C03989
C03990-K1,22159,C03990
C03991-K1,15745,C03991
C03992-K2,18363,C03992
C03993-K1,11714,C03993
C03994-K1,19753,C03994
C03995-K1,15104,C03995
C03996-K1,21005,C03996
C03997-K1,14643,C03997
C03998-K1,21189,C03998
C03999-K1,22813,C03999
C04000-K1,16057,C04000
C04001-K1,10068,C04001
C04002-K1,15150,C04002
C04003-K1,15109,C04003
C04004-K1,11722,C04004
C04005-K1,16473,C04005
C04006-K1,14607,C04006
C04007-K1,21359,C04007
C04008-K1,17856,C04008
C04009-K1,21392,C04009
C04010-K1,19299,C04010
C04011-K1,21539,C04011
C04012-K1,21310,C04012
C04013-K1,11769,C04013
C04014-K1,14977,C04014
C04015-K1,21374,C04015
C04016-K1,20519,C04016
C04017-K1,22621,C04017
C04018-K1,17068,C04018
C04019-K1,21695,C04019
C04020-K1,13223,C04020
C04021-K1,18717,C04021
C04022-K1,19121,C04022
C04023-K1,20606,C04023
C04024-K2,12361,C04024
C04025-K1,19849,C04025
C04026-K1,22949,C04026
C04027-K1,12826,C04027
C04028-K1,19351,C04028
C04029-K1,18839,C04029
C04030-K1,10567,C04030
C04031-K1,13168,C04031
C04032-K1,18929,C04032
C04033-K1,17780,C04033
C04034-K2,20270,C04034
C04035-K1,23108,C04035
C04036-K1,12387,C04036
C04037-K1,15709,C04037
C04038-K1,20163,C04038
C04039-K1,19224,C04039
C04040-K1,22572,C04040
C04041-K1,21858,C04041
C04042-K1,12514,C04042
C04043-K1,13512,C04043
C04044-K1,19230,C04044
C04045-K1,16653,C04045
C04046-K2,20873,C04046
C04047-K1,12417,C04047
C04048-K1,20223,C04048
C04049-K1,20034,C04049
C04050-K1,12161,C04050
C04051-K1,20412,C04051
C04052-K1,20633,C04052
C04053-K1,15840,C04053
C04054-K1,14938,C04054
C04055-K1,16827,C04055
C04056-K1,20963,C04056
C04057-K1,14936,C04057
C04058-K1,15789,C04058
C04059-K1,10422,C04059
C04060-K1,18543,C04060
C04061-K1,12181,C04061
C04062-K1,10076,C04062
C04063-K1,10032,C04063
C04064-K1,13646,C04064
C04065-K1,11532,C04065
C04066-K1,16797,C04066
C04067-K1,14153,C04067
C04068-K1,20894,C04068
C04069-K1,17281,C04069
C04070-K1,15844,C04070
C04071-K1,12907,C04071
C04072-K2,12702,C04072
C04073-K1,13877,C04073
C04074-K1,13602,C04074
C04075-K1,23401,C04075
C04076-K1,22806,C04076
C04077-K1,19926,C04077
C04078-K1,18762,C04078
C04079-K1,15860,C04079
C04080-K1,13417,C04080
C04081-K1,16993,C04081
C04082-K1,22080,C04082
C04083-K1,13902,C04083
C04084-K1,12224,C04084
C04085-K1,22906,C04085
C04086-K1,20293,C04086
C04087-K1,10665,C04087
C04088-K1,16084,C04088
C04089-K1,22326,C04089
C04090-K1,12817,C04090
C04091-K1,22306,C04091
C04092-K1,21925,C04092
C04093-K1,20958,C04093
C04094-K1,19434,C04094
C04095-K1,13648,C04095
C04096-K2,17625,C04096
C04097-K1,10072,C04097
C04098-K1,19957,C04098
C04099-K1,21569,C04099
C04100-K1,10016,C04100
C04101-K1,22387,C04101
C04102-K1,22703,C04102
C04103-K1,10793,C04103
C04104-K1,14537,C04104
C04105-K2,10533,C04105
C04106-K1,15357,C04106
C04107-K1,12320,C04107
C04108-K2,17011,C04108
C04109-K1,12610,C04109
C04110-K1,20896,C04110
C04111-K1,21223,C04111
C04112-K1,10127,C04112
C04113-K1,12629,C04113
C04114-K1,19520,C04114
C04115-K1,19700,C04115
C04116-K1,10894,C04116
C04117-K2,14354,C04117
C04118-K2,19233,C04118
C04119-K1,13066,C04119
C04120-K1,17668,C04120
C04121-K1,14833,C04121
C04122-K1,11287,C04122
C04123-K1,15449,C04123
C04124-K1,15854,C04124
C04125-K2,21477,C04125
C04126-K1,23155,C04126
C04127-K1,14086,C04127
C04128-K1,17146,C04128
C04129-K1,23502,C04129
C04130-K1,18035,C04130
C04131-K1,17987,C04131
C04132-K1,20744,C04132
C04133-K1,14313,C04133
C04134-K1,10098,C04134
C04135-K1,21564,C04135
C04136-K1,11184,C04136
C04137-K1,16694,C04137
C04138-K1,18071,C04138
C04139-K1,16360,C04139
C04140-K1,14223,C04140
C04141-K1,11961,C04141
C04142-K1,16747,C04142
C04143-K1,20394,C04143
C04144-K1,22591,C04144
C04145-K1,21679,C04145
C04146-K1,18808,C04146
C04147-K1,18357,C04147
C04148-K1,19076,C04148
C04149-K1,19389,C04149
C04150-K1,21197,C04150
C04151-K1,15804,C04151
C04152-K1,12892,C04152
C04153-K1,10937,C04153
C04154-K1,17673,C04154
C04155-K1,21857,C04155
C04156-K1,22724,C04156
C04157-K1,13209,C04157
C04158-K1,13976,C04158
C04159-K1,10837,C04159
C04160-K1,11568,C04160
C04161-K1,12428,C04161
C04162-K1,13865,C04162
C04163-K1,23487,C04163
C04164-K1,18982,C04164
C04165-K1,23182,C04165
C04166-K1,23226,C04166
C04167-K1,16984,C04167
C04168-K1,13155,C04168
C04169-K1,18798,C04169
C04170-K1,21903,C04170
C04171-K1,17577,C04171
C04172-K2,10779,C04172
C04173-K1,13762,C04173
C04174-K1,15088,C04174
C04175-K1,20320,C04175
C04176-K1,17781,C04176
C04177-K1,12819,C04177
C04178-K1,12855,C04178
C04179-K1,20765,C04179
C04180-K1,11069,C04180
C04181-K1,21238,C04181
C04182-K1,14179,C04182
C04183-K1,13945,C04183
C04184-K1,18811,C04184
C04185-K2,13370,C04185
C04186-K1,11534,C04186
C04187-K1,16170,C04187
C04188-K1,20728,C04188
C04189-K1,18672,C04189
C04190-K1,13125,C04190
C04191-K1,14381,C04191
C04192-K1,18451,C04192
C04193-K1,18595,C04193
C04194-K1,10610,C04194
C04195-K1,17382,C04195
C04196-K2,12840,C04196
C04197-K1,17941,C04197
C04198-K1,20854,C04198
C04199-K1,12872,C04199
C04200-K1,10957,C04200
C04201-K1,18244,C04201
C04202-K1,14868,C04202
C04203-K1,12914,C04203
C04204-K1,13763,C04204
C04205-K1,10042,C04205
C04206-K1,14870,C04206
C04207-K1,22375,C04207
C04208-K1,11575,C04208
C04209-K1,17209,C04209
C04210-K1,11755,C04210
C04211-K1,11273,C04211
C04212-K1,22651,C04212
C04213-K1,21893,C04213
C04214-K1,15286,C04214
C04215-K1,11752,C04215
C04216-K1,22483,C04216
C04217-K1,23452,C04217
C04218-K1,18292,C04218
C04219-K1,17839,C04219
C04220-K1,13112,C04220
C04221-K1,11226,C04221
C04222-K1,10783,C04222
C04223-K1,14418,C04223
C04224-K1,10787,C04224
C04225-K1,21933,C04225
C04226-K1,14552,C04226
C04227-K1,12055,C04227
C04228-K1,16347,C04228
C04229-K1,13491,C04229
C04230-K1,23071,C04230
C04231-K1,21048,C04231
C04232-K1,15788,C04232
C04233-K1,15661,C04233
C04234-K1,23436,C04234
C04235-K1,10784,C04235
C04236-K1,11559,C04236
C04237-K1,13931,C04237
C04238-K1,22305,C04238
C04239-K1,11212,C04239
C04240-K1,21486,C04240
C04241-K1,19619,C04241
C04242-K1,11985,C04242
C04243-K1,13547,C04243
C04244-K1,17250,C04244
C04245-K1,16134,C04245
C04246-K1,22708,C04246
C04247-K1,11396,C04247
C04248-K2,20671,C04248
C04249-K1,11067,C04249
C04250-K1,23058,C04250
C04251-K1,15737,C04251
C04252-K1,15614,C04252
C04253-K1,14929,C04253
C04254-K1,10497,C04254
C04255-K1,14954,C04255
C04256-K1,18840,C04256
C04257-K1,10953,C04257
C04258-K1,21471,C04258
C04259-K1,23328,C04259
C04260-K1,23055,C04260
C04261-K1,20251,C04261
C04262-K1,22119,C04262
C04263-K1,11150,C04263
C04264-K1,22212,C04264
C04265-K1,22635,C04265
C04266-K1,19065,C04266
C04267-K1,12127,C04267
C04268-K1,19548,C04268
C04269-K1,16788,C04269
C04270-K1,21593,C04270
C04271-K1,18133,C04271
C04272-K1,15824,C04272
C04273-K1,21165,C04273
C04274-K1,21645,C04274
C04275-K1,10966,C04275
C04276-K1,20526,C04276
C04277-K1,12904,C04277
C04278-K1,13820,C04278
C04279-K1,11692,C04279
C04280-K1,12202,C04280
C04281-K1,13510,C04281
C04282-K1,22525,C04282
C04283-K1,17880,C04283
C04284-K1,21120,C04284
C04285-K1,15053,C04285
C04286-K1,19001,C04286
C04287-K1,17823,C04287
C04288-K1,14008,C04288
C04289-K1,20764,C04289
C04290-K1,17659,C04290
C04291-K1,21958,C04291
C04292-K1,22503,C04292
C04293-K1,14235,C04293
C04294-K1,12712,C04294
C04295-K1,12101,C04295
C04296-K1,17859,C04296
C04297-K1,16434,C04297
C04298-K1,14108,C04298
C04299-K1,16638,C04299
C04300-K1,22666,C04300
C04301-K1,18189,C04301
C04302-K1,22163,C04302
C04303-K1,18123,C04303
C04304-K1,17744,C04304
C04305-K1,14261,C04305
C04306-K1,16370,C04306
C04307-K1,13106,C04307
C04308-K1,22565,C04308
C04309-K1,16892,C04309
C04310-K1,11319,C04310
C04311-K1,18378,C04311
C04312-K1,23414,C04312
C04313-K1,12600,C04313
C04314-K1,14588,C04314
C04315-K1,19923,C04315
C04316-K1,14829,C04316
C04317-K1,16530,C04317
C04318-K1,17095,C04318
C04319-K1,23538,C04319
C04320-K1,19225,C04320
C04321-K1,17911,C04321
C04322-K1,18415,C04322
C04323-K1,11674,C04323
C04324-K1,17440,C04324
C04325-K1,22206,C04325
C04326-K1,14733,C04326
C04327-K1,19137,C04327
C04328-K1,21671,C04328
C04329-K1,21261,C04329
C04330-K1,15149,C04330
C04331-K1,11306,C04331
C04332-K1,12033,C04332
C04333-K1,18826,C04333
C04334-K1,10752,C04334
C04335-K1,15282,C04335
C04336-K1,10536,C04336
C04337-K1,10358,C04337
C04338-K1,16990,C04338
C04339-K1,19090,C04339
C04340-K1,13023,C04340
C04341-K1,14715,C04341
C04342-K1,20204,C04342
C04343-K1,20643,C04343
C04344-K1,10193,C04344
C04345-K1,13635,C04345
C04346-K2,20121,C04346
C04347-K1,11416,C04347
C04348-K1,22883,C04348
C04349-K1,16235,C04349
C04350-K1,12633,C04350
C04351-K1,23290,C04351
C04352-K1,13505,C04352
C04353-K1,18030,C04353
C04354-K1,23357,C04354
C04355-K1,21044,C04355
C04356-K1,13998,C04356
C04357-K1,11441,C04357
C04358-K1,17373,C04358
C04359-K1,11933,C04359
C04360-K1,17396,C04360
C04361-K2,20009,C04361
C04362-K1,10710,C04362
C04363-K1,11207,C04363
C04364-K1,19689,C04364
C04365-K1,17613,C04365
C04366-K1,13981,C04366
C04367-K1,10589,C04367
C04368-K1,20136,C04368
C04369-K1,15671,C04369
C04370-K1,11748,C04370
C04371-K1,15003,C04371
C04372-K1,10614,C04372
C04373-K1,15413,C04373
C04374-K1,12954,C04374
C04375-K1,13131,C04375
C04376-K1,16895,C04376
C04377-K1,15572,C04377
C04378-K1,20718,C04378
C04379-K1,15444,C04379
C04380-K1,14648,C04380
C04381-K1,14060,C04381
C04382-K1,17547,C04382
C04383-K1,21874,C04383
C04384-K1,17776,C04384
C04385-K1,19936,C04385
C04386-K1,22564,C04386
C04387-K1,11310,C04387
C04388-K1,22160,C04388
C04389-K1,18848,C04389
C04390-K1,15283,C04390
C04391-K1,13913,C04391
C04392-K1,18313,C04392
C04393-K1,22220,C04393
C04394-K1,17351,C04394
C04395-K1,19084,C04395
C04396-K1,12829,C04396
C04397-K1,13418,C04397
C04398-K1,14630,C04398
C04399-K1,14427,C04399
C04400-K1,22019,C04400
C04401-K1,12416,C04401
C04402-K1,23094,C04402
C04403-K1,22612,C04403
C04404-K1,19987,C04404
C04405-K1,22746,C04405
C04406-K1,22411,C04406
C04407-K1,16426,C04407
C04408-K1,21393,C04408
C04409-K1,15875,C04409
C04410-K1,11665,C04410
C04411-K1,21412,C04411
C04412-K1,18037,C04412
C04413-K1,22014,C04413
C04414-K1,19503,C04414
C04415-K1,10054,C04415
C04416-K1,12759,C04416
C04417-K1,15751,C04417
C04418-K1,21877,C04418
C04419-K1,12889,C04419
C04420-K1,22193,C04420
C04421-K1,12299,C04421
C04422-K1,20878,C04422
C04423-K1,14943,C04423
C04424-K1,19086,C04424
C04425-K1,12617,C04425
C04426-K1,14185,C04426
C04427-K1,16129,C04427
C04428-K1,16509,C04428
C04429-K1,12772,C04429
C04430-K1,20341,C04430
C04431-K1,16566,C04431
C04432-K1,18041,C04432
C04433-K1,19759,C04433
C04434-K1,11796,C04434
C04435-K1,23170,C04435
C04436-K1,21646,C04436
C04437-K1,18196,C04437
C04438-K1,19696,C04438
C04439-K1,10941,C04439
C04440-K1,16748,C04440
C04441-K1,10630,C04441
C04442-K1,11254,C04442
C04443-K1,15934,C04443
C04444-K1,13720,C04444
C04445-K1,17540,C04445
C04446-K1,21995,C04446
C04447-K1,22155,C04447
C04448-K1,10898,C04448
C04449-K1,17582,C04449
C04450-K1,19314,C04450
C04451-K1,17954,C04451
C04452-K1,11652,C04452
C04453-K1,16659,C04453
C04454-K1,20554,C04454
C04455-K1,14632,C04455
C04456-K1,11032,C04456
C04457-K1,10758,C04457
C04458-K1,11733,C04458
C04459-K1,19757,C04459
C04460-K1,16231,C04460
C04461-K1,20802,C04461
C04462-K1,18790,C04462
C04463-K1,20667,C04463
C04464-K1,22952,C04464
C04465-K1,14361,C04465
C04466-K1,18068,C04466
C04467-K1,20238,C04467
C04468-K1,15002,C04468
C04469-K1,18641,C04469
C04470-K1,15464,C04470
C04471-K1,21982,C04471
C04472-K1,10163,C04472
C04473-K1,16518,C04473
C04474-K1,10573,C04474
C04475-K1,20128,C04475
C04476-K1,14996,C04476
C04477-K1,16810,C04477
C04478-K1,11395,C04478
C04479-K1,16393,C04479
C04480-K1,20409,C04480
C04481-K1,17388,C04481
C04482-K1,18658,C04482
C04483-K1,16932,C04483
C04484-K1,13032,C04484
C04485-K1,14635,C04485
C04486-K1,10354,C04486
C04487-K1,15993,C04487
C04488-K1,13694,C04488
C04489-K1,13895,C04489
C04490-K1,22567,C04490
C04491-K1,20832,C04491
C04492-K1,12210,C04492
C04493-K1,22108,C04493
C04494-K1,14839,C04494
C04495-K1,11176,C04495
C04496-K1,19962,C04496
C04497-K1,13467,C04497
C04498-K1,21575,C04498
C04499-K1,11309,C04499
C04500-K1,11462,C04500
C04501-K1,16158,C04501
C04502-K1,10041,C04502
C04503-K1,22685,C04503
C04504-K1,15299,C04504
C04505-K1,10131,C04505
C04506-K1,14797,C04506
C04507-K1,12650,C04507
C04508-K1,15710,C04508
C04509-K1,10390,C04509
C04510-K1,15221,C04510
C04511-K1,17226,C04511
C04512-K1,18878,C04512
C04513-K1,12578,C04513
C04514-K1,14760,C04514
C04515-K1,17852,C04515
C04516-K1,19138,C04516
C04517-K1,14204,C04517
C04518-K1,20008,C04518
C04519-K1,16687,C04519
C04520-K1,15265,C04520
C04521-K1,18178,C04521
C04522-K1,13311,C04522
C04523-K1,13345,C04523
C04524-K1,14604,C04524
C04525-K1,20268,C04525
C04526-K1,16860,C04526
C04527-K1,21756,C04527
C04528-K1,23084,C04528
C04529-K1,19529,C04529
C04530-K1,15404,C04530
C04531-K1,14664,C04531
C04532-K1,11877,C04532
C04533-K1,19773,C04533
C04534-K1,19553,C04534
C04535-K1,10216,C04535
C04536-K1,21942,C04536
C04537-K1,11948,C04537
C04538-K1,15769,C04538
C04539-K1,17913,C04539
C04540-K1,20885,C04540
C04541-K1,21024,C04541
C04542-K1,22534,C04542
C04543-K1,22924,C04543
C04544-K1,11641,C04544
C04545-K1,14767,C04545
C04546-K1,10470,C04546
C04547-K1,10946,C04547
C04548-K1,16035,C04548
C04549-K1,17772,C04549
C04550-K1,23329,C04550
C04551-K1,17129,C04551
C04552-K1,14368,C04552
C04553-K1,13740,C04553
C04554-K1,17563,C04554
C04555-K1,17670,C04555
C04556-K1,17723,C04556
C04557-K1,13873,C04557
C04558-K1,20152,C04558
C04559-K1,17751,C04559
C04560-K1,13892,C04560
C04561-K1,12582,C04561
C04562-K1,15183,C04562
C04563-K1,15124,C04563
C04564-K1,16120,C04564
C04565-K1,15184,C04565
C04566-K1,13634,C04566
C04567-K1,10300,C04567
C04568-K1,17288,C04568
C04569-K1,20600,C04569
C04570-K1,20749,C04570
C04571-K2,12193,C04571
C04572-K1,12858,C04572
C04573-K1,21968,C04573
C04574-K1,17460,C04574
C04575-K1,22077,C04575
C04576-K1,15062,C04576
C04577-K1,18166,C04577
C04578-K1,22682,C04578
C04579-K1,13860,C04579
C04580-K1,20040,C04580
C04581-K1,17955,C04581
C04582-K1,17185,C04582
C04583-K1,11050,C04583
C04584-K1,17919,C04584
C04585-K1,17088,C04585
C04586-K1,11398,C04586
C04587-K1,15681,C04587
C04588-K1,19521,C04588
C04589-K1,10704,C04589
C04590-K1,21246,C04590
C04591-K1,18098,C04591
C04592-K1,17035,C04592
C04593-K1,16825,C04593
C04594-K1,19508,C04594
C04595-K1,19877,C04595
C04596-K1,22751,C04596
C04597-K2,22904,C04597
C04598-K1,20041,C04598
C04599-K1,16585,C04599
C04600-K1,14704,C04600
C04601-K2,17164,C04601
C04602-K1,13647,C04602
C04603-K1,14539,C04603
C04604-K1,18142,C04604
C04605-K1,19419,C04605
C04606-K1,10137,C04606
C04607-K1,16977,C04607
C04608-K1,17471,C04608
C04609-K1,15206,C04609
C04610-K1,12756,C04610
C04611-K1,16373,C04611
C04612-K1,11071,C04612
C04613-K1,13699,C04613
C04614-K1,22054,C04614
C04615-K1,19613,C04615
C04616-K1,17256,C04616
C04617-K1,13941,C04617
C04618-K1,21002,C04618
C04619-K1,10365,C04619
C04620-K1,23016,C04620
C04621-K1,17607,C04621
C04622-K1,12770,C04622
C04623-K1,21203,C04623
C04624-K1,18487,C04624
C04625-K1,11457,C04625
C04626-K1,19311,C04626
C04627-K1,16015,C04627
C04628-K1,17332,C04628
C04629-K1,13501,C04629
C04630-K1,12162,C04630
C04631-K1,11053,C04631
C04632-K1,10664,C04632
C04633-K1,19657,C04633
C04634-K1,15016,C04634
C04635-K1,18452,C04635
C04636-K1,17097,C04636
C04637-K1,18513,C04637
C04638-K1,20237,C04638
C04639-K1,13091,C04639
C04640-K1,11408,C04640
C04641-K1,20658,C04641
C04642-K1,18376,C04642
C04643-K1,22996,C04643
C04644-K1,20959,C04644
C04645-K1,21350,C04645
C04646-K1,10827,C04646
C04647-K1,22164,C04647
C04648-K1,20593,C04648
C04649-K1,21924,C04649
C04650-K1,20543,C04650
C04651-K1,19487,C04651
C04652-K1,15693,C04652
C04653-K1,10379,C04653
C04654-K1,21378,C04654
C04655-K1,22692,C04655
C04656-K1,11316,C04656
C04657-K1,16065,C04657
C04658-K1,22947,C04658
C04659-K1,23505,C04659
C04660-K1,20952,C04660
C04661-K1,22135,C04661
C04662-K1,16459,C04662
C04663-K1,20027,C04663
C04664-K1,17066,C04664
C04665-K1,16629,C04665
C04666-K1,16352,C04666
C04667-K1,10153,C04667
C04668-K1,15443,C04668
C04669-K1,14497,C04669
C04670-K1,20960,C04670
C04671-K1,10906,C04671
C04672-K1,18216,C04672
C04673-K1,14490,C04673
C04674-K1,12291,C04674
C04675-K1,22794,C04675
C04676-K1,18683,C04676
C04677-K1,10253,C04677
C04678-K1,16801,C04678
C04679-K1,16769,C04679
C04680-K1,22131,C04680
C04681-K1,10910,C04681
C04682-K1,19845,C04682
C04683-K1,21157,C04683
C04684-K1,17084,C04684
C04685-K1,10836,C04685
C04686-K1,13007,C04686
C04687-K1,16471,C04687
C04688-K1,20461,C04688
C04689-K1,10606,C04689
C04690-K1,16580,C04690
C04691-K1,16881,C04691
C04692-K1,13850,C04692
C04693-K1,16930,C04693
C04694-K1,20844,C04694
C04695-K1,11854,C04695
C04696-K1,20144,C04696
C04697-K1,19319,C04697
C04698-K1,14416,C04698
C04699-K1,10421,C04699
C04700-K1,15981,C04700
C04701-K1,19212,C04701
C04702-K1,23060,C04702
C04703-K1,12052,C04703
C04704-K1,16409,C04704
C04705-K1,15698,C04705
C04706-K1,20286,C04706
C04707-K1,13285,C04707
C04708-K1,12347,C04708
C04709-K2,10049,C04709
C04710-K1,22061,C04710
C04711-K1,11345,C04711
C04712-K1,14487,C04712
C04713-K1,19471,C04713
C04714-K1,20389,C04714
C04715-K1,13014,C04715
C04716-K1,11549,C04716
C04717-K1,17194,C04717
C04718-K1,17552,C04718
C04719-K1,10840,C04719
C04720-K1,10122,C04720
C04721-K1,19039,C04721
C04722-K1,15121,C04722
C04723-K1,17640,C04723
C04724-K1,12868,C04724
C04725-K1,23220,C04725
C04726-K1,13638,C04726
C04727-K2,23294,C04727
C04728-K1,22207,C04728
C04729-K1,16661,C04729
C04730-K1,11586,C04730
C04731-K1,17867,C04731
C04732-K1,13979,C04732
C04733-K1,14657,C04733
C04734-K1,23132,C04734
C04735-K1,16581,C04735
C04736-K1,11192,C04736
C04737-K1,17657,C04737
C04738-K1,19345,C04738
C04739-K1,16491,C04739
C04740-K1,16734,C04740
C04741-K1,11321,C04741
C04742-K1,11690,C04742
C04743-K1,12213,C04743
C04744-K1,21790,C04744
C04745-K1,18006,C04745
C04746-K1,16204,C04746
C04747-K1,11068,C04747
C04748-K1,16091,C04748
C04749-K1,13412,C04749
C04750-K1,14620,C04750
C04751-K1,22126,C04751
C04752-K1,12415,C04752
C04753-K1,22381,C04753
C04754-K1,22184,C04754
C04755-K1,10590,C04755
C04756-K1,11479,C04756
C04757-K1,11742,C04757
C04758-K1,14220,C04758
C04759-K1,14967,C04759
C04760-K1,15039,C04760
C04761-K1,13259,C04761
C04762-K1,20146,C04762
C04763-K1,20662,C04763
C04764-K1,13086,C04764
C04765-K1,18686,C04765
C04766-K1,22512,C04766
C04767-K1,10361,C04767
C04768-K1,19986,C04768
C04769-K1,18361,C04769
C04770-K1,17960,C04770
C04771-K1,18528,C04771
C04772-K1,11566,C04772
C04773-K1,23463,C04773
C04774-K1,16965,C04774
C04775-K1,15420,C04775
C04776-K1,13392,C04776
C04777-K1,19737,C04777
C04778-K1,15534,C04778
C04779-K1,22847,C04779
C04780-K1,20186,C04780
C04781-K1,12113,C04781
C04782-K1,22096,C04782
C04783-K1,22021,C04783
C04784-K1,23407,C04784
C04785-K1,11042,C04785
C04786-K1,17535,C04786
C04787-K1,20847,C04787
C04788-K1,14073,C04788
C04789-K1,15509,C04789
C04790-K1,20792,C04790
C04791-K1,10091,C04791
C04792-K1,22807,C04792
C04793-K1,12680,C04793
C04794-K1,11362,C04794
C04795-K1,14233,C04795
C04796-K1,13284,C04796
C04797-K1,19646,C04797
C04798-K2,12292,C04798
C04799-K1,15583,C04799
C04800-K1,18607,C04800
C04801-K1,19953,C04801
C04802-K1,16118,C04802
C04803-K1,12371,C04803
C04804-K1,15615,C04804
C04805-K1,21743,C04805
C04806-K1,22747,C04806
C04807-K1,20202,C04807
C04808-K1,18059,C04808
C04809-K1,23248,C04809
C04810-K1,11809,C04810
C04811-K1,13802,C04811
C04812-K1,11822,C04812
C04813-K1,13398,C04813
C04814-K1,16596,C04814
C04815-K1,13604,C04815
C04816-K1,14258,C04816
C04817-K1,13717,C04817
C04818-K1,11517,C04818
C04819-K1,22657,C04819
C04820-K1,21409,C04820
C04821-K1,21577,C04821
C04822-K1,12573,C04822
C04823-K1,23251,C04823
C04824-K1,11019,C04824
C04825-K1,12549,C04825
C04826-K1,11167,C04826
C04827-K1,11423,C04827
C04828-K2,22843,C04828
C04829-K1,21840,C04829
C04830-K1,12179,C04830
C04831-K1,23291,C04831
C04832-K1,22304,C04832
C04833-K1,22596,C04833
C04834-K1,10401,C04834
C04835-K1,19228,C04835
C04836-K1,18834,C04836
C04837-K1,16820,C04837
C04838-K1,18231,C04838
C04839-K1,13004,C04839
C04840-K1,10406,C04840
C04841-K1,15943,C04841
C04842-K1,13078,C04842
C04843-K1,12601,C04843
C04844-K1,16290,C04844
C04845-K1,20966,C04845
C04846-K1,16637,C04846
C04847-K1,20295,C04847
C04848-K1,19586,C04848
C04849-K1,16090,C04849
C04850-K1,18904,C04850
C04851-K1,17147,C04851
C04852-K1,18176,C04852
C04853-K1,14001,C04853
C04854-K1,16077,C04854
C04855-K1,21402,C04855
C04856-K1,13854,C04856
C04857-K1,19049,C04857
C04858-K1,15764,C04858
C04859-K1,19601,C04859
C04860-K1,17149,C04860
C04861-K2,22156,C04861
C04862-K1,20703,C04862
C04863-K1,22971,C04863
C04864-K1,13827,C04864
C04865-K1,10800,C04865
C04866-K1,14380,C04866
C04867-K1,10226,C04867
C04868-K1,20881,C04868
C04869-K1,12173,C04869
C04870-K1,21242,C04870
C04871-K1,14676,C04871
C04872-K1,20762,C04872
C04873-K1,19192,C04873
C04874-K1,16936,C04874
C04875-K1,18170,C04875
C04876-K1,16047,C04876
C04877-K1,22614,C04877
C04878-K1,18914,C04878
C04879-K1,23413,C04879
C04880-K1,17201,C04880
C04881-K1,21768,C04881
C04882-K1,14281,C04882
C04883-K1,13741,C04883
C04884-K1,17488,C04884
C04885-K1,22100,C04885
C04886-K1,10778,C04886
C04887-K1,13652,C04887
C04888-K1,20682,C04888
C04889-K1,21664,C04889
C04890-K1,14821,C04890
C04891-K1,11225,C04891
C04892-K1,23140,C04892
C04893-K1,15925,C04893
C04894-K1,18538,C04894
C04895-K1,14794,C04895
C04896-K1,16014,C04896
C04897-K1,11228,C04897
C04898-K1,16332,C04898
C04899-K1,21143,C04899
C04900-K1,19540,C04900
C04901-K1,20628,C04901
C04902-K1,10109,C04902
C04903-K1,17938,C04903
C04904-K1,18508,C04904
C04905-K1,17734,C04905
C04906-K1,12990,C04906
C04907-K1,21530,C04907
C04908-K1,17928,C04908
C04909-K1,12743,C04909
C04910-K1,23000,C04910
C04911-K1,20288,C04911
C04912-K1,12538,C04912
C04913-K1,18261,C04913
C04914-K1,22275,C04914
C04915-K1,21677,C04915
C04916-K1,15099,C04916
C04917-K1,19800,C04917
C04918-K1,10855,C04918
C04919-K1,13784,C04919
C04920-K1,19895,C04920
C04921-K2,16612,C04921
C04922-K1,23497,C04922
C04923-K1,11458,C04923
C04924-K1,16665,C04924
C04925-K1,19556,C04925
C04926-K1,13400,C04926
C04927-K1,15233,C04927
C04928-K1,16666,C04928
C04929-K1,20322,C04929
C04930-K1,14018,C04930
C04931-K1,11554,C04931
C04932-K1,17303,C04932
C04933-K1,15819,C04933
C04934-K1,18457,C04934
C04935-K1,11900,C04935
C04936-K1,13995,C04936
C04937-K1,18136,C04937
C04938-K1,10954,C04938
C04939-K1,23015,C04939
C04940-K1,23402,C04940
C04941-K1,18600,C04941
C04942-K1,22818,C04942
C04943-K1,12046,C04943
C04944-K1,22480,C04944
C04945-K1,12274,C04945
C04946-K1,20799,C04946
C04947-K1,18684,C04947
C04948-K1,18154,C04948
C04949-K1,22593,C04949
C04950-K1,15348,C04950
C04951-K1,10558,C04951
C04952-K1,17754,C04952
C04953-K1,16536,C04953
C04954-K1,16405,C04954
C04955-K1,17917,C04955
C04956-K1,11027,C04956
C04957-K1,23222,C04957
C04958-K1,20798,C04958
C04959-K1,10754,C04959
C04960-K1,13611,C04960
C04961-K1,18119,C04961
C04962-K2,23529,C04962
C04963-K1,11279,C04963
C04964-K1,23157,C04964
C04965-K2,21452,C04965
C04966-K1,20473,C04966
C04967-K1,13953,C04967
C04968-K1,15322,C04968
C04969-K1,10867,C04969
C04970-K1,21825,C04970
C04971-K1,20584,C04971
C04972-K1,10760,C04972
C04973-K1,13371,C04973
C04974-K1,13360,C04974
C04975-K1,13425,C04975
C04976-K1,12547,C04976
C04977-K1,23387,C04977
C04978-K1,18437,C04978
C04979-K1,21931,C04979
C04980-K1,10623,C04980
C04981-K1,23236,C04981
C04982-K1,22388,C04982
C04983-K1,10871,C04983
C04984-K2,22333,C04984
C04985-K1,21056,C04985
C04986-K1,12769,C04986
C04987-K1,23280,C04987
C04988-K1,19631,C04988
C04989-K1,18270,C04989
C04990-K1,11744,C04990
C04991-K1,21292,C04991
C04992-K1,16348,C04992
C04993-K1,10067,C04993
C04994-K1,10915,C04994
C04995-K1,22613,C04995
C04996-K1,14514,C04996
C04997-K1,18445,C04997
C04998-K1,12658,C04998
C04999-K1,15890,C04999
C05000-K1,22389,C05000
C05001-K1,20015,C05001
C05002-K1,19575,C05002
C05003-K1,17022,C05003
C05004-K1,14075,C05004
C05005-K1,17456,C05005
C05006-K1,14292,C05006
C05007-K1,20790,C05007
C05008-K1,21802,C05008
C05009-K1,18019,C05009
C05010-K1,10383,C05010
C05011-K1,22345,C05011
C05012-K1,12851,C05012
C05013-K1,19166,C05013
C05014-K1,22497,C05014
C05015-K1,10526,C05015
C05016-K1,14837,C05016
C05017-K1,15090,C05017
C05018-K1,10996,C05018
C05019-K1,19174,C05019
C05020-K1,20886,C05020
C05021-K1,18084,C05021
C05022-K1,15995,C05022
C05023-K1,21736,C05023
C05024-K1,11905,C05024
C05025-K1,20082,C05025
C05026-K1,15405,C05026
C05027-K1,20011,C05027
C05028-K1,17733,C05028
C05029-K1,16663,C05029
C05030-K1,15240,C05030
C05031-K2,23208,C05031
C05032-K1,11202,C05032
C05033-K1,21132,C05033
C05034-K1,18436,C05034
C05035-K1,14905,C05035
C05036-K1,17727,C05036
C05037-K1,23333,C05037
C05038-K1,20460,C05038
C05039-K1,13618,C05039
C05040-K1,23493,C05040
C05041-K1,18882,C05041
C05042-K1,20863,C05042
C05043-K1,12370,C05043
C05044-K1,13136,C05044
C05045-K1,21520,C05045
C05046-K1,16916,C05046
C05047-K1,12026,C05047
C05048-K1,11471,C05048
C05049-K1,21324,C05049
C05050-K1,15521,C05050
C05051-K1,10854,C05051
C05052-K1,10258,C05052
C05053-K1,15013,C05053
C05054-K1,11250,C05054
C05055-K1,11862,C05055
C05056-K1,15837,C05056
C05057-K1,20989,C05057
C05058-K1,17885,C05058
C05059-K1,16221,C05059
C05060-K1,19257,C05060
C05061-K1,16839,C05061
C05062-K2,17976,C05062
C05063-K1,14524,C05063
C05064-K1,12368,C05064
C05065-K1,14189,C05065
C05066-K1,19514,C05066
C05067-K1,21603,C05067
C05068-K1,15273,C05068
C05069-K1,18986,C05069
C05070-K1,11112,C05070
C05071-K1,14601,C05071
C05072-K1,18743,C05072
C05073-K1,20343,C05073
C05074-K1,17315,C05074
C05075-K1,15261,C05075
C05076-K1,17073,C05076
C05077-K1,14706,C05077
C05078-K1,16144,C05078
C05079-K1,13235,C05079
C05080-K1,19078,C05080
C05081-K1,20287,C05081
C05082-K1,16305,C05082
C05083-K1,22111,C05083
C05084-K1,15678,C05084
C05085-K1,18777,C05085
C05086-K1,15613,C05086
C05087-K1,12483,C05087
C05088-K1,14090,C05088
C05089-K1,17842,C05089
C05090-K1,11189,C05090
C05091-K1,22896,C05091
C05092-K1,16826,C05092
C05093-K1,12988,C05093
C05094-K1,10588,C05094
C05095-K1,13842,C05095
C05096-K1,16302,C05096
C05097-K2,19281,C05097
C05098-K1,12553,C05098
C05099-K1,15396,C05099
C05100-K1,21326,C05100
C05101-K1,22994,C05101
C05102-K1,18449,C05102
C05103-K1,22266,C05103
C05104-K1,22522,C05104
C05105-K1,23383,C05105
C05106-K1,12324,C05106
C05107-K1,18003,C05107
C05108-K1,23202,C05108
C05109-K1,12435,C05109
C05110-K1,19113,C05110
C05111-K1,19891,C05111
C05112-K1,17743,C05112
C05113-K1,20666,C05113
C05114-K1,18492,C05114
C05115-K2,23504,C05115
C05116-K1,10539,C05116
C05117-K1,13328,C05117
C05118-K1,18957,C05118
C05119-K1,14824,C05119
C05120-K1,13222,C05120
C05121-K1,15812,C05121
C05122-K1,20780,C05122
C05123-K1,16388,C05123
C05124-K1,21299,C05124
C05125-K1,14784,C05125
C05126-K1,13029,C05126
C05127-K1,15366,C05127
C05128-K1,21222,C05128
C05129-K1,10326,C05129
C05130-K1,12502,C05130
C05131-K1,15489,C05131
C05132-K1,15025,C05132
C05133-K1,15049,C05133
C05134-K1,10677,C05134
C05135-K1,16452,C05135
C05136-K1,20371,C05136
C05137-K1,15356,C05137
C05138-K1,20772,C05138
C05139-K1,17437,C05139
C05140-K1,18891,C05140
C05141-K1,16392,C05141
C05142-K1,13144,C05142
C05143-K1,21051,C05143
C05144-K1,21083,C05144
C05145-K1,12681,C05145
C05146-K1,20143,C05146
C05147-K1,21273,C05147
C05148-K1,18254,C05148
C05149-K1,11570,C05149
C05150-K1,19506,C05150
C05151-K1,15684,C05151
C05152-K1,10486,C05152
C05153-K1,11312,C05153
C05154-K1,10252,C05154
C05155-K1,11937,C05155
C05156-K1,17062,C05156
C05157-K1,17400,C05157
C05158-K1,21487,C05158
C05159-K1,13804,C05159
C05160-K1,17863,C05160
C05161-K1,10158,C05161
C05162-K1,21089,C05162
C05163-K1,11728,C05163
C05164-K1,14483,C05164
C05165-K1,20533,C05165
C05166-K1,14441,C05166
C05167-K1,19446,C05167
C05168-K1,18428,C05168
C05169-K1,22731,C05169
C05170-K1,13153,C05170
C05171-K1,21122,C05171
C05172-K1,14167,C05172
C05173-K1,13948,C05173
C05174-K1,19377,C05174
C05175-K1,14410,C05175
C05176-K1,12438,C05176
C05177-K1,23049,C05177
C05178-K1,12620,C05178
C05179-K1,21829,C05179
C05180-K1,22087,C05180
C05181-K1,18611,C05181
C05182-K1,12064,C05182
C05183-K1,19264,C05183
C05184-K1,13054,C05184
C05185-K1,15257,C05185
C05186-K1,18906,C05186
C05187-K1,11096,C05187
C05188-K1,12006,C05188
C05189-K1,21112,C05189
C05190-K1,17005,C05190
C05191-K1,19216,C05191
C05192-K2,15419,C05192
C05193-K1,14474,C05193
C05194-K1,16806,C05194
C05195-K1,12707,C05195
C05196-K1,17968,C05196
C05197-K1,23054,C05197
C05198-K1,18819,C05198
C05199-K1,21380,C05199
C05200-K1,21216,C05200
C05201-K1,10184,C05201
C05202-K1,19381,C05202
C05203-K1,23373,C05203
C05204-K1,21107,C05204
C05205-K1,18706,C05205
C05206-K1,13096,C05206
C05207-K1,22125,C05207
C05208-K1,16529,C05208
C05209-K1,23119,C05209
C05210-K1,23051,C05210
C05211-K1,17158,C05211
C05212-K2,21740,C05212
C05213-K1,17896,C05213
C05214-K1,20807,C05214
C05215-K1,23474,C05215
C05216-K1,15362,C05216
C05217-K1,14945,C05217
C05218-K1,18792,C05218
C05219-K1,17630,C05219
C05220-K1,21733,C05220
C05221-K1,10121,C05221
C05222-K1,21686,C05222
C05223-K1,10075,C05223
C05224-K1,20940,C05224
C05225-K1,20095,C05225
C05226-K1,22855,C05226
C05227-K1,16354,C05227
C05228-K1,14064,C05228
C05229-K1,19846,C05229
C05230-K1,19796,C05230
C05231-K1,11293,C05231
C05232-K1,11155,C05232
C05233-K1,14952,C05233
C05234-K1,17010,C05234
C05235-K1,21116,C05235
C05236-K1,14499,C05236
C05237-K1,18880,C05237
C05238-K1,14388,C05238
C05239-K1,14413,C05239
C05240-K1,16462,C05240
C05241-K1,11123,C05241
C05242-K1,23447,C05242
C05243-K1,18249,C05243
C05244-K1,14855,C05244
C05245-K2,23319,C05245
C05246-K1,13350,C05246
C05247-K1,10093,C05247
C05248-K1,18956,C05248
C05249-K1,12480,C05249
C05250-K1,16508,C05250
C05251-K1,23308,C05251
C05252-K1,13542,C05252
C05253-K1,16198,C05253
C05254-K1,22908,C05254
C05255-K1,21669,C05255
C05256-K1,12373,C05256
C05257-K1,11611,C05257
C05258-K1,10381,C05258
C05259-K1,19641,C05259
C05260-K1,13593,C05260
C05261-K1,22146,C05261
C05262-K1,20985,C05262
C05263-K2,14331,C05263
C05264-K1,14356,C05264
C05265-K1,21735,C05265
C05266-K1,17305,C05266
C05267-K1,21229,C05267
C05268-K1,18879,C05268
C05269-K1,21078,C05269
C05270-K1,11308,C05270
C05271-K1,14903,C05271
C05272-K1,14003,C05272
C05273-K1,17967,C05273
C05274-K1,17682,C05274
C05275-K1,16918,C05275
C05276-K2,12852,C05276
C05277-K1,17205,C05277
C05278-K1,14808,C05278
C05279-K1,19327,C05279
C05280-K1,11459,C05280
C05281-K1,12304,C05281
C05282-K1,16962,C05282
C05283-K1,10660,C05283
C05284-K1,16995,C05284
C05285-K1,10496,C05285
C05286-K1,22615,C05286
C05287-K1,16111,C05287
C05288-K1,23102,C05288
C05289-K2,18468,C05289
C05290-K2,12668,C05290
C05291-K1,20391,C05291
C05292-K1,23021,C05292
C05293-K1,16258,C05293
C05294-K1,11746,C05294
C05295-K1,12684,C05295
C05296-K1,22215,C05296
C05297-K1,19710,C05297
C05298-K1,20261,C05298
C05299-K1,22859,C05299
C05300-K1,19239,C05300
C05301-K1,17270,C05301
C05302-K1,10319,C05302
C05303-K1,14012,C05303
C05304-K1,13157,C05304
C05305-K1,14272,C05305
C05306-K1,15992,C05306
C05307-K2,20655,C05307
C05308-K1,17040,C05308
C05309-K1,14736,C05309
C05310-K1,16963,C05310
C05311-K1,12234,C05311
C05312-K1,17519,C05312
C05313-K1,15960,C05313
C05314-K1,18664,C05314
C05315-K1,11607,C05315
C05316-K1,12539,C05316
C05317-K1,21824,C05317
C05318-K1,16026,C05318
C05319-K1,12152,C05319
C05320-K1,21030,C05320
C05321-K1,14904,C05321
C05322-K1,18714,C05322
C05323-K1,13715,C05323
C05324-K1,21625,C05324
C05325-K1,21136,C05325
C05326-K1,18794,C05326
C05327-K1,16448,C05327
C05328-K1,18066,C05328
C05329-K1,23325,C05329
C05330-K2,11289,C05330
C05331-K1,14541,C05331
C05332-K1,16833,C05332
C05333-K1,12446,C05333
C05334-K1,16296,C05334
C05335-K1,17843,C05335
C05336-K1,17597,C05336
C05337-K1,13886,C05337
C05338-K1,19442,C05338
C05339-K1,13745,C05339
C05340-K1,17865,C05340
C05341-K1,22786,C05341
C05342-K1,13980,C05342
C05343-K1,16555,C05343
C05344-K1,15484,C05344
C05345-K1,13198,C05345
C05346-K1,13000,C05346
C05347-K1,13890,C05347
C05348-K1,13655,C05348
C05349-K1,11301,C05349
C05350-K1,16259,C05350
C05351-K1,10130,C05351
C05352-K1,23492,C05352
C05353-K1,11062,C05353
C05354-K1,21953,C05354
C05355-K1,11227,C05355
C05356-K1,12460,C05356
C05357-K1,11172,C05357
C05358-K1,21011,C05358
C05359-K1,19276,C05359
C05360-K1,17650,C05360
C05361-K1,18318,C05361
C05362-K1,22755,C05362
C05363-K1,10763,C05363
C05364-K1,12056,C05364
C05365-K1,12326,C05365
C05366-K1,23239,C05366
C05367-K1,11315,C05367
C05368-K1,21050,C05368
C05369-K1,23086,C05369
C05370-K1,14414,C05370
C05371-K1,20376,C05371
C05372-K1,14404,C05372
C05373-K1,18606,C05373
C05374-K1,11947,C05374
C05375-K1,10761,C05375
C05376-K1,15585,C05376
C05377-K1,17230,C05377
C05378-K2,21559,C05378
C05379-K1,22764,C05379
C05380-K1,22421,C05380
C05381-K2,22900,C05381
C05382-K1,19832,C05382
C05383-K1,17694,C05383
C05384-K1,20036,C05384
C05385-K2,15997,C05385
C05386-K1,14119,C05386
C05387-K1,20435,C05387
C05388-K1,15477,C05388
C05389-K1,15555,C05389
C05390-K1,13240,C05390
C05391-K1,21831,C05391
C05392-K1,22179,C05392
C05393-K1,13739,C05393
C05394-K1,20785,C05394
C05395-K1,16725,C05395
C05396-K1,16909,C05396
C05397-K1,10249,C05397
C05398-K1,21833,C05398
C05399-K1,20978,C05399
C05400-K1,17553,C05400
C05401-K1,18423,C05401
C05402-K1,18746,C05402
C05403-K1,23296,C05403
C05404-K1,15335,C05404
C05405-K1,14429,C05405
C05406-K1,12239,C05406
C05407-K1,19785,C05407
C05408-K1,20513,C05408
C05409-K1,18139,C05409
C05410-K1,15638,C05410
C05411-K1,22966,C05411
C05412-K1,10975,C05412
C05413-K1,12062,C05413
C05414-K1,11927,C05414
C05415-K1,23228,C05415
C05416-K1,18827,C05416
C05417-K1,12687,C05417
C05418-K1,18711,C05418
C05419-K1,20588,C05419
C05420-K1,16411,C05420
C05421-K1,20653,C05421
C05422-K1,20096,C05422
C05423-K1,21126,C05423
C05424-K1,17624,C05424
C05425-K1,10982,C05425
C05426-K1,15685,C05426
C05427-K1,13929,C05427
C05428-K1,22802,C05428
C05429-K1,13127,C05429
C05430-K1,16845,C05430
C05431-K1,22699,C05431
C05432-K1,22881,C05432
C05433-K1,12630,C05433
C05434-K1,13232,C05434
C05435-K1,19920,C05435
C05436-K1,20309,C05436
C05437-K1,14913,C05437
C05438-K1,14278,C05438
C05439-K1,16457,C05439
C05440-K1,21410,C05440
C05441-K1,22260,C05441
C05442-K1,16738,C05442
C05443-K1,12850,C05443
C05444-K1,20660,C05444
C05445-K1,18682,C05445
C05446-K1,21144,C05446
C05447-K1,22493,C05447
C05448-K1,23286,C05448
C05449-K1,11828,C05449
C05450-K1,22071,C05450
C05451-K1,12150,C05451
C05452-K1,16190,C05452
C05453-K1,15223,C05453
C05454-K1,18284,C05454
C05455-K1,11756,C05455
C05456-K1,20585,C05456
C05457-K1,12532,C05457
C05458-K1,13043,C05458
C05459-K1,22011,C05459
C05460-K1,13843,C05460
C05461-K1,22188,C05461
C05462-K1,16412,C05462
C05463-K1,10024,C05463
C05464-K1,17239,C05464
C05465-K1,17649,C05465
C05466-K1,14689,C05466
C05467-K1,15178,C05467
C05468-K1,15994,C05468
C05469-K1,20134,C05469
C05470-K1,19337,C05470
C05471-K1,13135,C05471
C05472-K1,22745,C05472
C05473-K1,15281,C05473
C05474-K1,13835,C05474
C05475-K1,23423,C05475
C05476-K1,15496,C05476
C05477-K1,17958,C05477
C05478-K1,14516,C05478
C05479-K1,10004,C05479
C05480-K1,21421,C05480
C05481-K1,10714,C05481
C05482-K1,15836,C05482
C05483-K1,20192,C05483
C05484-K1,15655,C05484
C05485-K1,19000,C05485
C05486-K1,12835,C05486
C05487-K1,22873,C05487
C05488-K1,11813,C05488
C05489-K1,19570,C05489
C05490-K1,13798,C05490
C05491-K1,20139,C05491
C05492-K1,15117,C05492
C05493-K1,10554,C05493
C05494-K1,11502,C05494
C05495-K1,15826,C05495
C05496-K1,15806,C05496
C05497-K1,23191,C05497
C05498-K1,13428,C05498
C05499-K1,18262,C05499
C05500-K1,19020,C05500
C05501-K1,18582,C05501
C05502-K1,16437,C05502
C05503-K1,20719,C05503
C05504-K1,20524,C05504
C05505-K1,15063,C05505
C05506-K1,16871,C05506
C05507-K1,21899,C05507
C05508-K1,19494,C05508
C05509-K1,19569,C05509
C05510-K1,13919,C05510
C05511-K1,20019,C05511
C05512-K1,18447,C05512
C05513-K1,12253,C05513
C05514-K1,20079,C05514
C05515-K1,17302,C05515
C05516-K1,18525,C05516
C05517-K1,19336,C05517
C05518-K1,20330,C05518
C05519-K2,15031,C05519
C05520-K1,13622,C05520
C05521-K1,18013,C05521
C05522-K1,22605,C05522
C05523-K1,15865,C05523
C05524-K1,16492,C05524
C05525-K1,14530,C05525
C05526-K1,14500,C05526
C05527-K1,22909,C05527
C05528-K1,11026,C05528
C05529-K1,15858,C05529
C05530-K2,17169,C05530
C05531-K1,17824,C05531
C05532-K1,20427,C05532
C05533-K1,15998,C05533
C05534-K1,19292,C05534
C05535-K1,23064,C05535
C05536-K1,22390,C05536
C05537-K1,18169,C05537
C05538-K1,18919,C05538
C05539-K1,16224,C05539
C05540-K1,22954,C05540
C05541-K1,15959,C05541
C05542-K1,18559,C05542
C05543-K1,21224,C05543
C05544-K1,15594,C05544
C05545-K1,22799,C05545
C05546-K1,17726,C05546
C05547-K1,14909,C05547
C05548-K1,12656,C05548
C05549-K1,17500,C05549
C05550-K1,12604,C05550
C05551-K2,20390,C05551
C05552-K1,13778,C05552
C05553-K1,22137,C05553
C05554-K1,12059,C05554
C05555-K1,17700,C05555
C05556-K1,21427,C05556
C05557-K1,19588,C05557
C05558-K1,12810,C05558
C05559-K1,22123,C05559
C05560-K2,12382,C05560
C05561-K1,13410,C05561
C05562-K1,16940,C05562
C05563-K1,12703,C05563
C05564-K1,12846,C05564
C05565-K1,20262,C05565
C05566-K1,15213,C05566
C05567-K1,21708,C05567
C05568-K1,16013,C05568
C05569-K1,22462,C05569
C05570-K1,22641,C05570
C05571-K1,11342,C05571
C05572-K1,13158,C05572
C05573-K1,19791,C05573
C05574-K1,14611,C05574
C05575-K1,22789,C05575
C05576-K1,18115,C05576
C05577-K1,21665,C05577
C05578-K1,10875,C05578
C05579-K1,17979,C05579
C05580-K1,22319,C05580
C05581-K1,16521,C05581
C05582-K1,11175,C05582
C05583-K1,17765,C05583
C05584-K1,18663,C05584
C05585-K1,12592,C05585
C05586-K1,12111,C05586
C05587-K1,15047,C05587
C05588-K1,16679,C05588
C05589-K1,11125,C05589
C05590-K1,13876,C05590
C05591-K1,22897,C05591
C05592-K1,16632,C05592
C05593-K1,18749,C05593
C05594-K1,12498,C05594
C05595-K1,18042,C05595
C05596-K1,10284,C05596
C05597-K1,12148,C05597
C05598-K1,17317,C05598
C05599-K1,16025,C05599
C05600-K1,22726,C05600
C05601-K1,11797,C05601
C05602-K1,16193,C05602
C05603-K1,15592,C05603
C05604-K1,11953,C05604
C05605-K1,12732,C05605
C05606-K1,20967,C05606
C05607-K1,22364,C05607
C05608-K1,13149,C05608
C05609-K1,13956,C05609
C05610-K1,16814,C05610
C05611-K1,22003,C05611
C05612-K1,15131,C05612
C05613-K1,11677,C05613
C05614-K1,11060,C05614
C05615-K1,18688,C05615
C05616-K1,10618,C05616
C05617-K1,16200,C05617
C05618-K1,15075,C05618
C05619-K1,13030,C05619
C05620-K1,15953,C05620
C05621-K1,16481,C05621
C05622-K1,18228,C05622
C05623-K1,20770,C05623
C05624-K1,15043,C05624
C05625-K2,13545,C05625
C05626-K1,10334,C05626
C05627-K1,10227,C05627
C05628-K1,11855,C05628
C05629-K1,20504,C05629
C05630-K1,19489,C05630
C05631-K1,16022,C05631
C05632-K1,12063,C05632
C05633-K1,22059,C05633
C05634-K1,21163,C05634
C05635-K1,17126,C05635
C05636-K2,14763,C05636
C05637-K1,13583,C05637
C05638-K1,14005,C05638
C05639-K1,16819,C05639
C05640-K1,10357,C05640
C05641-K1,12754,C05641
C05642-K1,21008,C05642
C05643-K1,16981,C05643
C05644-K1,18772,C05644
C05645-K1,14415,C05645
C05646-K1,22975,C05646
C05647-K1,17591,C05647
C05648-K1,19268,C05648
C05649-K1,16799,C05649
C05650-K1,22892,C05650
C05651-K1,19135,C05651
C05652-K1,17252,C05652
C05653-K1,23337,C05653
C05654-K1,21805,C05654
C05655-K1,17174,C05655
C05656-K1,16146,C05656
C05657-K1,16894,C05657
C05658-K1,15230,C05658
C05659-K1,10766,C05659
C05660-K1,13212,C05660
C05661-K1,17398,C05661
C05662-K1,13159,C05662
C05663-K1,15390,C05663
C05664-K1,18942,C05664
C05665-K1,16545,C05665
C05666-K1,20726,C05666
C05667-K1,14917,C05667
C05668-K1,13286,C05668
C05669-K1,14750,C05669
C05670-K1,22298,C05670
C05671-K1,15061,C05671
C05672-K1,19558,C05672
C05673-K1,17848,C05673
C05674-K1,18573,C05674
C05675-K1,16404,C05675
C05676-K1,22566,C05676
C05677-K1,18502,C05677
C05678-K1,18219,C05678
C05679-K1,17189,C05679
C05680-K1,13379,C05680
C05681-K1,22734,C05681
C05682-K1,12165,C05682
C05683-K1,19435,C05683
C05684-K1,14158,C05684
C05685-K1,10037,C05685
C05686-K1,16283,C05686
C05687-K1,21036,C05687
C05688-K1,14624,C05688
C05689-K2,21174,C05689
C05690-K1,14051,C05690
C05691-K1,12136,C05691
C05692-K1,20996,C05692
C05693-K1,14882,C05693
C05694-K1,15933,C05694
C05695-K1,22931,C05695
C05696-K1,16765,C05696
C05697-K1,11767,C05697
C05698-K1,13307,C05698
C05699-K1,14754,C05699
C05700-K1,20751,C05700
C05701-K1,22560,C05701
C05702-K1,22412,C05702
C05703-K1,18870,C05703
C05704-K2,13610,C05704
C05705-K1,18106,C05705
C05706-K1,10388,C05706
C05707-K1,18953,C05707
C05708-K1,12444,C05708
C05709-K1,20230,C05709
C05710-K1,13348,C05710
C05711-K1,10635,C05711
C05712-K1,23201,C05712
C05713-K1,23380,C05713
C05714-K1,20450,C05714
C05715-K1,12597,C05715
C05716-K1,11910,C05716
C05717-K1,13625,C05717
C05718-K1,22472,C05718
C05719-K1,14573,C05719
C05720-K1,21191,C05720
C05721-K1,19414,C05721
C05722-K1,18713,C05722
C05723-K1,19197,C05723
C05724-K1,21570,C05724
C05725-K1,15938,C05725
C05726-K1,10398,C05726
C05727-K1,14989,C05727
C05728-K1,23499,C05728
C05729-K1,20355,C05729
C05730-K1,14591,C05730
C05731-K1,16122,C05731
C05732-K1,23309,C05732
C05733-K1,14663,C05733
C05734-K1,19128,C05734
C05735-K1,14166,C05735
C05736-K1,20724,C05736
C05737-K1,16548,C05737
C05738-K1,10061,C05738
C05739-K2,13281,C05739
C05740-K1,18171,C05740
C05741-K1,22694,C05741
C05742-K1,19234,C05742
C05743-K1,12910,C05743
C05744-K1,21071,C05744
C05745-K1,18128,C05745
C05746-K1,14157,C05746
C05747-K1,18939,C05747
C05748-K1,21369,C05748
C05749-K1,16148,C05749
C05750-K1,13539,C05750
C05751-K1,18642,C05751
C05752-K1,10543,C05752
C05753-K1,17523,C05753
C05754-K1,12252,C05754
C05755-K1,16761,C05755
C05756-K1,19476,C05756
C05757-K1,15975,C05757
C05758-K1,13612,C05758
C05759-K1,10745,C05759
C05760-K1,11205,C05760
C05761-K1,18103,C05761
C05762-K1,17208,C05762
C05763-K1,17564,C05763
C05764-K1,17817,C05764
C05765-K1,17731,C05765
C05766-K1,18116,C05766
C05767-K1,21190,C05767
C05768-K1,20968,C05768
C05769-K1,18088,C05769
C05770-K1,23486,C05770
C05771-K1,20277,C05771
C05772-K1,11159,C05772
C05773-K1,10994,C05773
C05774-K1,19612,C05774
C05775-K1,12273,C05775
C05776-K1,17387,C05776
C05777-K1,21770,C05777
C05778-K1,20962,C05778
C05779-K1,11064,C05779
C05780-K1,12864,C05780
C05781-K1,10641,C05781
C05782-K1,20135,C05782
C05783-K1,12495,C05783
C05784-K1,16914,C05784
C05785-K1,22299,C05785
C05786-K2,12350,C05786
C05787-K1,20213,C05787
C05788-K1,17470,C05788
C05789-K1,21851,C05789
C05790-K1,15750,C05790
C05791-K2,16609,C05791
C05792-K1,12992,C05792
C05793-K1,12696,C05793
C05794-K1,21013,C05794
C05795-K1,21460,C05795
C05796-K1,18470,C05796
C05797-K1,23421,C05797
C05798-K1,22982,C05798
C05799-K1,16214,C05799
C05800-K1,14422,C05800
C05801-K1,21200,C05801
C05802-K1,13788,C05802
C05803-K1,20307,C05803
C05804-K1,17965,C05804
C05805-K1,11165,C05805
C05806-K1,18089,C05806
C05807-K1,14871,C05807
C05808-K1,20573,C05808
C05809-K1,15408,C05809
C05810-K1,16150,C05810
C05811-K1,19129,C05811
C05812-K1,17386,C05812
C05813-K1,16102,C05813
C05814-K1,23527,C05814
C05815-K1,22244,C05815
C05816-K1,23544,C05816
C05817-K1,23238,C05817
C05818-K1,15032,C05818
C05819-K1,21453,C05819
C05820-K1,20783,C05820
C05821-K1,22889,C05821
C05822-K1,15360,C05822
C05823-K1,22069,C05823
C05824-K1,14168,C05824
C05825-K1,22074,C05825
C05826-K1,19541,C05826
C05827-K1,19708,C05827
C05828-K1,11084,C05828
C05829-K1,11804,C05829
C05830-K1,13795,C05830
C05831-K1,18393,C05831
C05832-K1,23080,C05832
C05833-K1,11806,C05833
C05834-K1,10308,C05834
C05835-K1,13627,C05835
C05836-K1,19367,C05836
C05837-K1,21920,C05837
C05838-K1,22844,C05838
C05839-K1,12959,C05839
C05840-K1,20880,C05840
C05841-K1,21574,C05841
C05842-K1,23116,C05842
C05843-K1,12501,C05843
C05844-K1,14113,C05844
C05845-K1,14033,C05845
C05846-K1,21624,C05846
C05847-K1,22595,C05847
C05848-K1,22417,C05848
C05849-K1,14851,C05849
C05850-K1,13310,C05850
C05851-K1,15277,C05851
C05852-K1,17681,C05852
C05853-K1,17764,C05853
C05854-K1,12833,C05854
C05855-K1,21381,C05855
C05856-K1,13337,C05856
C05857-K1,20568,C05857
C05858-K1,16849,C05858
C05859-K1,16903,C05859
C05860-K1,14827,C05860
C05861-K1,20683,C05861
C05862-K1,22706,C05862
C05863-K1,12432,C05863
C05864-K1,16614,C05864
C05865-K1,12957,C05865
C05866-K1,22095,C05866
C05867-K1,11420,C05867
C05868-K1,13354,C05868
C05869-K1,14594,C05869
C05870-K1,20016,C05870
C05871-K1,14198,C05871
C05872-K1,18553,C05872
C05873-K1,17531,C05873
C05874-K1,17629,C05874
C05875-K1,20196,C05875
C05876-K2,12947,C05876
C05877-K1,21578,C05877
C05878-K1,10304,C05878
C05879-K1,10671,C05879
C05880-K1,17140,C05880
C05881-K1,20757,C05881
C05882-K1,10853,C05882
C05883-K1,19581,C05883
C05884-K1,18720,C05884
C05885-K1,18410,C05885
C05886-K1,19206,C05886
C05887-K1,15425,C05887
C05888-K1,19882,C05888
C05889-K1,18998,C05889
C05890-K1,20596,C05890
C05891-K1,15382,C05891
C05892-K1,10633,C05892
C05893-K1,14025,C05893
C05894-K1,13508,C05894
C05895-K1,10490,C05895
C05896-K1,17686,C05896
C05897-K1,21774,C05897
C05898-K1,11023,C05898
C05899-K1,13714,C05899
C05900-K1,21541,C05900
C05901-K1,16595,C05901
C05902-K1,12479,C05902
C05903-K1,22229,C05903
C05904-K1,17711,C05904
C05905-K1,13008,C05905
C05906-K1,14043,C05906
C05907-K1,21047,C05907
C05908-K1,12280,C05908
C05909-K1,15499,C05909
C05910-K1,13731,C05910
C05911-K1,19438,C05911
C05912-K1,13377,C05912
C05913-K1,18289,C05913
C05914-K1,13575,C05914
C05915-K1,21149,C05915
C05916-K1,12316,C05916
C05917-K1,10711,C05917
C05918-K1,10198,C05918
C05919-K1,15502,C05919
C05920-K1,19816,C05920
C05921-K1,10627,C05921
C05922-K1,12154,C05922
C05923-K1,13247,C05923
C05924-K1,17449,C05924
C05925-K1,21781,C05925
C05926-K1,12945,C05926
C05927-K1,17446,C05927
C05928-K1,18002,C05928
C05929-K1,10386,C05929
C05930-K1,22410,C05930
C05931-K1,11951,C05931
C05932-K1,10294,C05932
C05933-K1,12195,C05933
C05934-K1,21325,C05934
C05935-K1,15248,C05935
C05936-K1,18757,C05936
C05937-K1,10668,C05937
C05938-K1,21607,C05938
C05939-K1,19175,C05939
C05940-K1,15300,C05940
C05941-K1,18979,C05941
C05942-K1,14844,C05942
C05943-K1,22359,C05943
C05944-K1,10643,C05944
C05945-K1,13504,C05945
C05946-K1,18584,C05946
C05947-K1,22147,C05947
C05948-K1,15332,C05948
C05949-K1,10166,C05949
C05950-K1,21397,C05950
C05951-K1,21389,C05951
C05952-K1,15629,C05952
C05953-K1,14031,C05953
C05954-K1,17935,C05954
C05955-K1,20281,C05955
C05956-K1,15576,C05956
C05957-K2,14941,C05957
C05958-K1,19195,C05958
C05959-K1,19563,C05959
C05960-K1,18092,C05960
C05961-K1,16389,C05961
C05962-K1,13378,C05962
C05963-K1,11002,C05963
C05964-K1,20048,C05964
C05965-K1,17023,C05965
C05966-K1,11161,C05966
C05967-K1,11066,C05967
C05968-K1,19123,C05968
C05969-K1,23369,C05969
C05970-K1,15621,C05970
C05971-K1,10491,C05971
C05972-K1,12349,C05972
C05973-K1,15520,C05973
C05974-K1,16674,C05974
C05975-K1,17316,C05975
C05976-K1,17752,C05976
C05977-K1,18181,C05977
C05978-K1,14651,C05978
C05979-K1,21282,C05979
C05980-K1,10527,C05980
C05981-K1,19437,C05981
C05982-K1,20037,C05982
C05983-K1,22784,C05983
C05984-K1,13962,C05984
C05985-K2,21654,C05985
C05986-K2,14655,C05986
C05987-K1,18302,C05987
C05988-K1,14450,C05988
C05989-K1,14357,C05989
C05990-K1,23233,C05990
C05991-K1,22429,C05991
C05992-K1,18651,C05992
C05993-K1,23288,C05993
C05994-K1,14425,C05994
C05995-K1,10850,C05995
C05996-K1,18478,C05996
C05997-K1,14700,C05997
C05998-K1,12866,C05998
C05999-K1,18335,C05999
C06000-K1,20571,C06000
C06001-K1,23234,C06001
C06002-K1,11972,C06002
C06003-K1,21926,C06003
C06004-K1,22741,C06004
C06005-K1,14093,C06005
C06006-K1,21156,C06006
C06007-K1,22283,C06007
C06008-K1,16613,C06008
C06009-K1,12095,C06009
C06010-K1,10232,C06010
C06011-K1,16899,C06011
C06012-K1,10933,C06012
C06013-K1,23091,C06013
C06014-K1,14677,C06014
C06015-K1,17820,C06015
C06016-K1,15792,C06016
C06017-K1,10724,C06017
C06018-K1,14165,C06018
C06019-K1,22869,C06019
C06020-K1,21619,C06020
C06021-K1,22165,C06021
C06022-K1,17104,C06022
C06023-K1,10155,C06023
C06024-K1,16512,C06024
C06025-K1,15487,C06025
C06026-K2,16925,C06026
C06027-K1,21068,C06027
C06028-K1,21054,C06028
C06029-K1,17128,C06029
C06030-K1,11058,C06030
C06031-K2,14518,C06031
C06032-K1,12388,C06032
C06033-K1,22826,C06033
C06034-K1,19329,C06034
C06035-K1,12836,C06035
C06036-K1,14123,C06036
C06037-K1,15160,C06037
C06038-K1,11504,C06038
C06039-K1,15279,C06039
C06040-K1,17878,C06040
C06041-K1,21952,C06041
C06042-K1,14132,C06042
C06043-K1,19298,C06043
C06044-K1,12527,C06044
C06045-K1,21815,C06045
C06046-K1,19947,C06046
C06047-K1,16952,C06047
C06048-K1,16280,C06048
C06049-K1,22273,C06049
C06050-K1,18888,C06050
C06051-K1,16538,C06051
C06052-K1,21816,C06052
C06053-K1,15561,C06053
C06054-K1,20688,C06054
C06055-K1,17443,C06055
C06056-K1,13988,C06056
C06057-K1,10947,C06057
C06058-K1,14757,C06058
C06059-K2,13617,C06059
C06060-K1,15327,C06060
C06061-K1,13613,C06061
C06062-K1,11163,C06062
C06063-K1,23261,C06063
C06064-K1,17769,C06064
C06065-K1,18699,C06065
C06066-K1,12401,C06066
C06067-K2,10111,C06067
C06068-K1,18866,C06068
C06069-K1,12919,C06069
C06070-K1,18633,C06070
C06071-K1,12281,C06071
C06072-K1,19637,C06072
C06073-K1,17411,C06073
C06074-K1,12319,C06074
C06075-K1,22563,C06075
C06076-K1,20103,C06076
C06077-K1,21484,C06077
C06078-K1,21458,C06078
C06079-K1,18961,C06079
C06080-K1,12249,C06080
C06081-K1,11037,C06081
C06082-K1,18111,C06082
C06083-K1,17019,C06083
C06084-K2,22980,C06084
C06085-K1,22009,C06085
C06086-K1,12763,C06086
C06087-K1,11626,C06087
C06088-K1,21732,C06088
C06089-K1,23283,C06089
C06090-K1,16240,C06090
C06091-K1,11557,C06091
C06092-K1,16967,C06092
C06093-K1,14462,C06093
C06094-K1,19933,C06094
C06095-K1,19788,C06095
C06096-K1,18124,C06096
C06097-K1,13324,C06097
C06098-K1,22851,C06098
C06099-K1,20942,C06099
C06100-K1,12230,C06100
C06101-K1,16926,C06101
C06102-K1,23326,C06102
C06103-K1,17051,C06103
C06104-K1,20884,C06104
C06105-K1,15642,C06105
C06106-K1,10424,C06106
C06107-K1,14590,C06107
C06108-K1,12027,C06108
C06109-K1,22976,C06109
C06110-K1,11615,C06110
C06111-K1,19988,C06111
C06112-K1,10017,C06112
C06113-K1,23193,C06113
C06114-K1,13119,C06114
C06115-K1,23340,C06115
C06116-K1,12172,C06116
C06117-K1,15581,C06117
C06118-K1,12311,C06118
C06119-K1,19347,C06119
C06120-K1,15584,C06120
C06121-K2,12786,C06121
C06122-K1,19474,C06122
C06123-K1,19282,C06123
C06124-K1,19193,C06124
C06125-K1,17879,C06125
C06126-K1,23378,C06126
C06127-K1,18443,C06127
C06128-K1,16438,C06128
C06129-K1,10457,C06129
C06130-K1,14749,C06130
C06131-K1,18591,C06131
C06132-K1,16485,C06132
C06133-K1,11688,C06133
C06134-K1,21922,C06134
C06135-K1,10301,C06135
C06136-K1,21439,C06136
C06137-K1,10197,C06137
C06138-K1,14791,C06138
C06139-K1,13424,C06139
C06140-K1,20747,C06140
C06141-K1,11527,C06141
C06142-K1,17797,C06142
C06143-K1,16804,C06143
C06144-K1,20470,C06144
C06145-K1,14980,C06145
C06146-K1,16279,C06146
C06147-K2,11520,C06147
C06148-K1,17371,C06148
C06149-K1,17322,C06149
C06150-K1,19838,C06150
C06151-K1,21451,C06151
C06152-K1,14806,C06152
C06153-K1,18655,C06153
C06154-K1,22223,C06154
C06155-K1,16417,C06155
C06156-K1,17008,C06156
C06157-K1,10983,C06157
C06158-K1,11738,C06158
C06159-K1,15828,C06159
C06160-K1,13226,C06160
C06161-K1,23133,C06161
C06162-K1,20706,C06162
C06163-K1,21548,C06163
C06164-K1,18446,C06164
C06165-K1,14637,C06165
C06166-K1,22197,C06166
C06167-K1,10055,C06167
C06168-K1,22611,C06168
C06169-K1,20369,C06169
C06170-K1,21085,C06170
C06171-K1,22258,C06171
C06172-K1,23338,C06172
C06173-K1,14227,C06173
C06174-K1,15267,C06174
C06175-K1,23275,C06175
C06176-K1,15028,C06176
C06177-K1,14405,C06177
C06178-K1,22581,C06178
C06179-K1,11222,C06179
C06180-K1,21871,C06180
C06181-K1,15167,C06181
C06182-K1,15033,C06182
C06183-K1,17533,C06183
C06184-K1,11786,C06184
C06185-K1,13018,C06185
C06186-K1,20420,C06186
C06187-K1,12779,C06187
C06188-K1,23295,C06188
C06189-K1,20991,C06189
C06190-K1,22819,C06190
C06191-K1,10439,C06191
C06192-K1,20337,C06192
C06193-K1,19940,C06193
C06194-K1,10733,C06194
C06195-K1,19777,C06195
C06196-K1,20964,C06196
C06197-K2,20206,C06197
C06198-K1,12268,C06198
C06199-K1,17517,C06199
C06200-K1,18578,C06200
C06201-K1,16011,C06201
C06202-K1,11915,C06202
C06203-K1,11332,C06203
C06204-K1,22028,C06204
C06205-K1,20066,C06205
C06206-K1,23460,C06206
C06207-K1,16933,C06207
C06208-K1,12517,C06208
C06209-K1,11938,C06209
C06210-K1,15679,C06210
C06211-K1,21304,C06211
C06212-K1,14728,C06212
C06213-K1,11847,C06213
C06214-K1,14897,C06214
C06215-K1,19118,C06215
C06216-K1,20117,C06216
C06217-K1,14896,C06217
C06218-K1,22440,C06218
C06219-K1,17134,C06219
C06220-K1,21105,C06220
C06221-K1,18147,C06221
C06222-K1,13421,C06222
C06223-K1,20883,C06223
C06224-K2,17503,C06224
C06225-K1,11300,C06225
C06226-K1,16919,C06226
C06227-K1,13959,C06227
C06228-K1,10046,C06228
C06229-K1,22548,C06229
C06230-K1,19881,C06230
C06231-K1,19103,C06231
C06232-K1,17434,C06232
C06233-K1,11182,C06233
C06234-K1,15245,C06234
C06235-K1,14460,C06235
C06236-K1,22233,C06236
C06237-K1,11418,C06237
C06238-K1,20075,C06238
C06239-K1,12916,C06239
C06240-K1,10027,C06240
C06241-K1,18250,C06241
C06242-K1,17300,C06242
C06243-K1,12887,C06243
C06244-K1,16547,C06244
C06245-K1,16931,C06245
C06246-K1,13471,C06246
C06247-K1,14875,C06247
C06248-K1,22862,C06248
C06249-K1,10022,C06249
C06250-K1,11148,C06250
C06251-K1,10036,C06251
C06252-K1,15842,C06252
C06253-K1,15845,C06253
C06254-K1,18011,C06254
C06255-K1,13970,C06255
C06256-K1,16561,C06256
C06257-K1,16085,C06257
C06258-K1,16340,C06258
C06259-K1,21999,C06259
C06260-K1,13006,C06260
C06261-K1,19266,C06261
C06262-K1,23514,C06262
C06263-K1,20988,C06263
C06264-K1,18685,C06264
C06265-K1,16380,C06265
C06266-K1,13718,C06266
C06267-K1,11478,C06267
C06268-K1,17721,C06268
C06269-K1,12080,C06269
C06270-K1,22623,C06270
C06271-K1,14636,C06271
C06272-K1,10785,C06272
C06273-K1,13021,C06273
C06274-K1,20632,C06274
C06275-K1,11706,C06275
C06276-K1,19189,C06276
C06277-K1,22505,C06277
C06278-K1,15841,C06278
C06279-K1,22938,C06279
C06280-K1,13207,C06280
C06281-K1,14752,C06281
C06282-K1,10377,C06282
C06283-K1,16273,C06283
C06284-K1,14533,C06284
C06285-K1,19632,C06285
C06286-K1,12443,C06286
C06287-K1,10478,C06287
C06288-K1,19007,C06288
C06289-K1,22391,C06289
C06290-K1,12481,C06290
C06291-K1,12089,C06291
C06292-K1,16257,C06292
C06293-K1,19622,C06293
C06294-K1,14078,C06294
C06295-K1,21035,C06295
C06296-K1,16430,C06296
C06297-K1,22354,C06297
C06298-K1,14571,C06298
C06299-K1,13236,C06299
C06300-K1,11367,C06300
C06301-K1,18823,C06301
C06302-K1,11540,C06302
C06303-K1,14201,C06303
C06304-K1,18093,C06304
C06305-K1,15894,C06305
C06306-K1,19975,C06306
C06307-K1,17870,C06307
C06308-K1,22352,C06308
C06309-K1,17264,C06309
C06310-K1,21459,C06310
C06311-K1,19238,C06311
C06312-K1,13474,C06312
C06313-K1,14409,C06313
C06314-K1,10684,C06314
C06315-K1,10919,C06315
C06316-K1,23245,C06316
C06317-K1,20998,C06317
C06318-K1,13039,C06318
C06319-K1,17350,C06319
C06320-K1,17435,C06320
C06321-K1,22650,C06321
C06322-K1,12229,C06322
C06323-K1,11378,C06323
C06324-K1,11048,C06324
C06325-K1,20068,C06325
C06326-K1,20413,C06326
C06327-K1,12616,C06327
C06328-K1,22833,C06328
C06329-K1,20025,C06329
C06330-K1,15680,C06330
C06331-K2,13978,C06331
C06332-K1,14276,C06332
C06333-K1,22750,C06333
C06334-K1,13264,C06334
C06335-K1,23242,C06335
C06336-K1,17520,C06336
C06337-K1,21747,C06337
C06338-K1,20542,C06338
C06339-K1,19187,C06339
C06340-K1,13966,C06340
C06341-K1,17295,C06341
C06342-K1,20431,C06342
C06343-K1,11070,C06343
C06344-K1,10297,C06344
C06345-K1,14076,C06345
C06346-K1,19883,C06346
C06347-K1,16696,C06347
C06348-K1,13071,C06348
C06349-K1,12903,C06349
C06350-K1,15917,C06350
C06351-K1,18161,C06351
C06352-K1,19624,C06352
C06353-K1,17993,C06353
C06354-K1,20342,C06354
C06355-K1,20430,C06355
C06356-K1,20742,C06356
C06357-K1,20576,C06357
C06358-K1,18512,C06358
C06359-K1,22556,C06359
C06360-K1,20895,C06360
C06361-K1,20296,C06361
C06362-K1,13315,C06362
C06363-K1,16272,C06363
C06364-K1,20937,C06364
C06365-K1,13806,C06365
C06366-K1,15089,C06366
C06367-K1,14902,C06367
C06368-K1,19732,C06368
C06369-K1,15189,C06369
C06370-K1,19552,C06370
C06371-K1,20179,C06371
C06372-K1,10988,C06372
C06373-K1,17947,C06373
C06374-K1,21914,C06374
C06375-K1,20069,C06375
C06376-K1,17514,C06376
C06377-K1,23177,C06377
C06378-K1,15650,C06378
C06379-K1,19664,C06379
C06380-K1,17410,C06380
C06381-K1,20474,C06381
C06382-K1,14036,C06382
C06383-K1,12612,C06383
C06384-K1,17767,C06384
C06385-K1,15546,C06385
C06386-K1,21894,C06386
C06387-K1,17598,C06387
C06388-K1,20315,C06388
C06389-K1,22808,C06389
C06390-K1,12019,C06390
C06391-K1,11888,C06391
C06392-K1,12874,C06392
C06393-K1,15562,C06393
C06394-K1,23212,C06394
C06395-K1,17052,C06395
C06396-K1,11887,C06396
C06397-K1,13968,C06397
C06398-K1,17439,C06398
C06399-K1,14088,C06399
C06400-K1,14488,C06400
C06401-K1,19711,C06401
C06402-K1,19833,C06402
C06403-K2,16488,C06403
C06404-K1,20007,C06404
C06405-K1,21989,C06405
C06406-K1,23183,C06406
C06407-K1,15330,C06407
C06408-K1,21017,C06408
C06409-K1,21683,C06409
C06410-K1,14512,C06410
C06411-K1,18481,C06411
C06412-K1,14222,C06412
C06413-K1,13809,C06413
C06414-K1,14683,C06414
C06415-K1,10293,C06415
C06416-K1,10402,C06416
C06417-K1,16616,C06417
C06418-K1,16808,C06418
C06419-K1,19151,C06419
C06420-K1,17695,C06420
C06421-K1,20651,C06421
C06422-K1,17048,C06422
C06423-K1,22084,C06423
C06424-K1,11326,C06424
C06425-K1,15270,C06425
C06426-K1,17785,C06426
C06427-K1,21583,C06427
C06428-K1,12365,C06428
C06429-K1,21959,C06429
C06430-K1,17043,C06430
C06431-K1,13882,C06431
C06432-K1,16169,C06432
C06433-K1,19654,C06433
C06434-K1,19822,C06434
C06435-K1,13182,C06435
C06436-K1,15252,C06436
C06437-K1,12014,C06437
C06438-K1,23162,C06438
C06439-K1,10625,C06439
C06440-K1,12706,C06440
C06441-K1,16994,C06441
C06442-K1,16327,C06442
C06443-K1,23315,C06443
C06444-K1,14402,C06444
C06445-K1,14101,C06445
C06446-K1,18351,C06446
C06447-K1,22754,C06447
C06448-K1,17985,C06448
C06449-K1,14710,C06449
C06450-K1,11516,C06450
C06451-K1,19183,C06451
C06452-K1,19675,C06452
C06453-K1,20443,C06453
C06454-K1,20274,C06454
C06455-K1,12073,C06455
C06456-K1,19295,C06456
C06457-K1,15571,C06457
C06458-K1,19205,C06458
C06459-K1,13599,C06459
C06460-K1,20275,C06460
C06461-K1,23375,C06461
C06462-K1,12121,C06462
C06463-K1,22446,C06463
C06464-K1,12548,C06464
C06465-K1,11986,C06465
C06466-K1,10756,C06466
C06467-K1,16330,C06467
C06468-K1,11784,C06468
C06469-K1,11239,C06469
C06470-K1,17170,C06470
C06471-K1,16399,C06471
C06472-K1,20746,C06472
C06473-K1,22681,C06473
C06474-K1,23008,C06474
C06475-K1,12189,C06475
C06476-K1,14531,C06476
C06477-K1,16490,C06477
C06478-K1,15616,C06478
C06479-K1,10702,C06479
C06480-K1,18712,C06480
C06481-K1,11732,C06481
C06482-K1,18097,C06482
C06483-K1,22717,C06483
C06484-K1,22721,C06484
C06485-K1,18821,C06485
C06486-K1,17688,C06486
C06487-K1,21119,C06487
C06488-K1,14545,C06488
C06489-K1,15598,C06489
C06490-K1,15247,C06490
C06491-K1,15476,C06491
C06492-K1,12408,C06492
C06493-K1,13156,C06493
C06494-K2,16109,C06494
C06495-K1,19837,C06495
C06496-K1,15677,C06496
C06497-K1,11437,C06497
C06498-K1,22150,C06498
C06499-K1,18044,C06499
C06500-K1,15153,C06500
C06501-K1,20158,C06501
C06502-K1,14734,C06502
C06503-K1,10274,C06503
C06504-K1,20003,C06504
C06505-K1,11770,C06505
C06506-K1,16005,C06506
C06507-K1,21755,C06507
C06508-K1,13087,C06508
C06509-K1,22392,C06509
C06510-K1,13036,C06510
C06511-K1,16996,C06511
C06512-K1,12869,C06512
C06513-K1,12982,C06513
C06514-K1,19091,C06514
C06515-K1,13108,C06515
C06516-K1,10134,C06516
C06517-K1,10899,C06517
C06518-K1,18678,C06518
C06519-K1,12205,C06519
C06520-K1,14874,C06520
C06521-K1,23213,C06521
C06522-K1,12961,C06522
C06523-K1,16197,C06523
C06524-K1,22284,C06524
C06525-K1,18700,C06525
C06526-K1,21399,C06526
C06527-K1,20811,C06527
C06528-K1,12085,C06528
C06529-K1,16202,C06529
C06530-K1,14522,C06530
C06531-K1,14225,C06531
C06532-K2,22016,C06532
C06533-K1,17661,C06533
C06534-K1,22882,C06534
C06535-K1,21595,C06535
C06536-K1,17240,C06536
C06537-K1,16901,C06537
C06538-K1,19232,C06538
C06539-K1,10057,C06539
C06540-K1,14525,C06540
C06541-K1,21729,C06541
C06542-K1,16000,C06542
C06543-K1,17271,C06543
C06544-K1,13906,C06544
C06545-K1,12005,C06545
C06546-K1,21687,C06546
C06547-K1,14628,C06547
C06548-K1,22031,C06548
C06549-K1,19440,C06549
C06550-K1,21395,C06550
C06551-K1,21727,C06551
C06552-K1,15682,C06552
C06553-K1,13225,C06553
C06554-K1,20200,C06554
C06555-K1,14577,C06555
C06556-K1,15415,C06556
C06557-K1,18339,C06557
C06558-K1,20821,C06558
C06559-K1,11180,C06559
C06560-K1,14960,C06560
C06561-K1,14393,C06561
C06562-K1,23259,C06562
C06563-K1,11426,C06563
C06564-K1,18323,C06564
C06565-K1,17952,C06565
C06566-K1,19763,C06566
C06567-K1,21644,C06567
C06568-K1,13907,C06568
C06569-K1,16115,C06569
C06570-K1,10419,C06570
C06571-K1,17021,C06571
C06572-K1,14976,C06572
C06573-K1,20654,C06573
C06574-K1,21494,C06574
C06575-K1,16076,C06575
C06576-K1,18225,C06576
C06577-K1,18843,C06577
C06578-K1,19665,C06578
C06579-K1,13262,C06579
C06580-K1,18967,C06580
C06581-K1,23336,C06581
C06582-K2,21145,C06582
C06583-K1,11389,C06583
C06584-K1,20236,C06584
C06585-K1,19997,C06585
C06586-K1,14755,C06586
C06587-K1,22064,C06587
C06588-K1,15596,C06588
C06589-K1,18624,C06589
C06590-K1,13261,C06590
C06591-K1,10436,C06591
C06592-K1,11169,C06592
C06593-K1,17238,C06593
C06594-K1,22365,C06594
C06595-K1,11438,C06595
C06596-K1,14712,C06596
C06597-K1,22539,C06597
C06598-K1,14147,C06598
C06599-K1,21281,C06599
C06600-K1,16652,C06600
C06601-K1,21422,C06601
C06602-K1,10306,C06602
C06603-K1,14817,C06603
C06604-K1,22201,C06604
C06605-K1,19615,C06605
C06606-K1,12637,C06606
C06607-K1,22944,C06607
C06608-K1,10196,C06608
C06609-K1,16791,C06609
C06610-K1,16346,C06610
C06611-K1,18412,C06611
C06612-K1,19071,C06612
C06613-K1,22259,C06613
C06614-K1,22659,C06614
C06615-K1,13609,C06615
C06616-K1,10927,C06616
C06617-K1,10765,C06617
C06618-K1,21230,C06618
C06619-K1,10257,C06619
C06620-K1,23508,C06620
C06621-K1,20328,C06621
C06622-K1,17603,C06622
C06623-K1,22294,C06623
C06624-K1,12099,C06624
C06625-K1,20731,C06625
C06626-K1,13082,C06626
C06627-K1,20198,C06627
C06628-K1,20084,C06628
C06629-K1,21998,C06629
C06630-K2,19691,C06630
C06631-K1,13176,C06631
C06632-K1,22760,C06632
C06633-K1,22151,C06633
C06634-K1,15375,C06634
C06635-K1,17584,C06635
C06636-K1,21750,C06636
C06637-K1,17383,C06637
C06638-K1,19025,C06638
C06639-K1,18736,C06639
C06640-K1,23002,C06640
C06641-K1,15587,C06641
C06642-K1,10600,C06642
C06643-K1,19285,C06643
C06644-K1,16155,C06644
C06645-K1,14079,C06645
C06646-K1,23420,C06646
C06647-K1,10295,C06647
C06648-K1,21901,C06648
C06649-K1,21274,C06649
C06650-K2,22350,C06650
C06651-K1,20373,C06651
C06652-K1,12827,C06652
C06653-K1,20175,C06653
C06654-K1,23545,C06654
C06655-K1,14438,C06655
C06656-K1,20938,C06656
C06657-K1,13640,C06657
C06658-K1,13334,C06658
C06659-K1,15416,C06659
C06660-K1,13373,C06660
C06661-K1,10307,C06661
C06662-K1,15070,C06662
C06663-K2,19526,C06663
C06664-K1,16384,C06664
C06665-K1,10270,C06665
C06666-K1,15558,C06666
C06667-K1,22065,C06667
C06668-K1,21445,C06668
C06669-K1,16900,C06669
C06670-K1,15380,C06670
C06671-K1,20587,C06671
C06672-K1,11512,C06672
C06673-K1,11691,C06673
C06674-K1,11787,C06674
C06675-K1,22674,C06675
C06676-K1,11146,C06676
C06677-K1,21907,C06677
C06678-K1,12711,C06678
C06679-K1,12098,C06679
C06680-K1,19439,C06680
C06681-K1,13789,C06681
C06682-K1,15787,C06682
C06683-K1,15888,C06683
C06684-K1,22250,C06684
C06685-K1,20120,C06685
C06686-K1,19991,C06686
C06687-K1,21027,C06687
C06688-K1,20840,C06688
C06689-K1,17518,C06689
C06690-K1,15772,C06690
C06691-K1,23370,C06691
C06692-K1,13098,C06692
C06693-K1,13871,C06693
C06694-K1,17810,C06694
C06695-K1,15962,C06695
C06696-K1,12475,C06696
C06697-K1,10794,C06697
C06698-K1,12131,C06698
C06699-K1,11305,C06699
C06700-K1,22476,C06700
C06701-K1,10823,C06701
C06702-K1,12170,C06702
C06703-K1,16262,C06703
C06704-K1,11515,C06704
C06705-K1,21192,C06705
C06706-K1,11348,C06706
C06707-K1,22062,C06707
C06708-K2,21568,C06708
C06709-K1,12535,C06709
C06710-K1,19277,C06710
C06711-K1,19429,C06711
C06712-K1,20800,C06712
C06713-K1,18396,C06713
C06714-K1,20848,C06714
C06715-K1,23381,C06715
C06716-K1,14762,C06716
C06717-K1,17532,C06717
C06718-K1,10688,C06718
C06719-K1,13737,C06719
C06720-K1,12366,C06720
C06721-K1,11654,C06721
C06722-K1,18426,C06722
C06723-K1,17490,C06723
C06724-K1,10374,C06724
C06725-K1,14835,C06725
C06726-K1,15175,C06726
C06727-K1,22427,C06727
C06728-K1,14726,C06728
C06729-K1,22198,C06729
C06730-K1,13710,C06730
C06731-K1,20595,C06731
C06732-K1,14219,C06732
C06733-K1,22166,C06733
C06734-K1,22608,C06734
C06735-K1,16433,C06735
C06736-K1,23153,C06736
C06737-K1,10073,C06737
C06738-K1,16752,C06738
C06739-K1,16484,C06739
C06740-K1,18232,C06740
C06741-K1,19633,C06741
C06742-K1,14238,C06742
C06743-K1,11109,C06743
C06744-K2,19430,C06744
C06745-K1,17814,C06745
C06746-K1,17339,C06746
C06747-K1,18034,C06747
C06748-K1,16154,C06748
C06749-K1,11975,C06749
C06750-K1,17849,C06750
C06751-K1,19033,C06751
C06752-K1,13841,C06752
C06753-K1,14920,C06753
C06754-K1,18793,C06754
C06755-K1,14349,C06755
C06756-K1,14825,C06756
C06757-K1,10621,C06757
C06758-K1,16513,C06758
C06759-K1,20836,C06759
C06760-K1,14452,C06760
C06761-K1,14883,C06761
C06762-K1,18569,C06762
C06763-K1,12552,C06763
C06764-K2,13651,C06764
C06765-K1,22094,C06765
C06766-K1,16034,C06766
C06767-K1,18272,C06767
C06768-K1,19213,C06768
C06769-K1,18193,C06769
C06770-K1,21592,C06770
C06771-K1,15217,C06771
C06772-K1,18549,C06772
C06773-K1,19903,C06773
C06774-K1,15490,C06774
C06775-K1,10928,C06775
C06776-K1,18545,C06776
C06777-K1,15187,C06777
C06778-K1,16414,C06778
C06779-K1,17466,C06779
C06780-K1,15590,C06780
C06781-K1,21376,C06781
C06782-K1,14970,C06782
C06783-K1,17980,C06783
C06784-K1,13879,C06784
C06785-K1,15512,C06785
C06786-K1,15666,C06786
C06787-K1,11725,C06787
C06788-K1,16735,C06788
C06789-K1,18109,C06789
C06790-K1,20058,C06790
C06791-K1,20646,C06791
C06792-K1,15145,C06792
C06793-K1,12540,C06793
C06794-K1,12764,C06794
C06795-K1,17200,C06795
C06796-K1,20696,C06796
C06797-K1,21353,C06797
C06798-K1,23129,C06798
C06799-K1,11563,C06799
C06800-K1,18895,C06800
C06801-K1,11496,C06801
C06802-K1,18649,C06802
C06803-K1,12464,C06803
C06804-K1,14758,C06804
C06805-K1,23219,C06805
C06806-K1,16576,C06806
C06807-K1,13265,C06807
C06808-K1,11140,C06808
C06809-K1,13376,C06809
C06810-K1,22425,C06810
C06811-K1,14469,C06811
C06812-K1,10021,C06812
C06813-K1,14685,C06813
C06814-K1,12308,C06814
C06815-K1,13671,C06815
C06816-K1,11754,C06816
C06817-K1,21527,C06817
C06818-K1,12701,C06818
C06819-K1,10261,C06819
C06820-K1,14587,C06820
C06821-K1,13463,C06821
C06822-K1,17036,C06822
C06823-K1,21481,C06823
C06824-K1,11612,C06824
C06825-K1,15662,C06825
C06826-K1,20333,C06826
C06827-K1,20393,C06827
C06828-K1,18758,C06828
C06829-K1,19795,C06829
C06830-K1,17907,C06830
C06831-K1,17004,C06831
C06832-K1,10454,C06832
C06833-K1,17725,C06833
C06834-K1,13650,C06834
C06835-K2,13228,C06835
C06836-K1,21884,C06836
C06837-K1,16675,C06837
C06838-K1,11764,C06838
C06839-K1,22972,C06839
C06840-K1,12032,C06840
C06841-K1,21640,C06841
C06842-K1,18364,C06842
C06843-K1,22885,C06843
C06844-K1,21064,C06844
C06845-K1,12832,C06845
C06846-K1,12624,C06846
C06847-K1,10612,C06847
C06848-K1,22141,C06848
C06849-K1,11280,C06849
C06850-K1,17362,C06850
C06851-K1,19597,C06851
C06852-K1,17506,C06852
C06853-K1,16379,C06853
C06854-K1,22194,C06854
C06855-K1,14517,C06855
C06856-K1,12507,C06856
C06857-K1,16729,C06857
C06858-K1,16151,C06858
C06859-K1,14336,C06859
C06860-K1,16722,C06860
C06861-K1,13923,C06861
C06862-K1,15128,C06862
C06863-K1,23530,C06863
C06864-K1,15180,C06864
C06865-K1,13470,C06865
C06866-K1,20550,C06866
C06867-K1,15110,C06867
C06868-K1,14830,C06868
C06869-K1,10087,C06869
C06870-K1,18643,C06870
C06871-K1,20212,C06871
C06872-K1,20698,C06872
C06873-K1,16179,C06873
C06874-K1,11872,C06874
C06875-K1,19992,C06875
C06876-K1,21243,C06876
C06877-K1,11217,C06877
C06878-K1,21314,C06878
C06879-K1,23395,C06879
C06880-K1,13050,C06880
C06881-K1,10115,C06881
C06882-K1,22465,C06882
C06883-K1,20855,C06883
C06884-K1,14240,C06884
C06885-K1,20892,C06885
C06886-K1,20020,C06886
C06887-K1,18201,C06887
C06888-K1,20771,C06888
C06889-K1,13657,C06889
C06890-K1,20464,C06890
C06891-K1,21681,C06891
C06892-K1,12277,C06892
C06893-K1,12596,C06893
C06894-K1,22842,C06894
C06895-K1,11536,C06895
C06896-K1,14625,C06896
C06897-K1,11971,C06897
C06898-K1,16475,C06898
C06899-K1,14030,C06899
C06900-K1,13476,C06900
C06901-K1,22027,C06901
C06902-K1,12051,C06902
C06903-K1,12493,C06903
C06904-K1,14558,C06904
C06905-K1,19081,C06905
C06906-K1,16110,C06906
C06907-K1,10433,C06907
C06908-K1,18204,C06908
C06909-K1,20622,C06909
C06910-K1,16811,C06910
C06911-K1,14697,C06911
C06912-K1,20668,C06912
C06913-K1,10615,C06913
C06914-K1,22280,C06914
C06915-K1,20113,C06915
C06916-K1,13123,C06916
C06917-K1,18567,C06917
C06918-K1,13656,C06918
C06919-K1,21615,C06919
C06920-K1,13173,C06920
C06921-K1,14310,C06921
C06922-K1,12398,C06922
C06923-K1,17714,C06923
C06924-K1,14143,C06924
C06925-K1,17513,C06925
C06926-K1,19517,C06926
C06927-K1,23287,C06927
C06928-K1,10132,C06928
C06929-K1,10463,C06929
C06930-K1,12254,C06930
C06931-K1,12766,C06931
C06932-K1,15260,C06932
C06933-K1,13641,C06933
C06934-K1,12587,C06934
C06935-K1,18778,C06935
C06936-K1,11291,C06936
C06937-K1,17390,C06937
C06938-K1,15152,C06938
C06939-K1,23496,C06939
C06940-K1,19682,C06940
C06941-K1,15295,C06941
C06942-K2,23511,C06942
C06943-K1,15381,C06943
C06944-K1,19901,C06944
C06945-K1,22820,C06945
C06946-K1,17359,C06946
C06947-K2,13432,C06947
C06948-K1,18450,C06948
C06949-K1,18192,C06949
C06950-K1,10857,C06950
C06951-K1,18461,C06951
C06952-K1,18730,C06952
C06953-K1,14939,C06953
C06954-K1,18326,C06954
C06955-K1,12820,C06955
C06956-K1,18934,C06956
C06957-K1,11869,C06957
C06958-K1,14028,C06958
C06959-K1,22831,C06959
C06960-K1,23518,C06960
C06961-K1,21543,C06961
C06962-K2,16301,C06962
C06963-K1,16135,C06963
C06964-K1,11203,C06964
C06965-K1,10015,C06965
C06966-K1,15989,C06966
C06967-K1,17255,C06967
C06968-K1,21777,C06968
C06969-K1,10738,C06969
C06970-K1,20232,C06970
C06971-K1,18374,C06971
C06972-K1,18561,C06972
C06973-K1,17895,C06973
C06974-K1,11463,C06974
C06975-K1,12188,C06975
C06976-K1,12336,C06976
C06977-K1,10648,C06977
C06978-K1,10444,C06978
C06979-K1,20965,C06979
C06980-K1,15914,C06980
C06981-K1,23531,C06981
C06982-K1,12936,C06982
C06983-K1,18045,C06983
C06984-K1,13333,C06984
C06985-K1,16298,C06985
C06986-K1,23107,C06986
C06987-K1,14774,C06987
C06988-K1,16766,C06988
C06989-K1,21342,C06989
C06990-K1,23533,C06990
C06991-K1,20889,C06991
C06992-K1,13561,C06992
C06993-K1,14406,C06993
C06994-K1,14481,C06994
C06995-K1,14574,C06995
C06996-K1,18300,C06996
C06997-K1,17424,C06997
C06998-K1,10922,C06998
C06999-K1,16218,C06999
C07000-K1,10368,C07000
C07001-K1,21043,C07001
C07002-K1,18247,C07002
C07003-K1,19516,C07003
C07004-K1,11574,C07004
C07005-K1,14585,C07005
C07006-K1,17551,C07006
C07007-K1,11795,C07007
C07008-K1,10372,C07008
C07009-K1,14215,C07009
C07010-K1,13868,C07010
C07011-K1,22357,C07011
C07012-K1,19998,C07012
C07013-K1,13564,C07013
C07014-K1,17312,C07014
C07015-K1,21398,C07015
C07016-K1,13955,C07016
C07017-K1,20928,C07017
C07018-K1,14298,C07018
C07019-K1,23512,C07019
C07020-K1,21301,C07020
C07021-K1,16277,C07021
C07022-K1,22454,C07022
C07023-K1,10079,C07023
C07024-K1,20553,C07024
C07025-K1,21320,C07025
C07026-K1,15359,C07026
C07027-K1,10443,C07027
C07028-K1,17276,C07028
C07029-K1,21417,C07029
C07030-K1,13107,C07030
C07031-K1,20014,C07031
C07032-K1,10986,C07032
C07033-K1,10099,C07033
C07034-K1,19075,C07034
C07035-K1,14544,C07035
C07036-K1,12997,C07036
C07037-K1,13502,C07037
C07038-K1,11616,C07038
C07039-K1,14826,C07039
C07040-K1,14543,C07040
C07041-K1,19167,C07041
C07042-K1,11712,C07042
C07043-K1,15508,C07043
C07044-K1,20112,C07044
C07045-K1,23269,C07045
C07046-K1,18290,C07046
C07047-K1,22829,C07047
C07048-K1,17898,C07048
C07049-K1,21792,C07049
C07050-K1,12090,C07050
C07051-K1,17741,C07051
C07052-K1,20081,C07052
C07053-K1,15201,C07053
C07054-K1,22690,C07054
C07055-K1,15733,C07055
C07056-K1,15161,C07056
C07057-K1,20992,C07057
C07058-K1,22289,C07058
C07059-K1,18536,C07059
C07060-K1,22178,C07060
C07061-K1,22774,C07061
C07062-K1,16309,C07062
C07063-K1,14800,C07063
C07064-K1,10989,C07064
C07065-K1,19480,C07065
C07066-K1,19340,C07066
C07067-K1,12939,C07067
C07068-K1,14789,C07068
C07069-K1,10427,C07069
C07070-K1,17320,C07070
C07071-K1,11983,C07071
C07072-K1,14656,C07072
C07073-K1,17845,C07073
C07074-K1,15038,C07074
C07075-K1,13942,C07075
C07076-K1,22752,C07076
C07077-K1,17462,C07077
C07078-K1,19819,C07078
C07079-K1,22999,C07079
C07080-K1,14737,C07080
C07081-K1,22680,C07081
C07082-K1,19780,C07082
C07083-K1,22824,C07083
C07084-K1,20332,C07084
C07085-K1,18397,C07085
C07086-K1,15904,C07086
C07087-K1,19405,C07087
C07088-K1,21098,C07088
C07089-K1,17627,C07089
C07090-K1,10028,C07090
C07091-K1,16312,C07091
C07092-K1,19293,C07092
C07093-K1,23540,C07093
C07094-K1,18224,C07094
C07095-K1,17590,C07095
C07096-K2,16104,C07096
C07097-K1,11775,C07097
C07098-K1,11127,C07098
C07099-K1,18980,C07099
C07100-K1,21597,C07100
C07101-K1,11731,C07101
C07102-K1,14595,C07102
C07103-K1,16757,C07103
C07104-K1,14128,C07104
C07105-K1,18645,C07105
C07106-K1,12747,C07106
C07107-K1,14050,C07107
C07108-K1,19670,C07108
C07109-K1,12799,C07109
C07110-K1,16477,C07110
C07111-K1,12918,C07111
C07112-K1,11382,C07112
C07113-K1,10088,C07113
C07114-K1,11229,C07114
C07115-K1,21233,C07115
C07116-K1,19937,C07116
C07117-K1,21767,C07117
C07118-K1,20872,C07118
C07119-K1,22689,C07119
C07120-K1,11919,C07120
C07121-K1,14592,C07121
C07122-K1,20374,C07122
C07123-K1,11711,C07123
C07124-K1,11824,C07124
C07125-K1,16052,C07125
C07126-K1,19326,C07126
C07127-K1,21347,C07127
C07128-K1,11450,C07128
C07129-K1,19889,C07129
C07130-K1,15526,C07130
C07131-K1,19750,C07131
C07132-K1,21438,C07132
C07133-K1,10141,C07133
C07134-K2,10224,C07134
C07135-K1,21277,C07135
C07136-K1,16058,C07136
C07137-K1,14889,C07137
C07138-K1,15657,C07138
C07139-K1,13705,C07139
C07140-K1,23405,C07140
C07141-K1,18623,C07141
C07142-K1,11407,C07142
C07143-K1,13499,C07143
C07144-K1,20229,C07144
C07145-K1,19156,C07145
C07146-K1,11186,C07146
C07147-K1,16861,C07147
C07148-K1,19972,C07148
C07149-K2,12848,C07149
C07150-K1,19325,C07150
C07151-K1,22852,C07151
C07152-K1,11417,C07152
C07153-K1,21757,C07153
C07154-K1,18096,C07154
C07155-K1,19385,C07155
C07156-K1,15054,C07156
C07157-K1,13249,C07157
C07158-K1,20304,C07158
C07159-K1,10212,C07159
C07160-K1,11934,C07160
C07161-K1,10603,C07161
C07162-K1,23390,C07162
C07163-K1,18458,C07163
C07164-K1,16656,C07164
C07165-K1,23416,C07165
C07166-K1,15912,C07166
C07167-K1,15288,C07167
C07168-K1,20649,C07168
C07169-K1,16619,C07169
C07170-K1,17963,C07170
C07171-K2,12434,C07171
C07172-K1,15454,C07172
C07173-K1,12506,C07173
C07174-K1,11200,C07174
C07175-K1,19119,C07175
C07176-K1,22448,C07176
C07177-K1,22935,C07177
C07178-K1,20917,C07178
C07179-K1,14316,C07179
C07180-K1,18168,C07180
C07181-K1,18997,C07181
C07182-K1,19905,C07182
C07183-K1,14526,C07183
C07184-K1,11782,C07184
C07185-K2,15478,C07185
C07186-K1,23396,C07186
C07187-K1,18917,C07187
C07188-K1,15550,C07188
C07189-K1,15424,C07189
C07190-K1,13747,C07190
C07191-K1,14342,C07191
C07192-K1,22082,C07192
C07193-K1,10904,C07193
C07194-K1,21898,C07194
C07195-K1,11878,C07195
C07196-K2,11171,C07196
C07197-K1,15739,C07197
C07198-K1,17453,C07198
C07199-K1,10203,C07199
C07200-K1,14714,C07200
C07201-K1,23406,C07201
C07202-K1,22112,C07202
C07203-K1,22129,C07203
C07204-K1,20249,C07204
C07205-K1,20704,C07205
C07206-K1,22052,C07206
C07207-K1,14214,C07207
C07208-K1,10236,C07208
C07209-K1,23216,C07209
C07210-K1,17469,C07210
C07211-K1,10826,C07211
C07212-K2,15876,C07212
C07213-K1,18365,C07213
C07214-K1,17507,C07214
C07215-K1,11004,C07215
C07216-K1,12655,C07216
C07217-K1,19577,C07217
C07218-K1,15196,C07218
C07219-K1,12585,C07219
C07220-K1,22782,C07220
C07221-K1,20114,C07221
C07222-K1,10508,C07222
C07223-K1,19886,C07223
C07224-K1,13946,C07224
C07225-K1,18356,C07225
C07226-K1,19009,C07226
C07227-K2,23292,C07227
C07228-K1,12740,C07228
C07229-K1,21383,C07229
C07230-K1,12419,C07230
C07231-K1,10593,C07231
C07232-K1,20472,C07232
C07233-K1,16586,C07233
C07234-K1,16634,C07234
C07235-K1,20233,C07235
C07236-K1,10371,C07236
C07237-K1,12151,C07237
C07238-K1,16887,C07238
C07239-K1,15796,C07239
C07240-K1,21153,C07240
C07241-K1,23019,C07241
C07242-K1,19818,C07242
C07243-K1,11618,C07243
C07244-K1,17589,C07244
C07245-K1,18495,C07245
C07246-K1,10006,C07246
C07247-K1,11895,C07247
C07248-K1,18046,C07248
C07249-K1,22066,C07249
C07250-K1,18662,C07250
C07251-K1,10687,C07251
C07252-K1,22637,C07252
C07253-K1,10993,C07253
C07254-K1,13673,C07254
C07255-K1,19951,C07255
C07256-K2,19873,C07256
C07257-K1,13819,C07257
C07258-K1,17717,C07258
C07259-K1,15022,C07259
C07260-K1,19133,C07260
C07261-K1,13366,C07261
C07262-K1,11139,C07262
C07263-K1,21639,C07263
C07264-K1,14645,C07264
C07265-K1,13574,C07265
C07266-K1,15495,C07266
C07267-K1,21558,C07267
C07268-K1,21868,C07268
C07269-K1,10999,C07269
C07270-K1,12555,C07270
C07271-K1,18087,C07271
C07272-K1,23535,C07272
C07273-K1,12084,C07273
C07274-K1,13121,C07274
C07275-K1,10202,C07275
C07276-K1,23349,C07276
C07277-K1,20618,C07277
C07278-K1,22894,C07278
C07279-K1,14589,C07279
C07280-K1,16165,C07280
C07281-K1,17222,C07281
C07282-K1,10637,C07282
C07283-K1,14570,C07283
C07284-K1,21251,C07284
C07285-K1,20502,C07285
C07286-K1,20314,C07286
C07287-K1,16269,C07287
C07288-K1,15493,C07288
C07289-K1,18613,C07289
C07290-K1,22957,C07290
C07291-K1,18498,C07291
C07292-K1,10987,C07292
C07293-K1,15344,C07293
C07294-K1,11017,C07294
C07295-K1,18320,C07295
C07296-K1,23103,C07296
C07297-K1,13729,C07297
C07298-K1,14719,C07298
C07299-K1,23459,C07299
C07300-K1,20348,C07300
C07301-K1,16095,C07301
C07302-K1,11153,C07302
C07303-K1,22622,C07303
C07304-K1,16396,C07304
C07305-K1,18944,C07305
C07306-K1,20954,C07306
C07307-K1,20922,C07307
C07308-K1,10219,C07308
C07309-K1,19038,C07309
C07310-K1,20310,C07310
C07311-K1,14432,C07311
C07312-K1,11584,C07312
C07313-K1,16570,C07313
C07314-K1,10171,C07314
C07315-K1,22176,C07315
C07316-K1,11604,C07316
C07317-K1,12912,C07317
C07318-K1,17800,C07318
C07319-K1,11659,C07319
C07320-K1,11136,C07320
C07321-K1,14221,C07321
C07322-K1,19255,C07322
C07323-K1,22098,C07323
C07324-K1,23185,C07324
C07325-K1,13874,C07325
C07326-K1,20734,C07326
C07327-K1,12343,C07327
C07328-K1,10409,C07328
C07329-K1,21254,C07329
C07330-K1,19735,C07330
C07331-K1,17415,C07331
C07332-K1,21492,C07332
C07333-K1,15246,C07333
C07334-K1,10964,C07334
C07335-K1,18385,C07335
C07336-K1,16763,C07336
C07337-K1,17497,C07337
C07338-K1,10014,C07338
C07339-K1,14773,C07339
C07340-K1,20709,C07340
C07341-K1,12328,C07341
C07342-K1,13817,C07342
C07343-K1,21416,C07343
C07344-K1,18350,C07344
C07345-K1,20597,C07345
C07346-K1,21536,C07346
C07347-K1,21253,C07347
C07348-K1,21697,C07348
C07349-K1,10893,C07349
C07350-K1,23466,C07350
C07351-K1,19585,C07351
C07352-K1,10480,C07352
C07353-K1,10512,C07353
C07354-K2,10510,C07354
C07355-K1,12861,C07355
C07356-K1,15634,C07356
C07357-K1,10096,C07357
C07358-K1,11208,C07358
C07359-K1,13230,C07359
C07360-K1,18129,C07360
C07361-K1,19125,C07361
C07362-K1,17997,C07362
C07363-K1,18017,C07363
C07364-K1,17588,C07364
C07365-K1,15455,C07365
C07366-K1,12571,C07366
C07367-K1,15136,C07367
C07368-K1,12671,C07368
C07369-K1,16173,C07369
C07370-K1,12878,C07370
C07371-K1,11881,C07371
C07372-K1,12157,C07372
C07373-K1,15406,C07373
C07374-K1,15336,C07374
C07375-K1,17474,C07375
C07376-K1,22334,C07376
C07377-K1,15397,C07377
C07378-K1,15573,C07378
C07379-K1,16980,C07379
C07380-K1,23334,C07380
C07381-K1,15249,C07381
C07382-K1,17370,C07382
C07383-K1,16850,C07383
C07384-K1,20912,C07384
C07385-K1,20482,C07385
C07386-K1,21100,C07386
C07387-K1,16731,C07387
C07388-K1,16421,C07388
C07389-K1,18297,C07389
C07390-K1,20508,C07390
C07391-K1,22107,C07391
C07392-K1,16324,C07392
C07393-K1,16227,C07393
C07394-K1,14326,C07394
C07395-K1,11840,C07395
C07396-K1,23166,C07396
C07397-K1,16004,C07397
C07398-K1,21219,C07398
C07399-K1,18560,C07399
C07400-K2,16320,C07400
C07401-K1,19043,C07401
C07402-K1,20053,C07402
C07403-K1,10556,C07403
C07404-K1,10608,C07404
C07405-K1,17634,C07405
C07406-K1,15618,C07406
C07407-K1,10323,C07407
C07408-K1,11080,C07408
C07409-K1,18617,C07409
C07410-K1,14740,C07410
C07411-K1,19527,C07411
C07412-K1,15467,C07412
C07413-K1,10806,C07413
C07414-K1,21372,C07414
C07415-K1,23426,C07415
C07416-K1,18771,C07416
C07417-K1,22379,C07417
C07418-K1,15468,C07418
C07419-K1,14654,C07419
C07420-K1,11903,C07420
C07421-K1,16654,C07421
C07422-K1,22880,C07422
C07423-K1,13245,C07423
C07424-K1,11406,C07424
C07425-K1,10817,C07425
C07426-K1,22169,C07426
C07427-K1,21517,C07427
C07428-K1,15985,C07428
C07429-K1,20569,C07429
C07430-K1,18522,C07430
C07431-K1,12061,C07431
C07432-K1,18644,C07432
C07433-K1,18614,C07433
C07434-K1,23273,C07434
C07435-K1,12500,C07435
C07436-K1,17293,C07436
C07437-K1,16568,C07437
C07438-K1,11969,C07438
C07439-K1,17136,C07439
C07440-K1,13009,C07440
C07441-K1,15280,C07441
C07442-K1,19721,C07442
C07443-K1,11605,C07443
C07444-K1,16941,C07444
C07445-K1,13186,C07445
C07446-K1,13598,C07446
C07447-K1,17793,C07447
C07448-K1,18905,C07448
C07449-K1,21804,C07449
C07450-K1,14339,C07450
C07451-K1,18675,C07451
C07452-K1,20897,C07452
C07453-K1,22599,C07453
C07454-K1,10400,C07454
C07455-K1,19858,C07455
C07456-K1,19826,C07456
C07457-K1,11409,C07457
C07458-K1,14924,C07458
C07459-K1,21026,C07459
C07460-K1,11325,C07460
C07461-K1,19496,C07461
C07462-K1,19231,C07462
C07463-K1,14299,C07463
C07464-K1,15374,C07464
C07465-K1,10180,C07465
C07466-K2,20183,C07466
C07467-K1,13403,C07467
C07468-K1,12257,C07468
C07469-K1,18108,C07469
C07470-K1,13053,C07470
C07471-K1,22004,C07471
C07472-K1,17508,C07472
C07473-K1,13615,C07473
C07474-K1,15601,C07474
C07475-K1,18813,C07475
C07476-K1,15728,C07476
C07477-K1,14367,C07477
C07478-K1,13905,C07478
C07479-K1,11297,C07479
C07480-K1,20824,C07480
C07481-K1,17539,C07481
C07482-K1,17020,C07482
C07483-K1,17623,C07483
C07484-K1,20877,C07484
C07485-K1,16003,C07485
C07486-K1,18837,C07486
C07487-K1,12963,C07487
C07488-K1,18243,C07488
C07489-K1,18716,C07489
C07490-K1,12487,C07490
C07491-K1,14309,C07491
C07492-K1,12522,C07492
C07493-K1,19464,C07493
C07494-K1,22396,C07494
C07495-K1,15744,C07495
C07496-K1,22582,C07496
C07497-K1,22302,C07497
C07498-K1,17115,C07498
C07499-K1,20231,C07499
C07500-K1,20124,C07500
C07501-K1,11440,C07501
C07502-K1,17419,C07502
C07503-K1,21930,C07503
C07504-K1,22533,C07504
C07505-K1,13515,C07505
C07506-K1,15704,C07506
C07507-K1,15308,C07507
C07508-K2,19950,C07508
C07509-K1,15452,C07509
C07510-K1,18333,C07510
C07511-K1,16075,C07511
C07512-K1,15363,C07512
C07513-K1,20756,C07513
C07514-K1,13489,C07514
C07515-K1,11076,C07515
C07516-K1,23072,C07516
C07517-K1,20403,C07517
C07518-K2,10546,C07518
C07519-K1,22719,C07519
C07520-K1,22675,C07520
C07521-K1,14395,C07521
C07522-K1,21828,C07522
C07523-K1,19549,C07523
C07524-K1,19493,C07524
C07525-K1,20398,C07525
C07526-K1,16183,C07526
C07527-K1,10707,C07527
C07528-K1,17297,C07528
C07529-K1,21256,C07529
C07530-K1,20898,C07530
C07531-K1,18460,C07531
C07532-K1,21739,C07532
C07533-K1,14210,C07533
C07534-K1,12078,C07534
C07535-K1,16141,C07535
C07536-K1,14461,C07536
C07537-K1,23501,C07537
C07538-K1,14002,C07538
C07539-K1,13928,C07539
C07540-K1,20089,C07540
C07541-K1,20313,C07541
C07542-K1,18596,C07542
C07543-K1,12709,C07543
C07544-K1,10084,C07544
C07545-K1,19229,C07545
C07546-K1,19880,C07546
C07547-K1,22470,C07547
C07548-K1,21885,C07548
C07549-K1,15866,C07549
C07550-K1,13553,C07550
C07551-K1,12048,C07551
C07552-K1,22329,C07552
C07553-K1,15417,C07553
C07554-K1,18820,C07554
C07555-K1,15393,C07555
C07556-K1,16795,C07556
C07557-K1,19661,C07557
C07558-K2,21171,C07558
C07559-K1,17837,C07559
C07560-K1,15294,C07560
C07561-K1,16325,C07561
C07562-K2,11735,C07562
C07563-K1,16922,C07563
C07564-K1,22235,C07564
C07565-K1,10990,C07565
C07566-K1,10732,C07566
C07567-K1,11006,C07567
C07568-K1,13055,C07568
C07569-K1,11011,C07569
C07570-K1,12965,C07570
C07571-K1,19786,C07571
C07572-K1,21345,C07572
C07573-K1,23546,C07573
C07574-K1,18001,C07574
C07575-K1,18390,C07575
C07576-K1,19840,C07576
C07577-K1,23061,C07577
C07578-K1,19149,C07578
C07579-K1,19199,C07579
C07580-K1,22688,C07580
C07581-K1,12237,C07581
C07582-K1,11859,C07582
C07583-K1,18233,C07583
C07584-K1,16020,C07584
C07585-K1,18755,C07585
C07586-K1,14114,C07586
C07587-K1,18407,C07587
C07588-K1,17703,C07588
C07589-K1,10640,C07589
C07590-K1,11890,C07590
C07591-K1,23379,C07591
C07592-K1,12407,C07592
C07593-K1,10097,C07593
C07594-K1,16394,C07594
C07595-K1,22626,C07595
C07596-K1,14442,C07596
C07597-K1,19301,C07597
C07598-K1,17015,C07598
C07599-K1,13309,C07599
C07600-K1,11460,C07600
C07601-K1,12243,C07601
C07602-K1,19344,C07602
C07603-K1,15735,C07603
C07604-K1,14532,C07604
C07605-K1,10721,C07605
C07606-K1,18455,C07606
C07607-K1,22535,C07607
C07608-K1,23012,C07608
C07609-K1,14819,C07609
C07610-K1,21980,C07610
C07611-K1,21125,C07611
C07612-K1,17847,C07612
C07613-K1,21579,C07613
C07614-K2,23253,C07614
C07615-K1,10215,C07615
C07616-K1,10247,C07616
C07617-K1,13595,C07617
C07618-K1,20097,C07618
C07619-K1,16382,C07619
C07620-K1,23163,C07620
C07621-K1,19261,C07621
C07622-K1,13081,C07622
C07623-K1,11707,C07623
C07624-K1,14216,C07624
C07625-K1,14553,C07625
C07626-K1,13712,C07626
C07627-K1,15591,C07627
C07628-K1,15048,C07628
C07629-K1,19173,C07629
C07630-K1,21466,C07630
C07631-K1,14412,C07631
C07632-K1,13062,C07632
C07633-K1,12807,C07633
C07634-K1,19828,C07634
C07635-K1,11191,C07635
C07636-K1,11336,C07636
C07637-K1,17402,C07637
C07638-K1,23519,C07638
C07639-K1,12433,C07639
C07640-K1,14396,C07640
C07641-K1,13930,C07641
C07642-K1,14195,C07642
C07643-K1,18258,C07643
C07644-K1,22242,C07644
C07645-K1,12332,C07645
C07646-K2,17080,C07646
C07647-K1,16288,C07647
C07648-K2,17784,C07648
C07649-K1,14385,C07649
C07650-K1,11327,C07650
C07651-K1,22647,C07651
C07652-K1,14449,C07652
C07653-K1,10742,C07653
C07654-K1,13088,C07654
C07655-K1,22720,C07655
C07656-K1,17902,C07656
C07657-K1,17921,C07657
C07658-K1,12794,C07658
C07659-K1,15563,C07659
C07660-K1,21690,C07660
C07661-K1,17472,C07661
C07662-K1,22603,C07662
C07663-K1,10708,C07663
C07664-K1,12494,C07664
C07665-K1,12795,C07665
C07666-K1,21947,C07666
C07667-K1,21822,C07667
C07668-K1,12899,C07668
C07669-K1,18173,C07669
C07670-K1,20904,C07670
C07671-K2,22756,C07671
C07672-K1,12673,C07672
C07673-K1,20834,C07673
C07674-K1,13801,C07674
C07675-K1,10998,C07675
C07676-K1,12471,C07676
C07677-K1,23307,C07677
C07678-K1,17204,C07678
C07679-K1,14927,C07679
C07680-K1,21759,C07680
C07681-K1,16128,C07681
C07682-K1,12207,C07682
C07683-K1,16702,C07683
C07684-K1,15403,C07684
C07685-K1,17465,C07685
C07686-K1,21232,C07686
C07687-K1,16086,C07687
C07688-K1,15863,C07688
C07689-K1,21534,C07689
C07690-K1,19459,C07690
C07691-K1,19296,C07691
C07692-K1,17972,C07692
C07693-K1,19099,C07693
C07694-K1,12260,C07694
C07695-K1,20565,C07695
C07696-K1,14242,C07696
C07697-K1,23408,C07697
C07698-K1,10652,C07698
C07699-K1,16378,C07699
C07700-K1,22665,C07700
C07701-K1,12741,C07701
C07702-K1,20260,C07702
C07703-K2,12958,C07703
C07704-K1,22846,C07704
C07705-K1,20259,C07705
C07706-K1,14486,C07706
C07707-K1,21676,C07707
C07708-K1,11571,C07708
C07709-K1,10391,C07709
C07710-K1,10925,C07710
C07711-K1,23509,C07711
C07712-K1,10375,C07712
C07713-K1,11772,C07713
C07714-K1,17729,C07714
C07715-K1,17429,C07715
C07716-K1,21915,C07716
C07717-K1,21162,C07717
C07718-K1,12634,C07718
C07719-K1,12171,C07719
C07720-K1,13122,C07720
C07721-K1,21012,C07721
C07722-K1,22496,C07722
C07723-K1,16541,C07723
C07724-K1,20906,C07724
C07725-K1,17175,C07725
C07726-K1,16162,C07726
C07727-K1,14226,C07727
C07728-K1,15647,C07728
C07729-K1,15588,C07729
C07730-K1,17309,C07730
C07731-K1,10980,C07731
C07732-K1,23258,C07732
C07733-K1,13887,C07733
C07734-K1,17515,C07734
C07735-K1,19260,C07735
C07736-K1,11837,C07736
C07737-K1,20478,C07737
C07738-K1,17352,C07738
C07739-K1,10437,C07739
C07740-K1,14928,C07740
C07741-K2,11672,C07741
C07742-K1,23112,C07742
C07743-K2,10602,C07743
C07744-K1,11713,C07744
C07745-K1,14867,C07745
C07746-K1,11740,C07746
C07747-K1,12646,C07747
C07748-K1,13853,C07748
C07749-K1,16291,C07749
C07750-K2,14562,C07750
C07751-K1,15623,C07751
C07752-K1,12185,C07752
C07753-K1,18466,C07753
C07754-K1,13785,C07754
C07755-K1,13160,C07755
C07756-K1,13719,C07756
C07757-K1,11473,C07757
C07758-K1,12924,C07758
C07759-K1,10230,C07759
C07760-K1,18462,C07760
C07761-K1,20264,C07761
C07762-K1,10169,C07762
C07763-K1,18726,C07763
C07764-K1,11317,C07764
C07765-K1,18020,C07765
C07766-K1,10327,C07766
C07767-K1,11404,C07767
C07768-K1,19089,C07768
C07769-K1,14440,C07769
C07770-K1,15954,C07770
C07771-K1,14658,C07771
C07772-K1,19852,C07772
C07773-K1,21155,C07773
C07774-K1,16329,C07774
C07775-K1,14178,C07775
C07776-K1,21248,C07776
C07777-K1,22226,C07777
C07778-K1,12411,C07778
C07779-K1,23123,C07779
C07780-K1,20324,C07780
C07781-K1,23547,C07781
C07782-K1,19378,C07782
C07783-K1,14887,C07783
C07784-K1,20909,C07784
C07785-K1,23187,C07785
C07786-K1,14175,C07786
C07787-K1,10844,C07787
C07788-K1,14071,C07788
C07789-K1,13621,C07789
C07790-K1,17197,C07790
C07791-K1,19704,C07791
C07792-K1,14386,C07792
C07793-K1,13139,C07793
C07794-K1,19820,C07794
C07795-K1,11386,C07795
C07796-K1,16495,C07796
C07797-K1,12107,C07797
C07798-K1,10040,C07798
C07799-K1,18996,C07799
C07800-K1,15761,C07800
C07801-K1,12374,C07801
C07802-K1,11555,C07802
C07803-K1,20506,C07803
C07804-K1,19653,C07804
C07805-K1,11876,C07805
C07806-K1,16803,C07806
C07807-K1,12648,C07807
C07808-K1,22965,C07808
C07809-K1,20447,C07809
C07810-K1,23327,C07810
C07811-K1,22204,C07811
C07812-K1,22327,C07812
C07813-K1,21778,C07813
C07814-K1,11634,C07814
C07815-K1,13616,C07815
C07816-K1,17356,C07816
C07817-K1,13925,C07817
C07818-K1,22744,C07818
C07819-K1,17971,C07819
C07820-K1,13475,C07820
C07821-K1,21028,C07821
C07822-K1,14838,C07822
C07823-K1,19142,C07823
C07824-K1,15259,C07824
C07825-K1,17246,C07825
C07826-K1,21609,C07826
C07827-K1,19408,C07827
C07828-K1,19864,C07828
C07829-K1,10241,C07829
C07830-K1,12700,C07830
C07831-K1,10064,C07831
C07832-K1,22649,C07832
C07833-K1,23453,C07833
C07834-K1,10810,C07834
C07835-K1,12305,C07835
C07836-K1,11640,C07836
C07837-K1,13863,C07837
C07838-K1,14130,C07838
C07839-K1,16186,C07839
C07840-K1,16112,C07840
C07841-K1,12357,C07841
C07842-K1,19042,C07842
C07843-K1,15511,C07843
C07844-K1,14017,C07844
C07845-K2,11929,C07845
C07846-K1,14687,C07846
C07847-K2,16743,C07847
C07848-K1,15122,C07848
C07849-K1,20437,C07849
C07850-K1,17100,C07850
C07851-K1,18241,C07851
C07852-K1,17720,C07852
C07853-K1,21465,C07853
C07854-K1,16569,C07854
C07855-K1,17178,C07855
C07856-K1,21943,C07856
C07857-K1,15892,C07857
C07858-K2,15913,C07858
C07859-K1,22929,C07859
C07860-K1,14177,C07860
C07861-K1,22926,C07861
C07862-K1,21199,C07862
C07863-K1,18565,C07863
C07864-K1,18067,C07864
C07865-K1,23271,C07865
C07866-K1,19885,C07866
C07867-K2,22006,C07867
C07868-K1,17647,C07868
C07869-K1,18268,C07869
C07870-K2,14350,C07870
C07871-K1,18137,C07871
C07872-K2,20400,C07872
C07873-K1,19321,C07873
C07874-K1,16168,C07874
C07875-K1,11853,C07875
C07876-K1,22587,C07876
C07877-K1,18438,C07877
C07878-K1,13852,C07878
C07879-K1,12430,C07879
C07880-K1,13369,C07880
C07881-K1,16217,C07881
C07882-K1,18602,C07882
C07883-K1,19976,C07883
C07884-K1,16578,C07884
C07885-K1,16040,C07885
C07886-K1,15351,C07886
C07887-K1,21341,C07887
C07888-K1,15144,C07888
C07889-K1,21391,C07889
C07890-K1,12639,C07890
C07891-K1,18665,C07891
C07892-K1,18024,C07892
C07893-K1,18425,C07893
C07894-K1,14011,C07894
C07895-K1,17299,C07895
C07896-K1,13439,C07896
C07897-K1,15442,C07897
C07898-K1,23252,C07898
C07899-K1,16607,C07899
C07900-K1,20338,C07900
C07901-K1,15207,C07901
C07902-K1,22068,C07902
C07903-K1,10129,C07903
C07904-K1,16080,C07904
C07905-K1,15909,C07905
C07906-K1,20006,C07906
C07907-K1,21532,C07907
C07908-K1,16780,C07908
C07909-K1,19022,C07909
C07910-K1,21205,C07910
C07911-K1,10407,C07911
C07912-K1,22543,C07912
C07913-K1,11097,C07913
C07914-K1,13516,C07914
C07915-K1,17133,C07915
C07916-K1,21436,C07916
C07917-K1,17815,C07917
C07918-K1,10991,C07918
C07919-K2,21961,C07919
C07920-K1,13219,C07920
C07921-K1,13823,C07921
C07922-K1,16140,C07922
C07923-K1,13757,C07923
C07924-K1,12458,C07924
C07925-K1,20763,C07925
C07926-K1,18440,C07926
C07927-K1,13662,C07927
C07928-K1,10726,C07928
C07929-K1,16010,C07929
C07930-K1,11111,C07930
C07931-K1,10446,C07931
C07932-K1,11183,C07932
C07933-K1,22473,C07933
C07934-K1,17432,C07934
C07935-K1,14732,C07935
C07936-K2,23194,C07936
C07937-K1,16882,C07937
C07938-K1,16243,C07938
C07939-K1,20700,C07939
C07940-K1,11130,C07940
C07941-K1,19339,C07941
C07942-K1,14701,C07942
C07943-K1,17438,C07943
C07944-K1,14171,C07944
C07945-K1,19346,C07945
C07946-K1,18773,C07946
C07947-K1,19856,C07947
C07948-K1,18935,C07948
C07949-K1,13375,C07949
C07950-K1,10659,C07950
C07951-K1,17918,C07951
C07952-K1,12485,C07952
C07953-K1,17934,C07953
C07954-K1,12938,C07954
C07955-K1,15628,C07955
C07956-K1,19922,C07956
C07957-K1,15877,C07957
C07958-K1,12863,C07958
C07959-K1,19982,C07959
C07960-K1,20208,C07960
C07961-K1,17376,C07961
C07962-K1,19215,C07962
C07963-K1,22192,C07963
C07964-K1,11678,C07964
C07965-K1,12974,C07965
C07966-K1,20228,C07966
C07967-K1,11432,C07967
C07968-K1,19358,C07968
C07969-K1,21722,C07969
C07970-K1,11318,C07970
C07971-K1,14828,C07971
C07972-K1,21362,C07972
C07973-K1,11839,C07973
C07974-K1,16037,C07974
C07975-K1,13270,C07975
C07976-K1,20250,C07976
C07977-K1,20056,C07977
C07978-K1,22001,C07978
C07979-K1,19391,C07979
C07980-K1,13083,C07980
C07981-K1,22103,C07981
C07982-K1,15200,C07982
C07983-K1,20170,C07983
C07984-K1,14690,C07984
C07985-K1,15903,C07985
C07986-K1,12787,C07986
C07987-K2,11539,C07987
C07988-K1,12219,C07988
C07989-K1,23092,C07989
C07990-K1,14798,C07990
C07991-K1,18469,C07991
C07992-K1,12695,C07992
C07993-K1,13796,C07993
C07994-K1,17287,C07994
C07995-K1,12037,C07995
C07996-K1,20167,C07996
C07997-K1,21812,C07997
C07998-K1,16905,C07998
C07999-K1,21138,C07999
C08000-K1,12028,C08000
C08001-K1,19445,C08001
C08002-K1,11390,C08002
C08003-K1,16260,C08003
C08004-K1,13759,C08004
C08005-K1,20107,C08005
C08006-K1,20441,C08006
C08007-K1,21135,C08007
C08008-K1,12223,C08008
C08009-K1,17436,C08009
C08010-K1,14841,C08010
C08011-K1,15337,C08011
C08012-K1,18791,C08012
C08013-K1,16966,C08013
C08014-K1,14891,C08014
C08015-K1,16210,C08015
C08016-K1,20795,C08016
C08017-K1,17888,C08017
C08018-K1,12725,C08018
C08019-K1,21986,C08019
C08020-K1,13437,C08020
C08021-K1,16906,C08021
C08022-K1,21063,C08022
C08023-K1,18235,C08023
C08024-K1,16297,C08024
C08025-K1,15106,C08025
C08026-K1,17166,C08026
C08027-K1,12346,C08027
C08028-K1,11264,C08028
C08029-K1,18110,C08029
C08030-K1,11188,C08030
C08031-K1,11704,C08031
C08032-K1,13351,C08032
C08033-K1,16268,C08033
C08034-K1,19560,C08034
C08035-K1,13833,C08035
C08036-K1,15983,C08036
C08037-K1,11757,C08037
C08038-K1,21923,C08038
C08039-K1,15644,C08039
C08040-K1,21446,C08040
C08041-K1,11405,C08041
C08042-K1,12467,C08042
C08043-K1,13294,C08043
C08044-K1,13975,C08044
C08045-K1,16716,C08045
C08046-K1,17716,C08046
C08047-K1,10650,C08047
C08048-K1,16741,C08048
C08049-K1,23276,C08049
C08050-K1,21497,C08050
C08051-K1,19044,C08051
C08052-K1,19716,C08052
C08053-K1,11894,C08053
C08054-K1,12689,C08054
C08055-K1,12716,C08055
C08056-K1,12331,C08056
C08057-K1,11864,C08057
C08058-K1,11758,C08058
C08059-K1,16012,C08059
C08060-K1,13771,C08060
C08061-K1,18963,C08061
C08062-K1,18592,C08062
C08063-K1,19352,C08063
C08064-K1,18360,C08064
C08065-K1,12897,C08065
C08066-K1,22652,C08066
C08067-K1,16912,C08067
C08068-K1,18367,C08068
C08069-K1,10176,C08069
C08070-K1,13758,C08070
C08071-K1,22445,C08071
C08072-K1,11906,C08072
C08073-K1,13950,C08073
C08074-K1,10666,C08074
C08075-K1,12187,C08075
C08076-K1,17609,C08076
C08077-K1,23314,C08077
C08078-K1,15008,C08078
C08079-K1,18301,C08079
C08080-K1,20494,C08080
C08081-K1,20444,C08081
C08082-K1,22823,C08082
C08083-K1,11608,C08083
C08084-K1,23136,C08084
C08085-K1,20797,C08085
C08086-K1,20149,C08086
C08087-K1,19620,C08087
C08088-K1,15050,C08088
C08089-K1,12729,C08089
C08090-K1,12541,C08090
C08091-K1,22500,C08091
C08092-K1,18411,C08092
C08093-K1,16381,C08093
C08094-K1,19349,C08094
C08095-K1,20023,C08095
C08096-K1,19584,C08096
C08097-K1,15752,C08097
C08098-K1,16730,C08098
C08099-K1,18009,C08099
C08100-K1,20064,C08100
C08101-K1,13799,C08101
C08102-K1,15646,C08102
C08103-K1,16781,C08103
C08104-K1,17615,C08104
C08105-K1,14454,C08105
C08106-K1,21429,C08106
C08107-K1,14501,C08107
C08108-K1,10886,C08108
C08109-K1,11489,C08109
C08110-K1,16942,C08110
C08111-K1,17897,C08111
C08112-K2,17774,C08112
C08113-K1,12077,C08113
C08114-K1,16335,C08114
C08115-K1,14104,C08115
C08116-K1,22494,C08116
C08117-K1,11352,C08117
C08118-K1,11500,C08118
C08119-K1,19423,C08119
C08120-K1,14465,C08120
C08121-K1,22049,C08121
C08122-K1,11012,C08122
C08123-K1,16306,C08123
C08124-K1,18008,C08124
C08125-K1,15108,C08125
C08126-K1,10767,C08126
C08127-K1,11644,C08127
C08128-K1,15077,C08128
C08129-K1,13070,C08129
C08130-K1,17457,C08130
C08131-K1,14852,C08131
C08132-K1,13384,C08132
C08133-K1,19004,C08133
C08134-K1,16776,C08134
C08135-K1,22002,C08135
C08136-K1,11350,C08136
C08137-K1,17017,C08137
C08138-K1,15024,C08138
C08139-K1,22805,C08139
C08140-K1,18197,C08140
C08141-K1,11102,C08141
C08142-K1,20702,C08142
C08143-K1,13829,C08143
C08144-K1,13060,C08144
C08145-K1,19273,C08145
C08146-K1,17990,C08146
C08147-K1,20562,C08147
C08148-K1,15066,C08148
C08149-K1,21033,C08149
C08150-K1,21659,C08150
C08151-K1,11511,C08151
C08152-K1,12067,C08152
C08153-K1,21700,C08153
C08154-K1,22219,C08154
C08155-K1,19062,C08155
C08156-K1,21129,C08156
C08157-K1,14024,C08157
C08158-K1,14142,C08158
C08159-K1,20974,C08159
C08160-K1,14117,C08160
C08161-K1,19170,C08161
C08162-K1,11430,C08162
C08163-K1,11790,C08163
C08164-K1,14911,C08164
C08165-K1,10432,C08165
C08166-K1,15042,C08166
C08167-K1,12453,C08167
C08168-K1,14246,C08168
C08169-K1,13077,C08169
C08170-K1,15862,C08170
C08171-K1,14711,C08171
C08172-K1,15165,C08172
C08173-K1,13457,C08173
C08174-K1,18047,C08174
C08175-K1,12694,C08175
C08176-K1,12112,C08176
C08177-K1,19766,C08177
C08178-K1,17600,C08178
C08179-K1,18748,C08179
C08180-K1,21385,C08180
C08181-K1,12559,C08181
C08182-K1,11219,C08182
C08183-K1,21801,C08183
C08184-K1,14203,C08184
C08185-K1,13878,C08185
C08186-K1,15107,C08186
C08187-K1,11018,C08187
C08188-K1,14467,C08188
C08189-K1,12608,C08189
C08190-K2,20483,C08190
C08191-K1,12218,C08191
C08192-K1,22499,C08192
C08193-K1,14097,C08193
C08194-K1,22967,C08194
C08195-K1,12379,C08195
C08196-K1,14845,C08196
C08197-K1,21779,C08197
C08198-K1,18207,C08198
C08199-K1,23532,C08199
C08200-K1,20339,C08200
C08201-K1,11187,C08201
C08202-K1,21604,C08202
C08203-K1,23331,C08203
C08204-K1,22989,C08204
C08205-K1,17900,C08205
C08206-K2,12038,C08206
C08207-K1,23399,C08207
C08208-K1,18200,C08208
C08209-K1,22798,C08209
C08210-K1,22110,C08210
C08211-K1,20440,C08211
C08212-K1,11397,C08212
C08213-K1,10654,C08213
C08214-K1,21266,C08214
C08215-K1,14421,C08215
C08216-K1,16699,C08216
C08217-K1,18327,C08217
C08218-K1,14224,C08218
C08219-K1,20990,C08219
C08220-K1,17549,C08220
C08221-K1,12883,C08221
C08222-K1,18751,C08222
C08223-K1,15919,C08223
C08224-K1,15859,C08224
C08225-K1,16211,C08225
C08226-K1,18375,C08226
C08227-K1,21092,C08227
C08228-K1,23513,C08228
C08229-K1,14520,C08229
C08230-K1,10199,C08230
C08231-K1,22884,C08231
C08232-K1,21220,C08232
C08233-K1,21121,C08233
C08234-K1,17050,C08234
C08235-K1,11118,C08235
C08236-K1,16160,C08236
C08237-K1,10609,C08237
C08238-K1,23299,C08238
C08239-K1,22513,C08239
C08240-K1,15141,C08240
C08241-K1,11868,C08241
C08242-K1,21160,C08242
C08243-K1,12345,C08243
C08244-K1,21878,C08244
C08245-K1,12318,C08245
C08246-K1,19734,C08246
C08247-K1,21657,C08247
C08248-K1,17034,C08248
C08249-K1,21141,C08249
C08250-K1,20327,C08250
C08251-K1,17037,C08251
C08252-K1,17495,C08252
C08253-K1,22139,C08253
C08254-K1,11114,C08254
C08255-K1,17676,C08255
C08256-K2,20853,C08256
C08257-K1,10795,C08257
C08258-K1,17529,C08258
C08259-K1,20534,C08259
C08260-K1,14999,C08260
C08261-K1,19659,C08261
C08262-K1,21908,C08262
C08263-K1,11543,C08263
C08264-K1,14538,C08264
C08265-K1,20352,C08265
C08266-K1,16343,C08266
C08267-K1,10302,C08267
C08268-K1,17818,C08268
C08269-K1,21754,C08269
C08270-K1,18616,C08270
C08271-K1,20579,C08271
C08272-K1,15498,C08272
C08273-K1,18924,C08273
C08274-K1,22449,C08274
C08275-K1,16289,C08275
C08276-K1,21103,C08276
C08277-K1,21846,C08277
C08278-K1,18861,C08278
C08279-K1,14456,C08279
C08280-K1,11595,C08280
C08281-K2,21379,C08281
C08282-K1,14801,C08282
C08283-K1,23451,C08283
C08284-K1,19383,C08284
C08285-K1,14778,C08285
C08286-K1,10586,C08286
C08287-K1,18138,C08287
C08288-K1,11075,C08288
C08289-K1,10764,C08289
C08290-K2,13596,C08290
C08291-K1,19417,C08291
C08292-K1,16564,C08292
C08293-K1,20694,C08293
C08294-K1,19875,C08294
C08295-K1,10678,C08295
C08296-K1,19921,C08296
C08297-K1,21368,C08297
C08298-K1,14578,C08298
C08299-K1,13026,C08299
C08300-K1,17829,C08300
C08301-K1,19093,C08301
C08302-K1,23343,C08302
C08303-K1,10789,C08303
C08304-K1,14400,C08304
C08305-K1,19699,C08305
C08306-K1,20214,C08306
C08307-K1,12991,C08307
C08308-K1,19697,C08308
C08309-K1,10201,C08309
C08310-K1,11950,C08310
C08311-K1,17652,C08311
C08312-K1,11412,C08312
C08313-K1,18690,C08313
C08314-K1,23332,C08314
C08315-K1,17683,C08315
C08316-K1,21405,C08316
C08317-K1,13215,C08317
C08318-K1,10815,C08318
C08319-K1,15241,C08319
C08320-K1,13289,C08320
C08321-K1,11668,C08321
C08322-K1,16487,C08322
C08323-K1,12393,C08323
C08324-K1,11442,C08324
C08325-K1,21859,C08325
C08326-K1,17285,C08326
C08327-K1,11599,C08327
C08328-K1,13356,C08328
C08329-K1,17573,C08329
C08330-K1,20217,C08330
C08331-K1,17261,C08331
C08332-K1,19095,C08332
C08333-K1,22142,C08333
C08334-K1,11660,C08334
C08335-K1,20560,C08335
C08336-K1,10100,C08336
C08337-K1,21088,C08337
C08338-K1,18328,C08338
C08339-K1,19305,C08339
C08340-K1,21746,C08340
C08341-K1,22401,C08341
C08342-K1,20436,C08342
C08343-K1,19447,C08343
C08344-K1,10074,C08344
C08345-K1,21847,C08345
C08346-K1,19102,C08346
C08347-K1,12659,C08347
C08348-K1,11133,C08348
C08349-K1,11369,C08349
C08350-K1,13779,C08350
C08351-K1,16145,C08351
C08352-K1,10735,C08352
C08353-K1,11358,C08353
C08354-K1,21555,C08354
C08355-K1,22990,C08355
C08356-K1,21137,C08356
C08357-K1,15328,C08357
C08358-K1,11572,C08358
C08359-K1,22158,C08359
C08360-K1,15691,C08360
C08361-K1,23180,C08361
C08362-K1,21269,C08362
C08363-K1,20838,C08363
C08364-K1,16641,C08364
C08365-K1,11214,C08365
C08366-K2,17275,C08366
C08367-K1,12565,C08367
C08368-K1,19784,C08368
C08369-K1,13438,C08369
C08370-K1,23022,C08370
C08371-K1,15716,C08371
C08372-K1,21981,C08372
C08373-K1,19200,C08373
C08374-K1,10117,C08374
C08375-K1,22290,C08375
C08376-K1,21701,C08376
C08377-K1,16898,C08377
C08378-K1,14426,C08378
C08379-K1,15528,C08379
C08380-K1,15501,C08380
C08381-K1,13490,C08381
C08382-K1,16841,C08382
C08383-K1,13206,C08383
C08384-K1,21662,C08384
C08385-K1,10118,C08385
C08386-K1,14878,C08386
C08387-K1,11267,C08387
C08388-K1,14484,C08388
C08389-K1,15766,C08389
C08390-K1,16733,C08390
C08391-K2,13027,C08391
C08392-K1,12200,C08392
C08393-K1,19702,C08393
C08394-K1,14599,C08394
C08395-K1,23178,C08395
C08396-K1,18776,C08396
C08397-K1,22945,C08397
C08398-K1,11507,C08398
C08399-K1,22899,C08399
C08400-K1,18399,C08400
C08401-K1,15816,C08401
C08402-K1,13146,C08402
C08403-K1,16953,C08403
C08404-K1,16311,C08404
C08405-K1,12011,C08405
C08406-K1,21837,C08406
C08407-K1,10786,C08407
C08408-K1,19053,C08408
C08409-K1,10918,C08409
C08410-K1,13142,C08410
C08411-K1,13867,C08411
C08412-K1,11997,C08412
C08413-K1,20947,C08413
C08414-K1,18267,C08414
C08415-K1,22616,C08415
C08416-K1,15791,C08416
C08417-K1,11394,C08417
C08418-K1,16101,C08418
C08419-K1,21856,C08419
C08420-K1,19634,C08420
C08421-K1,12642,C08421
C08422-K1,22590,C08422
C08423-K1,20380,C08423
C08424-K1,16331,C08424
C08425-K1,22479,C08425
C08426-K1,15695,C08426
C08427-K1,19169,C08427
C08428-K1,12259,C08428
C08429-K1,17653,C08429
C08430-K1,14312,C08430
C08431-K1,16709,C08431
C08432-K1,11339,C08432
C08433-K1,18220,C08433
C08434-K1,10869,C08434
C08435-K1,17361,C08435
C08436-K1,18056,C08436
C08437-K1,20642,C08437
C08438-K1,20973,C08438
C08439-K1,17632,C08439
C08440-K1,19425,C08440
C08441-K1,11035,C08441
C08442-K1,12676,C08442
C08443-K1,12340,C08443
C08444-K1,15256,C08444
C08445-K1,13052,C08445
C08446-K1,19535,C08446
C08447-K1,13094,C08447
C08448-K1,20690,C08448
C08449-K1,22939,C08449
C08450-K2,10801,C08450
C08451-K1,20218,C08451
C08452-K1,20644,C08452
C08453-K1,17836,C08453
C08454-K1,10035,C08454
C08455-K1,16371,C08455
C08456-K1,15570,C08456
C08457-K1,18245,C08457
C08458-K1,10462,C08458
C08459-K1,17568,C08459
C08460-K1,11996,C08460
C08461-K1,14818,C08461
C08462-K1,20242,C08462
C08463-K1,18131,C08463
C08464-K1,20351,C08464
C08465-K1,14270,C08465
C08466-K1,18901,C08466
C08467-K1,12105,C08467
C08468-K1,19398,C08468
C08469-K1,16805,C08469
C08470-K1,10931,C08470
C08471-K1,19465,C08471
C08472-K1,13790,C08472
C08473-K1,11994,C08473
C08474-K1,19404,C08474
C08475-K1,14034,C08475
C08476-K1,21183,C08476
C08477-K1,12333,C08477
C08478-K1,17451,C08478
C08479-K1,14074,C08479
C08480-K1,20017,C08480
C08481-K1,17203,C08481
C08482-K1,13080,C08482
C08483-K1,16255,C08483
C08484-K1,19241,C08484
C08485-K1,20635,C08485
C08486-K1,18299,C08486
C08487-K1,21904,C08487
C08488-K1,15271,C08488
C08489-K2,18182,C08489
C08490-K1,20248,C08490
C08491-K1,18515,C08491
C08492-K1,17745,C08492
C08493-K1,11717,C08493
C08494-K1,11090,C08494
C08495-K1,13891,C08495
C08496-K1,21636,C08496
C08497-K1,16402,C08497
C08498-K1,21715,C08498
C08499-K1,16105,C08499
C08500-K1,13187,C08500
C08501-K1,23126,C08501
C08502-K1,10331,C08502
C08503-K1,16524,C08503
C08504-K1,19638,C08504
C08505-K1,15010,C08505
C08506-K1,22644,C08506
C08507-K1,23203,C08507
C08508-K1,23006,C08508
C08509-K1,19374,C08509
C08510-K1,20561,C08510
C08511-K1,11896,C08511
C08512-K1,21104,C08512
C08513-K1,20100,C08513
C08514-K1,21151,C08514
C08515-K1,12012,C08515
C08516-K1,19918,C08516
C08517-K1,10043,C08517
C08518-K1,14769,C08518
C08519-K1,18349,C08519
C08520-K1,19147,C08520
C08521-K1,18400,C08521
C08522-K1,19461,C08522
C08523-K1,19642,C08523
C08524-K1,13822,C08524
C08525-K1,16317,C08525
C08526-K1,16349,C08526
C08527-K1,11196,C08527
C08528-K1,15774,C08528
C08529-K1,13164,C08529
C08530-K1,22664,C08530
C08531-K1,21751,C08531
C08532-K1,20982,C08532
C08533-K1,15780,C08533
C08534-K1,18615,C08534
C08535-K1,12050,C08535
C08536-K1,16147,C08536
C08537-K1,21650,C08537
C08538-K1,23147,C08538
C08539-K1,12497,C08539
C08540-K1,14430,C08540
C08541-K1,10051,C08541
C08542-K1,16205,C08542
C08543-K1,14527,C08543
C08544-K1,10291,C08544
C08545-K1,16187,C08545
C08546-K1,11151,C08546
C08547-K1,10120,C08547
C08548-K1,22542,C08548
C08549-K1,10960,C08549
C08550-K1,15263,C08550
C08551-K1,23167,C08551
C08552-K1,14766,C08552
C08553-K1,20676,C08553
C08554-K1,18893,C08554
C08555-K1,10538,C08555
C08556-K1,13808,C08556
C08557-K1,15725,C08557
C08558-K1,13628,C08558
C08559-K1,14419,C08559
C08560-K1,10571,C08560
C08561-K1,21117,C08561
C08562-K1,14106,C08562
C08563-K1,14256,C08563
C08564-K1,11902,C08564
C08565-K1,13495,C08565
C08566-K1,16910,C08566
C08567-K1,20599,C08567
C08568-K1,16964,C08568
C08569-K1,11104,C08569
C08570-K1,16823,C08570
C08571-K1,15755,C08571
C08572-K1,14547,C08572
C08573-K1,21272,C08573
C08574-K1,17892,C08574
C08575-K1,23521,C08575
C08576-K1,15243,C08576
C08577-K1,13698,C08577
C08578-K1,13299,C08578
C08579-K1,15439,C08579
C08580-K1,21077,C08580
C08581-K1,14846,C08581
C08582-K1,13837,C08582
C08583-K1,21610,C08583
C08584-K1,17377,C08584
C08585-K1,21087,C08585
C08586-K1,10083,C08586
C08587-K1,20552,C08587
C08588-K1,11251,C08588
C08589-K1,14961,C08589
C08590-K1,21140,C08590
C08591-K1,19693,C08591
C08592-K1,16232,C08592
C08593-K1,23175,C08593
C08594-K1,11493,C08594
C08595-K1,16982,C08595
C08596-K1,19168,C08596
C08597-K2,11904,C08597
C08598-K1,15633,C08598
C08599-K1,17086,C08599
C08600-K1,21618,C08600
C08601-K1,14780,C08601
C08602-K1,16526,C08602
C08603-K1,18459,C08603
C08604-K1,21649,C08604
C08605-K1,12520,C08605
C08606-K1,15162,C08606
C08607-K1,16497,C08607
C08608-K1,11802,C08608
C08609-K1,17116,C08609
C08610-K1,10289,C08610
C08611-K1,13814,C08611
C08612-K1,11255,C08612
C08613-K1,18918,C08613
C08614-K1,19061,C08614
C08615-K1,14540,C08615
C08616-K1,21912,C08616
C08617-K1,21014,C08617
C08618-K1,16308,C08618
C08619-K1,18413,C08619
C08620-K1,15250,C08620
C08621-K1,19651,C08621
C08622-K1,13977,C08622
C08623-K2,19739,C08623
C08624-K1,17910,C08624
C08625-K1,15553,C08625
C08626-K1,22312,C08626
C08627-K1,15660,C08627
C08628-K1,12004,C08628
C08629-K1,20174,C08629
C08630-K1,10863,C08630
C08631-K1,17450,C08631
C08632-K1,21469,C08632
C08633-K1,16573,C08633
C08634-K1,22986,C08634
C08635-K1,10513,C08635
C08636-K1,19211,C08636
C08637-K2,18278,C08637
C08638-K1,16888,C08638
C08639-K1,18987,C08639
C08640-K1,21889,C08640
C08641-K1,21714,C08641
C08642-K1,13606,C08642
C08643-K1,17493,C08643
C08644-K1,17572,C08644
C08645-K1,14816,C08645
C08646-K1,12263,C08646
C08647-K1,13099,C08647
C08648-K1,15617,C08648
C08649-K1,11414,C08649
C08650-K1,17284,C08650
C08651-K1,18122,C08651
C08652-K1,10348,C08652
C08653-K1,19771,C08653
C08654-K1,13812,C08654
C08655-K1,19274,C08655
C08656-K1,14231,C08656
C08657-K1,19322,C08657
C08658-K1,10342,C08658
C08659-K1,20541,C08659
C08660-K1,11387,C08660
C08661-K1,10669,C08661
C08662-K1,13199,C08662
C08663-K1,14144,C08663
C08664-K1,23111,C08664
C08665-K1,18676,C08665
C08666-K1,23488,C08666
C08667-K1,19040,C08667
C08668-K1,15823,C08668
C08669-K1,11780,C08669
C08670-K1,19610,C08670
C08671-K1,18566,C08671
C08672-K1,18679,C08672
C08673-K1,18287,C08673
C08674-K1,20111,C08674
C08675-K1,13633,C08675
C08676-K1,16710,C08676
C08677-K1,12816,C08677
C08678-K1,13059,C08678
C08679-K1,10369,C08679
C08680-K1,20243,C08680
C08681-K1,17827,C08681
C08682-K1,21605,C08682
C08683-K1,16846,C08683
C08684-K1,16688,C08684
C08685-K1,18484,C08685
C08686-K1,19943,C08686
C08687-K1,10262,C08687
C08688-K1,11221,C08688
C08689-K1,10580,C08689
C08690-K1,19052,C08690
C08691-K1,11719,C08691
C08692-K1,23495,C08692
C08693-K1,17330,C08693
C08694-K1,21330,C08694
C08695-K1,18909,C08695
C08696-K1,13680,C08696
C08697-K1,11391,C08697
C08698-K1,21291,C08698
C08699-K1,20364,C08699
C08700-K1,19219,C08700
C08701-K1,19630,C08701
C08702-K1,14283,C08702
C08703-K1,18724,C08703
C08704-K1,20875,C08704
C08705-K1,11245,C08705
C08706-K1,16676,C08706
C08707-K1,20404,C08707
C08708-K1,23432,C08708
C08709-K1,13295,C08709
C08710-K1,10802,C08710
C08711-K1,10018,C08711
C08712-K1,11243,C08712
C08713-K1,13406,C08713
C08714-K1,18222,C08714
C08715-K1,22216,C08715
C08716-K1,10834,C08716
C08717-K1,12391,C08717
C08718-K1,21065,C08718
C08719-K1,23225,C08719
C08720-K1,11747,C08720
C08721-K1,14886,C08721
C08722-K1,18408,C08722
C08723-K1,10889,C08723
C08724-K1,15930,C08724
C08725-K1,15094,C08725
C08726-K1,20419,C08726
C08727-K1,22122,C08727
C08728-K1,20072,C08728
C08729-K1,19679,C08729
C08730-K1,12560,C08730
C08731-K1,14066,C08731
C08732-K1,11276,C08732
C08733-K1,18973,C08733
C08734-K1,15524,C08734
C08735-K1,10500,C08735
C08736-K1,12178,C08736
C08737-K1,16239,C08737
C08738-K1,11244,C08738
C08739-K1,23152,C08739
C08740-K1,18134,C08740
C08741-K1,16127,C08741
C08742-K1,15600,C08742
C08743-K1,10865,C08743
C08744-K1,10360,C08744
C08745-K1,19931,C08745
C08746-K1,12993,C08746
C08747-K1,17186,C08747
C08748-K1,21712,C08748
C08749-K1,10852,C08749
C08750-K1,11320,C08750
C08751-K1,21706,C08751
C08752-K1,10186,C08752
C08753-K1,15007,C08753
C08754-K1,10218,C08754
C08755-K2,12804,C08755
C08756-K1,16209,C08756
C08757-K1,19579,C08757
C08758-K1,16062,C08758
C08759-K1,12619,C08759
C08760-K1,18280,C08760
C08761-K1,18029,C08761
C08762-K1,21118,C08762
C08763-K1,21895,C08763
C08764-K1,22136,C08764
C08765-K1,10560,C08765
C08766-K1,17199,C08766
C08767-K1,14671,C08767
C08768-K1,19778,C08768
C08769-K1,11288,C08769
C08770-K1,20476,C08770
C08771-K1,15018,C08771
C08772-K1,17168,C08772
C08773-K1,22118,C08773
C08774-K1,16350,C08774
C08775-K1,17142,C08775
C08776-K1,17346,C08776
C08777-K1,13534,C08777
C08778-K1,12665,C08778
C08779-K1,17795,C08779
C08780-K1,13175,C08780
C08781-K1,11333,C08781
C08782-K1,16649,C08782
C08783-K1,20523,C08783
C08784-K1,16449,C08784
C08785-K1,13255,C08785
C08786-K1,13689,C08786
C08787-K1,10781,C08787
C08788-K1,20154,C08788
C08789-K1,12266,C08789
C08790-K1,16458,C08790
C08791-K1,19139,C08791
C08792-K1,13963,C08792
C08793-K1,10981,C08793
C08794-K1,22456,C08794
C08795-K1,13541,C08795
C08796-K1,11177,C08796
C08797-K1,18471,C08797
C08798-K1,13766,C08798
C08799-K1,22552,C08799
C08800-K1,17964,C08800
C08801-K1,20207,C08801
C08802-K1,19824,C08802
C08803-K1,13551,C08803
C08804-K1,14285,C08804
C08805-K1,22559,C08805
C08806-K1,19567,C08806
C08807-K1,10238,C08807
C08808-K1,11700,C08808
C08809-K1,19286,C08809
C08810-K1,21973,C08810
C08811-K1,18256,C08811
C08812-K1,11281,C08812
C08813-K1,20145,C08813
C08814-K1,21357,C08814
C08815-K1,11201,C08815
C08816-K1,21772,C08816
C08817-K1,17881,C08817
C08818-K1,16358,C08818
C08819-K1,18846,C08819
C08820-K1,21000,C08820
C08821-K1,12270,C08821
C08822-K1,14245,C08822
C08823-K1,17108,C08823
C08824-K1,19745,C08824
C08825-K1,23218,C08825
C08826-K1,16874,C08826
C08827-K1,21019,C08827
C08828-K1,19470,C08828
C08829-K1,15711,C08829
C08830-K1,23161,C08830
C08831-K1,12791,C08831
C08832-K1,10903,C08832
C08833-K1,10315,C08833
C08834-K1,15847,C08834
C08835-K1,12962,C08835
C08836-K1,20222,C08836
C08837-K1,11522,C08837
C08838-K1,10461,C08838
C08839-K1,19792,C08839
C08840-K1,15041,C08840
C08841-K1,17283,C08841
C08842-K2,10709,C08842
C08843-K1,23458,C08843
C08844-K1,15539,C08844
C08845-K3,11928,C08845
C08846-K1,19572,C08846
C08847-K1,16319,C08847
C08848-K1,20505,C08848
C08849-K1,19416,C08849
C08850-K1,10506,C08850
C08851-K1,17593,C08851
C08852-K1,20426,C08852
C08853-K1,17651,C08853
C08854-K1,20005,C08854
C08855-K1,17685,C08855
C08856-K1,21286,C08856
C08857-K1,21356,C08857
C08858-K1,14470,C08858
C08859-K1,15000,C08859
C08860-K1,17783,C08860
C08861-K1,19961,C08861
C08862-K1,19288,C08862
C08863-K1,17042,C08863
C08864-K1,14642,C08864
C08865-K1,14262,C08865
C08866-K1,11666,C08866
C08867-K1,16033,C08867
C08868-K1,21371,C08868
C08869-K1,11156,C08869
C08870-K1,18547,C08870
C08871-K1,12045,C08871
C08872-K1,20563,C08872
C08873-K1,10397,C08873
C08874-K1,12503,C08874
C08875-K1,21613,C08875
C08876-K1,13884,C08876
C08877-K1,23364,C08877
C08878-K1,13097,C08878
C08879-K1,16408,C08879
C08880-K1,13246,C08880
C08881-K1,20813,C08881
C08882-K1,18424,C08882
C08883-K1,14785,C08883
C08884-K1,12477,C08884
C08885-K1,12801,C08885
C08886-K1,11001,C08886
C08887-K1,13580,C08887
C08888-K1,18585,C08888
C08889-K1,13126,C08889
C08890-K1,18779,C08890
C08891-K1,19012,C08891
C08892-K1,16249,C08892
C08893-K1,17319,C08893
C08894-K1,13972,C08894
C08895-K1,12928,C08895
C08896-K1,12842,C08896
C08897-K1,18801,C08897
C08898-K1,20592,C08898
C08899-K1,15399,C08899
C08900-K1,20078,C08900
C08901-K1,12825,C08901
C08902-K1,21972,C08902
C08903-K1,16096,C08903
C08904-K1,20530,C08904
C08905-K1,22550,C08905
C08906-K1,19596,C08906
C08907-K1,19087,C08907
C08908-K1,10312,C08908
C08909-K2,23489,C08909
C08910-K1,23409,C08910
C08911-K1,12452,C08911
C08912-K1,18007,C08912
C08913-K2,15056,C08913
C08914-K1,19807,C08914
C08915-K1,10056,C08915
C08916-K1,16552,C08916
C08917-K1,13450,C08917
C08918-K2,22404,C08918
C08919-K1,13642,C08919
C08920-K1,10882,C08920
C08921-K1,13828,C08921
C08922-K1,14172,C08922
C08923-K1,10303,C08923
C08924-K1,19392,C08924
C08925-K1,19410,C08925
C08926-K1,22157,C08926
C08927-K1,21684,C08927
C08928-K1,11158,C08928
C08929-K1,12682,C08929
C08930-K1,10550,C08930
C08931-K1,19959,C08931
C08932-K1,19617,C08932
C08933-K1,22384,C08933
C08934-K1,21434,C08934
C08935-K1,23076,C08935
C08936-K1,12785,C08936
C08937-K1,22977,C08937
C08938-K1,20594,C08938
C08939-K1,12083,C08939
C08940-K1,16592,C08940
C08941-K1,17571,C08941
C08942-K1,21869,C08942
C08943-K2,11266,C08943
C08944-K1,22281,C08944
C08945-K2,20806,C08945
C08946-K1,10879,C08946
C08947-K1,11630,C08947
C08948-K1,18857,C08948
C08949-K1,11144,C08949
C08950-K1,17009,C08950
C08951-K1,23272,C08951
C08952-K1,17737,C08952
C08953-K1,11284,C08953
C08954-K1,10206,C08954
C08955-K1,16744,C08955
C08956-K1,10694,C08956
C08957-K1,20255,C08957
C08958-K1,20692,C08958
C08959-K1,13045,C08959
C08960-K1,20735,C08960
C08961-K1,16044,C08961
C08962-K2,19468,C08962
C08963-K1,21661,C08963
C08964-K1,18962,C08964
C08965-K1,21115,C08965
C08966-K1,23199,C08966
C08967-K1,16266,C08967
C08968-K1,15893,C08968
C08969-K1,20835,C08969
C08970-K1,21413,C08970
C08971-K1,11562,C08971
C08972-K2,18223,C08972
C08973-K1,10059,C08973
C08974-K1,20681,C08974
C08975-K1,12511,C08975
C08976-K1,21148,C08976
C08977-K1,10339,C08977
C08978-K1,14471,C08978
C08979-K1,15306,C08979
C08980-K1,19488,C08980
C08981-K1,20722,C08981
C08982-K1,16456,C08982
C08983-K1,10672,C08983
C08984-K1,17566,C08984
C08985-K1,22081,C08985
C08986-K1,18076,C08986
C08987-K1,20386,C08987
C08988-K1,13728,C08988
C08989-K2,12767,C08989
C08990-K1,20784,C08990
C08991-K1,16852,C08991
C08992-K1,10408,C08992
C08993-K1,23027,C08993
C08994-K1,21069,C08994
C08995-K1,11008,C08995
C08996-K1,11335,C08996
C08997-K1,10162,C08997
C08998-K1,17936,C08998
C08999-K1,11298,C08999
C09000-K1,22725,C09000
C09001-K1,16745,C09001
C09002-K1,20891,C09002
C09003-K1,10243,C09003
C09004-K1,18945,C09004
C09005-K1,18221,C09005
C09006-K1,10138,C09006
C09007-K1,10569,C09007
C09008-K1,14463,C09008
C09009-K1,16728,C09009
C09010-K1,14705,C09010
C09011-K1,23339,C09011
C09012-K1,12192,C09012
C09013-K1,13584,C09013
C09014-K1,21552,C09014
C09015-K1,23059,C09015
C09016-K1,11968,C09016
C09017-K1,18532,C09017
C09018-K1,21533,C09018
C09019-K1,10310,C09019
C09020-K1,12964,C09020
C09021-K1,11094,C09021
C09022-K1,22367,C09022
C09023-K1,22740,C09023
C09024-K1,21213,C09024
C09025-K1,22382,C09025
C09026-K1,23483,C09026
C09027-K1,16556,C09027
C09028-K1,23165,C09028
C09029-K1,20368,C09029
C09030-K1,17975,C09030
C09031-K1,21971,C09031
C09032-K1,16560,C09032
C09033-K1,23004,C09033
C09034-K1,10029,C09034
C09035-K1,18480,C09035
C09036-K1,22099,C09036
C09037-K1,15437,C09037
C09038-K1,15556,C09038
C09039-K1,19758,C09039
C09040-K1,12675,C09040
C09041-K1,17908,C09041
C09042-K1,21519,C09042
C09043-K1,18386,C09043
C09044-K1,22765,C09044
C09045-K1,14776,C09045
C09046-K1,11980,C09046
C09047-K1,14557,C09047
C09048-K1,21748,C09048
C09049-K1,14280,C09049
C09050-K1,17294,C09050
C09051-K1,11330,C09051
C09052-K1,10830,C09052
C09053-K1,18797,C09053
C09054-K1,15551,C09054
C09055-K1,16915,C09055
C09056-K1,20639,C09056
C09057-K1,22712,C09057
C09058-K1,16954,C09058
C09059-K1,10718,C09059
C09060-K1,22195,C09060
C09061-K1,22481,C09061
C09062-K1,13746,C09062
C09063-K1,17933,C09063
C09064-K1,17423,C09064
C09065-K1,22463,C09065
C09066-K1,17389,C09066
C09067-K1,21414,C09067
C09068-K1,15670,C09068
C09069-K1,11357,C09069
C09070-K1,11794,C09070
C09071-K1,16318,C09071
C09072-K1,13665,C09072
C09073-K1,21473,C09073
C09074-K1,13419,C09074
C09075-K1,11957,C09075
C09076-K1,15848,C09076
C09077-K1,10727,C09077
C09078-K1,23469,C09078
C09079-K1,14606,C09079
C09080-K1,18915,C09080
C09081-K1,14133,C09081
C09082-K1,23081,C09082
C09083-K1,14190,C09083
C09084-K1,12598,C09084
C09085-K1,16672,C09085
C09086-K1,13446,C09086
C09087-K1,12334,C09087
C09088-K1,11384,C09088
C09089-K1,19280,C09089
C09090-K1,11259,C09090
C09091-K1,11170,C09091
C09092-K1,11834,C09092
C09093-K1,12720,C09093
C09094-K1,21455,C09094
C09095-K1,20745,C09095
C09096-K1,20410,C09096
C09097-K1,20776,C09097
C09098-K1,12802,C09098
C09099-K1,18107,C09099
C09100-K1,23428,C09100
C09101-K1,22079,C09101
C09102-K1,10897,C09102
C09103-K1,10599,C09103
C09104-K1,22733,C09104
C09105-K1,13152,C09105
C09106-K1,10773,C09106
C09107-K1,16732,C09107
C09108-K1,17331,C09108
C09109-K1,20477,C09109
C09110-K1,14669,C09110
C09111-K1,16778,C09111
C09112-K1,13851,C09112
C09113-K1,16873,C09113
C09114-K1,13056,C09114
C09115-K1,15637,C09115
C09116-K1,16790,C09116
C09117-K1,14957,C09117
C09118-K1,19245,C09118
C09119-K1,20910,C09119
C09120-K1,11537,C09120
C09121-K1,22518,C09121
C09122-K1,15486,C09122
C09123-K1,20370,C09123
C09124-K1,19291,C09124
C09125-K1,17567,C09125
C09126-K1,22861,C09126
C09127-K1,19896,C09127
C09128-K1,13339,C09128
C09129-K1,15675,C09129
C09130-K1,20874,C09130
C09131-K1,19420,C09131
C09132-K1,16428,C09132
C09133-K1,14617,C09133
C09134-K1,21377,C09134
C09135-K1,10325,C09135
C09136-K1,18057,C09136
C09137-K1,12478,C09137
C09138-K1,20500,C09138
C09139-K1,17441,C09139
C09140-K1,23090,C09140
C09141-K1,14237,C09141
C09142-K1,17002,C09142
C09143-K1,10846,C09143
C09144-K1,10287,C09144
C09145-K1,13484,C09145
C09146-K1,14848,C09146
C09147-K1,23013,C09147
C09148-K1,19308,C09148
C09149-K1,14121,C09149
C09150-K1,13896,C09150
C09151-K1,16989,C09151
C09152-K1,20157,C09152
C09153-K1,15611,C09153
C09154-K1,19018,C09154
C09155-K1,13749,C09155
C09156-K1,11249,C09156
C09157-K1,19944,C09157
C09158-K1,13214,C09158
C09159-K1,17071,C09159
C09160-K1,19024,C09160
C09161-K1,13675,C09161
C09162-K1,10108,C09162
C09163-K1,15724,C09163
C09164-K1,11521,C09164
C09165-K2,23024,C09165
C09166-K1,22313,C09166
C09167-K1,22213,C09167
C09168-K1,12663,C09168
C09169-K1,15276,C09169
C09170-K1,21124,C09170
C09171-K1,23164,C09171
C09172-K1,22238,C09172
C09173-K1,10280,C09173
C09174-K1,16256,C09174
C09175-K1,14815,C09175
C09176-K1,22673,C09176
C09177-K1,12166,C09177
C09178-K1,20900,C09178
C09179-K1,11078,C09179
C09180-K1,16383,C09180
C09181-K1,16682,C09181
C09182-K1,18366,C09182
C09183-K1,21275,C09183
C09184-K1,21598,C09184
C09185-K1,22528,C09185
C09186-K1,16991,C09186
C09187-K1,23313,C09187
C09188-K1,18964,C09188
C09189-K1,10321,C09189
C09190-K1,12844,C09190
C09191-K1,10426,C09191
C09192-K1,11399,C09192
C09193-K1,21870,C09193
C09194-K1,20701,C09194
C09195-K1,19171,C09195
C09196-K1,10136,C09196
C09197-K1,22963,C09197
C09198-K1,16117,C09198
C09199-K1,17719,C09199
C09200-K1,12245,C09200
C09201-K1,17314,C09201
C09202-K1,17374,C09202
C09203-K1,20147,C09203
C09204-K1,21264,C09204
C09205-K1,19853,C09205
C09206-K2,16121,C09206
C09207-K1,12409,C09207
C09208-K1,15851,C09208
C09209-K1,17528,C09209
C09210-K1,11620,C09210
C09211-K1,21716,C09211
C09212-K1,10841,C09212
C09213-K1,10858,C09213
C09214-K1,20092,C09214
C09215-K1,18806,C09215
C09216-K1,23206,C09216
C09217-K1,23010,C09217
C09218-K1,14702,C09218
C09219-K1,17761,C09219
C09220-K1,23351,C09220
C09221-K2,14718,C09221
C09222-K1,19887,C09222
C09223-K1,13064,C09223
C09224-K1,22702,C09224
C09225-K1,15686,C09225
C09226-K1,16875,C09226
C09227-K1,19733,C09227
C09228-K1,15388,C09228
C09229-K1,14510,C09229
C09230-K1,16582,C09230
C09231-K1,16779,C09231
C09232-K1,21382,C09232
C09233-K1,20166,C09233
C09234-K1,20574,C09234
C09235-K1,13523,C09235
C09236-K1,21584,C09236
C09237-K1,17835,C09237
C09238-K1,11392,C09238
C09239-K1,13706,C09239
C09240-K1,10662,C09240
C09241-K2,11324,C09241
C09242-K1,21637,C09242
C09243-K1,22189,C09243
C09244-K1,20598,C09244
C09245-K1,17106,C09245
C09246-K1,18988,C09246
C09247-K1,15320,C09247
C09248-K1,20456,C09248
C09249-K1,22778,C09249
C09250-K1,22988,C09250
C09251-K1,11494,C09251
C09252-K1,19403,C09252
C09253-K1,23354,C09253
C09254-K1,14958,C09254
C09255-K1,12129,C09255
C09256-K1,20625,C09256
C09257-K1,18877,C09257
C09258-K1,17916,C09258
C09259-K1,12510,C09259
C09260-K1,15470,C09260
C09261-K1,14301,C09261
C09262-K1,15194,C09262
C09263-K1,22058,C09263
C09264-K1,15895,C09264
C09265-K1,14536,C09265
C09266-K1,14355,C09266
C09267-K1,17687,C09267
C09268-K1,22507,C09268
C09269-K1,19623,C09269
C09270-K1,17868,C09270
C09271-K1,14956,C09271
C09272-K1,22728,C09272
C09273-K1,21187,C09273
C09274-K1,19507,C09274
C09275-K1,15902,C09275
C09276-K1,18632,C09276
C09277-K1,21283,C09277
C09278-K1,22331,C09278
C09279-K1,18026,C09279
C09280-K1,22695,C09280
C09281-K1,22930,C09281
C09282-K1,21749,C09282
C09283-K1,11223,C09283
C09284-K1,22241,C09284
C09285-K1,17755,C09285
C09286-K1,12542,C09286
C09287-K1,22249,C09287
C09288-K1,18025,C09288
C09289-K1,16762,C09289
C09290-K1,20638,C09290
C09291-K1,13340,C09291
C09292-K1,11272,C09292
C09293-K1,13330,C09293
C09294-K1,12472,C09294
C09295-K1,14554,C09295
C09296-K1,20607,C09296
C09297-K1,17143,C09297
C09298-K1,12935,C09298
C09299-K1,14717,C09299
C09300-K1,15578,C09300
C09301-K2,18358,C09301
C09302-K1,13716,C09302
C09303-K1,19421,C09303
C09304-K1,14862,C09304
C09305-K1,10502,C09305
C09306-K1,19794,C09306
C09307-K1,20664,C09307
C09308-K1,19964,C09308
C09309-K1,20617,C09309
C09310-K1,18132,C09310
C09311-K1,15086,C09311
C09312-K1,11637,C09312
C09313-K1,18750,C09313
C09314-K1,22921,C09314
C09315-K1,16138,C09315
C09316-K1,11716,C09316
C09317-K1,10277,C09317
C09318-K1,12526,C09318
C09319-K1,18165,C09319
C09320-K1,11368,C09320
C09321-K1,19761,C09321
C09322-K1,20305,C09322
C09323-K1,11271,C09323
C09324-K1,13548,C09324
C09325-K1,11347,C09325
C09326-K1,16621,C09326
C09327-K1,11865,C09327
C09328-K1,22992,C09328
C09329-K1,14969,C09329
C09330-K1,18060,C09330
C09331-K1,15825,C09331
C09332-K1,20775,C09332
C09333-K1,11579,C09333
C09334-K1,20046,C09334
C09335-K1,23300,C09335
C09336-K1,18051,C09336
C09337-K1,15937,C09337
C09338-K1,10228,C09338
C09339-K1,18454,C09339
C09340-K1,20421,C09340
C09341-K1,21936,C09341
C09342-K1,14364,C09342
C09343-K1,22714,C09343
C09344-K1,17065,C09344
C09345-K1,11831,C09345
C09346-K1,13273,C09346
C09347-K1,16028,C09347
C09348-K1,20810,C09348
C09349-K1,18194,C09349
C09350-K1,14529,C09350
C09351-K1,23388,C09351
C09352-K1,20578,C09352
C09353-K1,11669,C09353
C09354-K1,12652,C09354
C09355-K1,19611,C09355
C09356-K1,15676,C09356
C09357-K1,20452,C09357
C09358-K1,11095,C09358
C09359-K2,12385,C09359
C09360-K1,19050,C09360
C09361-K1,19364,C09361
C09362-K1,15537,C09362
C09363-K2,18494,C09363
C09364-K1,14095,C09364
C09365-K2,17801,C09365
C09366-K1,10095,C09366
C09367-K1,20796,C09367
C09368-K1,15080,C09368
C09369-K1,12951,C09369
C09370-K1,14966,C09370
C09371-K1,12528,C09371
C09372-K1,15625,C09372
C09373-K1,22361,C09373
C09374-K1,13137,C09374
C09375-K1,17183,C09375
C09376-K1,17207,C09376
C09377-K1,20970,C09377
C09378-K1,14049,C09378
C09379-K1,11601,C09379
C09380-K1,16420,C09380
C09381-K1,12996,C09381
C09382-K1,20234,C09382
C09383-K1,10905,C09383
C09384-K1,10845,C09384
C09385-K1,20028,C09385
C09386-K1,11577,C09386
C09387-K1,10868,C09387
C09388-K1,13734,C09388
C09389-K1,10240,C09389
C09390-K1,14935,C09390
C09391-K1,18343,C09391
C09392-K1,21916,C09392
C09393-K1,13520,C09393
C09394-K1,10617,C09394
C09395-K1,11365,C09395
C09396-K1,10713,C09396
C09397-K1,12126,C09397
C09398-K1,18874,C09398
C09399-K1,19639,C09399
C09400-K1,22418,C09400
C09401-K1,20932,C09401
C09402-K1,22372,C09402
C09403-K1,22051,C09403
C09404-K1,14247,C09404
C09405-K1,14447,C09405
C09406-K1,14293,C09406
C09407-K1,14873,C09407
C09408-K1,10380,C09408
C09409-K1,13831,C09409
C09410-K1,12092,C09410
C09411-K1,14612,C09411
C09412-K1,11930,C09412
C09413-K1,16407,C09413
C09414-K1,21175,C09414
C09415-K1,13497,C09415
C09416-K1,14170,C09416
C09417-K1,20169,C09417
C09418-K1,20720,C09418
C09419-K1,15253,C09419
C09420-K2,20395,C09420
C09421-K1,11899,C09421
C09422-K1,20737,C09422
C09423-K1,16583,C09423
C09424-K1,22759,C09424
C09425-K1,15999,C09425
C09426-K1,17137,C09426
C09427-K1,18635,C09427
C09428-K1,22091,C09428
C09429-K1,13389,C09429
C09430-K1,19332,C09430
C09431-K1,21589,C09431
C09432-K1,13668,C09432
C09433-K1,19811,C09433
C09434-K1,20012,C09434
C09435-K1,13459,C09435
C09436-K1,12421,C09436
C09437-K1,19021,C09437
C09438-K1,16835,C09438
C09439-K1,10851,C09439
C09440-K1,12691,C09440
C09441-K1,12232,C09441
C09442-K1,18554,C09442
C09443-K1,17494,C09443
C09444-K1,21431,C09444
C09445-K1,16303,C09445
C09446-K1,17804,C09446
C09447-K1,22024,C09447
C09448-K1,14208,C09448
C09449-K1,15140,C09449
C09450-K1,21009,C09450
C09451-K1,15438,C09451
C09452-K1,22969,C09452
C09453-K1,10092,C09453
C09454-K1,19694,C09454
C09455-K1,11907,C09455
C09456-K1,17224,C09456
C09457-K1,22787,C09457
C09458-K1,21329,C09458
C09459-K1,17610,C09459
C09460-K1,17132,C09460
C09461-K1,16176,C09461
C09462-K1,16067,C09462
C09463-K1,16216,C09463
C09464-K1,23539,C09464
C09465-K1,12896,C09465
C09466-K1,22589,C09466
C09467-K1,17674,C09467
C09468-K2,23367,C09468
C09469-K1,12146,C09469
C09470-K1,15699,C09470
C09471-K2,15065,C09471
C09472-K1,16051,C09472
C09473-K1,19543,C09473
C09474-K1,21809,C09474
C09475-K1,11206,C09475
C09476-K1,20185,C09476
C09477-K1,12970,C09477
C09478-K1,17231,C09478
C09479-K1,17526,C09479
C09480-K1,21913,C09480
C09481-K1,17341,C09481
C09482-K1,11686,C09482
C09483-K1,16985,C09483
C09484-K1,13869,C09484
C09485-K1,18395,C09485
C09486-K1,10517,C09486
C09487-K1,13442,C09487
C09488-K1,21608,C09488
C09489-K1,14437,C09489
C09490-K2,11413,C09490
C09491-K1,18511,C09491
C09492-K1,16938,C09492
C09493-K1,13816,C09493
C09494-K1,11375,C09494
C09495-K1,18784,C09495
C09496-K1,16466,C09496
C09497-K1,22161,C09497
C09498-K1,11803,C09498
C09499-K1,20921,C09499
C09500-K1,13024,C09500
C09501-K1,18948,C09501
C09502-K1,10743,C09502
C09503-K1,21849,C09503
C09504-K1,17364,C09504
C09505-K1,17333,C09505
C09506-K1,10579,C09506
C09507-K1,17828,C09507
C09508-K1,12034,C09508
C09509-K1,13170,C09509
C09510-K1,14521,C09510
C09511-K1,12448,C09511
C09512-K1,21449,C09512
C09513-K1,21776,C09513
C09514-K1,12583,C09514
C09515-K1,16126,C09515
C09516-K1,20920,C09516
C09517-K1,11178,C09517
C09518-K1,18155,C09518
C09519-K1,20407,C09519
C09520-K1,16960,C09520
C09521-K2,21468,C09521
C09522-K1,23550,C09522
C09523-K1,20794,C09523
C09524-K1,20805,C09524
C09525-K1,17064,C09525
C09526-K1,22866,C09526
C09527-K1,15532,C09527
C09528-K1,15208,C09528
C09529-K1,22127,C09529
C09530-K1,19036,C09530
C09531-K1,16877,C09531
C09532-K1,22046,C09532
C09533-K1,12644,C09533
C09534-K1,20777,C09534
C09535-K1,18429,C09535
C09536-K1,18180,C09536
C09537-K1,21909,C09537
C09538-K1,16337,C09538
C09539-K1,13349,C09539
C09540-K1,18382,C09540
C09541-K1,11874,C09541
C09542-K1,20546,C09542
C09543-K1,11619,C09543
C09544-K1,20189,C09544
C09545-K1,20453,C09545
C09546-K1,14111,C09546
C09547-K1,18830,C09547
C09548-K1,19676,C09548
C09549-K1,21587,C09549
C09550-K1,21573,C09550
C09551-K1,10819,C09551
C09552-K1,14724,C09552
C09553-K1,13543,C09553
C09554-K1,15168,C09554
C09555-K1,15790,C09555
C09556-K1,17658,C09556
C09557-K1,21891,C09557
C09558-K1,15871,C09558
C09559-K1,13147,C09559
C09560-K1,15428,C09560
C09561-K1,13670,C09561
C09562-K1,21631,C09562
C09563-K1,23341,C09563
C09564-K1,10205,C09564
C09565-K1,12049,C09565
C09566-K1,13205,C09566
C09567-K1,14840,C09567
C09568-K1,21977,C09568
C09569-K1,14451,C09569
C09570-K1,10951,C09570
C09571-K1,18775,C09571
C09572-K1,15197,C09572
C09573-K1,17999,C09573
C09574-K1,19368,C09574
C09575-K1,19406,C09575
C09576-K1,15543,C09576
C09577-K1,16159,C09577
C09578-K1,19879,C09578
C09579-K2,14934,C09579
C09580-K1,18610,C09580
C09581-K1,18588,C09581
C09582-K1,10488,C09582
C09583-K1,19094,C09583
C09584-K1,20629,C09584
C09585-K1,12125,C09585
C09586-K2,10771,C09586
C09587-K1,23344,C09587
C09588-K1,14906,C09588
C09589-K1,10476,C09589
C09590-K1,18802,C09590
C09591-K1,18696,C09591
C09592-K1,22162,C09592
C09593-K1,11882,C09593
C09594-K1,22529,C09594
C09595-K1,20018,C09595
C09596-K1,20907,C09596
C09597-K1,16525,C09597
C09598-K1,16793,C09598
C09599-K1,10464,C09599
C09600-K1,19307,C09600
C09601-K1,14322,C09601
C09602-K1,13773,C09602
C09603-K1,15878,C09603
C09604-K1,23042,C09604
C09605-K1,21560,C09605
C09606-K1,17604,C09606
C09607-K1,12809,C09607
C09608-K1,17857,C09608
C09609-K1,19318,C09609
C09610-K1,22093,C09610
C09611-K1,12723,C09611
C09612-K1,17559,C09612
C09613-K1,18199,C09613
C09614-K1,18550,C09614
C09615-K1,11892,C09615
C09616-K1,11614,C09616
C09617-K1,15298,C09617
C09618-K1,21927,C09618
C09619-K1,11285,C09619
C09620-K1,17408,C09620
C09621-K1,14343,C09621
C09622-K1,14013,C09622
C09623-K1,16415,C09623
C09624-K1,12857,C09624
C09625-K1,10547,C09625
C09626-K1,15690,C09626
C09627-K1,15181,C09627
C09628-K1,22948,C09628
C09629-K1,22237,C09629
C09630-K1,10235,C09630
C09631-K1,13971,C09631
C09632-K1,23366,C09632
C09633-K1,16792,C09633
C09634-K1,11126,C09634
C09635-K1,16287,C09635
C09636-K1,20707,C09636
C09637-K1,19294,C09637
C09638-K1,12593,C09638
C09639-K1,18527,C09639
C09640-K1,21652,C09640
C09641-K1,18598,C09641
C09642-K1,20727,C09642
C09643-K1,17951,C09643
C09644-K1,13838,C09644
C09645-K1,13380,C09645
C09646-K1,12972,C09646
C09647-K1,22557,C09647
C09648-K1,17739,C09648
C09649-K1,20888,C09649
C09650-K1,15935,C09650
C09651-K1,21263,C09651
C09652-K1,13257,C09652
C09653-K1,16486,C09653
C09654-K1,10113,C09654
C09655-K1,16436,C09655
C09656-K1,14383,C09656
C09657-K2,12100,C09657
C09658-K1,21502,C09658
C09659-K1,22634,C09659
C09660-K1,11811,C09660
C09661-K1,22271,C09661
C09662-K1,17773,C09662
C09663-K1,21641,C09663
C09664-K1,21698,C09664
C09665-K1,18626,C09665
C09666-K2,20512,C09666
C09667-K1,13730,C09667
C09668-K1,15219,C09668
C09669-K1,14721,C09669
C09670-K1,17358,C09670
C09671-K1,12303,C09671
C09672-K1,11263,C09672
C09673-K1,14436,C09673
C09674-K1,11510,C09674
C09675-K1,21741,C09675
C09676-K1,13407,C09676
C09677-K1,13393,C09677
C09678-K1,18728,C09678
C09679-K1,23528,C09679
C09680-K2,13016,C09680
C09681-K1,23074,C09681
C09682-K1,14699,C09682
C09683-K1,16565,C09683
C09684-K1,22911,C09684
C09685-K1,10962,C09685
C09686-K1,16510,C09686
C09687-K1,16016,C09687
C09688-K1,13952,C09688
C09689-K1,22265,C09689
C09690-K1,18816,C09690
C09691-K1,17030,C09691
C09692-K1,15123,C09692
C09693-K1,17542,C09693
C09694-K1,18240,C09694
C09695-K1,22225,C09695
C09696-K1,22263,C09696
C09697-K1,17057,C09697
C09698-K1,14295,C09698
C09699-K1,17846,C09699
C09700-K1,19714,C09700
C09701-K1,12106,C09701
C09702-K1,22962,C09702
C09703-K1,23025,C09703
C09704-K1,23257,C09704
C09705-K1,18926,C09705
C09706-K1,11635,C09706
C09707-K1,12979,C09707
C09708-K1,13404,C09708
C09709-K1,17709,C09709
C09710-K1,10592,C09710
C09711-K1,12010,C09711
C09712-K1,18753,C09712
C09713-K1,11269,C09713
C09714-K1,15700,C09714
C09715-K1,20979,C09715
C09716-K1,13572,C09716
C09717-K1,21297,C09717
C09718-K1,15305,C09718
C09719-K1,18332,C09719
C09720-K1,21554,C09720
C09721-K1,17962,C09721
C09722-K1,19208,C09722
C09723-K1,17944,C09723
C09724-K1,10696,C09724
C09725-K1,17569,C09725
C09726-K1,14468,C09726
C09727-K1,17461,C09727
C09728-K1,18288,C09728
C09729-K1,22502,C09729
C09730-K1,18285,C09730
C09731-K1,15224,C09731
C09732-K1,17501,C09732
C09733-K1,19671,C09733
C09734-K1,14741,C09734
C09735-K1,14135,C09735
C09736-K1,10729,C09736
C09737-K1,13537,C09737
C09738-K1,10716,C09738
C09739-K1,10003,C09739
C09740-K1,19834,C09740
C09741-K1,11538,C09741
C09742-K2,22055,C09742
C09743-K1,17798,C09743
C09744-K1,23464,C09744
C09745-K1,18829,C09745
C09746-K1,19207,C09746
C09747-K1,13085,C09747
C09748-K1,14314,C09748
C09749-K1,21456,C09749
C09750-K1,12884,C09750
C09751-K1,18427,C09751
C09752-K1,14866,C09752
C09753-K1,15923,C09753
C09754-K1,11891,C09754
C09755-K1,23240,C09755
C09756-K1,21566,C09756
C09757-K1,23418,C09757
C09758-K1,11585,C09758
C09759-K1,21932,C09759
C09760-K1,11495,C09760
C09761-K1,19513,C09761
C09762-K1,15610,C09762
C09763-K1,20176,C09763
C09764-K1,20392,C09764
C09765-K1,14503,C09765
C09766-K1,16746,C09766
C09767-K1,20924,C09767
C09768-K1,10150,C09768
C09769-K1,23186,C09769
C09770-K1,12093,C09770
C09771-K1,12837,C09771
C09772-K1,16479,C09772
C09773-K1,21080,C09773
C09774-K1,14931,C09774
C09775-K1,17948,C09775
C09776-K1,10157,C09776
C09777-K1,18521,C09777
C09778-K1,13242,C09778
C09779-K1,13677,C09779
C09780-K1,13649,C09780
C09781-K1,21015,C09781
C09782-K1,14751,C09782
C09783-K1,15808,C09783
C09784-K1,11995,C09784
C09785-K1,16386,C09785
C09786-K1,15429,C09786
C09787-K1,12295,C09787
C09788-K1,14228,C09788
C09789-K1,12068,C09789
C09790-K1,19188,C09790
C09791-K1,12697,C09791
C09792-K1,20823,C09792
C09793-K1,15494,C09793
C09794-K1,11916,C09794
C09795-K1,22044,C09795
C09796-K1,18590,C09796
C09797-K1,20422,C09797
C09798-K1,15722,C09798
C09799-K1,13756,C09799
C09800-K2,12563,C09800
C09801-K1,13308,C09801
C09802-K1,22115,C09802
C09803-K1,12917,C09803
C09804-K1,11564,C09804
C09805-K1,13623,C09805
C09806-K1,17268,C09806
C09807-K1,14126,C09807
C09808-K1,13221,C09808
C09809-K1,17638,C09809
C09810-K1,17790,C09810
C09811-K1,11481,C09811
C09812-K1,21306,C09812
C09813-K1,14340,C09813
C09814-K1,19370,C09814
C09815-K1,15103,C09815
C09816-K1,18871,C09816
C09817-K1,14098,C09817
C09818-K1,14269,C09818
C09819-K1,19399,C09819
C09820-K2,18266,C09820
C09821-K1,21622,C09821
C09822-K1,17380,C09822
C09823-K1,14174,C09823
C09824-K1,23352,C09824
C09825-K1,16059,C09825
C09826-K1,18151,C09826
C09827-K1,15051,C09827
C09828-K1,20686,C09828
C09829-K1,10520,C09829
C09830-K1,21023,C09830
C09831-K1,15333,C09831
C09832-K1,19386,C09832
C09833-K1,15474,C09833
C09834-K1,20253,C09834
C09835-K1,10149,C09835
C09836-K1,16230,C09836
C09837-K1,22763,C09837
C09838-K1,15915,C09838
C09839-K1,13391,C09839
C09840-K1,10540,C09840
C09841-K1,12672,C09841
C09842-K1,16500,C09842
C09843-K1,14176,C09843
C09844-K1,18780,C09844
C09845-K1,17159,C09845
C09846-K1,18188,C09846
C09847-K1,19935,C09847
C09848-K2,23159,C09848
C09849-K1,12781,C09849
C09850-K1,18548,C09850
C09851-K1,16181,C09851
C09852-K1,22089,C09852
C09853-K1,14154,C09853
C09854-K1,16575,C09854
C09855-K2,21338,C09855
C09856-K1,22013,C09856
C09857-K1,20650,C09857
C09858-K1,18456,C09858
C09859-K1,17165,C09859
C09860-K1,11977,C09860
C09861-K1,11978,C09861
C09862-K1,18842,C09862
C09863-K1,13044,C09863
C09864-K1,22877,C09864
C09865-K1,13394,C09865
C09866-K1,13861,C09866
C09867-K1,10237,C09867
C09868-K1,13856,C09868
C09869-K1,14092,C09869
C09870-K1,13320,C09870
C09871-K1,14063,C09871
C09872-K1,22474,C09872
C09873-K1,23282,C09873
C09874-K1,17414,C09874
C09875-K1,14720,C09875
C09876-K1,20129,C09876
C09877-K1,19802,C09877
C09878-K1,18112,C09878
C09879-K1,16476,C09879
C09880-K1,11723,C09880
C09881-K1,13653,C09881
C09882-K1,16843,C09882
C09883-K1,23032,C09883
C09884-K1,17644,C09884
C09885-K1,10447,C09885
C09886-K1,14323,C09886
C09887-K1,15768,C09887
C09888-K1,10044,C09888
C09889-K1,22519,C09889
C09890-K1,15569,C09890
C09891-K1,12394,C09891
C09892-K1,11695,C09892
C09893-K1,20665,C09893
C09894-K1,21289,C09894
C09895-K1,11435,C09895
C09896-K1,13573,C09896
C09897-K1,15560,C09897
C09898-K1,19343,C09898
C09899-K1,11469,C09899
C09900-K1,11580,C09900
C09901-K1,13909,C09901
C09902-K2,22369,C09902
C09903-K1,12823,C09903
C09904-K1,22414,C09904
C09905-K1,14781,C09905
C09906-K1,22867,C09906
C09907-K1,14244,C09907
C09908-K1,14795,C09908
C09909-K1,20282,C09909
C09910-K1,20306,C09910
C09911-K1,15867,C09911
C09912-K1,20675,C09912
C09913-K1,14152,C09913
C09914-K1,21352,C09914
C09915-K1,11046,C09915
C09916-K1,13296,C09916
C09917-K1,12523,C09917
C09918-K1,16546,C09918
C09919-K1,17983,C09919
C09920-K1,20740,C09920
C09921-K1,14804,C09921
C09922-K1,13387,C09922
C09923-K1,23033,C09923
C09924-K1,21211,C09924
C09925-K1,15368,C09925
C09926-K1,20263,C09926
C09927-K1,15434,C09927
C09928-K1,22038,C09928
C09929-K1,23053,C09929
C09930-K1,19251,C09930
C09931-K1,17345,C09931
C09932-K1,13818,C09932
C09933-K2,15868,C09933
C09934-K1,16469,C09934
C09935-K1,13797,C09935
C09936-K1,17912,C09936
C09937-K1,16161,C09937
C09938-K1,19184,C09938
C09939-K1,20475,C09939
C09940-K1,16149,C09940
C09941-K1,22538,C09941
C09942-K1,18950,C09942
C09943-K1,14268,C09943
C09944-K1,12484,C09944
C09945-K1,21355,C09945
C09946-K1,19790,C09946
C09947-K1,15469,C09947
C09948-K1,13372,C09948
C09949-K1,10341,C09949
C09950-K1,16611,C09950
C09951-K1,16928,C09951
C09952-K1,11798,C09952
C09953-K1,13521,C09953
C09954-K1,18831,C09954
C09955-K1,16789,C09955
C09956-K1,22105,C09956
C09957-K1,22727,C09957
C09958-K1,14234,C09958
C09959-K1,11832,C09959
C09960-K1,22318,C09960
C09961-K1,14822,C09961
C09962-K1,22353,C09962
C09963-K1,15112,C09963
C09964-K1,23131,C09964
C09965-K1,18269,C09965
C09966-K1,18143,C09966
C09967-K1,23231,C09967
C09968-K1,11781,C09968
C09969-K1,18704,C09969
C09970-K1,22181,C09970
C09971-K1,22895,C09971
C09972-K1,20180,C09972
C09973-K1,14834,C09973
C09974-K1,11991,C09974
C09975-K1,22766,C09975
C09976-K1,23195,C09976
C09977-K1,17796,C09977
C09978-K1,14015,C09978
C09979-K1,18859,C09979
C09980-K1,12455,C09980
C09981-K2,19938,C09981
C09982-K1,16832,C09982
C09983-K1,21478,C09983
C09984-K1,15523,C09984
C09985-K1,11433,C09985
C09986-K1,16351,C09986
C09987-K1,11970,C09987
C09988-K1,11242,C09988
C09989-K1,10622,C09989
C09990-K1,18075,C09990
C09991-K1,14360,C09991
C09992-K1,10146,C09992
C09993-K1,21929,C09993
C09994-K1,20381,C09994
C09995-K1,14100,C09995
C09996-K1,17527,C09996
C09997-K1,23484,C09997
C09998-K1,14251,C09998
C09999-K1,17587,C09999
C10000-K1,17003,C10000
C10001-K1,17874,C10001
C10002-K1,14248,C10002
C10003-K1,13065,C10003
C10004-K1,13120,C10004
C10005-K1,22148,C10005
C10006-K1,18995,C10006
C10007-K1,12556,C10007
C10008-K1,17664,C10008
C10009-K1,22253,C10009
C10010-K1,20489,C10010
C10011-K1,11889,C10011
C10012-K1,17748,C10012
C10013-K1,17758,C10013
C10014-K1,17671,C10014
C10015-K1,10039,C10015
C10016-K2,10777,C10016
C10017-K1,16125,C10017
C10018-K1,11082,C10018
C10019-K1,14709,C10019
C10020-K1,20868,C10020
C10021-K1,22291,C10021
C10022-K1,20001,C10022
C10023-K1,12431,C10023
C10024-K1,10770,C10024
C10025-K1,21193,C10025
C10026-K1,13298,C10026
C10027-K1,23265,C10027
C10028-K1,11765,C10028
C10029-K1,13174,C10029
C10030-K1,13171,C10030
C10031-K1,22060,C10031
C10032-K2,10156,C10032
C10033-K1,18100,C10033
C10034-K1,21004,C10034
C10035-K1,22863,C10035
C10036-K1,10503,C10036
C10037-K1,16549,C10037
C10038-K1,21401,C10038
C10039-K1,16660,C10039
C10040-K1,12677,C10040
C10041-K1,11779,C10041
C10042-K1,22285,C10042
C10043-K1,20199,C10043
C10044-K1,13278,C10044
C10045-K1,15097,C10045
C10046-K1,19533,C10046
C10047-K1,20035,C10047
C10048-K1,17803,C10048
C10049-K1,19083,C10049
C10050-K1,13051,C10050
C10051-K1,11020,C10051
C10052-K1,16397,C10052
C10053-K1,21485,C10053
C10054-K1,13185,C10054
C10055-K1,15319,C10055
C10056-K1,13581,C10056
C10057-K1,16270,C10057
C10058-K1,20557,C10058
C10059-K1,23200,C10059
C10060-K1,13624,C10060
C10061-K1,10943,C10061
C10062-K1,17621,C10062
C10063-K1,21234,C10063
C10064-K1,13478,C10064
C10065-K1,22783,C10065
C10066-K1,16390,C10066
C10067-K1,11147,C10067
C10068-K1,16714,C10068
C10069-K1,22905,C10069
C10070-K1,22853,C10070
C10071-K1,18464,C10071
C10072-K1,21386,C10072
C10073-K1,22872,C10073
C10074-K1,19859,C10074
C10075-K1,11322,C10075
C10076-K1,22322,C10076
C10077-K1,19876,C10077
C10078-K1,10479,C10078
C10079-K1,22922,C10079
C10080-K1,12614,C10080
C10081-K1,21022,C10081
C10082-K1,20485,C10082
C10083-K1,20743,C10083
C10084-K1,21067,C10084
C10085-K1,20818,C10085
C10086-K1,17053,C10086
C10087-K1,16413,C10087
C10088-K1,21074,C10088
C10089-K1,10883,C10089
C10090-K1,16700,C10090
C10091-K1,22186,C10091
C10092-K1,19562,C10092
C10093-K1,15922,C10093
C10094-K1,15155,C10094
C10095-K1,19342,C10095
C10096-K1,21718,C10096
C10097-K1,19609,C10097
C10098-K1,16837,C10098
C10099-K1,17102,C10099
C10100-K1,11998,C10100
C10101-K1,23411,C10101
C10102-K1,21567,C10102
C10103-K1,14480,C10103
C10104-K1,18101,C10104
C10105-K1,15142,C10105
C10106-K1,18114,C10106
C10107-K1,14597,C10107
C10108-K1,23179,C10108
C10109-K1,20657,C10109
C10110-K1,16019,C10110
C10111-K1,13017,C10111
C10112-K1,11031,C10112
C10113-K1,23386,C10113
C10114-K1,23127,C10114
C10115-K1,22870,C10115
C10116-K1,14511,C10116
C10117-K1,11051,C10117
C10118-K1,22240,C10118
C10119-K1,19705,C10119
C10120-K1,23007,C10120
C10121-K1,11199,C10121
C10122-K1,10930,C10122
C10123-K1,21084,C10123
C10124-K1,18005,C10124
C10125-K1,11583,C10125
C10126-K1,10102,C10126
C10127-K2,18135,C10127
C10128-K1,17882,C10128
C10129-K1,21351,C10129
C10130-K1,17680,C10130
C10131-K1,18621,C10131
C10132-K1,22890,C10132
C10133-K1,15229,C10133
C10134-K1,14892,C10134
C10135-K1,11636,C10135
C10136-K1,20118,C10136
C10137-K2,12942,C10137
C10138-K1,15911,C10138
C10139-K1,10816,C10139
C10140-K1,11799,C10140
C10141-K1,17422,C10141
C10142-K1,15119,C10142
C10143-K1,11484,C10143
C10144-K1,10511,C10144
C10145-K1,18085,C10145
C10146-K1,11164,C10146
C10147-K1,19742,C10147
C10148-K1,16626,C10148
C10149-K1,17223,C10149
C10150-K1,11355,C10150
C10151-K1,15872,C10151
C10152-K1,15151,C10152
C10153-K1,19106,C10153
C10154-K1,19729,C10154
C10155-K1,15536,C10155
C10156-K1,14284,C10156
C10157-K1,21111,C10157
C10158-K1,14047,C10158
C10159-K1,11487,C10159
C10160-K1,15037,C10160
C10161-K1,22403,C10161
C10162-K1,13254,C10162
C10163-K1,12579,C10163
C10164-K1,14603,C10164
C10165-K1,10008,C10165
C10166-K1,12845,C10166
C10167-K1,20366,C10167
C10168-K1,23001,C10168
C10169-K1,13626,C10169
C10170-K1,12662,C10170
C10171-K1,21965,C10171
C10172-K1,17485,C10172
C10173-K1,14384,C10173
C10174-K1,10353,C10174
C10175-K1,11633,C10175
C10176-K1,20905,C10176
C10177-K1,12699,C10177
C10178-K1,10717,C10178
C10179-K1,11149,C10179
C10180-K1,20551,C10180
C10181-K1,19443,C10181
C10182-K1,23036,C10182
C10183-K1,10809,C10183
C10184-K1,22362,C10184
C10185-K1,12290,C10185
C10186-K1,15433,C10186
C10187-K1,12024,C10187
C10188-K1,11370,C10188
C10189-K1,10268,C10189
C10190-K1,13511,C10190
C10191-K1,16739,C10191
C10192-K1,17393,C10192
C10193-K2,23517,C10193
C10194-K1,13248,C10194
C10195-K1,16719,C10195
C10196-K1,20334,C10196
C10197-K1,21620,C10197
C10198-K1,18164,C10198
C10199-K1,10949,C10199
C10200-K1,18940,C10200
C10201-K1,23304,C10201
C10202-K1,13755,C10202
C10203-K1,19528,C10203
C10204-K1,10070,C10204
C10205-K1,16554,C10205
C10206-K1,15339,C10206
C10207-K1,10222,C10207
C10208-K1,14254,C10208
C10209-K1,13951,C10209
C10210-K1,19814,C10210
C10211-K1,10259,C10211
C10212-K1,20983,C10212
C10213-K1,10347,C10213
C10214-K1,21941,C10214
C10215-K1,14787,C10215
C10216-K1,17940,C10216
C10217-K1,14949,C10217
C10218-K1,12445,C10218
C10219-K1,21970,C10219
C10220-K1,13533,C10220
C10221-K1,15950,C10221
C10222-K1,16717,C10222
C10223-K1,10888,C10223
C10224-K1,22876,C10224
C10225-K1,18000,C10225
C10226-K1,21696,C10226
C10227-K1,19942,C10227
C10228-K1,17385,C10228
C10229-K1,17498,C10229
C10230-K1,18795,C10230
C10231-K1,14014,C10231
C10232-K1,15958,C10232
C10233-K1,22015,C10233
C10234-K1,15908,C10234
C10235-K1,14842,C10235
C10236-K1,11024,C10236
C10237-K1,17404,C10237
C10238-K1,10595,C10238
C10239-K1,19725,C10239
C10240-K1,15231,C10240
C10241-K1,19867,C10241
C10242-K1,23031,C10242
C10243-K1,23441,C10243
C10244-K1,11914,C10244
C10245-K1,16180,C10245
C10246-K1,15978,C10246
C10247-K1,22780,C10247
C10248-K1,20102,C10248
C10249-K1,10152,C10249
C10250-K1,23262,C10250
C10251-K1,20535,C10251
C10252-K1,19244,C10252
C10253-K1,18186,C10253
C10254-K1,16997,C10254
C10255-K1,18868,C10255
C10256-K1,17257,C10256
C10257-K1,13237,C10257
C10258-K1,18583,C10258
C10259-K1,22221,C10259
C10260-K1,21854,C10260
C10261-K1,13234,C10261
C10262-K1,11338,C10262
C10263-K1,12989,C10263
C10264-K1,20580,C10264
C10265-K1,21670,C10265
C10266-K1,20641,C10266
C10267-K1,16608,C10267
C10268-K1,15046,C10268
C10269-K1,15093,C10269
C10270-K1,12537,C10270
C10271-K1,19872,C10271
C10272-K1,14647,C10272
C10273-K1,22442,C10273
C10274-K1,12236,C10274
C10275-K1,17655,C10275
C10276-K1,20210,C10276
C10277-K1,16651,C10277
C10278-K1,15067,C10278
C10279-K1,13993,C10279
C10280-K1,13522,C10280
C10281-K1,11823,C10281
C10282-K1,10154,C10282
C10283-K1,11610,C10283
C10284-K1,17282,C10284
C10285-K1,10428,C10285
C10286-K1,23462,C10286
C10287-K1,10561,C10287
C10288-K1,21742,C10288
C10289-K1,11530,C10289
C10290-K1,20043,C10290
C10291-K1,18975,C10291
C10292-K1,13193,C10292
C10293-K1,19839,C10293
C10294-K1,12640,C10294
C10295-K1,17372,C10295
C10296-K1,19202,C10296
C10297-K1,18028,C10297
C10298-K1,23117,C10298
C10299-K1,21384,C10299
C10300-K1,19706,C10300
C10301-K1,20677,C10301
C10302-K1,18246,C10302
C10303-K1,10471,C10303
C10304-K1,20564,C10304
C10305-K1,14206,C10305
C10306-K1,15314,C10306
C10307-K1,10939,C10307
C10308-K1,22409,C10308
C10309-K1,11718,C10309
C10310-K1,16957,C10310
C10311-K1,19650,C10311
C10312-K1,15881,C10312
C10313-K1,18851,C10313
C10314-K1,11466,C10314
C10315-K1,10002,C10315
C10316-K1,23449,C10316
C10317-K1,13793,C10317
C10318-K1,22632,C10318
C10319-K1,15044,C10319
C10320-K1,13514,C10320
C10321-K1,19698,C10321
C10322-K1,14156,C10322
C10323-K1,19688,C10323
C10324-K1,23073,C10324
C10325-K1,15535,C10325
C10326-K1,19917,C10326
C10327-K1,17044,C10327
C10328-K1,10976,C10328
C10329-K1,13507,C10329
C10330-K1,17844,C10330
C10331-K1,22630,C10331
C10332-K1,15378,C10332
C10333-K1,19600,C10333
C10334-K1,15171,C10334
C10335-K1,13455,C10335
C10336-K1,10244,C10336
C10337-K1,15244,C10337
C10338-K1,16460,C10338
C10339-K1,14139,C10339
C10340-K1,18094,C10340
C10341-K1,16295,C10341
C10342-K1,17113,C10342
C10343-K1,18787,C10343
C10344-K2,15910,C10344
C10345-K1,23174,C10345
C10346-K1,17699,C10346
C10347-K1,20716,C10347
C10348-K1,11912,C10348
C10349-K1,16775,C10349
C10350-K1,18903,C10350
C10351-K1,14627,C10351
C10352-K1,13355,C10352
C10353-K1,21556,C10353
C10354-K1,13346,C10354
C10355-K1,16631,C10355
C10356-K1,11475,C10356
C10357-K1,11519,C10357
C10358-K1,19100,C10358
C10359-K1,15304,C10359
C10360-K1,19302,C10360
C10361-K1,10142,C10361
C10362-K1,18022,C10362
C10363-K1,20257,C10363
C10364-K1,15239,C10364
C10365-K1,13429,C10365
C10366-K1,20977,C10366
C10367-K1,14568,C10367
C10368-K1,19027,C10368
C10369-K1,12002,C10369
C10370-K1,14548,C10370
C10371-K1,13847,C10371
C10372-K1,11021,C10372
C10373-K1,10007,C10373
C10374-K1,19590,C10374
C10375-K1,17926,C10375
C10376-K1,13794,C10376
C10377-K1,13447,C10377
C10378-K1,21406,C10378
C10379-K1,11436,C10379
C10380-K1,19524,C10380
C10381-K1,13143,C10381
C10382-K1,13163,C10382
C10383-K2,11535,C10383
C10384-K1,15667,C10384
C10385-K1,16400,C10385
C10386-K1,23400,C10386
C10387-K1,23456,C10387
C10388-K1,16195,C10388
C10389-K1,12094,C10389
C10390-K1,13536,C10390
C10391-K1,11314,C10391
C10392-K1,14330,C10392
C10393-K1,15648,C10393
C10394-K1,20191,C10394
C10395-K1,21601,C10395
C10396-K1,22416,C10396
C10397-K1,11743,C10397
C10398-K1,20074,C10398
C10399-K1,22346,C10399
C10400-K1,17107,C10400
C10401-K1,23365,C10401
C10402-K1,14464,C10402
C10403-K1,21276,C10403
C10404-K1,15513,C10404
C10405-K1,11292,C10405
C10406-K1,11727,C10406
C10407-K1,16363,C10407
C10408-K1,13188,C10408
C10409-K1,15203,C10409
C10410-K1,11766,C10410
C10411-K1,13057,C10411
C10412-K1,11642,C10412
C10413-K1,22800,C10413
C10414-K1,22358,C10414
C10415-K1,17329,C10415
C10416-K1,17094,C10416
C10417-K1,11381,C10417
C10418-K1,20725,C10418
C10419-K1,15242,C10419
C10420-K1,18501,C10420
C10421-K1,11745,C10421
C10422-K2,19144,C10422
C10423-K1,18571,C10423
C10424-K1,22762,C10424
C10425-K1,13943,C10425
C10426-K1,21888,C10426
C10427-K1,11954,C10427
C10428-K1,23520,C10428
C10429-K1,21285,C10429
C10430-K1,10063,C10430
C10431-K1,16707,C10431
C10432-K1,20767,C10432
C10433-K1,18636,C10433
C10434-K1,17379,C10434
C10435-K1,10728,C10435
C10436-K1,22757,C10436
C10437-K1,18018,C10437
C10438-K1,15803,C10438
C10439-K1,11956,C10439
C10440-K1,16648,C10440
C10441-K1,21235,C10441
C10442-K1,19427,C10442
C10443-K1,10106,C10443
C10444-K1,10387,C10444
C10445-K1,19235,C10445
C10446-K1,22777,C10446
C10447-K1,17233,C10447
C10448-K1,12955,C10448
C10449-K1,10877,C10449
C10450-K1,11949,C10450
C10451-K1,11296,C10451
C10452-K1,20256,C10452
C10453-K1,11057,C10453
C10454-K1,12726,C10454
C10455-K1,10673,C10455
C10456-K1,11835,C10456
C10457-K1,11091,C10457
C10458-K1,12956,C10458
C10459-K1,19080,C10459
C10460-K1,20589,C10460
C10461-K1,21411,C10461
C10462-K1,20354,C10462
C10463-K1,20971,C10463
C10464-K1,11856,C10464
C10465-K1,19201,C10465
C10466-K1,18828,C10466
C10467-K1,12275,C10467
C10468-K1,16727,C10468
C10469-K1,13216,C10469
C10470-K1,17266,C10470
C10471-K1,11106,C10471
C10472-K1,17813,C10472
C10473-K1,11295,C10473
C10474-K1,22959,C10474
C10475-K1,20283,C10475
C10476-K1,13208,C10476
C10477-K1,16812,C10477
C10478-K1,23335,C10478
C10479-K1,18202,C10479
C10480-K1,11573,C10480
C10481-K1,10631,C10481
C10482-K1,21638,C10482
C10483-K1,16639,C10483
C10484-K1,17821,C10484
C10485-K1,12362,C10485
C10486-K1,14859,C10486
C10487-K1,15697,C10487
C10488-K1,14000,C10488
C10489-K1,19946,C10489
C10490-K1,12824,C10490
C10491-K1,16410,C10491
C10492-K1,18141,C10492
C10493-K1,15156,C10493
C10494-K1,21643,C10494
C10495-K1,10429,C10495
C10496-K1,20168,C10496
C10497-K1,21576,C10497
C10498-K1,15293,C10498
C10499-K1,20235,C10499
C10500-K1,20532,C10500
C10501-K1,21928,C10501
C10502-K1,20484,C10502
C10503-K1,14307,C10503
C10504-K1,15527,C10504
C10505-K1,22696,C10505
C10506-K1,15441,C10506
C10507-K2,16527,C10507
C10508-K1,18640,C10508
C10509-K1,19978,C10509
C10510-K1,19131,C10510
C10511-K1,16431,C10511
C10512-K1,17534,C10512
C10513-K1,21217,C10513
C10514-K1,18786,C10514
C10515-K1,19890,C10515
C10516-K1,17805,C10516
C10517-K1,18126,C10517
C10518-K1,11482,C10518
C10519-K1,20827,C10519
C10520-K1,15370,C10520
C10521-K1,15856,C10521
C10522-K1,11385,C10522
C10523-K1,22056,C10523
C10524-K1,15940,C10524
C10525-K1,20172,C10525
C10526-K1,22732,C10526
C10527-K1,10624,C10527
C10528-K1,12966,C10528
C10529-K1,11213,C10529
C10530-K1,21702,C10530
C10531-K1,10013,C10531
C10532-K1,18276,C10532
C10533-K1,17219,C10533
C10534-K1,11036,C10534
C10535-K1,20221,C10535
C10536-K1,22070,C10536
C10537-K1,13503,C10537
C10538-K1,11850,C10538
C10539-K1,10292,C10539
C10540-K1,20045,C10540
C10541-K1,13358,C10541
C10542-K1,12118,C10542
C10543-K1,11774,C10543
C10544-K1,13926,C10544
C10545-K1,11461,C10545
C10546-K1,19970,C10546
C10547-K1,23440,C10547
C10548-K1,15312,C10548
C10549-K1,20527,C10549
C10550-K1,18854,C10550
C10551-K1,14446,C10551
C10552-K1,16023,C10552
C10553-K1,12425,C10553
C10554-K1,18157,C10554
C10555-K1,15990,C10555
C10556-K1,12354,C10556
C10557-K1,17890,C10557
C10558-K1,20245,C10558
C10559-K1,20031,C10559
C10560-K1,21018,C10560
C10561-K1,16480,C10561
C10562-K1,12780,C10562
C10563-K1,12615,C10563
C10564-K1,19304,C10564
C10565-K1,14455,C10565
C10566-K1,19915,C10566
C10567-K1,14084,C10567
C10568-K1,17691,C10568
C10569-K1,12246,C10569
C10570-K1,18294,C10570
C10571-K1,23173,C10571
C10572-K1,10412,C10572
C10573-K1,13639,C10573
C10574-K1,10370,C10574
C10575-K1,16878,C10575
C10576-K1,12731,C10576
C10577-K1,21629,C10577
C10578-K1,14394,C10578
C10579-K1,13969,C10579
C10580-K1,20215,C10580
C10581-K1,23274,C10581
C10582-K1,14693,C10582
C10583-K1,17308,C10583
C10584-K1,19262,C10584
C10585-K2,12228,C10585
C10586-K1,13227,C10586
C10587-K1,17995,C10587
C10588-K1,19132,C10588
C10589-K1,23120,C10589
C10590-K1,12984,C10590
C10591-K1,18627,C10591
C10592-K1,12749,C10592
C10593-K1,11567,C10593
C10594-K1,21444,C10594
C10595-K1,13161,C10595
C10596-K1,19967,C10596
C10597-K1,13552,C10597
C10598-K1,22377,C10598
C10599-K1,14926,C10599
C10600-K1,12489,C10600
C10601-K1,11424,C10601
C10602-K1,20738,C10602
C10603-K1,18387,C10603
C10604-K1,23144,C10604
C10605-K1,23266,C10605
C10606-K1,20781,C10606
C10607-K1,11025,C10607
C10608-K1,15137,C10608
C10609-K1,21265,C10609
C10610-K1,11741,C10610
C10611-K1,16838,C10611
C10612-K1,20067,C10612
C10613-K1,16771,C10613
C10614-K1,12584,C10614
C10615-K1,20602,C10615
C10616-K1,21387,C10616
C10617-K1,17710,C10617
C10618-K1,17873,C10618
C10619-K1,20030,C10619
C10620-K1,12554,C10620
C10621-K1,21059,C10621
C10622-K1,12519,C10622
C10623-K1,13922,C10623
C10624-K1,13703,C10624
C10625-K1,12139,C10625
C10626-K1,11247,C10626
C10627-K1,14239,C10627
C10628-K1,17307,C10628
C10629-K1,12631,C10629
C10630-K1,15907,C10630
C10631-K1,10239,C10631
C10632-K1,19830,C10632
C10633-K1,10329,C10633
C10634-K1,11439,C10634
C10635-K1,18264,C10635
C10636-K1,17144,C10636
C10637-K1,17458,C10637
C10638-K1,22718,C10638
C10639-K1,17179,C10639
C10640-K1,23062,C10640
C10641-K1,15734,C10641
C10642-K1,18710,C10642
C10643-K1,17570,C10643
C10644-K1,12070,C10644
C10645-K1,16920,C10645
C10646-K1,22812,C10646
C10647-K1,21031,C10647
C10648-K1,12309,C10648
C10649-K1,12079,C10649
C10650-K1,22919,C10650
C10651-K1,12679,C10651
C10652-K1,18125,C10652
C10653-K1,21443,C10653
C10654-K1,16440,C10654
C10655-K1,11663,C10655
C10656-K1,20080,C10656
C10657-K1,21848,C10657
C10658-K1,10434,C10658
C10659-K1,18531,C10659
C10660-K1,17349,C10660
C10661-K1,10519,C10661
C10662-K1,18510,C10662
C10663-K1,16226,C10663
C10664-K1,20244,C10664
C10665-K1,20846,C10665
C10666-K1,12017,C10666
C10667-K1,11679,C10667
C10668-K1,19738,C10668
C10669-K1,22691,C10669
C10670-K1,18156,C10670
C10671-K1,22536,C10671
C10672-K1,12632,C10672
C10673-K1,21337,C10673
C10674-K1,13167,C10674
C10675-K1,18036,C10675
C10676-K1,12929,C10676
C10677-K1,13183,C10677
C10678-K1,17816,C10678
C10679-K1,12570,C10679
C10680-K1,17855,C10680
C10681-K1,18599,C10681
C10682-K1,15472,C10682
C10683-K1,18321,C10683
C10684-K1,18491,C10684
C10685-K1,20732,C10685
C10686-K1,23360,C10686
C10687-K1,12156,C10687
C10688-K1,17306,C10688
C10689-K1,13301,C10689
C10690-K1,17202,C10690
C10691-K1,16600,C10691
C10692-K1,18933,C10692
C10693-K1,14038,C10693
C10694-K1,11492,C10694
C10695-K1,19568,C10695
C10696-K1,10164,C10696
C10697-K1,20002,C10697
C10698-K1,12442,C10698
C10699-K1,22857,C10699
C10700-K1,12158,C10700
C10701-K1,18612,C10701
C10702-K1,14351,C10702
C10703-K1,13987,C10703
C10704-K1,23099,C10704
C10705-K1,13684,C10705
C10706-K1,16844,C10706
C10707-K1,10591,C10707
C10708-K1,19850,C10708
C10709-K1,17093,C10709
C10710-K1,13685,C10710
C10711-K1,16207,C10711
C10712-K1,21963,C10712
C10713-K1,10403,C10713
C10714-K1,12649,C10714
C10715-K2,17583,C10715
C10716-K1,20925,C10716
C10717-K1,22436,C10717
C10718-K1,21419,C10718
C10719-K1,18433,C10719
C10720-K1,12967,C10720
C10721-K1,21442,C10721
C10722-K1,13325,C10722
C10723-K1,22248,C10723
C10724-K1,20362,C10724
C10725-K1,11138,C10725
C10726-K1,21159,C10726
C10727-K1,13268,C10727
C10728-K1,10661,C10728
C10729-K1,11909,C10729
C10730-K1,12815,C10730
C10731-K1,13562,C10731
C10732-K1,17193,C10732
C10733-K1,18671,C10733
C10734-K1,10632,C10734
C10735-K1,20788,C10735
C10736-K1,10223,C10736
C10737-K1,18271,C10737
C10738-K1,19604,C10738
C10739-K1,16103,C10739
C10740-K1,23050,C10740
C10741-K1,15030,C10741
C10742-K1,14735,C10742
C10743-K1,16836,C10743
C10744-K1,21905,C10744
C10745-K1,11841,C10745
C10746-K1,21524,C10746
C10747-K1,20160,C10747
C10748-K1,12613,C10748
C10749-K1,15401,C10749
C10750-K1,23301,C10750
C10751-K1,20663,C10751
C10752-K1,22251,C10752
C10753-K1,15784,C10753
C10754-K1,13916,C10754
C10755-K1,14761,C10755
C10756-K1,11955,C10756
C10757-K2,11646,C10757
C10758-K1,17206,C10758
C10759-K1,13576,C10759
C10760-K2,12153,C10760
C10761-K1,11921,C10761
C10762-K1,20815,C10762
C10763-K1,22716,C10763
C10764-K1,19393,C10764
C10765-K1,21994,C10765
C10766-K1,10251,C10766
C10767-K1,23306,C10767
C10768-K1,22196,C10768
C10769-K1,17007,C10769
C10770-K1,15905,C10770
C10771-K1,11454,C10771
C10772-K1,17433,C10772
C10773-K1,12561,C10773
C10774-K1,11302,C10774
C10775-K1,22860,C10775
C10776-K1,12469,C10776
C10777-K1,17956,C10777
C10778-K1,17715,C10778
C10779-K1,11388,C10779
C10780-K1,14181,C10780
C10781-K1,12423,C10781
C10782-K1,16395,C10782
C10783-K1,11059,C10783
C10784-K1,10328,C10784
C10785-K1,14877,C10785
C10786-K1,18884,C10786
C10787-K1,15092,C10787
C10788-K1,18922,C10788
C10789-K1,19074,C10789
C10790-K1,20537,C10790
C10791-K1,14850,C10791
C10792-K1,19582,C10792
C10793-K1,10194,C10793
C10794-K1,22679,C10794
C10795-K1,20209,C10795
C10796-K1,11115,C10796
C10797-K1,20062,C10797
C10798-K1,12183,C10798
C10799-K1,10973,C10799
C10800-K1,20768,C10800
C10801-K1,11134,C10801
C10802-K1,14984,C10802
C10803-K1,19574,C10803
C10804-K1,23267,C10804
C10805-K1,19566,C10805
C10806-K1,19509,C10806
C10807-K1,10313,C10807
C10808-K1,11120,C10808
C10809-K1,17367,C10809
C10810-K1,22524,C10810
C10811-K1,19684,C10811
C10812-K1,15741,C10812
C10813-K1,12390,C10813
C10814-K1,11751,C10814
C10815-K1,14679,C10815
C10816-K1,23323,C10816
C10817-K1,21753,C10817
C10818-K1,16956,C10818
C10819-K1,22781,C10819
C10820-K1,18702,C10820
C10821-K1,15839,C10821
C10822-K1,15411,C10822
C10823-K1,19640,C10823
C10824-K1,12123,C10824
C10825-K1,18306,C10825
C10826-K1,22090,C10826
C10827-K1,16463,C10827
C10828-K1,22073,C10828
C10829-K1,10679,C10829
C10830-K1,19134,C10830
C10831-K1,22600,C10831
C10832-K1,21872,C10832
C10833-K1,18739,C10833
C10834-K1,19463,C10834
C10835-K2,21418,C10835
C10836-K1,18226,C10836
C10837-K2,15921,C10837
C10838-K1,21179,C10838
C10839-K1,18524,C10839
C10840-K1,23385,C10840
C10841-K1,16642,C10841
C10842-K1,14264,C10842
C10843-K1,15100,C10843
C10844-K1,19561,C10844
C10845-K1,12190,C10845
C10846-K1,10366,C10846
C10847-K1,12242,C10847
C10848-K1,21250,C10848
C10849-K1,17354,C10849
C10850-K1,12297,C10850
C10851-K1,11108,C10851
C10852-K1,22583,C10852
C10853-K1,16870,C10853
C10854-K1,19070,C10854
C10855-K1,16782,C10855
C10856-K1,22300,C10856
C10857-K1,18892,C10857
C10858-K1,21483,C10858
C10859-K1,10774,C10859
C10860-K1,14506,C10860
C10861-K1,11128,C10861
C10862-K1,22140,C10862
C10863-K1,16650,C10863
C10864-K1,23082,C10864
C10865-K1,13063,C10865
C10866-K1,10776,C10866
C10867-K1,22461,C10867
C10868-K1,23135,C10868
C10869-K1,12447,C10869
C10870-K1,18217,C10870
C10871-K1,21704,C10871
C10872-K1,22199,C10872
C10873-K1,11452,C10873
C10874-K1,20539,C10874
C10875-K1,20049,C10875
C10876-K1,15504,C10876
C10877-K1,16670,C10877
C10878-K1,17850,C10878
C10879-K1,16577,C10879
C10880-K1,10620,C10880
C10881-K1,11072,C10881
C10882-K1,16622,C10882
C10883-K1,16946,C10883
C10884-K1,12906,C10884
C10885-K1,14610,C10885
C10886-K1,22385,C10886
C10887-K1,15966,C10887
C10888-K1,15113,C10888
C10889-K1,16172,C10889
C10890-K1,14727,C10890
C10891-K1,12796,C10891
C10892-K1,16050,C10892
C10893-K1,21685,C10893
C10894-K1,13303,C10894
C10895-K1,17340,C10895
C10896-K1,20680,C10896
C10897-K1,14094,C10897
C10898-K1,11788,C10898
C10899-K1,21565,C10899
C10900-K1,20674,C10900
C10901-K1,21845,C10901
C10902-K1,18371,C10902
C10903-K1,14039,C10903
C10904-K1,17486,C10904
C10905-K1,23534,C10905
C10906-K1,22432,C10906
C10907-K1,12375,C10907
C10908-K1,13605,C10908
C10909-K1,17236,C10909
C10910-K1,20980,C10910
C10911-K1,11341,C10911
C10912-K1,18899,C10912
C10913-K1,14739,C10913
C10914-K1,22811,C10914
C10915-K1,18638,C10915
C10916-K1,19925,C10916
C10917-K1,13885,C10917
C10918-K1,14275,C10918
C10919-K1,14044,C10919
C10920-K1,23005,C10920
C10921-K1,15354,C10921
C10922-K1,20438,C10922
C10923-K1,15081,C10923
C10924-K2,14551,C10924
C10925-K1,22032,C10925
C10926-K1,20091,C10926
C10927-K1,11844,C10927
C10928-K1,15749,C10928
C10929-K1,12568,C10929
C10930-K2,10950,C10930
C10931-K1,14987,C10931
C10932-K1,14091,C10932
C10933-K1,13300,C10933
C10934-K1,14141,C10934
C10935-K1,16248,C10935
C10936-K1,15927,C10936
C10937-K1,21834,C10937
C10938-K1,15639,C10938
C10939-K1,14951,C10939
C10940-K1,22067,C10940
C10941-K1,11198,C10941
C10942-K1,15198,C10942
C10943-K1,15138,C10943
C10944-K1,13709,C10944
C10945-K1,22684,C10945
C10946-K1,23192,C10946
C10947-K1,14433,C10947
C10948-K1,22252,C10948
C10949-K1,13782,C10949
C10950-K1,20981,C10950
C10951-K1,18435,C10951
C10952-K1,10532,C10952
C10953-K1,17697,C10953
C10954-K1,14397,C10954
C10955-K2,13688,C10955
C10956-K1,16514,C10956
C10957-K2,11241,C10957
C10958-K1,14811,C10958
C10959-K1,15798,C10959
C10960-K1,17247,C10960
C10961-K1,16030,C10961
C10962-K1,17325,C10962
C10963-K1,17620,C10963
C10964-K1,11939,C10964
C10965-K1,23435,C10965
C10966-K1,18534,C10966
C10967-K1,15204,C10967
C10968-K1,17698,C10968
C10969-K1,13608,C10969
C10970-K1,10548,C10970
C10971-K1,22822,C10971
C10972-K1,15605,C10972
C10973-K1,14613,C10973
C10974-K1,22790,C10974
C10975-K1,12198,C10975
C10976-K1,19412,C10976
C10977-K1,18694,C10977
C10978-K1,23168,C10978
C10979-K1,20647,C10979
C10980-K1,18359,C10980
C10981-K1,10191,C10981
C10982-K1,22979,C10982
C10983-K1,20923,C10983
C10984-K1,12315,C10984
C10985-K1,12426,C10985
C10986-K2,15290,C10986
C10987-K1,22809,C10987
C10988-K1,11232,C10988
C10989-K1,15855,C10989
C10990-K1,18058,C10990
C10991-K1,12589,C10991
C10992-K1,16770,C10992
C10993-K1,19756,C10993
C10994-K1,21738,C10994
C10995-K1,16142,C10995
C10996-K1,13042,C10996
C10997-K1,19501,C10997
C10998-K1,22452,C10998
C10999-K1,22871,C10999
C11000-K2,16535,C11000
C11001-K1,19948,C11001
C11002-K1,17487,C11002
C11003-K1,16571,C11003
C11004-K1,12047,C11004
C11005-K1,22554,C11005
C11006-K1,10628,C11006
C11007-K1,23196,C11007
C11008-K1,14505,C11008
C11009-K1,15977,C11009
C11010-K1,18844,C11010
C11011-K1,21783,C11011
C11012-K1,19373,C11012
C11013-K1,12893,C11013
C11014-K1,12521,C11014
C11015-K1,20070,C11015
C11016-K1,19914,C11016
C11017-K1,13774,C11017
C11018-K1,11089,C11018
C11019-K2,10822,C11019
C11020-K1,17550,C11020
C11021-K1,18286,C11021
C11022-K1,22875,C11022
C11023-K1,22205,C11023
C11024-K1,10335,C11024
C11025-K1,12841,C11025
C11026-K1,11703,C11026
C11027-K1,19450,C11027
C11028-K1,22278,C11028
C11029-K1,20000,C11029
C11030-K1,22540,C11030
C11031-K2,10963,C11031
C11032-K2,23043,C11032
C11033-K1,19525,C11033
C11034-K1,10740,C11034
C11035-K1,20429,C11035
C11036-K1,13020,C11036
C11037-K1,12220,C11037
C11038-K1,16191,C11038
C11039-K1,15220,C11039
C11040-K1,16365,C11040
C11041-K1,13362,C11041
C11042-K1,14596,C11042
C11043-K1,21268,C11043
C11044-K1,17861,C11044
C11045-K1,12744,C11045
C11046-K1,17802,C11046
C11047-K1,10418,C11047
C11048-K1,15340,C11048
C11049-K1,22279,C11049
C11050-K1,12830,C11050
C11051-K1,13067,C11051
C11052-K1,20292,C11052
C11053-K1,11842,C11053
C11054-K1,19057,C11054
C11055-K1,19490,C11055
C11056-K1,18052,C11056
C11057-K1,17232,C11057
C11058-K1,12724,C11058
C11059-K1,19317,C11059
C11060-K1,21375,C11060
C11061-K1,15023,C11061
C11062-K1,15765,C11062
C11063-K1,13003,C11063
C11064-K1,23215,C11064
C11065-K1,12429,C11065
C11066-K1,20254,C11066
C11067-K1,15392,C11067
C11068-K1,16074,C11068
C11069-K1,10522,C11069
C11070-K1,12911,C11070
C11071-K1,20911,C11071
C11072-K1,14673,C11072
C11073-K1,13458,C11073
C11074-K1,14328,C11074
C11075-K1,19674,C11075
C11076-K1,20496,C11076
C11077-K1,21966,C11077
C11078-K1,22053,C11078
C11079-K1,20279,C11079
C11080-K1,13093,C11080
C11081-K1,10940,C11081
C11082-K1,23494,C11082
C11083-K1,12894,C11083
C11084-K1,22825,C11084
C11085-K1,10012,C11085
C11086-K1,11016,C11086
C11087-K1,14191,C11087
C11088-K1,11419,C11088
C11089-K1,21114,C11089
C11090-K1,17504,C11090
C11091-K1,20695,C11091
C11092-K2,20829,C11092
C11093-K1,20867,C11093
C11094-K1,10537,C11094
C11095-K1,21218,C11095
C11096-K1,13973,C11096
C11097-K1,15952,C11097
C11098-K1,20357,C11098
C11099-K1,19939,C11099
C11100-K1,20050,C11100
C11101-K1,16673,C11101
C11102-K1,11383,C11102
C11103-K1,14265,C11103
C11104-K1,15311,C11104
C11105-K1,16418,C11105
C11106-K1,15296,C11106
C11107-K1,12968,C11107
C11108-K1,17728,C11108
C11109-K1,17122,C11109
C11110-K1,16175,C11110
C11111-K1,19712,C11111
C11112-K1,19803,C11112
C11113-K1,19774,C11113
C11114-K1,23052,C11114
C11115-K1,20408,C11115
C11116-K1,20999,C11116
C11117-K1,19744,C11117
C11118-K1,19695,C11118
C11119-K1,16908,C11119
C11120-K1,12877,C11120
C11121-K1,13260,C11121
C11122-K1,14197,C11122
C11123-K1,11253,C11123
C11124-K1,12761,C11124
C11125-K1,22515,C11125
C11126-K1,10884,C11126
C11127-K1,22406,C11127
C11128-K1,21176,C11128
C11129-K1,22482,C11129
C11130-K1,16979,C11130
C11131-K1,12244,C11131
C11132-K1,14392,C11132
C11133-K1,22658,C11133
C11134-K1,13918,C11134
C11135-K1,19041,C11135
C11136-K1,15793,C11136
C11137-K1,15522,C11137
C11138-K1,11235,C11138
C11139-K1,13074,C11139
C11140-K1,11960,C11140
C11141-K1,13035,C11141
C11142-K1,12197,C11142
C11143-K1,12778,C11143
C11144-K1,18053,C11144
C11145-K1,11558,C11145
C11146-K1,21960,C11146
C11147-K1,15172,C11147
C11148-K1,22309,C11148
C11149-K1,14296,C11149
C11150-K1,23324,C11150
C11151-K1,13435,C11151
C11152-K1,10105,C11152
C11153-K1,15529,C11153
C11154-K1,12714,C11154
C11155-K1,13427,C11155
C11156-K1,17899,C11156
C11157-K1,20758,C11157
C11158-K1,21902,C11158
C11159-K1,21950,C11159
C11160-K1,12110,C11160
C11161-K1,22667,C11161
C11162-K1,12900,C11162
C11163-K1,15301,C11163
C11164-K1,21600,C11164
C11165-K1,11088,C11165
C11166-K1,20291,C11166
C11167-K1,15727,C11167
C11168-K1,23017,C11168
C11169-K1,18078,C11169
C11170-K1,17278,C11170
C11171-K1,16889,C11171
C11172-K1,22182,C11172
C11173-K1,15309,C11173
C11174-K1,15756,C11174
C11175-K1,19256,C11175
C11176-K1,16401,C11176
C11177-K1,18761,C11177
C11178-K1,13402,C11178
C11179-K1,17337,C11179
C11180-K1,22490,C11180
C11181-K1,17966,C11181
C11182-K1,18810,C11182
C11183-K1,12628,C11183
C11184-K1,11866,C11184
C11185-K1,18032,C11185
C11186-K1,18312,C11186
C11187-K1,21267,C11187
C11188-K1,23079,C11188
C11189-K1,20950,C11189
C11190-K1,20995,C11190
C11191-K1,12465,C11191
C11192-K1,21799,C11192
C11193-K1,17693,C11193
C11194-K1,10979,C11194
C11195-K1,14358,C11195
C11196-K1,12377,C11196
C11197-K1,17242,C11197
C11198-K1,21852,C11198
C11199-K1,14140,C11199
C11200-K1,21586,C11200
C11201-K1,18907,C11201
C11202-K1,16377,C11202
C11203-K1,18764,C11203
C11204-K1,10148,C11204
C11205-K1,18337,C11205
C11206-K1,13881,C11206
C11207-K1,10942,C11207
C11208-K1,10279,C11208
C11209-K1,11079,C11209
C11210-K1,16241,C11210
C11211-K1,13329,C11211
C11212-K1,14542,C11212
C11213-K1,15701,C11213
C11214-K1,15794,C11214
C11215-K1,19841,C11215
C11216-K1,18725,C11216
C11217-K1,22020,C11217
C11218-K1,20672,C11218
C11219-K1,10715,C11219
C11220-K1,10459,C11220
C11221-K1,20061,C11221
C11222-K1,12765,C11222
C11223-K1,10125,C11223
C11224-K1,20087,C11224
C11225-K1,18265,C11225
C11226-K1,16494,C11226
C11227-K2,22902,C11227
C11228-K1,22337,C11228
C11229-K1,13244,C11229
C11230-K2,10213,C11230
C11231-K1,10225,C11231
C11232-K1,10499,C11232
C11233-K1,18603,C11233
C11234-K1,13904,C11234
C11235-K1,23470,C11235
C11236-K1,22286,C11236
C11237-K1,17483,C11237
C11238-K1,14448,C11238
C11239-K1,19573,C11239
C11240-K1,11697,C11240
C11241-K1,12657,C11241
C11242-K1,18625,C11242
C11243-K1,18065,C11243
C11244-K1,10746,C11244
C11245-K1,15445,C11245
C11246-K1,21634,C11246
C11247-K1,14431,C11247
C11248-K1,19126,C11248
C11249-K1,18507,C11249
C11250-K1,21501,C11250
C11251-K1,10521,C11251
C11252-K1,13241,C11252
C11253-K1,23263,C11253
C11254-K1,15384,C11254
C11255-K1,21123,C11255
C11256-K1,15352,C11256
C11257-K1,21545,C11257
C11258-K1,22943,C11258
C11259-K1,16002,C11259
C11260-K1,11810,C11260
C11261-K1,23345,C11261
C11262-K1,13986,C11262
C11263-K1,21817,C11263
C11264-K1,16070,C11264
C11265-K1,18850,C11265
C11266-K1,20498,C11266
C11267-K1,14338,C11267
C11268-K1,15460,C11268
C11269-K1,19356,C11269
C11270-K1,22840,C11270
C11271-K1,18311,C11271
C11272-K1,17706,C11272
C11273-K1,20577,C11273
C11274-K1,16153,C11274
C11275-K1,19185,C11275
C11276-K1,13631,C11276
C11277-K1,15827,C11277
C11278-K1,17403,C11278
C11279-K1,22200,C11279
C11280-K1,11550,C11280
C11281-K1,20803,C11281
C11282-K1,21540,C11282
C11283-K1,23376,C11283
C11284-K1,18752,C11284
C11285-K1,16606,C11285
C11286-K1,16242,C11286
C11287-K1,21761,C11287
C11288-K1,18576,C11288
C11289-K1,17541,C11289
C11290-K1,11174,C11290
C11291-K1,13436,C11291
C11292-K1,17248,C11292
C11293-K1,18448,C11293
C11294-K2,17210,C11294
C11295-K1,12783,C11295
C11296-K1,11101,C11296
C11297-K1,12999,C11297
C11298-K2,17353,C11298
C11299-K1,14124,C11299
C11300-K1,22627,C11300
C11301-K1,11551,C11301
C11302-K1,10309,C11302
C11303-K1,22678,C11303
C11304-K1,20957,C11304
C11305-K1,11480,C11305
C11306-K1,18529,C11306
C11307-K1,17791,C11307
C11308-K1,17811,C11308
C11309-K1,21775,C11309
C11310-K1,12384,C11310
C11311-K1,22655,C11311
C11312-K1,17162,C11312
C11313-K1,11875,C11313
C11314-K1,10440,C11314
C11315-K1,14890,C11315
C11316-K1,13385,C11316
C11317-K1,23083,C11317
C11318-K1,22042,C11318
C11319-K1,21082,C11319
C11320-K1,22773,C11320
C11321-K1,14981,C11321
C11322-K1,23412,C11322
C11323-K1,21128,C11323
C11324-K1,10498,C11324
C11325-K1,17639,C11325
C11326-K1,16590,C11326
C11327-K1,21957,C11327
C11328-K1,14218,C11328
C11329-K1,14303,C11329
C11330-K1,22832,C11330
C11331-K1,11038,C11331
C11332-K1,21633,C11332
C11333-K1,14277,C11333
C11334-K1,15726,C11334
C11335-K1,23172,C11335
C11336-K1,16339,C11336
C11337-K1,19073,C11337
C11338-K1,14919,C11338
C11339-K1,23392,C11339
C11340-K1,21294,C11340
C11341-K1,10509,C11341
C11342-K1,10481,C11342
C11343-K1,10757,C11343
C11344-K1,16824,C11344
C11345-K1,19269,C11345
C11346-K1,16132,C11346
C11347-K1,10812,C11347
C11348-K1,14401,C11348
C11349-K1,20383,C11349
C11350-K1,19108,C11350
C11351-K1,19143,C11351
C11352-K1,17160,C11352
C11353-K1,14477,C11353
C11354-K1,22865,C11354
C11355-K1,12805,C11355
C11356-K1,14321,C11356
C11357-K1,21479,C11357
C11358-K1,10489,C11358
C11359-K1,10541,C11359
C11360-K1,15497,C11360
C11361-K1,17151,C11361
C11362-K1,15365,C11362
C11363-K1,20150,C11363
C11364-K1,20276,C11364
C11365-K1,17409,C11365
C11366-K1,19460,C11366
C11367-K1,17464,C11367
C11368-K1,13805,C11368
C11369-K1,13110,C11369
C11370-K1,17099,C11370
C11371-K1,10808,C11371
C11372-K1,19741,C11372
C11373-K1,16644,C11373
C11374-K1,11820,C11374
C11375-K1,16949,C11375
C11376-K1,12025,C11376
C11377-K1,22217,C11377
C11378-K1,11464,C11378
C11379-K1,21594,C11379
C11380-K1,19032,C11380
C11381-K2,12286,C11381
C11382-K1,10460,C11382
C11383-K1,18163,C11383
C11384-K1,16698,C11384
C11385-K1,14865,C11385
C11386-K1,12664,C11386
C11387-K1,14940,C11387
C11388-K1,14823,C11388
C11389-K1,12544,C11389
C11390-K1,10266,C11390
C11391-K1,19387,C11391
C11392-K1,19481,C11392
C11393-K1,23525,C11393
C11394-K1,11047,C11394
C11395-K1,15736,C11395
C11396-K1,12352,C11396
C11397-K1,11497,C11397
C11398-K1,14880,C11398
C11399-K1,12920,C11399
C11400-K1,18718,C11400
C11401-K1,13846,C11401
C11402-K1,17335,C11402
C11403-K1,21488,C11403
C11404-K1,13001,C11404
C11405-K1,12953,C11405
C11406-K1,22145,C11406
C11407-K1,11366,C11407
C11408-K1,20616,C11408
C11409-K1,11508,C11409
C11410-K1,14072,C11410
C11411-K1,14843,C11411
C11412-K1,18886,C11412
C11413-K1,20455,C11413
C11414-K1,20826,C11414
C11415-K1,14560,C11415
C11416-K2,21709,C11416
C11417-K1,16640,C11417
C11418-K1,14271,C11418
C11419-K1,22393,C11419
C11420-K1,14576,C11420
C11421-K1,18342,C11421
C11422-K1,11609,C11422
C11423-K1,17096,C11423
C11424-K1,16880,C11424
C11425-K1,20165,C11425
C11426-K1,13589,C11426
C11427-K1,20708,C11427
C11428-K1,12000,C11428
C11429-K1,17701,C11429
C11430-K1,10139,C11430
C11431-K1,22530,C11431
C11432-K1,13461,C11432
C11433-K1,13291,C11433
C11434-K1,22521,C11434
C11435-K1,21785,C11435
C11436-K1,10411,C11436
C11437-K1,18912,C11437
C11438-K1,17153,C11438
C11439-K1,13342,C11439
C11440-K1,11100,C11440
C11441-K1,21499,C11441
C11442-K1,22154,C11442
C11443-K1,20901,C11443
C11444-K1,13314,C11444
C11445-K1,21993,C11445
C11446-K1,17866,C11446
C11447-K1,21101,C11447
C11448-K1,13535,C11448
C11449-K1,21516,C11449
C11450-K1,13870,C11450
C11451-K1,12645,C11451
C11452-K1,17074,C11452
C11453-K1,23522,C11453
C11454-K1,22849,C11454
C11455-K1,16247,C11455
C11456-K1,13353,C11456
C11457-K1,18422,C11457
C11458-K1,14667,C11458
C11459-K1,12922,C11459
C11460-K1,22295,C11460
C11461-K1,16307,C11461
C11462-K1,12949,C11462
C11463-K1,21525,C11463
C11464-K2,15326,C11464
C11465-K1,20624,C11465
C11466-K1,15811,C11466
C11467-K1,12901,C11467
C11468-K2,22748,C11468
C11469-K1,13750,C11469
C11470-K1,16758,C11470
C11471-K1,17690,C11471
C11472-K1,14193,C11472
C11473-K1,22796,C11473
C11474-K1,17110,C11474
C11475-K1,17746,C11475
C11476-K1,22316,C11476
C11477-K1,14746,C11477
C11478-K1,20240,C11478
C11479-K1,20057,C11479
C11480-K1,16588,C11480
C11481-K1,14802,C11481
C11482-K1,19855,C11482
C11483-K1,16589,C11483
C11484-K1,16238,C11484
C11485-K1,13038,C11485
C11486-K1,21800,C11486
C11487-K1,11617,C11487
C11488-K1,10069,C11488
C11489-K1,18541,C11489
C11490-K1,10968,C11490
C11491-K1,11729,C11491
C11492-K1,15387,C11492
C11493-K1,17787,C11493
C11494-K1,16171,C11494
C11495-K1,20837,C11495
C11496-K2,19407,C11496
C11497-K1,19361,C11497
C11498-K1,15604,C11498
C11499-K1,16893,C11499
C11500-K1,17763,C11500
C11501-K1,16726,C11501
C11502-K1,12039,C11502
C11503-K1,12301,C11503
C11504-K1,20529,C11504
C11505-K1,14955,C11505
C11506-K1,13549,C11506
C11507-K1,17077,C11507
C11508-K1,14304,C11508
C11509-K2,17499,C11509
C11510-K1,12466,C11510
C11511-K1,10597,C11511
C11512-K1,13632,C11512
C11513-K1,15423,C11513
C11514-K1,12998,C11514
C11515-K1,18925,C11515
C11516-K1,10211,C11516
C11517-K1,21046,C11517
C11518-K1,17877,C11518
C11519-K1,14605,C11519
C11520-K1,16489,C11520
C11521-K1,20851,C11521
C11522-K2,15702,C11522
C11523-K1,18867,C11523
C11524-K1,15111,C11524
C11525-K1,15980,C11525
C11526-K1,17521,C11526
C11527-K1,21437,C11527
C11528-K1,15418,C11528
C11529-K1,16024,C11529
C11530-K1,23037,C11530
C11531-K1,18409,C11531
C11532-K1,20106,C11532
C11533-K2,18239,C11533
C11534-K1,18674,C11534
C11535-K1,16356,C11535
C11536-K1,14598,C11536
C11537-K1,14894,C11537
C11538-K1,20284,C11538
C11539-K2,18727,C11539
C11540-K1,11952,C11540
C11541-K1,12995,C11541
C11542-K1,13341,C11542
C11543-K2,20026,C11543
C11544-K1,13800,C11544
C11545-K1,13084,C11545
C11546-K1,16533,C11546
C11547-K1,17117,C11547
C11548-K1,23030,C11548
C11549-K1,16740,C11549
C11550-K1,21798,C11550
C11551-K1,15805,C11551
C11552-K1,13531,C11552
C11553-K1,14482,C11553
C11554-K1,14029,C11554
C11555-K1,10557,C11555
C11556-K1,12603,C11556
C11557-K1,22541,C11557
C11558-K2,18340,C11558
C11559-K1,18742,C11559
C11560-K1,17605,C11560
C11561-K1,22018,C11561
C11562-K1,22447,C11562
C11563-K1,22407,C11563
C11564-K1,18526,C11564
C11565-K1,13433,C11565
C11566-K1,14912,C11566
C11567-K1,13697,C11567
C11568-K1,11720,C11568
C11569-K1,21227,C11569
C11570-K1,16713,C11570
C11571-K1,10140,C11571
C11572-K1,23374,C11572
C11573-K1,17426,C11573
C11574-K1,16976,C11574
C11575-K1,10086,C11575
C11576-K1,19929,C11576
C11577-K1,12091,C11577
C11578-K1,12546,C11578
C11579-K1,18604,C11579
C11580-K1,12422,C11580
C11581-K1,17702,C11581
C11582-K1,20480,C11582
C11583-K1,23455,C11583
C11584-K1,16558,C11584
C11585-K1,17932,C11585
C11586-K1,13061,C11586
C11587-K1,16968,C11587
C11588-K1,12952,C11588
C11589-K1,11838,C11589
C11590-K1,18923,C11590
C11591-K1,21142,C11591
C11592-K1,10559,C11592
C11593-K1,16234,C11593
C11594-K1,14062,C11594
C11595-K1,18175,C11595
C11596-K1,13866,C11596
C11597-K2,16182,C11597
C11598-K1,10414,C11598
C11599-K1,10887,C11599
C11600-K1,14569,C11600
C11601-K1,21890,C11601
C11602-K1,20159,C11602
C11603-K1,23476,C11603
C11604-K1,11505,C11604
C11605-K1,20623,C11605
C11606-K1,21066,C11606
C11607-K1,13554,C11607
C11608-K1,10985,C11608
C11609-K1,15991,C11609
C11610-K1,11237,C11610
C11611-K1,21660,C11611
C11612-K1,19719,C11612
C11613-K1,14513,C11613
C11614-K1,18191,C11614
C11615-K1,14672,C11615
C11616-K1,23359,C11616
C11617-K1,11800,C11617
C11618-K1,22468,C11618
C11619-K1,21450,C11619
C11620-K1,21765,C11620
C11621-K1,15577,C11621
C11622-K1,19154,C11622
C11623-K1,18972,C11623
C11624-K1,13390,C11624
C11625-K2,13191,C11625
C11626-K1,14782,C11626
C11627-K1,17090,C11627
C11628-K1,14975,C11628
C11629-K1,21978,C11629
C11630-K1,12941,C11630
C11631-K1,11935,C11631
C11632-K1,17218,C11632
C11633-K1,16139,C11633
C11634-K1,18310,C11634
C11635-K1,21209,C11635
C11636-K1,15205,C11636
C11637-K1,14327,C11637
C11638-K1,16443,C11638
C11639-K1,18952,C11639
C11640-K1,12310,C11640
C11641-K1,14572,C11641
C11642-K1,20610,C11642
C11643-K1,12440,C11643
C11644-K1,19161,C11644
C11645-K1,18095,C11645
C11646-K1,20931,C11646
C11647-K1,13558,C11647
C11648-K1,17923,C11648
C11649-K1,18474,C11649
C11650-K1,22743,C11650
C11651-K1,14703,C11651
C11652-K1,19736,C11652
C11653-K1,20850,C11653
C11654-K1,18259,C11654
C11655-K1,22276,C11655
C11656-K1,15129,C11656
C11657-K1,15552,C11657
C11658-K1,18916,C11658
C11659-K1,15006,C11659
C11660-K1,15987,C11660
C11661-K1,19031,C11661
C11662-K1,21344,C11662
C11663-K1,16454,C11663
C11664-K1,18431,C11664
C11665-K1,11061,C11665
C11666-K1,17105,C11666
C11667-K1,15817,C11667
C11668-K1,17662,C11668
C11669-K1,22370,C11669
C11670-K2,15343,C11670
C11671-K1,10320,C11671
C11672-K1,11157,C11672
C11673-K1,12363,C11673
C11674-K1,17014,C11674
C11675-K1,12372,C11675
C11676-K1,18733,C11676
C11677-K1,10737,C11677
C11678-K1,10458,C11678
C11679-K1,17806,C11679
C11680-K1,22355,C11680
C11681-K1,14389,C11681
C11682-K1,16886,C11682
C11683-K1,11946,C11683
C11684-K1,12488,C11684
C11685-K1,12130,C11685
C11686-K1,12225,C11686
C11687-K2,18152,C11687
C11688-K1,13233,C11688
C11689-K1,21752,C11689
C11690-K1,19667,C11690
C11691-K1,10260,C11691
C11692-K1,10346,C11692
C11693-K1,12760,C11693
C11694-K1,22517,C11694
C11695-K1,17779,C11695
C11696-K1,12881,C11696
C11697-K1,17025,C11697
C11698-K1,20321,C11698
C11699-K1,10467,C11699
C11700-K1,16551,C11700
C11701-K1,15132,C11701
C11702-K1,10626,C11702
C11703-K1,15134,C11703
C11704-K1,22366,C11704
C11705-K1,17628,C11705
C11706-K1,23542,C11706
C11707-K1,17214,C11707
C11708-K1,18162,C11708
C11709-K2,17830,C11709
C11710-K1,11275,C11710
C11711-K1,20401,C11711
C11712-K1,18965,C11712
C11713-K1,16304,C11713
C11714-K1,21794,C11714
C11715-K1,19141,C11715
C11716-K1,20507,C11716
C11717-K1,12621,C11717
C11718-K1,20789,C11718
C11719-K1,11456,C11719
C11720-K1,10572,C11720
C11721-K1,11931,C11721
C11722-K1,19932,C11722
C11723-K1,19564,C11723
C11724-K1,17031,C11724
C11725-K1,21758,C11725
C11726-K1,20659,C11726
C11727-K1,10657,C11727
C11728-K1,19165,C11728
C11729-K1,19823,C11729
C11730-K1,12975,C11730
C11731-K1,15635,C11731
C11732-K1,15974,C11732
C11733-K1,20640,C11733
C11734-K1,12636,C11734
C11735-K1,19907,C11735
C11736-K1,19180,C11736
C11737-K1,14428,C11737
C11738-K1,22492,C11738
C11739-K1,12164,C11739
C11740-K1,17669,C11740
C11741-K1,11331,C11741
C11742-K1,21461,C11742
C11743-K2,15582,C11743
C11744-K1,20197,C11744
C11745-K1,22915,C11745
C11746-K1,14579,C11746
C11747-K1,13327,C11747
C11748-K1,22177,C11748
C11749-K1,19999,C11749
C11750-K1,10119,C11750
C11751-K1,21997,C11751
C11752-K1,17263,C11752
C11753-K1,16498,C11753
C11754-K1,15932,C11754
C11755-K1,11623,C11755
C11756-K1,22910,C11756
C11757-K1,16785,C11757
C11758-K1,13857,C11758
C11759-K1,13811,C11759
C11760-K1,14070,C11760
C11761-K1,18841,C11761
C11762-K1,10945,C11762
C11763-K1,21730,C11763
C11764-K1,13113,C11764
C11765-K1,14759,C11765
C11766-K1,17310,C11766
C11767-K1,21441,C11767
C11768-K1,13924,C11768
C11769-K1,20913,C11769
C11770-K1,11401,C11770
C11771-K1,18629,C11771
C11772-K1,13592,C11772
C11773-K1,19808,C11773
C11774-K1,15567,C11774
C11775-K1,20679,C11775
C11776-K1,22175,C11776
C11777-K1,13195,C11777
C11778-K1,22239,C11778
C11779-K1,10814,C11779
C11780-K1,12439,C11780
C11781-K1,14549,C11781
C11782-K1,10413,C11782
C11783-K2,21001,C11783
C11784-K1,18384,C11784
C11785-K1,19124,C11785
C11786-K1,18818,C11786
C11787-K1,13335,C11787
C11788-K1,14493,C11788
C11789-K1,17631,C11789
C11790-K1,12566,C11790
C11791-K1,18518,C11791
C11792-K1,10094,C11792
C11793-K1,20285,C11793
C11794-K1,13724,C11794
C11795-K1,19812,C11795
C11796-K1,20471,C11796
C11797-K1,15706,C11797
C11798-K1,19214,C11798
C11799-K1,10605,C11799
C11800-K1,14417,C11800
C11801-K1,20201,C11801
C11802-K1,13197,C11802
C11803-K1,16265,C11803
C11804-K1,18336,C11804
C11805-K1,13283,C11805
C11806-K1,10345,C11806
C11807-K1,21506,C11807
C11808-K1,18473,C11808
C11809-K1,11215,C11809
C11810-K1,11099,C11810
C11811-K1,16470,C11811
C11812-K1,17425,C11812
C11813-K1,20741,C11813
C11814-K1,11639,C11814
C11815-K1,17109,C11815
C11816-K1,18523,C11816
C11817-K1,16174,C11817
C11818-K1,17399,C11818
C11819-K1,18556,C11819
C11820-K1,20619,C11820
C11821-K1,17893,C11821
C11822-K1,13935,C11822
C11823-K1,11393,C11823
C11824-K1,17058,C11824
C11825-K1,10001,C11825
C11826-K1,12713,C11826
C11827-K1,18737,C11827
C11828-K1,17949,C11828
C11829-K1,22672,C11829
C11830-K1,18113,C11830
C11831-K1,22296,C11831
C11832-K1,12776,C11832
C11833-K1,12008,C11833
C11834-K1,12715,C11834
C11835-K1,22342,C11835
C11836-K1,19668,C11836
C11837-K1,11142,C11837
C11838-K1,19701,C11838
C11839-K1,17012,C11839
C11840-K1,11684,C11840
C11841-K1,12908,C11841
C11842-K1,19223,C11842
C11843-K1,16646,C11843
C11844-K2,10792,C11844
C11845-K1,16474,C11845
C11846-K1,16988,C11846
C11847-K2,21463,C11847
C11848-K1,21632,C11848
C11849-K1,22981,C11849
C11850-K1,10958,C11850
C11851-K1,22878,C11851
C11852-K1,10642,C11852
C11853-K1,14809,C11853
C11854-K1,21606,C11854
C11855-K1,20545,C11855
C11856-K1,10924,C11856
C11857-K1,19559,C11857
C11858-K1,22467,C11858
C11859-K1,22570,C11859
C11860-K1,21388,C11860
C11861-K1,19681,C11861
C11862-K1,20793,C11862
C11863-K1,15085,C11863
C11864-K1,12859,C11864
C11865-K1,14324,C11865
C11866-K1,11376,C11866
C11867-K1,10995,C11867
C11868-K1,19160,C11868
C11869-K1,18796,C11869
C11870-K1,16116,C11870
C11871-K1,17579,C11871
C11872-K1,16943,C11872
C11873-K2,13594,C11873
C11874-K1,15450,C11874
C11875-K1,14387,C11875
C11876-K1,17738,C11876
C11877-K1,15372,C11877
C11878-K1,11218,C11878
C11879-K1,18587,C11879
C11880-K1,19628,C11880
C11881-K1,10923,C11881
C11882-K1,19353,C11882
C11883-K1,14243,C11883
C11884-K1,19145,C11884
C11885-K1,16106,C11885
C11886-K1,10544,C11886
C11887-K1,18862,C11887
C11888-K1,11040,C11888
C11889-K2,16403,C11889
C11890-K1,14707,C11890
C11891-K1,18586,C11891
C11892-K1,19815,C11892
C11893-K1,15488,C11893
C11894-K1,12590,C11894
C11895-K1,14893,C11895
C11896-K1,15942,C11896
C11897-K1,16322,C11897
C11898-K1,12515,C11898
C11899-K1,15078,C11899
C11900-K1,21992,C11900
C11901-K1,20459,C11901
C11902-K1,21919,C11902
C11903-K1,14213,C11903
C11904-K1,15873,C11904
C11905-K1,19110,C11905
C11906-K1,15367,C11906
C11907-K1,12241,C11907
C11908-K1,12594,C11908
C11909-K1,16854,C11909
C11910-K1,20203,C11910
C11911-K1,22222,C11911
C11912-K1,23211,C11912
C11913-K1,23093,C11913
C11914-K1,13317,C11914
C11915-K1,12396,C11915
C11916-K1,17195,C11916
C11917-K1,19842,C11917
C11918-K1,10431,C11918
C11919-K2,22374,C11919
C11920-K1,22951,C11920
C11921-K1,22230,C11921
C11922-K1,16468,C11922
C11923-K2,21363,C11923
C11924-K1,12977,C11924
C11925-K1,12457,C11925
C11926-K1,10161,C11926
C11927-K1,22715,C11927
C11928-K1,18845,C11928
C11929-K2,18650,C11929
C11930-K1,12722,C11930
C11931-K1,12267,C11931
C11932-K1,20269,C11932
C11933-K1,22433,C11933
C11934-K1,18978,C11934
C11935-K1,23322,C11935
C11936-K1,22850,C11936
C11937-K1,19452,C11937
C11938-K1,10565,C11938
C11939-K1,16636,C11939
C11940-K1,21403,C11940
C11941-K1,15222,C11941
C11942-K1,20548,C11942
C11943-K1,21315,C11943
C11944-K1,14267,C11944
C11945-K2,15846,C11945
C11946-K1,21844,C11946
C11947-K1,20060,C11947
C11948-K1,12879,C11948
C11949-K1,16623,C11949
C11950-K1,21526,C11950
C11951-K1,10891,C11951
C11952-K1,22277,C11952
C11953-K1,11526,C11953
C11954-K1,20219,C11954
C11955-K1,20856,C11955
C11956-K1,18282,C11956
C11957-K1,14134,C11957
C11958-K1,21513,C11958
C11959-K1,21110,C11959
C11960-K1,19589,C11960
C11961-K1,17822,C11961
C11962-K1,11819,C11962
C11963-K1,19120,C11963
C11964-K1,15926,C11964
C11965-K1,12023,C11965
C11966-K1,18273,C11966
C11967-K1,15777,C11967
C11968-K1,18807,C11968
C11969-K1,19454,C11969
C11970-K1,10405,C11970
C11971-K1,15566,C11971
C11972-K1,16041,C11972
C11973-K1,12335,C11973
C11974-K1,21940,C11974
C11975-K1,17575,C11975
C11976-K1,22132,C11976
C11977-K1,21512,C11977
C11978-K1,16219,C11978
C11979-K1,16690,C11979
C11980-K1,14722,C11980
C11981-K1,11220,C11981
C11982-K1,22168,C11982
C11983-K1,16601,C11983
C11984-K1,16157,C11984
C11985-K1,18070,C11985
C11986-K1,10080,C11986
C11987-K1,16772,C11987
C11988-K1,17894,C11988
C11989-K1,15754,C11989
C11990-K1,21814,C11990
C11991-K1,13859,C11991
C11992-K1,19605,C11992
C11993-K1,15483,C11993
C11994-K1,17496,C11994
C11995-K1,22344,C11995
C11996-K1,19176,C11996
C11997-K1,10373,C11997
C11998-K1,13124,C11998
C11999-K1,12397,C11999
C12000-K1,17265,C12000
C12001-K1,10581,C12001
C12002-K1,19685,C12002
C12003-K1,21563,C12003
C12004-K1,13275,C12004
C12005-K1,16100,C12005
C12006-K1,10803,C12006
C12007-K2,19817,C12007
C12008-K1,14682,C12008
C12009-K1,11721,C12009
C12010-K1,15192,C12010
C12011-K1,11448,C12011
C12012-K1,19312,C12012
C12013-K1,16185,C12013
C12014-K1,15717,C12014
C12015-K1,23500,C12015
C12016-K1,12902,C12016
C12017-K1,19722,C12017
C12018-K1,19194,C12018
C12019-K1,11974,C12019
C12020-K1,16364,C12020
C12021-K1,14678,C12021
C12022-K1,14435,C12022
C12023-K1,14489,C12023
C12024-K1,21806,C12024
C12025-K1,21830,C12025
C12026-K1,23241,C12026
C12027-K1,16720,C12027
C12028-K2,18605,C12028
C12029-K1,16119,C12029
C12030-K1,18913,C12030
C12031-K1,13002,C12031
C12032-K1,16344,C12032
C12033-K1,21400,C12033
C12034-K1,15795,C12034
C12035-K1,15973,C12035
C12036-K2,22770,C12036
C12037-K1,11650,C12037
C12038-K1,12449,C12038
C12039-K1,18927,C12039
C12040-K1,10797,C12040
C12041-K1,19625,C12041
C12042-K1,14286,C12042
C12043-K1,16924,C12043
C12044-K1,12066,C12044
C12045-K1,21158,C12045
C12046-K1,18127,C12046
C12047-K1,11873,C12047
C12048-K1,13277,C12048
C12049-K1,17915,C12049
C12050-K1,21887,C12050
C12051-K1,20876,C12051
C12052-K1,11759,C12052
C12053-K1,17819,C12053
C12054-K1,16018,C12054
C12055-K1,12262,C12055
C12056-K1,18069,C12056
C12057-K1,23198,C12057
C12058-K1,14770,C12058
C12059-K1,20862,C12059
C12060-K1,15176,C12060
C12061-K2,19690,C12061
C12062-K1,22435,C12062
C12063-K1,21423,C12063
C12064-K1,14519,C12064
C12065-K1,21764,C12065
C12066-K1,10382,C12066
C12067-K1,17103,C12067
C12068-K1,22117,C12068
C12069-K1,16830,C12069
C12070-K1,19545,C12070
C12071-K1,21945,C12071
C12072-K1,18572,C12072
C12073-K1,21647,C12073
C12074-K1,11258,C12074
C12075-K1,22363,C12075
C12076-K1,15559,C12076
C12077-K1,13954,C12077
C12078-K1,15323,C12078
C12079-K1,18838,C12079
C12080-K1,15453,C12080
C12081-K1,15116,C12081
C12082-K1,14786,C12082
C12083-K1,21705,C12083
C12084-K2,11753,C12084
C12085-K1,13383,C12085
C12086-K1,14983,C12086
C12087-K1,20032,C12087
C12088-K1,15307,C12088
C12089-K1,11168,C12089
C12090-K1,21185,C12090
C12091-K1,11762,C12091
C12092-K2,10493,C12092
C12093-K1,21147,C12093
C12094-K2,13556,C12094
C12095-K1,11353,C12095
C12096-K1,19687,C12096
C12097-K1,12588,C12097
C12098-K1,13807,C12098
C12099-K1,15732,C12099
C12100-K1,14747,C12100
C12101-K1,12001,C12101
C12102-K1,19355,C12102
C12103-K1,15211,C12103
C12104-K1,16213,C12104
C12105-K1,15414,C12105
C12106-K1,10395,C12106
C12107-K1,13840,C12107
C12108-K1,15510,C12108
C12109-K1,15269,C12109
C12110-K1,16098,C12110
C12111-K1,18740,C12111
C12112-K1,20361,C12112
C12113-K1,14058,C12113
C12114-K1,18654,C12114
C12115-K1,14684,C12115
C12116-K1,20133,C12116
C12117-K1,13352,C12117
C12118-K1,17477,C12118
C12119-K1,21470,C12119
C12120-K1,21760,C12120
C12121-K1,21979,C12121
C12122-K1,21058,C12122
C12123-K1,17417,C12123
C12124-K1,11638,C12124
C12125-K1,14775,C12125
C12126-K1,20010,C12126
C12127-K1,13280,C12127
C12128-K1,19504,C12128
C12129-K1,15361,C12129
C12130-K1,21090,C12130
C12131-K1,10562,C12131
C12132-K2,16951,C12132
C12133-K1,15602,C12133
C12134-K1,19608,C12134
C12135-K1,14812,C12135
C12136-K2,22941,C12136
C12137-K1,17076,C12137
C12138-K1,15949,C12138
C12139-K1,17718,C12139
C12140-K1,21674,C12140
C12141-K1,12115,C12141
C12142-K1,10053,C12142
C12143-K1,11093,C12143
C12144-K2,21361,C12144
C12145-K1,22893,C12145
C12146-K1,12932,C12146
C12147-K1,21921,C12147
C12148-K1,18054,C12148
C12149-K1,18897,C12149
C12150-K1,13927,C12150
C12151-K1,15159,C12151
C12152-K1,15432,C12152
C12153-K1,21937,C12153
C12154-K1,11552,C12154
C12155-K1,13678,C12155
C12156-K1,19363,C12156
C12157-K1,16293,C12157
C12158-K1,10263,C12158
C12159-K1,21041,C12159
C12160-K1,21457,C12160
C12161-K1,23480,C12161
C12162-K1,19910,C12162
C12163-K1,11098,C12163
C12164-K1,10256,C12164
C12165-K1,11760,C12165
C12166-K2,14670,C12166
C12167-K1,21182,C12167
C12168-K1,17018,C12168
C12169-K1,15027,C12169
C12170-K1,21260,C12170
C12171-K1,17524,C12171
C12172-K1,18889,C12172
C12173-K1,17180,C12173
C12174-K1,22629,C12174
C12175-K1,22180,C12175
C12176-K1,12358,C12176
C12177-K1,21518,C12177
C12178-K1,15317,C12178
C12179-K1,22486,C12179
C12180-K1,19466,C12180
C12181-K1,22686,C12181
C12182-K1,14783,C12182
C12183-K1,19519,C12183
C12184-K1,11981,C12184
C12185-K1,10916,C12185
C12186-K1,20356,C12186
C12187-K1,18738,C12187
C12188-K1,15714,C12188
C12189-K1,19587,C12189
C12190-K1,20138,C12190
C12191-K1,20615,C12191
C12192-K1,16705,C12192
C12193-K1,18368,C12193
C12194-K1,22660,C12194
C12195-K1,19236,C12195
C12196-K1,17324,C12196
C12197-K1,10748,C12197
C12198-K1,14876,C12198
C12199-K1,19874,C12199
C12200-K1,16124,C12200
C12201-K1,17291,C12201
C12202-K1,12798,C12202
C12203-K1,18971,C12203
C12204-K1,20417,C12204
C12205-K1,13546,C12205
C12206-K1,16097,C12206
C12207-K1,19333,C12207
C12208-K1,10254,C12208
C12209-K1,23355,C12209
C12210-K1,12599,C12210
C12211-K2,15422,C12211
C12212-K1,14695,C12212
C12213-K1,15901,C12213
C12214-K1,13443,C12214
C12215-K1,14161,C12215
C12216-K1,23256,C12216
C12217-K1,22293,C12217
C12218-K1,18985,C12218
C12219-K1,16088,C12219
C12220-K1,12797,C12220
C12221-K1,22395,C12221
C12222-K1,12338,C12222
C12223-K1,10181,C12223
C12224-K1,19652,C12224
C12225-K1,19015,C12225
C12226-K1,13409,C12226
C12227-K1,17724,C12227
C12228-K1,23169,C12228
C12229-K1,14445,C12229
C12230-K1,20842,C12230
C12231-K1,13269,C12231
C12232-K1,15956,C12232
C12233-K1,16605,C12233
C12234-K1,12525,C12234
C12235-K1,10901,C12235
C12236-K1,18317,C12236
C12237-K1,18520,C12237
C12238-K1,22464,C12238
C12239-K1,10782,C12239
C12240-K1,17033,C12240
C12241-K1,17249,C12241
C12242-K1,22620,C12242
C12243-K1,15214,C12243
C12244-K1,18941,C12244
C12245-K1,18812,C12245
C12246-K1,22991,C12246
C12247-K1,21201,C12247
C12248-K1,22797,C12248
C12249-K1,14162,C12249
C12250-K1,18707,C12250
C12251-K1,18542,C12251
C12252-K1,17181,C12252
C12253-K1,20575,C12253
C12254-K1,14779,C12254
C12255-K1,18465,C12255
C12256-K1,19627,C12256
C12257-K1,13760,C12257
C12258-K2,11598,C12258
C12259-K1,14696,C12259
C12260-K1,19472,C12260
C12261-K1,17069,C12261
C12262-K1,18800,C12262
C12263-K1,14022,C12263
C12264-K1,13306,C12264
C12265-K2,10010,C12265
C12266-K1,13588,C12266
C12267-K2,16867,C12267
C12268-K1,14023,C12268
C12269-K1,12168,C12269
C12270-K1,10921,C12270
C12271-K1,16543,C12271
C12272-K1,20265,C12272
C12273-K1,21553,C12273
C12274-K1,16760,C12274
C12275-K1,10332,C12275
C12276-K1,19085,C12276
C12277-K1,19486,C12277
C12278-K1,22544,C12278
C12279-K1,14136,C12279
C12280-K1,19848,C12280
C12281-K1,17654,C12281
C12282-K1,21737,C12282
C12283-K1,19415,C12283
C12284-K1,19636,C12284
C12285-K1,13570,C12285
C12286-K1,13103,C12286
C12287-K1,22579,C12287
C12288-K1,13880,C12288
C12289-K1,14993,C12289
C12290-K1,19242,C12290
C12291-K1,19111,C12291
C12292-K1,15800,C12292
C12293-K1,11294,C12293
C12294-K1,20782,C12294
C12295-K2,22584,C12295
C12296-K1,10031,C12296
C12297-K1,10833,C12297
C12298-K1,17759,C12298
C12299-K1,18555,C12299
C12300-K1,17742,C12300
C12301-K1,14459,C12301
C12302-K1,13005,C12302
C12303-K1,17455,C12303
C12304-K1,19888,C12304
C12305-K1,19150,C12305
C12306-K1,17480,C12306
C12307-K1,12937,C12307
C12308-K1,13423,C12308
C12309-K1,21327,C12309
C12310-K1,15169,C12310
C12311-K2,12283,C12311
C12312-K1,22841,C12312
C12313-K1,15102,C12313
C12314-K1,12666,C12314
C12315-K1,19724,C12315
C12316-K1,17041,C12316
C12317-K1,10578,C12317
C12318-K1,12296,C12318
C12319-K1,12351,C12319
C12320-K1,18120,C12320
C12321-K1,21150,C12321
C12322-K1,17930,C12322
C12323-K1,16374,C12323
C12324-K1,16593,C12324
C12325-K1,12789,C12325
C12326-K1,18389,C12326
C12327-K1,18251,C12327
C12328-K1,17922,C12328
C12329-K1,18628,C12329
C12330-K1,11455,C12330
C12331-K1,11328,C12331
C12332-K1,20652,C12332
C12333-K1,10686,C12333
C12334-K1,22078,C12334
C12335-K1,16842,C12335
C12336-K1,22202,C12336
C12337-K1,10456,C12337
C12338-K1,15818,C12338
C12339-K1,10248,C12339
C12340-K1,18723,C12340
C12341-K1,14973,C12341
C12342-K1,15947,C12342
C12343-K1,13444,C12343
C12344-K1,19011,C12344
C12345-K1,19900,C12345
C12346-K1,22978,C12346
C12347-K1,22191,C12347
C12348-K1,12755,C12348
C12349-K1,20445,C12349
C12350-K1,12927,C12350
C12351-K1,14347,C12351
C12352-K1,20601,C12352
C12353-K1,23045,C12353
C12354-K1,10333,C12354
C12355-K1,11871,C12355
C12356-K1,13441,C12356
C12357-K1,12960,C12357
C12358-K1,10474,C12358
C12359-K1,17070,C12359
C12360-K1,11483,C12360
C12361-K1,19621,C12361
C12362-K1,19966,C12362
C12363-K1,13636,C12363
C12364-K1,14146,C12364
C12365-K1,18849,C12365
C12366-K1,14059,C12366
C12367-K1,22997,C12367
C12368-K1,22558,C12368
C12369-K1,14730,C12369
C12370-K1,11238,C12370
C12371-K1,17150,C12371
C12372-K1,20329,C12372
C12373-K1,22400,C12373
C12374-K1,21623,C12374
C12375-K1,21938,C12375
C12376-K1,20566,C12376
C12377-K1,11379,C12377
C12378-K1,23467,C12378
C12379-K1,21169,C12379
C12380-K1,10885,C12380
C12381-K1,15880,C12381
C12382-K1,21139,C12382
C12383-K1,10045,C12383
C12384-K1,11044,C12384
C12385-K1,13279,C12385
C12386-K1,16559,C12386
C12387-K1,14619,C12387
C12388-K1,10911,C12388
C12389-K1,22788,C12389
C12390-K1,22993,C12390
C12391-K1,10417,C12391
C12392-K1,10089,C12392
C12393-K1,20582,C12393
C12394-K1,21287,C12394
C12395-K2,14953,C12395
C12396-K1,18781,C12396
C12397-K1,17511,C12397
C12398-K1,15045,C12398
C12399-K1,12626,C12399
C12400-K1,12808,C12400
C12401-K1,14593,C12401
C12402-K1,12088,C12402
C12403-K1,21407,C12403
C12404-K1,23046,C12404
C12405-K1,13128,C12405
C12406-K1,15019,C12406
C12407-K1,15945,C12407
C12408-K1,11447,C12408
C12409-K1,10744,C12409
C12410-K1,13992,C12410
C12411-K1,15190,C12411
C12412-K1,21827,C12412
C12413-K1,18439,C12413
C12414-K1,17431,C12414
C12415-K1,11544,C12415
C12416-K1,18817,C12416
C12417-K1,10123,C12417
C12418-K1,20591,C12418
C12419-K1,16927,C12419
C12420-K1,10667,C12420
C12421-K1,19538,C12421
C12422-K1,21207,C12422
C12423-K1,18747,C12423
C12424-K1,16323,C12424
C12425-K1,10566,C12425
C12426-K1,15897,C12426
C12427-K1,19479,C12427
C12428-K1,16156,C12428
C12429-K1,16777,C12429
C12430-K1,14964,C12430
C12431-K1,18298,C12431
C12432-K1,18853,C12432
C12433-K1,18083,C12433
C12434-K1,11696,C12434
C12435-K1,11918,C12435
C12436-K1,16082,C12436
C12437-K1,12667,C12437
C12438-K1,11593,C12438
C12439-K1,19829,C12439
C12440-K1,21433,C12440
C12441-K1,12420,C12441
C12442-K1,14567,C12442
C12443-K1,15656,C12443
C12444-K1,12392,C12444
C12445-K1,12248,C12445
C12446-K1,10563,C12446
C12447-K1,23318,C12447
C12448-K1,23115,C12448
C12449-K1,21873,C12449
C12450-K1,13426,C12450
C12451-K1,17545,C12451
C12452-K1,15193,C12452
C12453-K1,19607,C12453
C12454-K1,10337,C12454
C12455-K1,12132,C12455
C12456-K1,20363,C12456
C12457-K1,12003,C12457
C12458-K1,15371,C12458
C12459-K1,19928,C12459
C12460-K1,15310,C12460
C12461-K1,10896,C12461
C12462-K1,12849,C12462
C12463-K1,20934,C12463
C12464-K1,21262,C12464
C12465-K1,16532,C12465
C12466-K1,14918,C12466
C12467-K1,22739,C12467
C12468-K1,18420,C12468
C12469-K1,11451,C12469
C12470-K1,16961,C12470
C12471-K1,14803,C12471
C12472-K1,12167,C12472
C12473-K1,13140,C12473
C12474-K1,15720,C12474
C12475-K1,15071,C12475
C12476-K1,22398,C12476
C12477-K1,21305,C12477
C12478-K1,20463,C12478
C12479-K1,14771,C12479
C12480-K1,15146,C12480
C12481-K1,23298,C12481
C12482-K1,15603,C12482
C12483-K1,13336,C12483
C12484-K1,15687,C12484
C12485-K1,17722,C12485
C12486-K1,17672,C12486
C12487-K1,16519,C12487
C12488-K1,19783,C12488
C12489-K1,20779,C12489
C12490-K1,17832,C12490
C12491-K1,22378,C12491
C12492-K1,20723,C12492
C12493-K1,10466,C12493
C12494-K1,13012,C12494
C12495-K1,22668,C12495
C12496-K1,23268,C12496
C12497-K1,11485,C12497
C12498-K1,17756,C12498
C12499-K1,11587,C12499
C12500-K1,22323,C12500
C12501-K1,11054,C12501
C12502-K1,15114,C12502
C12503-K1,11826,C12503
C12504-K1,23350,C12504
C12505-K1,12736,C12505
C12506-K1,19497,C12506
C12507-K1,21863,C12507
C12508-K1,20501,C12508
C12509-K2,16114,C12509
C12510-K1,10255,C12510
C12511-K1,11311,C12511
C12512-K1,11477,C12512
C12513-K1,16072,C12513
C12514-K1,23448,C12514
C12515-K1,10576,C12515
C12516-K1,13949,C12516
C12517-K2,21703,C12517
C12518-K1,20612,C12518
C12519-K1,18656,C12519
C12520-K1,11959,C12520
C12521-K1,19157,C12521
C12522-K1,22918,C12522
C12523-K1,21075,C12523
C12524-K1,22138,C12524
C12525-K1,13359,C12525
C12526-K1,22985,C12526
C12527-K1,14725,C12527
C12528-K1,19851,C12528
C12529-K1,17235,C12529
C12530-K1,21102,C12530
C12531-K1,16768,C12531
C12532-K1,21214,C12532
C12533-K1,22821,C12533
C12534-K1,15238,C12534
C12535-K1,18855,C12535
C12536-K1,10912,C12536
C12537-K1,18637,C12537
C12538-K1,17641,C12538
C12539-K1,13104,C12539
C12540-K1,14125,C12540
C12541-K1,13660,C12541
C12542-K1,21789,C12542
C12543-K1,13519,C12543
C12544-K1,20432,C12544
C12545-K1,12875,C12545
C12546-K1,19478,C12546
C12547-K1,17154,C12547
C12548-K1,21247,C12548
C12549-K1,16712,C12549
C12550-K1,20759,C12550
C12551-K1,14391,C12551
C12552-K1,12730,C12552
C12553-K1,13251,C12553
C12554-K1,12321,C12554
C12555-K1,17509,C12555
C12556-K1,11730,C12556
C12557-K1,10143,C12557
C12558-K1,11415,C12558
C12559-K1,17421,C12559
C12560-K1,22190,C12560
C12561-K1,17125,C12561
C12562-K1,14807,C12562
C12563-K1,18227,C12563
C12564-K1,18697,C12564
C12565-K1,20887,C12565
C12566-K1,14250,C12566
C12567-K1,21408,C12567
C12568-K1,14496,C12568
C12569-K1,22268,C12569
C12570-K1,16225,C12570
C12571-K1,19870,C12571
C12572-K1,15626,C12572
C12573-K1,10722,C12573
C12574-K1,14925,C12574
C12575-K1,12214,C12575
C12576-K1,17141,C12576
C12577-K1,23404,C12577
C12578-K1,23141,C12578
C12579-K1,12638,C12579
C12580-K1,17368,C12580
C12581-K1,10535,C12581
C12582-K1,15001,C12582
C12583-K1,18745,C12583
C12584-K1,18040,C12584
C12585-K1,22426,C12585
C12586-K1,11039,C12586
C12587-K1,22183,C12587
C12588-K1,17120,C12588
C12589-K1,19182,C12589
C12590-K1,12746,C12590
C12591-K1,12496,C12591
C12592-K1,18504,C12592
C12593-K1,16493,C12593
C12594-K1,12212,C12594
C12595-K1,20685,C12595
C12596-K1,20083,C12596
C12597-K1,21358,C12597
C12598-K2,23089,C12598
C12599-K1,18016,C12599
C12600-K1,19531,C12600
C12601-K1,15431,C12601
C12602-K1,17190,C12602
C12603-K1,13028,C12603
C12604-K1,10780,C12604
C12605-K1,23184,C12605
C12606-K1,16695,C12606
C12607-K1,19916,C12607
C12608-K1,18014,C12608
C12609-K1,22514,C12609
C12610-K1,12276,C12610
C12611-K1,18557,C12611
C12612-K1,11486,C12612
C12613-K1,11739,C12613
C12614-K1,15721,C12614
C12615-K1,21390,C12615
C12616-K1,12288,C12616
C12617-K1,12623,C12617
C12618-K1,22307,C12618
C12619-K1,20344,C12619
C12620-K1,14019,C12620
C12621-K1,14080,C12621
C12622-K1,13858,C12622
C12623-K1,12704,C12623
C12624-K1,12058,C12624
C12625-K1,21491,C12625
C12626-K2,19029,C12626
C12627-K1,12007,C12627
C12628-K1,16597,C12628
C12629-K1,21404,C12629
C12630-K1,21221,C12630
C12631-K1,15398,C12631
C12632-K1,20687,C12632
C12633-K1,12184,C12633
C12634-K1,20073,C12634
C12635-K1,17984,C12635
C12636-K1,20711,C12636
C12637-K1,16201,C12637
C12638-K1,13872,C12638
C12639-K1,22624,C12639
C12640-K1,11303,C12640
C12641-K2,16969,C12641
C12642-K1,19088,C12642
C12643-K1,19868,C12643
C12644-K1,11979,C12644
C12645-K1,21955,C12645
C12646-K1,21131,C12646
C12647-K1,20004,C12647
C12648-K1,14375,C12648
C12649-K1,21302,C12649
C12650-K1,12558,C12650
C12651-K1,13725,C12651
C12652-K1,10651,C12652
C12653-K1,10019,C12653
C12654-K1,16821,C12654
C12655-K1,18319,C12655
C12656-K1,12737,C12656
C12657-K1,13733,C12657
C12658-K1,19265,C12658
C12659-K1,16959,C12659
C12660-K1,21713,C12660
C12661-K1,11893,C12661
C12662-K1,20555,C12662
C12663-K1,23176,C12663
C12664-K1,15209,C12664
C12665-K1,19279,C12665
C12666-K1,10842,C12666
C12667-K1,19542,C12667
C12668-K1,15814,C12668
C12669-K1,15095,C12669
C12670-K1,10552,C12670
C12671-K1,22338,C12671
C12672-K1,21226,C12672
C12673-K1,23434,C12673
C12674-K1,10675,C12674
C12675-K1,12821,C12675
C12676-K1,13815,C12676
C12677-K1,12355,C12677
C12678-K1,14618,C12678
C12679-K1,12163,C12679
C12680-K1,13338,C12680
C12681-K1,16817,C12681
C12682-K1,11561,C12682
C12683-K1,22729,C12683
C12684-K1,22592,C12684
C12685-K1,16693,C12685
C12686-K1,16220,C12686
C12687-K1,10895,C12687
C12688-K1,21581,C12688
C12689-K1,23057,C12689
C12690-K2,16237,C12690
C12691-K1,19441,C12691
C12692-K1,17740,C12692
C12693-K1,11434,C12693
C12694-K1,14528,C12694
C12695-K1,13744,C12695
C12696-K1,12424,C12696
C12697-K1,13468,C12697
C12698-K1,19390,C12698
C12699-K1,14879,C12699
C12700-K1,17286,C12700
C12701-K1,21317,C12701
C12702-K1,19580,C12702
C12703-K1,14888,C12703
C12704-K1,16345,C12704
C12705-K2,18295,C12705
C12706-K1,19112,C12706
C12707-K1,11364,C12707
C12708-K1,20750,C12708
C12709-K1,10699,C12709
C12710-K1,16093,C12710
C12711-K1,18983,C12711
C12712-K1,18814,C12712
C12713-K1,10273,C12713
C12714-K1,21271,C12714
C12715-K1,12806,C12715
C12716-K1,11629,C12716
C12717-K1,17592,C12717
C12718-K1,14345,C12718
C12719-K1,18293,C12719
C12720-K1,12574,C12720
C12721-K1,20845,C12721
C12722-K1,15052,C12722
C12723-K1,18721,C12723
C12724-K1,17391,C12724
C12725-K1,14466,C12725
C12726-K1,15861,C12726
C12727-K1,16624,C12727
C12728-K1,19743,C12728
C12729-K1,15889,C12729
C12730-K1,14288,C12730
C12731-K1,18417,C12731
C12732-K1,20899,C12732
C12733-K1,11724,C12733
C12734-K1,19602,C12734
C12735-K1,22356,C12735
C12736-K1,20345,C12736
C12737-K1,13591,C12737
C12738-K1,20825,C12738
C12739-K1,20755,C12739
C12740-K1,13130,C12740
C12741-K1,12204,C12741
C12742-K1,17643,C12742
C12743-K1,18719,C12743
C12744-K1,13203,C12744
C12745-K1,12020,C12745
C12746-K1,17292,C12746
C12747-K1,23516,C12747
C12748-K2,22508,C12748
C12749-K1,18619,C12749
C12750-K1,10145,C12750
C12751-K1,10071,C12751
C12752-K1,16048,C12752
C12753-K1,13434,C12753
C12754-K1,10065,C12754
C12755-K1,14352,C12755
C12756-K1,12602,C12756
C12757-K1,13166,C12757
C12758-K1,11453,C12758
C12759-K1,18958,C12759
C12760-K1,22335,C12760
C12761-K1,11513,C12761
C12762-K1,15821,C12762
C12763-K1,19005,C12763
C12764-K1,21910,C12764
C12765-K1,15182,C12765
C12766-K1,23450,C12766
C12767-K1,10221,C12767
C12768-K1,12016,C12768
C12769-K1,12476,C12769
C12770-K1,21707,C12770
C12771-K1,10835,C12771
C12772-K1,22506,C12772
C12773-K1,22574,C12773
C12774-K1,16282,C12774
C12775-K1,11421,C12775
C12776-K1,13777,C12776
C12777-K1,22057,C12777
C12778-K1,14291,C12778
C12779-K1,20733,C12779
C12780-K1,17406,C12780
C12781-K1,10160,C12781
C12782-K1,10755,C12782
C12783-K1,18581,C12783
C12784-K1,20581,C12784
C12785-K2,23063,C12785
C12786-K1,17001,C12786
C12787-K1,13726,C12787
C12788-K1,19530,C12788
C12789-K1,18073,C12789
C12790-K1,15515,C12790
C12791-K1,23011,C12791
C12792-K1,15884,C12792
C12793-K1,10723,C12793
C12794-K1,10124,C12794
C12795-K1,17807,C12795
C12796-K1,18308,C12796
C12797-K1,12513,C12797
C12798-K1,16944,C12798
C12799-K1,20101,C12799
C12800-K1,21194,C12800
C12801-K1,10507,C12801
C12802-K1,19158,C12802
C12803-K1,16264,C12803
C12804-K1,11518,C12804
C12805-K1,17394,C12805
C12806-K1,13601,C12806
C12807-K1,13271,C12807
C12808-K1,10441,C12808
C12809-K1,10472,C12809
C12810-K1,18402,C12810
C12811-K1,19376,C12811
C12812-K1,11210,C12812
C12813-K1,17831,C12813
C12814-K1,10926,C12814
C12815-K1,22431,C12815
C12816-K1,10416,C12816
C12817-K1,15173,C12817
C12818-K1,22537,C12818
C12819-K1,14923,C12819
C12820-K1,21658,C12820
C12821-K1,14155,C12821
C12822-K1,12915,C12822
C12823-K1,10183,C12823
C12824-K1,22399,C12824
C12825-K1,21161,C12825
C12826-K1,13765,C12826
C12827-K1,11444,C12827
C12828-K1,20349,C12828
C12829-K1,13090,C12829
C12830-K1,19485,C12830
C12831-K1,14485,C12831
C12832-K1,16036,C12832
C12833-K1,23444,C12833
C12834-K1,23321,C12834
C12835-K2,23382,C12835
C12836-K1,18279,C12836
C12837-K1,16166,C12837
C12838-K1,16453,C12838
C12839-K1,12543,C12839
C12840-K1,15807,C12840
C12841-K1,20131,C12841
C12842-K1,18091,C12842
C12843-K1,13181,C12843
C12844-K1,12206,C12844
C12845-K1,19930,C12845
C12846-K1,13148,C12846
C12847-K1,16419,C12847
C12848-K1,20384,C12848
C12849-K1,19222,C12849
C12850-K1,19048,C12850
C12851-K1,21290,C12851
C12852-K1,12036,C12852
C12853-K1,16618,C12853
C12854-K1,12690,C12854
C12855-K1,11655,C12855
C12856-K1,20939,C12856
C12857-K1,19010,C12857
C12858-K1,15969,C12858
C12859-K1,20558,C12859
C12860-K1,20495,C12860
C12861-K1,21016,C12861
C12862-K1,11833,C12862
C12863-K1,14674,C12863
C12864-K1,19768,C12864
C12865-K1,20761,C12865
C12866-K1,22604,C12866
C12867-K1,21318,C12867
C12868-K1,10356,C12868
C12869-K1,18348,C12869
C12870-K1,13893,C12870
C12871-K1,11603,C12871
C12872-K1,12654,C12872
C12873-K1,22516,C12873
C12874-K1,10880,C12874
C12875-K1,17616,C12875
C12876-K1,20933,C12876
C12877-K1,12021,C12877
C12878-K1,12117,C12878
C12879-K1,17416,C12879
C12880-K1,11476,C12880
C12881-K1,13990,C12881
C12882-K1,21076,C12882
C12883-K1,14085,C12883
C12884-K1,18954,C12884
C12885-K1,21052,C12885
C12886-K1,13010,C12886
C12887-K1,13663,C12887
C12888-K1,12174,C12888
C12889-K1,18158,C12889
C12890-K1,10613,C12890
C12891-K1,19484,C12891
C12892-K1,13075,C12892
C12893-K1,12921,C12893
C12894-K1,15649,C12894
C12895-K1,19595,C12895
C12896-K1,20033,C12896
C12897-K1,17704,C12897
C12898-K1,16032,C12898
C12899-K1,16876,C12899
C12900-K2,14895,C12900
C12901-K1,17961,C12901
C12902-K1,11524,C12902
C12903-K1,15760,C12903
C12904-K1,10587,C12904
C12905-K1,22152,C12905
C12906-K1,20953,C12906
C12907-K1,20787,C12907
C12908-K1,13465,C12908
C12909-K1,23454,C12909
C12910-K1,12119,C12910
C12911-K1,16884,C12911
C12912-K1,17943,C12912
C12913-K1,13637,C12913
C12914-K1,16108,C12914
C12915-K1,20699,C12915
C12916-K1,23361,C12916
C12917-K1,14872,C12917
C12918-K1,10531,C12918
C12919-K1,18291,C12919
C12920-K1,14985,C12920
C12921-K1,11074,C12921
C12922-K1,18062,C12922
C12923-K1,20816,C12923
C12924-K1,20814,C12924
C12925-K1,22653,C12925
C12926-K1,11589,C12926
C12927-K1,18732,C12927
C12928-K1,15557,C12928
C12929-K1,21152,C12929
C12930-K1,21572,C12930
C12931-K1,18809,C12931
C12932-K1,14202,C12932
C12933-K1,15746,C12933
C12934-K1,13530,C12934
C12935-K1,21420,C12935
C12936-K1,15982,C12936
C12937-K1,21365,C12937
C12938-K1,13213,C12938
C12939-K1,21133,C12939
C12940-K1,14498,C12940
C12941-K1,18477,C12941
C12942-K2,17736,C12942
C12943-K1,21166,C12943
C12944-K1,17858,C12944
C12945-K1,10818,C12945
C12946-K1,21780,C12946
C12947-K1,14102,C12947
C12948-K1,10179,C12948
C12949-K1,10691,C12949
C12950-K1,19330,C12950
C12951-K1,18309,C12951
C12952-K1,12512,C12952
C12953-K1,20187,C12953
C12954-K1,20997,C12954
C12955-K1,11702,C12955
C12956-K1,22063,C12956
C12957-K1,12339,C12957
C12958-K1,17862,C12958
C12959-K1,13767,C12959
C12960-K1,23439,C12960
C12961-K2,16482,C12961
C12962-K1,10034,C12962
C12963-K1,16904,C12963
C12964-K1,23443,C12964
C12965-K1,17581,C12965
C12966-K1,21538,C12966
C12967-K1,10192,C12967
C12968-K1,16753,C12968
C12969-K1,16038,C12969
C12970-K1,22646,C12970
C12971-K1,17973,C12971
C12972-K1,10914,C12972
C12973-K1,15215,C12973
C12974-K1,16361,C12974
C12975-K2,16353,C12975
C12976-K1,19127,C12976
C12977-K1,16787,C12977
C12978-K1,17221,C12978
C12979-K1,11162,C12979
C12980-K1,15318,C12980
C12981-K1,13540,C12981
C12982-K1,13095,C12982
C12983-K1,14302,C12983
C12984-K2,19557,C12984
C12985-K1,18774,C12985
C12986-K1,22956,C12986
C12987-K1,15946,C12987
C12988-K1,16677,C12988
C12989-K1,22769,C12989
C12990-K1,17344,C12990
C12991-K1,21875,C12991
C12992-K1,16523,C12992
C12993-K1,15738,C12993
C12994-K1,13686,C12994
C12995-K1,10934,C12995
C12996-K1,15939,C12996
C12997-K1,12768,C12997
C12998-K1,22458,C12998
C12999-K1,16068,C12999
C13000-K1,21490,C13000
C13001-K1,21040,C13001
C13002-K1,18563,C13002
C13003-K1,21500,C13003
C13004-K1,16196,C13004
C13005-K1,11007,C13005
C13006-K1,18392,C13006
C13007-K1,12255,C13007
C13008-K1,20567,C13008
C13009-K1,18947,C13009
C13010-K1,14743,C13010
C13011-K1,15185,C13011
C13012-K1,23104,C13012
C13013-K1,20801,C13013
C13014-K1,16441,C13014
C13015-K1,18959,C13015
C13016-K1,14148,C13016
C13017-K1,15218,C13017
C13018-K1,21531,C13018
C13019-K1,16056,C13019
C13020-K1,13821,C13020
C13021-K1,11252,C13021
C13022-K1,13068,C13022
C13023-K1,12143,C13023
C13024-K1,13129,C13024
C13025-K1,18121,C13025
C13026-K1,23279,C13026
C13027-K1,14274,C13027
C13028-K1,21252,C13028
C13029-K1,19023,C13029
C13030-K1,19764,C13030
C13031-K1,17032,C13031
C13032-K1,12969,C13032
C13033-K1,11657,C13033
C13034-K1,22408,C13034
C13035-K1,22420,C13035
C13036-K1,13803,C13036
C13037-K1,22336,C13037
C13038-K1,19919,C13038
C13039-K1,23347,C13039
C13040-K1,19680,C13040
C13041-K1,11033,C13041
C13042-K1,10128,C13042
C13043-K1,21462,C13043
C13044-K1,18441,C13044
C13045-K1,19431,C13045
C13046-K1,17637,C13046
C13047-K1,10195,C13047
C13048-K1,23422,C13048
C13049-K1,12169,C13049
C13050-K1,16439,C13050
C13051-K1,23281,C13051
C13052-K1,14289,C13052
C13053-K1,16755,C13053
C13054-K1,21020,C13054
C13055-K1,14199,C13055
C13056-K1,17617,C13056
C13057-K1,15465,C13057
C13058-K2,15632,C13058
C13059-K1,22928,C13059
C13060-K1,18050,C13060
C13061-K1,19220,C13061
C13062-K1,17059,C13062
C13063-K1,12882,C13063
C13064-K1,13118,C13064
C13065-K1,10751,C13065
C13066-K1,11240,C13066
C13067-K1,13711,C13067
C13068-K1,13825,C13068
C13069-K1,21239,C13069
C13070-K1,19287,C13070
C13071-K1,22109,C13071
C13072-K1,18352,C13072
C13073-K1,14004,C13073
C13074-K1,21127,C13074
C13075-K1,19656,C13075
C13076-K1,17188,C13076
C13077-K1,14424,C13077
C13078-K1,17039,C13078
C13079-K1,14020,C13079
C13080-K1,18516,C13080
C13081-K1,22083,C13081
C13082-K1,13449,C13082
C13083-K1,14320,C13083
C13084-K1,19599,C13084
C13085-K1,21835,C13085
C13086-K2,21298,C13086
C13087-K1,22527,C13087
C13088-K1,22124,C13088
C13089-K1,22339,C13089
C13090-K1,15965,C13090
C13091-K1,12456,C13091
C13092-K1,10110,C13092
C13093-K1,16855,C13093
C13094-K1,18937,C13094
C13095-K1,21343,C13095
C13096-K1,13229,C13096
C13097-K1,14922,C13097
C13098-K1,19539,C13098
C13099-K1,18910,C13099
C13100-K1,18049,C13100
C13101-K1,17684,C13101
C13102-K1,18835,C13102
C13103-K1,22598,C13103
C13104-K1,10245,C13104
C13105-K1,20347,C13105
C13106-K1,10453,C13106
C13107-K1,23181,C13107
C13108-K1,23417,C13108
C13109-K1,14668,C13109
C13110-K1,10305,C13110
C13111-K1,14257,C13111
C13112-K1,21990,C13112
C13113-K1,14492,C13113
C13114-K1,11597,C13114
C13115-K1,11233,C13115
C13116-K1,13751,C13116
C13117-K1,19747,C13117
C13118-K1,10936,C13118
C13119-K1,20346,C13119
C13120-K1,19413,C13120
C13121-K1,16206,C13121
C13122-K1,15353,C13122
C13123-K1,14992,C13123
C13124-K1,21225,C13124
C13125-K1,22888,C13125
C13126-K1,15321,C13126
C13127-K1,18305,C13127
C13128-K1,23377,C13128
C13129-K1,10570,C13129
C13130-K1,17838,C13130
C13131-K1,14641,C13131
C13132-K1,19500,C13132
C13133-K1,23047,C13133
C13134-K1,10791,C13134
C13135-K1,23130,C13135
C13136-K1,23235,C13136
C13137-K1,17301,C13137
C13138-K1,17163,C13138
C13139-K1,20544,C13139
C13140-K1,18936,C13140
C13141-K1,13386,C13141
C13142-K1,21370,C13142
C13143-K1,16945,C13143
C13144-K1,18012,C13144
C13145-K1,18668,C13145
C13146-K1,17799,C13146
C13147-K1,18215,C13147
C13148-K1,19857,C13148
C13149-K1,15778,C13149
C13150-K1,21496,C13150
C13151-K1,22088,C13151
C13152-K1,17135,C13152
C13153-K1,18381,C13153
C13154-K1,10828,C13154
C13155-K1,21795,C13155
C13156-K1,15446,C13156
C13157-K1,12486,C13157
C13158-K1,15127,C13158
C13159-K1,16628,C13159
C13160-K1,11041,C13160
C13161-K1,14103,C13161
C13162-K1,13597,C13162
C13163-K1,13577,C13163
C13164-K1,22839,C13164
C13165-K1,10385,C13165
C13166-K1,20077,C13166
C13167-K1,12323,C13167
C13168-K1,10849,C13168
C13169-K1,10174,C13169
C13170-K1,12683,C13170
C13171-K2,10114,C13171
C13172-K1,13448,C13172
C13173-K1,19571,C13173
C13174-K1,19952,C13174
C13175-K1,21876,C13175
C13176-K1,19598,C13176
C13177-K1,19492,C13177
C13178-K1,18149,C13178
C13179-K1,13985,C13179
C13180-K1,18099,C13180
C13181-K1,15358,C13181
C13182-K1,15430,C13182
C13183-K1,15440,C13183
C13184-K1,22656,C13184
C13185-K1,16177,C13185
C13186-K1,10920,C13186
C13187-K1,20517,C13187
C13188-K1,14439,C13188
C13189-K1,10607,C13189
C13190-K2,18883,C13190
C13191-K1,20636,C13191
C13192-K1,14290,C13192
C13193-K1,10177,C13193
C13194-K1,22310,C13194
C13195-K1,18514,C13195
C13196-K1,14586,C13196
C13197-K1,14263,C13197
C13198-K1,20090,C13198
C13199-K1,17996,C13199
C13200-K1,20273,C13200
C13201-K1,13218,C13201
C13202-K1,21841,C13202
C13203-K1,21666,C13203
C13204-K1,22927,C13204
C13205-K1,13488,C13205
C13206-K1,16261,C13206
C13207-K1,23415,C13207
C13208-K1,20858,C13208
C13209-K1,12973,C13209
C13210-K1,19804,C13210
C13211-K1,17173,C13211
C13212-K1,21340,C13212
C13213-K1,17905,C13213
C13214-K1,11545,C13214
C13215-K1,21288,C13215
C13216-K1,19283,C13216
C13217-K1,11709,C13217
C13218-K1,19555,C13218
C13219-K1,18314,C13219
C13220-K1,20515,C13220
C13221-K1,19669,C13221
C13222-K1,15026,C13222
C13223-K1,17854,C13223
C13224-K1,16387,C13224
C13225-K1,21164,C13225
C13226-K1,13367,C13226
C13227-K1,23289,C13227
C13228-K1,20193,C13228
C13229-K1,16974,C13229
C13230-K1,17675,C13230
C13231-K1,15815,C13231
C13232-K1,11631,C13232
C13233-K1,23479,C13233
C13234-K1,13889,C13234
C13235-K1,13239,C13235
C13236-K1,11645,C13236
C13237-K1,19422,C13237
C13238-K1,16342,C13238
C13239-K1,23437,C13239
C13240-K1,14087,C13240
C13241-K1,16711,C13241
C13242-K1,17124,C13242
C13243-K1,15235,C13243
C13244-K1,17860,C13244
C13245-K1,13527,C13245
C13246-K1,20247,C13246
C13247-K1,15673,C13247
C13248-K1,20416,C13248
C13249-K1,10276,C13249
C13250-K1,19060,C13250
C13251-K1,21373,C13251
C13252-K1,13238,C13252
C13253-K2,21186,C13253
C13254-K1,20645,C13254
C13255-K1,20946,C13255
C13256-K1,13849,C13256
C13257-K1,13217,C13257
C13258-K1,22228,C13258
C13259-K1,17326,C13259
C13260-K1,22282,C13260
C13261-K1,21656,C13261
C13262-K1,14559,C13262
C13263-K1,13695,C13263
C13264-K1,18577,C13264
C13265-K1,20326,C13265
C13266-K1,18698,C13266
C13267-K1,15421,C13267
C13268-K1,15072,C13268
C13269-K2,20155,C13269
C13270-K1,22466,C13270
C13271-K1,10350,C13271
C13272-K1,19045,C13272
C13273-K1,15410,C13273
C13274-K1,11230,C13274
C13275-K1,22526,C13275
C13276-K1,21049,C13276
C13277-K1,12203,C13277
C13278-K1,17279,C13278
C13279-K1,10892,C13279
C13280-K1,13848,C13280
C13281-K1,19263,C13281
C13282-K1,11083,C13282
C13283-K1,16184,C13283
C13284-K1,15742,C13284
C13285-K1,14662,C13285
C13286-K1,14131,C13286
C13287-K1,20631,C13287
C13288-K1,13830,C13288
C13289-K1,15786,C13289
C13290-K1,16215,C13290
C13291-K1,11052,C13291
C13292-K1,19300,C13292
C13293-K1,12516,C13293
C13294-K1,10355,C13294
C13295-K1,13072,C13295
C13296-K1,18981,C13296
C13297-K1,14348,C13297
C13298-K1,18252,C13298
C13299-K1,21335,C13299
C13300-K1,15505,C13300
C13301-K1,18406,C13301
C13302-K1,22594,C13302
C13303-K1,10449,C13303
C13304-K1,20171,C13304
C13305-K1,19505,C13305
C13306-K1,12625,C13306
C13307-K1,22663,C13307
C13308-K1,22545,C13308
C13309-K1,20820,C13309
C13310-K1,11848,C13310
C13311-K1,21547,C13311
C13312-K1,13844,C13312
C13313-K1,16281,C13313
C13314-K1,12891,C13314
C13315-K1,18043,C13315
C13316-K1,23044,C13316
C13317-K1,18023,C13317
C13318-K1,13996,C13318
C13319-K1,20559,C13319
C13320-K1,17213,C13320
C13321-K1,14112,C13321
C13322-K1,19906,C13322
C13323-K1,14948,C13323
C13324-K1,21081,C13324
C13325-K1,13405,C13325
C13326-K1,11113,C13326
C13327-K1,10234,C13327
C13328-K1,18090,C13328
C13329-K1,21911,C13329
C13330-K1,18159,C13330
C13331-K1,17401,C13331
C13332-K1,21667,C13332
C13333-K1,11789,C13333
C13334-K1,20611,C13334
C13335-K1,22288,C13335
C13336-K1,17942,C13336
C13337-K1,11898,C13337
C13338-K1,13780,C13338
C13339-K1,12940,C13339
C13340-K1,17156,C13340
C13341-K1,20099,C13341
C13342-K1,11588,C13342
C13343-K1,15516,C13343
C13344-K1,17945,C13344
C13345-K1,17484,C13345
C13346-K1,17038,C13346
C13347-K1,13453,C13347
C13348-K1,14698,C13348
C13349-K2,10296,C13349
C13350-K1,22007,C13350
C13351-K1,22101,C13351
C13352-K1,16973,C13352
C13353-K1,23372,C13353
C13354-K2,22029,C13354
C13355-K1,19348,C13355
C13356-K1,15597,C13356
C13357-K1,17869,C13357
C13358-K1,15586,C13358
C13359-K1,22968,C13359
C13360-K1,18669,C13360
C13361-K1,13047,C13361
C13362-K1,22810,C13362
C13363-K1,13696,C13363
C13364-K1,12831,C13364
C13365-K1,13343,C13365
C13366-K1,10285,C13366
C13367-K1,21095,C13367
C13368-K1,22450,C13368
C13369-K1,19159,C13369
C13370-K1,13272,C13370
C13371-K1,15951,C13371
C13372-K1,17525,C13372
C13373-K1,20047,C13373
C13374-K1,16917,C13374
C13375-K1,10487,C13375
C13376-K1,22661,C13376
C13377-K1,17994,C13377
C13378-K1,18080,C13378
C13379-K1,16017,C13379
C13380-K1,18274,C13380
C13381-K1,13585,C13381
C13382-K1,12557,C13382
C13383-K1,12564,C13383
C13384-K1,17679,C13384
C13385-K1,12867,C13385
C13386-K1,18815,C13386
C13387-K1,21003,C13387
C13388-K1,14009,C13388
C13389-K1,12306,C13389
C13390-K1,20405,C13390
C13391-K1,11224,C13391
C13392-K1,13915,C13392
C13393-K1,21550,C13393
C13394-K1,14475,C13394
C13395-K1,17274,C13395
C13396-K1,17321,C13396
C13397-K1,13568,C13397
C13398-K1,15703,C13398
C13399-K1,18966,C13399
C13400-K1,20148,C13400
C13401-K1,10410,C13401
C13402-K1,14729,C13402
C13403-K2,19409,C13403
C13404-K1,17580,C13404
C13405-K1,21651,C13405
C13406-K1,10811,C13406
C13407-K1,21245,C13407
C13408-K1,13754,C13408
C13409-K1,11768,C13409
C13410-K1,19810,C13410
C13411-K1,16251,C13411
C13412-K1,22571,C13412
C13413-K1,16866,C13413
C13414-K1,22925,C13414
C13415-K1,20918,C13415
C13416-K1,16143,C13416
C13417-K1,10378,C13417
C13418-K1,12586,C13418
C13419-K1,20258,C13419
C13420-K1,10551,C13420
C13421-K1,10736,C13421
C13422-K1,17251,C13422
C13423-K1,18315,C13423
C13424-K1,11694,C13424
C13425-K1,20424,C13425
C13426-K1,15674,C13426
C13427-K1,20029,C13427
C13428-K1,22779,C13428
C13429-K1,23264,C13429
C13430-K1,15595,C13430
C13431-K1,20570,C13431
C13432-K1,13645,C13432
C13433-K1,21280,C13433
C13434-K1,19109,C13434
C13435-K1,14372,C13435
C13436-K1,11973,C13436
C13437-K1,14881,C13437
C13438-K1,20122,C13438
C13439-K1,12860,C13439
C13440-K2,22914,C13440
C13441-K1,10878,C13441
C13442-K1,17562,C13442
C13443-K1,18974,C13443
C13444-K1,17473,C13444
C13445-K1,17229,C13445
C13446-K1,12413,C13446
C13447-K1,10023,C13447
C13448-K1,14453,C13448
C13449-K1,16362,C13449
C13450-K1,18209,C13450
C13451-K1,11491,C13451
C13452-K1,14788,C13452
C13453-K1,19097,C13453
C13454-K1,14476,C13454
C13455-K1,16567,C13455
C13456-K1,21503,C13456
C13457-K1,19730,C13457
C13458-K1,20194,C13458
C13459-K1,22475,C13459
C13460-K1,14745,C13460
C13461-K1,11664,C13461
C13462-K1,10217,C13462
C13463-K1,11670,C13463
C13464-K1,19749,C13464
C13465-K1,16053,C13465
C13466-K1,20786,C13466
C13467-K1,14212,C13467
C13468-K1,13253,C13468
C13469-K1,21882,C13469
C13470-K1,16089,C13470
C13471-K1,20302,C13471
C13472-K1,13048,C13472
C13473-K1,19462,C13473
C13474-K1,12057,C13474
C13475-K1,20976,C13475
C13476-K1,16254,C13476
C13477-K1,20294,C13477
C13478-K1,11542,C13478
C13479-K1,11403,C13479
C13480-K1,22730,C13480
C13481-K1,17492,C13481
C13482-K1,14145,C13482
C13483-K1,19436,C13483
C13484-K1,13559,C13484
C13485-K1,11962,C13485
C13486-K1,10468,C13486
C13487-K1,13250,C13487
C13488-K1,15622,C13488
C13489-K1,17914,C13489
C13490-K1,20936,C13490
C13491-K1,23067,C13491
C13492-K1,15944,C13492
C13493-K1,20712,C13493
C13494-K1,14765,C13494
C13495-K1,17678,C13495
C13496-K1,13787,C13496
C13497-K1,10847,C13497
C13498-K1,17760,C13498
C13499-K1,14259,C13499
C13500-K1,13192,C13500
C13501-K1,22017,C13501
C13502-K1,16071,C13502
C13503-K1,23433,C13503
C13504-K1,10384,C13504
C13505-K1,17254,C13505
C13506-K1,14434,C13506
C13507-K1,12369,C13507
C13508-K1,15574,C13508
C13509-K1,15979,C13509
C13510-K1,19198,C13510
C13511-K1,21339,C13511
C13512-K1,23098,C13512
C13513-K1,17544,C13513
C13514-K1,20488,C13514
C13515-K1,10317,C13515
C13516-K1,11132,C13516
C13517-K1,16750,C13517
C13518-K1,21680,C13518
C13519-K1,21865,C13519
C13520-K1,19512,C13520
C13521-K1,17574,C13521
C13522-K1,20299,C13522
C13523-K1,18144,C13523
C13524-K1,20402,C13524
C13525-K1,22509,C13525
C13526-K1,10030,C13526
C13527-K1,18369,C13527
C13528-K1,15565,C13528
C13529-K1,16285,C13529
C13530-K1,19993,C13530
C13531-K1,10318,C13531
C13532-K1,23477,C13532
C13533-K1,18303,C13533
C13534-K1,13150,C13534
C13535-K1,12653,C13535
C13536-K1,16786,C13536
C13537-K1,16316,C13537
C13538-K1,17298,C13538
C13539-K1,12406,C13539
C13540-K1,17834,C13540
C13541-K1,10690,C13541
C13542-K1,20021,C13542
C13543-K1,21331,C13543
C13544-K1,23150,C13544
C13545-K1,13883,C13545
C13546-K1,12454,C13546
C13547-K1,16253,C13547
C13548-K1,21172,C13548
C13549-K1,14946,C13549
C13550-K1,20104,C13550
C13551-K1,19290,C13551
C13552-K1,18394,C13552
C13553-K1,20627,C13553
