device_profile_id,device_type,device_info,os,browser,screen,txn_count,customer_count,card_count,specificity
DP-000e5d3984b47207,mobile,SM-G955U1 Build/NRD90M,,chrome 56.0 for android,,1,1,1,1.0
DP-000f0282a77ce8c3,mobile,,,android browser 4.0,,3,2,2,0.5
DP-001762ebc59a9008,mobile,M4 SS4456 Build/LMY47V,,M4Tel/M4,,1,1,1,1.0
DP-002361717d1ba43d,desktop,Windows,Windows Vista,aol,,1,1,1,1.0
DP-00391a0992a1800f,desktop,MacOS,Mac OS X 10_12_6,chrome 61.0,2560x1440,3,2,2,0.5
DP-003e816aaa8357ec,desktop,,Linux,chrome 55.0,1920x1080,2,1,1,1.0
DP-00463e730e9f3b63,desktop,MacOS,Mac OS X 10_13_3,chrome 65.0,1366x768,3,3,3,0.3333333333333333
DP-004ef731017d008f,mobile,SAMSUNG SM-G925P Build/MMB29K,,samsung browser 6.2,,4,2,2,0.5
DP-0056af0214fb691c,mobile,SM-G360T1 Build/LMY47X,,chrome 57.0 for android,,1,1,1,1.0
DP-005a0a4dcebb3097,mobile,SM-G920T Build/NRD90M,,chrome 63.0 for android,,2,1,1,1.0
DP-00644c04745ae53f,desktop,SM-A300M Build/KTU84P,,chrome generic,,3,2,2,0.5
DP-006963611e4e52d5,desktop,MacOS,Mac OS X 10_13_2,safari 11.0,1440x900,5,5,5,0.2
DP-006be67a992bd500,mobile,LG-D400,,chrome 64.0 for android,,1,1,1,1.0
DP-006fe8ee15bdbb18,mobile,SM-J500M Build/LMY48B,,chrome 62.0 for android,,9,5,5,0.2
DP-0078aa46c8ec3ab8,mobile,SM-J700H Build/MMB29K,,chrome 64.0 for android,,2,1,1,1.0
DP-007bba36de7ee256,desktop,SM-T113NU Build/KTU84P,,chrome generic,,3,3,3,0.3333333333333333
DP-007e0ed5227805e3,mobile,SAMSUNG,,samsung browser 4.0,,4,4,4,0.25
DP-00a0b57be88e2e84,desktop,Windows,,opera 49.0,,66,26,26,0.038461538461538464
DP-00a0d4c36088abbc,desktop,Trident/7.0,Windows 10,ie 11.0 for tablet,,119,73,73,0.0136986301369863
DP-00a58ad95a2639d0,mobile,SM-J700M Build/LMY48B,,chrome 59.0 for android,,1,1,1,1.0
DP-00a7c2156679b26c,mobile,LG-M400 Build/NRD90U,,chrome 60.0 for android,,1,1,1,1.0
DP-00b410a3e874f7ba,mobile,iOS Device,iOS 9.3.5,mobile safari generic,960x640,2,2,2,0.5
DP-00b7455962f4831e,mobile,iOS Device,iOS 9.3.5,mobile safari generic,1024x768,60,38,38,0.02631578947368421
DP-00c13bf20286381d,mobile,SM-T550 Build/NMF26X,Android 7.1.1,chrome 63.0 for android,1024x768,10,4,4,0.25
DP-00cf5c58685dd48b,mobile,F5121 Build/34.3.A.0.238,,chrome 63.0 for android,,26,9,9,0.1111111111111111
DP-00dd7c703ce08e1f,mobile,LG-X165g Build/LRX21M,,chrome 56.0 for android,,2,2,2,0.5
DP-00e8b60395846c8e,desktop,Windows,Windows 7,firefox 57.0,1024x768,5,5,5,0.2
DP-00fcfc75e51b0184,mobile,Nexus,Android 5.1.1,chrome 62.0 for android,,1,1,1,1.0
DP-00fee5379437643e,desktop,MacOS,Mac OS X 10_12_4,safari generic,2880x1800,10,4,4,0.25
DP-012c74c1f4b08c11,desktop,Windows,Windows 7,chrome 58.0,1440x900,2,2,2,0.5
DP-012fbc6832145093,mobile,iOS Device,iOS 11.2.2,mobile safari 11.0,1136x640,30,27,27,0.037037037037037035
DP-0132741ceac64c91,desktop,MacOS,Mac,chrome 64.0,2560x1440,3,3,3,0.3333333333333333
DP-0138ff273eb054df,mobile,E5306 Build/27.3.A.0.165,,chrome 64.0 for android,,3,3,3,0.3333333333333333
DP-013c0b000fda7801,mobile,SM-T280 Build/LMY47V,Android 5.1.1,chrome 66.0 for android,1280x800,3,2,2,0.5
DP-013caa92a4235327,mobile,CRO-L03 Build/HUAWEICRO-L03,,chrome 64.0 for android,,4,4,4,0.25
DP-014903939ffdecdf,desktop,rv:59.0,Mac OS X 10.11,firefox 59.0,1600x900,1,1,1,1.0
DP-0149fb1180266fd0,mobile,SAMSUNG SM-G955U Build/NRD90M,Android 7.0,samsung browser 6.4,2220x1081,8,5,5,0.2
DP-014e9145995afc21,mobile,TR10CS1 Build/JDQ39,,chrome 63.0 for android,,10,7,7,0.14285714285714285
DP-015339a5eb1baf18,mobile,SM-G950U1 Build/NRD90M,Android 7.0,chrome 64.0 for android,2220x1080,1,1,1,1.0
DP-0154f0d555636760,desktop,rv:52.0,Windows 8.1,firefox 52.0,1920x1080,3,3,3,0.3333333333333333
DP-01565f01253e1405,desktop,Windows,Windows 7,,1600x900,1,1,1,1.0
DP-01669e32870f993d,mobile,WAS-L03T Build/HUAWEIWAS-L03T,,chrome generic for android,,1,1,1,1.0
DP-016fe7c1b0bbe7ae,mobile,Ilium,,chrome 65.0 for android,,1,1,1,1.0
DP-017785809623c9ae,mobile,SAMSUNG SM-G928G Build/NRD90M,,samsung browser 6.2,,12,5,5,0.2
DP-018bba8b4ae73a5f,desktop,Linux x86_64,,firefox 60.0,,4,2,2,0.5
DP-0192d579ca294e05,mobile,SAMSUNG-SM-G890A Build/NRD90M,Android 7.0,chrome 62.0 for android,2560x1440,1,1,1,1.0
DP-01a0e77915881ae3,desktop,MacOS,Mac OS X 10_12_5,chrome 61.0,1366x768,1,1,1,1.0
DP-01a102268757fa75,desktop,MacOS,Mac OS X 10_12,safari generic,1920x1200,1,1,1,1.0
DP-01a4f11dcd6c2d27,desktop,rv:57.0,Mac OS X 10.12,firefox 57.0,,1,1,1,1.0
DP-01ab17793790607d,desktop,Windows,Windows 7,chrome 63.0,1848x1155,1,1,1,1.0
DP-01ab6596611cf607,desktop,MacOS,Mac OS X 10_12_4,chrome 62.0,2560x1600,3,3,3,0.3333333333333333
DP-01b02d2a73880149,mobile,SM-T310 Build/KOT49H,,chrome 63.0 for android,,1,1,1,1.0
DP-01b18dbe09756093,mobile,SM-J510MN Build/MMB29M,,chrome 63.0 for android,,44,11,11,0.09090909090909091
DP-01b2695f7352b4a0,desktop,rv:51.0,Windows 8.1,firefox,1920x1080,1,1,1,1.0
DP-01b719fa05297801,desktop,Windows,Windows 10,,1502x844,2,1,1,1.0
DP-01c1a8048556f78f,desktop,Windows,other,chrome generic,1280x800,3,1,1,1.0
DP-01c450910fcf3705,mobile,FRD-L04 Build/HUAWEIFRD-L04,,chrome 65.0 for android,,1,1,1,1.0
DP-01e8692edb7bea61,desktop,rv:57.0,Windows 10,firefox,1920x1080,19,10,10,0.1
DP-01eb87c692995da1,mobile,SAMSUNG SM-T580 Build/NRD90M,Android 7.0,samsung browser 6.4,1920x1200,4,4,4,0.25
DP-01eda1b0a98506fd,mobile,HTC One_M8 Build/MRA58K,,chrome 65.0 for android,,6,3,3,0.3333333333333333
DP-01fc189fed6ed4a3,mobile,LG-X210 Build/LMY47I,,chrome 65.0 for android,,5,4,4,0.25
DP-01fd5bc5af7429e9,mobile,SM-J710MN Build/MMB29K,,chrome 61.0 for android,,2,2,2,0.5
DP-02008d7af1f9876e,mobile,FRD-L04 Build/HUAWEIFRD-L04,,chrome 64.0 for android,,2,1,1,1.0
DP-020172157cef984f,mobile,SAMSUNG-SM-G925A Build/MMB29K,,chrome 64.0 for android,,1,1,1,1.0
DP-02044aee5bd6967d,mobile,ILIUM,,chrome 65.0 for android,,2,1,1,1.0
DP-021aeadecdf057b6,mobile,MotoG3 Build/MPIS24.65-33.1-2-16,,chrome 61.0 for android,,3,3,3,0.3333333333333333
DP-021af45344e051d6,mobile,VS425PP Build/LMY47V,,chrome 64.0 for android,,1,1,1,1.0
DP-021b8778ff93070c,mobile,iOS Device,iOS 11.2.5,mobile safari generic,1136x640,72,48,48,0.020833333333333332
DP-02229b5ff9b02f6b,desktop,MacOS,Mac,safari,1280x800,2,2,2,0.5
DP-022524566366135e,mobile,GRACE,,chrome 65.0 for android,,1,1,1,1.0
DP-023277d500a08d6c,mobile,Mobiistar_LAI_Yuna_X,,android webview 4.0,,1,1,1,1.0
DP-023424ff128d1295,mobile,SAMSUNG SM-J320M Build/LMY47V,,chrome generic,,11,6,6,0.16666666666666666
DP-0239463f6f756ad9,mobile,SAMSUNG SM-J700M Build/MMB29K,,samsung browser 5.4,,1,1,1,1.0
DP-023b3c6304aa4d94,mobile,LG-K530 Build/NRD90U,,chrome 63.0 for android,,5,4,4,0.25
DP-02417420911c0142,desktop,Windows,Windows 7,opera 49.0,1280x800,1,1,1,1.0
DP-024441950bf66dbd,mobile,HTC6535LVW,Android 7.0,chrome 66.0 for android,1920x1080,1,1,1,1.0
DP-0246503810283aa4,desktop,SM-G900M Build/KOT49H,,chrome generic,,6,2,2,0.5
DP-0247768cc33716ae,mobile,SM-A310M Build/LMY47X,,chrome generic,,3,3,3,0.3333333333333333
DP-024d6aadf4373b3c,desktop,MacOS,Mac,chrome 49.0,1440x900,1,1,1,1.0
DP-024f1f7dd3bc40d1,mobile,E6603 Build/32.4.A.1.54,,chrome 64.0 for android,,2,2,2,0.5
DP-025234cbafbcef0a,desktop,MacOS,Mac,chrome 65.0,1920x1080,2,2,2,0.5
DP-0258dcba65918cc6,desktop,rv:57.0,Windows 10,firefox,2736x1824,2,1,1,1.0
DP-0260ea55d62c14b1,mobile,iOS Device,iOS 11.1.0,mobile safari generic,1136x640,5,4,4,0.25
DP-02615e51cad9a66b,mobile,LG-K530 Build/NRD90U,,chrome 58.0 for android,,1,1,1,1.0
DP-02633e263dc44150,desktop,Windows,Windows 8.1,chrome 63.0,3840x1080,1,1,1,1.0
DP-02674aa25fdeb5e2,mobile,ME173X,Android,chrome 63.0 for android,,1,1,1,1.0
DP-02677675f41642cf,desktop,GT-I9060M Build/KTU84P,,chrome generic,,2,1,1,1.0
DP-026c9dafec0fd14e,mobile,SM-G935F Build/NRD90M,,chrome 61.0 for android,,2,2,2,0.5
DP-02719f985ae8f181,mobile,SM-G930F Build/NRD90M,,chrome 63.0 for android,,33,15,15,0.06666666666666667
DP-0276df40347df5f2,mobile,SM-G925P Build/NRD90M,Android 7.0,chrome 63.0 for android,2560x1440,1,1,1,1.0
DP-028b0cfca36627ba,mobile,ALE-L23 Build/HuaweiALE-L23,,chrome 56.0 for android,,2,2,2,0.5
DP-028ca865020fc6cc,desktop,Windows,Windows 10,chrome 65.0,1408x792,1,1,1,1.0
DP-0290c090b772ce03,mobile,Redmi 4A Build/MMB29M,,chrome 63.0 for android,,1,1,1,1.0
DP-029738dfe2307507,mobile,LGMS631 Build/MRA58K,,other,,1,1,1,1.0
DP-029fc999d1946803,desktop,MacOS,Mac OS X 10_10_5,chrome 64.0,1920x1080,1,1,1,1.0
DP-029ffc1ed7858ccb,mobile,iOS Device,iOS 10.3.3,chrome 62.0 for ios,2048x1536,6,6,6,0.16666666666666666
DP-02a4973ffb2b8270,desktop,rv:45.0,Windows 7,firefox,1680x1050,2,2,2,0.5
DP-02a4abed385db67a,mobile,SM-J727T1 Build/NRD90M,Android 7.0,chrome 65.0 for android,1280x720,4,2,2,0.5
DP-02a584e0c9de299b,desktop,Trident/7.0,Windows 10,ie 11.0 for desktop,1920x1080,462,253,253,0.003952569169960474
DP-02a772c6ca72bba8,mobile,EVA-L09 Build/HUAWEIEVA-L09,,chrome 64.0 for android,,11,8,8,0.125
DP-02ab3db4da98e749,desktop,Windows,Windows 10,edge 16.0,1365x768,23,20,20,0.05
DP-02b4d0cfd837691d,desktop,MacOS,Mac OS X 10_12_5,safari generic,1280x720,1,1,1,1.0
DP-02b717f8c054c81a,mobile,KIW-L24,Android 6.0.1,chrome 63.0 for android,1920x1080,1,1,1,1.0
DP-02b8ccc1a83bd8bc,desktop,Windows,Windows 7,,1344x840,1,1,1,1.0
DP-02c1d505e91c1003,mobile,ZTE,,chrome 64.0 for android,,1,1,1,1.0
DP-02c400b3f749db27,mobile,SM-N950U Build/NMF26X,,chrome 63.0 for android,,16,13,13,0.07692307692307693
DP-02d539d1f3c9f72a,mobile,Ilium X520 Build/NRD90M,,chrome 65.0 for android,,4,1,1,1.0
DP-02ddf6779fbf1bff,desktop,Windows,Windows 10,chrome 57.0,1440x900,2,2,2,0.5
DP-02e0d105582a0dc4,desktop,Windows,Windows Vista,chrome 49.0,1920x1080,7,7,7,0.14285714285714285
DP-02e2ed83830af104,mobile,iOS Device,iOS,other,2048x1536,4,4,4,0.25
DP-02e3ff91a0c7803e,desktop,Windows,Windows 10,chrome 63.0,1728x972,5,5,5,0.2
DP-02e41768b9d304f8,mobile,SGH-I337M Build/LRX22C,,chrome 65.0 for android,,1,1,1,1.0
DP-02e904f7168b60d9,mobile,Nexus 6 Build/N6F27M,Android 7.1.1,chrome 63.0 for android,2562x1442,1,1,1,1.0
DP-02eb84fcf5900aad,mobile,LG-K428 Build/NRD90U,Android 7.0,chrome 63.0 for android,,1,1,1,1.0
DP-02f479aec03b816e,desktop,Windows,Windows 8.1,chrome 64.0,1680x1050,1,1,1,1.0
DP-02f5e23b9a8a755a,mobile,iOS Device,iOS 10.0.2,mobile safari generic,1136x640,3,2,2,0.5
DP-02f9c02bd48b96ac,mobile,SM-N920T Build/NRD90M,,chrome 63.0 for android,,2,1,1,1.0
DP-0317342f3a4c71cf,mobile,SM-A520W Build/NRD90M,,chrome generic for android,,1,1,1,1.0
DP-03177ee7d3016bba,desktop,MacOS,Mac OS X 10_11_6,chrome generic,2560x1600,5,3,3,0.3333333333333333
DP-0317ce586d314ec0,mobile,Aquaris,,chrome generic for android,,1,1,1,1.0
DP-031ff490aadcfee8,desktop,Windows,Windows 10,edge 14.0,1440x900,4,4,4,0.25
DP-03233c564865dbb8,mobile,SM-G950U Build/R16NW,,chrome 65.0 for android,,7,5,5,0.2
DP-0327fcc300869a5c,desktop,Windows,Windows 8.1,chrome 63.0,1680x1050,7,6,6,0.16666666666666666
DP-0327ffba92bc69d7,mobile,Ilium LT500 Build/LMY47O,,chrome 59.0 for android,,1,1,1,1.0
DP-0334a81b495e50e8,mobile,LG-X240 Build/MRA58K,,chrome 55.0 for android,,2,2,2,0.5
DP-03353980fe4a5e82,mobile,TA-1027 Build/N2G47H,,chrome 63.0 for android,,3,2,2,0.5
DP-033e36f20a59b9d9,mobile,AX821 Build/MRA58K,,chrome 66.0 for android,,1,1,1,1.0
DP-0340209858703576,desktop,Linux i686,,firefox 59.0,,2,2,2,0.5
DP-0342ff650051a3a5,mobile,X3402,,chrome 55.0 for android,,4,1,1,1.0
DP-034c6fc9b2b616bf,mobile,F3313 Build/37.0.A.2.108,,chrome generic for android,,5,4,4,0.25
DP-034c7e6de8c9f681,desktop,Trident/7.0,Windows 7,ie 11.0 for desktop,2559x1439,1,1,1,1.0
DP-03508abe753bf3a5,desktop,Linux x86_64,Linux,firefox 57.0,1920x1080,19,6,6,0.16666666666666666
DP-0353aca3d40aad7f,mobile,SAMSUNG,,samsung browser 5.2,,1,1,1,1.0
DP-03606f5f2e56d073,mobile,SM-J700T1 Build/NMF26X,Android 7.1.1,chrome 60.0 for android,1280x720,1,1,1,1.0
DP-036167a730ac1817,mobile,iOS Device,iOS 10.3.3,mobile safari generic,2208x1242,39,27,27,0.037037037037037035
DP-036240d88033b36e,mobile,SAMSUNG SM-G950U1 Build/NRD90M,Android 7.0,samsung browser 6.2,2220x1080,2,2,2,0.5
DP-036262cbfd0b04fd,desktop,Trident/7.0,Windows 8.1,ie 11.0 for desktop,,133,90,90,0.011111111111111112
DP-036330fceacc8db8,mobile,SM-J700F,,chrome generic for android,,2,2,2,0.5
DP-03635479a9f6e618,desktop,Windows,Windows 7,ie 11.0 for desktop,1366x768,20,13,13,0.07692307692307693
DP-037c94afdf1f5d60,desktop,Windows,Windows 7,ie 11.0 for desktop,1600x1200,1,1,1,1.0
DP-037d1dedc01337f5,mobile,SAMSUNG SM-G950U Build/NRD90M,Android 7.0,samsung browser 6.2,,7,6,6,0.16666666666666666
DP-037e57232d37be59,mobile,F3113 Build/33.2.A.4.70,,chrome 63.0 for android,,2,2,2,0.5
DP-037edf25e484519b,desktop,MacOS,Mac OS X 10_13_2,chrome 55.0,2880x1800,1,1,1,1.0
DP-037f3f8e99695280,mobile,SAMSUNG-SM-N920A Build/NRD90M,Android 7.0,chrome 65.0 for android,1921x1081,1,1,1,1.0
DP-038172f8200ef0e2,mobile,Moto Z2 Play Build/NPSS26.118-19-4,,chrome 65.0 for android,,4,1,1,1.0
DP-038c5fdbcc00ac85,desktop,Windows,Windows 8.1,firefox 59.0,1280x1024,3,2,2,0.5
DP-03974d31c8324105,mobile,Hisense F8 MINI Build/NRD90M,,chrome 66.0 for android,,3,3,3,0.3333333333333333
DP-039ec97375ae78a3,mobile,SM-G935P Build/NRD90M,Android 7.0,chrome generic for android,1920x1080,1,1,1,1.0
DP-03a9e8678bb8d071,desktop,ATT-IE11,Windows 7,ie 11.0 for desktop,1364x768,1,1,1,1.0
DP-03ac8cec0e5a5e33,desktop,Windows,Windows 8.1,chrome 63.0,1768x992,1,1,1,1.0
DP-03ae8ad54211f3e2,mobile,SAMSUNG SM-N950F Build/NMF26X,,samsung browser 6.4,,13,8,8,0.125
DP-03b09f28fb133329,desktop,Windows,Windows 10,firefox generic,1366x768,4,4,4,0.25
DP-03b2f0095e511338,desktop,Windows,Windows 10,chrome 63.0,2736x1824,53,37,37,0.02702702702702703
DP-03b81b93323e9f47,mobile,SAMSUNG SM-G950F Build/NRD90M,,samsung browser generic,,15,11,11,0.09090909090909091
DP-03bd0536ae00dc00,mobile,ZTE Blade A511 Build/MRA58K,,chrome 52.0 for android,,1,1,1,1.0
DP-03bdb4b5a8cf724b,desktop,Windows,Windows 7,opera 49.0,1920x1080,2,2,2,0.5
DP-03c5ff80a214c08d,desktop,rv:56.0,Windows 8.1,firefox 56.0,1600x900,1,1,1,1.0
DP-03c66c3295fb8d8c,mobile,SM-J110M Build/LMY48B,,chrome 64.0 for android,,1,1,1,1.0
DP-03cf45afcef8cd67,desktop,MacOS,Mac OS X 10_8_5,chrome 49.0,1440x900,16,15,15,0.06666666666666667
DP-03d1536afd7a2536,mobile,LG-D693n Build/LRX22G,,chrome 64.0 for android,,15,4,4,0.25
DP-03d908e7d3a2ddf9,desktop,MacOS,Mac OS X 10_7_5,safari generic,1680x1050,2,2,2,0.5
DP-03e58b5a5832ef8c,mobile,QMV7A,Android 4.4.2,chrome 60.0 for android,,1,1,1,1.0
DP-03e7a2e5be36e743,desktop,Trident/7.0,Windows 10,ie 11.0 for desktop,1919x1079,7,7,7,0.14285714285714285
DP-03eed5feb04e32bd,desktop,MacOS,Mac OS X 10_9_5,chrome 63.0,1920x1200,3,3,3,0.3333333333333333
DP-03f2efe8020fddfa,mobile,MYA-L13 Build/HUAWEIMYA-L13,,chrome 63.0 for android,,6,4,4,0.25
DP-03fb95c66bb4ddcc,mobile,LG-D693n Build/LRX22G,,chrome,,21,7,7,0.14285714285714285
DP-0406fbd49308db6b,mobile,Moto G (4) Build/NPJ25.93-14.7,,chrome generic,,170,35,35,0.02857142857142857
DP-04091e0ca5b1752d,mobile,G3123 Build/40.0.A.6.135,,chrome 62.0 for android,,1,1,1,1.0
DP-040ba7fd196c6671,mobile,SAMSUNG-SM-G935A Build/NRD90M,Android 7.0,chrome 65.0 for android,2560x1440,2,2,2,0.5
DP-040c1798c1f0da54,mobile,SM-G955U Build/NRD90M,Android 7.0,chrome 62.0 for android,2961x1442,1,1,1,1.0
DP-0413e0c099f10e78,mobile,LG-D213,,chrome 61.0 for android,,2,1,1,1.0
DP-0415ad1f697d290c,mobile,SAMSUNG,Android 5.1.1,chrome generic,960x540,1,1,1,1.0
DP-041888e95e6f3b03,mobile,D6603,,chrome 57.0 for android,,1,1,1,1.0
DP-04222993245968d4,desktop,Windows,Windows 10,firefox 59.0,3840x1600,1,1,1,1.0
DP-0427c3d3f9f054ec,mobile,Blade,,chrome 63.0 for android,,1,1,1,1.0
DP-042abe011640b4b0,mobile,HTC U11 Build/NMF26X,,chrome 65.0 for android,,2,1,1,1.0
DP-0431bc58ce393c1f,mobile,LG-K373,,chrome 65.0 for android,,1,1,1,1.0
DP-0438f6b094a47be4,mobile,SM-J110M Build/LMY48B,,chrome 65.0 for android,,1,1,1,1.0
DP-043b62e320a365b7,mobile,SAMSUNG SM-G935A Build/NRD90M,Android 7.0,samsung browser 6.4,1280x720,1,1,1,1.0
DP-0446c3fc4898aaa2,desktop,Windows,Windows 10,chrome 64.0,2736x1824,11,8,8,0.125
DP-0448e79134c29bd3,mobile,Blade V6 Max Build/MRA58K,,chrome 64.0 for android,,3,3,3,0.3333333333333333
DP-045c7f4606d51463,mobile,SM-A510M Build/LMY47X,,chrome 65.0 for android,,1,1,1,1.0
DP-0472a0a617f57b05,desktop,Windows,Windows 8.1,chrome 66.0,1600x900,17,7,7,0.14285714285714285
DP-04798ae10fe4d049,desktop,MacOS,Mac OS X 10_10_5,chrome 63.0,1920x1200,4,3,3,0.3333333333333333
DP-047e7d9412fe8799,desktop,Windows,Windows 10,edge 17.0,1920x1079,3,1,1,1.0
DP-0483f0f40a6cebb6,desktop,Windows,Windows 10,firefox 58.0,3840x2160,2,2,2,0.5
DP-049417b4f947f70d,desktop,Windows,Linux,chrome generic,1920x1080,1,1,1,1.0
DP-0494c28f95f8e8b7,mobile,SM-T330NU Build/LMY47X,,chrome 63.0 for android,,2,2,2,0.5
DP-0498838937085e12,mobile,STV100-4 Build/LMY47V,,chrome 64.0 for android,,6,1,1,1.0
DP-0498ba7cf77653f3,desktop,MacOS,Mac OS X 10_13_2,chrome 62.0,2560x1600,7,6,6,0.16666666666666666
DP-04a08c8a1fd8381f,mobile,Moto C Build/NRD90M.063,,android webview 4.0,,2,2,2,0.5
DP-04a2a092c817ba53,desktop,MacOS,Mac OS X 10_11_6,chrome 65.0,1440x900,14,12,12,0.08333333333333333
DP-04a34aac334ac313,desktop,MacOS,Mac OS X 10_13_3,chrome 66.0,1280x800,5,4,4,0.25
DP-04b700438df1b27a,mobile,SM-J700M Build/MMB29K,,chrome 60.0 for android,,3,3,3,0.3333333333333333
DP-04bb666961057117,mobile,SAMSUNG-SM-G925A Build/NRD90M,Android 7.0,chrome 63.0 for android,2562x1442,1,1,1,1.0
DP-04c59198ebc2fef0,desktop,Windows,Windows 10,edge 16.0,1920x1079,6,4,4,0.25
DP-04cc7b780fa779c1,mobile,SAMSUNG SM-J710MN Build/MMB29K,,samsung browser generic,,2,2,2,0.5
DP-04d05e8072f67fff,desktop,MacOS,Mac OS X 10_11_6,safari generic,1920x1200,53,36,36,0.027777777777777776
DP-04d3657c23d265e0,mobile,RCT6203W46 Build/KOT49H,Android 4.4.2,android browser 4.0,1024x552,4,1,1,1.0
DP-04d5b064ca678bc5,mobile,C6603,,chrome 65.0 for android,,1,1,1,1.0
DP-04ecee72dd2d1f66,mobile,Redmi Note 4 Build/NRD90M,,opera,,3,2,2,0.5
DP-04f4cfc85792f644,mobile,SM-J730GM Build/NRD90M,,chrome 64.0 for android,,36,12,12,0.08333333333333333
DP-04fc1d8f94f2e34b,mobile,XT1650 Build/NCLS26.118-23-13-6-5,Android 7.1.1,chrome generic for android,,1,1,1,1.0
DP-0504bb715db20c04,mobile,,Android,chrome generic,1280x720,42,14,14,0.07142857142857142
DP-05052836d69701f5,mobile,KIW-L24,,chrome 63.0 for android,,1,1,1,1.0
DP-050af3af0f927670,desktop,Windows,Windows 10,edge 16.0,2736x1823,1,1,1,1.0
DP-050d7d0cd3c2c427,desktop,Windows,Windows 10,chrome 66.0,2736x1824,13,9,9,0.1111111111111111
DP-0514f2c4363134de,desktop,MacOS,Mac OS X 10_13_4,chrome 66.0,3696x2310,1,1,1,1.0
DP-05194c50158ed02a,mobile,M4 SS4450 Build/MRA58K,,chrome 62.0 for android,,2,1,1,1.0
DP-052865c270f3e7a6,mobile,iOS Device,iOS 11.2.5,mobile safari generic,2208x1242,342,165,165,0.006060606060606061
DP-05323455e7ca933a,mobile,LG-SP200,Android 7.1.2,chrome generic for android,1280x720,1,1,1,1.0
DP-05331ab61395d768,desktop,MacOS,Mac OS X 10_10_5,chrome 62.0,1800x1125,1,1,1,1.0
DP-053836e4246b3d64,mobile,LG-M327 Build/NRD90U,Android 7.0,chrome 65.0 for android,1280x720,1,1,1,1.0
DP-053e9c2ce957593e,mobile,SM-T807V,Android 6.0.1,chrome 65.0 for android,2560x1600,1,1,1,1.0
DP-053ea83894433d32,mobile,SAMSUNG-SM-N920A Build/NRD90M,Android 7.0,chrome 66.0 for android,1921x1081,1,1,1,1.0
DP-054092089dd2dd41,mobile,Pixel Build/OPM1.171019.012,,chrome 64.0 for android,,1,1,1,1.0
DP-0545097b10f77949,mobile,SM-N950U1 Build/NMF26X,Android 7.1.1,chrome 65.0 for android,2220x1080,1,1,1,1.0
DP-054a3f2001854f2a,desktop,rv:59.0,Mac OS X 10.11,firefox 59.0,2560x1600,2,2,2,0.5
DP-0567e294087a2803,desktop,Windows,Windows 8.1,chrome 66.0,1368x768,5,4,4,0.25
DP-056828c396361c3d,mobile,iOS Device,iOS 10.0.2,mobile safari generic,2001x1125,1,1,1,1.0
DP-056ae71f4fe0cab8,desktop,MacOS,Mac,chrome 63.0,1280x800,11,8,8,0.125
DP-056f0744ecbd06b2,mobile,Pixel,Android 8.1.0,chrome 65.0 for android,2562x1442,1,1,1,1.0
DP-0570d0b8feb64aaa,mobile,BLADE V8 SE Build/NRD90M,,chrome 55.0 for android,,2,2,2,0.5
DP-057b23405e760c97,mobile,F8331 Build/41.2.A.7.76,,chrome 64.0 for android,,5,3,3,0.3333333333333333
DP-0584168831232a60,mobile,BLU ENERGY X PLUS Build/LRX21M,,chrome 64.0 for android,,1,1,1,1.0
DP-05870f363ea82031,desktop,Windows,Windows 10,chrome 62.0,1360x768,7,7,7,0.14285714285714285
DP-0596a2a28920a909,desktop,MacOS,Mac,chrome generic,2880x1800,3,1,1,1.0
DP-059c42f5584e9c22,desktop,Windows,Windows 7,chrome 60.0,1360x768,1,1,1,1.0
DP-059e80e26e3f6dd9,mobile,SM-G900FD,,chrome 63.0 for android,,1,1,1,1.0
DP-05a6df046b27bac0,desktop,MacOS,Mac OS X 10_12,safari generic,1440x900,11,10,10,0.1
DP-05aad7ce3d7952fb,mobile,ONE,,chrome 63.0 for android,,4,3,3,0.3333333333333333
DP-05ac9f03ce701df8,desktop,Windows,Windows 10,chrome 66.0,1512x945,1,1,1,1.0
DP-05b4b1b413f61697,mobile,SM-J327P Build/MMB29M,Android 6.0.1,chrome 62.0 for android,1280x720,2,2,2,0.5
DP-05b52377be583118,mobile,MotoG3-TE Build/MPDS24.65-33-1-3,,chrome 63.0 for android,,8,3,3,0.3333333333333333
DP-05bf820b7c41dc41,mobile,SM-G920V Build/MMB29K,Android 6.0.1,chrome generic for android,2560x1440,1,1,1,1.0
DP-05cbef99cd63599a,mobile,HUAWEI Y360-U23 Build/HUAWEIY360-U23,,chrome 62.0 for android,,3,2,2,0.5
DP-05ccee907afc4b68,desktop,Z813 Build/LMY47O,,chrome generic,,9,4,4,0.25
DP-05cf408cea818144,mobile,SM-J327T Build/NRD90M,Android 7.0,chrome 63.0 for android,1280x720,2,1,1,1.0
DP-05d38ade2e47768d,desktop,Trident/7.0,Windows 10,ie 11.0 for desktop,1920x1200,38,25,25,0.04
DP-05d40afc3941feb1,desktop,Windows,Windows 10,opera 52.0,3200x1800,1,1,1,1.0
DP-05d63d0d84d18952,desktop,Trident/7.0,Windows 7,ie 11.0 for desktop,1280x800,16,10,10,0.1
DP-05d7d03d75d8338d,mobile,Moto G (4) Build/NPJ25.93-14.7,,chrome 63.0 for android,,1,1,1,1.0
DP-05ec97f3bd8d717f,desktop,MacOS,Mac OS X 10_9_5,chrome 62.0,1280x800,12,10,10,0.1
DP-05f0c8d5b23382b2,mobile,LG-X165g Build/LRX21M,,chrome 43.0 for android,,2,2,2,0.5
DP-05f1dacae67c26a7,desktop,MacOS,Mac,chrome 58.0,2880x1800,1,1,1,1.0
DP-05f8b7fb874a0948,desktop,MacOS,Mac OS X 10_12_1,chrome 62.0,2560x1600,4,3,3,0.3333333333333333
DP-06048a5c16cef912,desktop,MacOS,Mac OS X 10_12_6,safari generic,2560x1600,184,104,104,0.009615384615384616
DP-0604a4208dc11289,mobile,EVA-L09 Build/HUAWEIEVA-L09,,chrome 65.0 for android,,5,4,4,0.25
DP-0604d4b2e66106af,mobile,ALE-L21 Build/HuaweiALE-L21,,chrome 65.0 for android,,13,3,3,0.3333333333333333
DP-06147b7929c2e4d8,desktop,MacOS,Mac OS X 10_11_6,chrome 62.0,1366x768,8,7,7,0.14285714285714285
DP-0614f2338d904d90,desktop,MacOS,Mac,chrome 65.0,1440x900,5,5,5,0.2
DP-06194e6e7aa720ba,mobile,F3113 Build/33.3.A.1.97,,chrome 62.0 for android,,7,5,5,0.2
DP-06273967e39f6d4b,mobile,SAMSUNG-SM-G930A Build/NRD90M,Android 7.0,android webview 4.0,1280x720,1,1,1,1.0
DP-063037c5dbad3660,mobile,iOS Device,iOS 11.2.6,chrome 64.0 for ios,2048x1536,4,3,3,0.3333333333333333
DP-0637dcd36d67ef50,mobile,iOS Device,iOS 11.3.1,mobile safari generic,2001x1125,2,2,2,0.5
DP-0638fa4eeaaa50e2,mobile,Y635-L03 Build/HuaweiY635-L03,,chrome 59.0 for android,,1,1,1,1.0
DP-0645ed490ea2d214,desktop,MacOS,Mac OS X 10_13_1,chrome 63.0,1920x1080,17,14,14,0.07142857142857142
DP-06555ced9416c1b4,desktop,Linux x86_64,Linux,firefox 58.0,1920x1080,1,1,1,1.0
DP-06565240d9d6d55c,mobile,SM-T350 Build/NMF26X,Android 7.1.1,chrome 66.0 for android,1024x768,3,2,2,0.5
DP-0662330dabe23570,mobile,MotoG3 Build/MPI24.65-33.1-2,,chrome 61.0 for android,,1,1,1,1.0
DP-06745a383fe848ea,desktop,Windows,Windows 10,edge 17.0,1680x1050,9,4,4,0.25
DP-067cc90f7b5b80d5,mobile,Pixel 2 XL Build/OPM2.171019.029,Android 8.1.0,chrome 65.0 for android,2880x1442,2,2,2,0.5
DP-0685e109148a09aa,desktop,Windows,Windows 10,chrome 63.0,1024x768,39,25,25,0.04
DP-068a625f69029670,desktop,Windows,Windows 7,chrome 60.0,1920x1200,3,3,3,0.3333333333333333
DP-068b83f417cf7a06,desktop,MacOS,Mac OS X 10_11_6,chrome,1280x800,1,1,1,1.0
DP-069080c25eab6348,mobile,Techpad,,chrome 64.0 for android,,1,1,1,1.0
DP-069704a47639f4c0,desktop,MacOS,Mac OS X 10_13_2,chrome 63.0,1280x800,42,37,37,0.02702702702702703
DP-069a053bb1bed570,mobile,HUAWEI CAN-L01 Build/HUAWEICAN-L01,,chrome 65.0 for android,,1,1,1,1.0
DP-069fc6b1f30b37a9,desktop,Trident/7.0,Windows 10,ie 11.0 for tablet,1680x1050,14,7,7,0.14285714285714285
DP-06a026c8f8d04c32,mobile,SAMSUNG,Android 7.0,samsung browser 6.2,2220x1080,1,1,1,1.0
DP-06a682122bb2f9a7,mobile,SAMSUNG,Android 6.0.1,samsung browser 6.4,2560x1440,1,1,1,1.0
DP-06b586604af20226,desktop,Trident/7.0,Windows 7,ie 11.0 for desktop,1920x1080,1220,543,543,0.001841620626151013
DP-06b881af6b354bbd,mobile,SAMSUNG SM-J730GM Build/NRD90M,,samsung browser generic,,1,1,1,1.0
DP-06bb56fff995d23f,mobile,XT1680,,chrome 63.0 for android,,1,1,1,1.0
DP-06bbd037e96c7c15,desktop,Windows,Windows 10,ie 11.0 for desktop,1920x1200,6,5,5,0.2
DP-06bf7dbe48fb9ed9,desktop,MacOS,Mac OS X 10_13_4,chrome 65.0,1680x1050,1,1,1,1.0
DP-06c3494acc614d58,mobile,LG-LS777 Build/NRD90U,Android 7.0,chrome 62.0 for android,1280x720,1,1,1,1.0
DP-06cace716cd17fe7,desktop,Trident/7.0,Windows 8.1,ie 11.0 for desktop,1365x768,2,2,2,0.5
DP-06cbd55313849248,desktop,MacOS,Mac OS X 10_12_3,chrome 58.0,1366x768,1,1,1,1.0
DP-06cd4a5f23ab0602,mobile,E2306 Build/26.3.A.1.33,,chrome 51.0 for android,,3,3,3,0.3333333333333333
DP-06d17de16095a7e1,desktop,Windows,Windows XP,chrome 49.0,1920x1200,1,1,1,1.0
DP-06d275aa8f0649ed,mobile,moto x4 Build/NPW26.83-18-2-0-4,,chrome 64.0 for android,,7,6,6,0.16666666666666666
DP-06dcc3425461640d,desktop,MacOS,Mac OS X 10_7_5,chrome 49.0,2560x1440,1,1,1,1.0
DP-06dd82f5f4144f37,desktop,Windows,Windows 7,chrome 64.0,1728x972,3,2,2,0.5
DP-06de71bd7b311166,mobile,F3111 Build/33.3.A.1.97,,chrome generic for android,,4,1,1,1.0
DP-06e21efe2bc21849,mobile,E5306,,chrome 65.0 for android,,1,1,1,1.0
DP-06e69b9f3ee23f92,mobile,iOS Device,iOS 11.3.0,mobile safari generic,2224x1668,10,9,9,0.1111111111111111
DP-06eb0efb8db8316a,desktop,Windows,Windows 10,edge 14.0,1280x600,3,1,1,1.0
DP-06f04512fee5ad73,desktop,MacOS,Mac OS X 10_11_6,chrome 62.0,2880x1800,19,18,18,0.05555555555555555
DP-06f4b4538357f19a,mobile,E2306 Build/26.1.A.3.111,,chrome 63.0 for android,,1,1,1,1.0
DP-06f5afe875c8f17a,desktop,Windows,Windows 8.1,firefox 57.0,1280x1024,2,2,2,0.5
DP-07153333edcb9215,mobile,HUAWEI CUN-L03 Build/HUAWEICUN-L03,,chrome 66.0 for android,,7,3,3,0.3333333333333333
DP-07154d15a8202838,desktop,Windows,Windows 10,firefox 59.0,3840x2160,3,3,3,0.3333333333333333
DP-071597f474188a56,mobile,TA-1028 Build/O00623,,chrome 66.0 for android,,4,3,3,0.3333333333333333
DP-071a434d4791bf16,desktop,Windows,Windows 7,firefox 60.0,2560x1440,1,1,1,1.0
DP-07239bb2cb282617,mobile,F5321,,chrome 62.0 for android,,1,1,1,1.0
DP-0725a37b388a532b,mobile,LG-M430 Build/NRD90U,Android 7.0,chrome 64.0 for android,1280x720,1,1,1,1.0
DP-072a9da7d1a5feec,mobile,HUAWEI TAG-L13 Build/HUAWEITAG-L13,,chrome 57.0 for android,,1,1,1,1.0
DP-072aadffcd5d7fcc,mobile,SAMSUNG-SGH-I497,,chrome 59.0 for android,,3,2,2,0.5
DP-07350c3a7fd9aa46,mobile,Build/OPR6.170623.013,Android 8.0.0,,1920x1080,1,1,1,1.0
DP-073c4937299bc9dd,desktop,Windows,Windows 10,chrome 63.0,2700x1800,2,1,1,1.0
DP-073c8ce43577d0d0,mobile,rv:53.0,,Generic/Android,,1,1,1,1.0
DP-0748ef905a922493,mobile,verykoolS5525,,android webview 4.0,,3,2,2,0.5
DP-074fe87c6983bf72,mobile,MotoG3 Build/MPIS24.65-25.1-19,Android 6.0,chrome 62.0 for android,1280x720,2,2,2,0.5
DP-07532c381169ae25,mobile,SM-G9600 Build/R16NW,,chrome generic for android,,3,3,3,0.3333333333333333
DP-0753bc3447ec53da,mobile,CHC-U03 Build/HuaweiCHC-U03,,chrome 62.0 for android,,6,4,4,0.25
DP-0764f89302d9ae00,mobile,SAMSUNG SM-G532M Build/MMB29T,,samsung browser 5.4,,5,3,3,0.3333333333333333
DP-076c0560d47f082b,desktop,MacOS,Mac OS X 10_12_6,chrome 62.0,1600x900,1,1,1,1.0
DP-077d776f66a6642e,mobile,KFDOWI Build/LVY48F,Android 5.1.1,chrome generic,1280x800,6,6,6,0.16666666666666666
DP-0781133613c78aed,mobile,S60 Build/MMB29M,,chrome 64.0 for android,,4,1,1,1.0
DP-07822c5a5a1477e3,desktop,Windows,Windows 7,firefox 59.0,1920x1080,56,34,34,0.029411764705882353
DP-078583995b668f99,desktop,MacOS,Mac OS X 10_13_4,chrome generic,3840x2400,3,1,1,1.0
DP-0787efd2b78f8ced,desktop,MacOS,Mac OS X 10_12_6,chrome generic,1440x900,2,2,2,0.5
DP-078beeb4d2930693,desktop,MacOS,Mac OS X 10_12_6,chrome 61.0,5120x2880,2,2,2,0.5
DP-078c070f5adeb13b,desktop,MacOS,Mac OS X 10_11_5,chrome 60.0,1280x800,1,1,1,1.0
DP-07939eb2dbf83a7d,mobile,SM-J200M Build/LMY47X,,chrome 55.0 for android,,1,1,1,1.0
DP-0795391cee1f2363,desktop,Windows,Windows Vista,chrome 49.0,1600x900,9,8,8,0.125
DP-07a16fbd9f9c2afc,mobile,iOS Device,iOS 10.3.2,mobile safari 10.0,1334x750,147,90,90,0.011111111111111112
DP-07a4cbc8d45a58be,desktop,Trident/7.0,Windows 7,ie 11.0 for desktop,1279x1024,9,6,6,0.16666666666666666
DP-07a94507ab2ff822,mobile,PLUS,,chrome 65.0 for android,,1,1,1,1.0
DP-07ad7f960c2a04a6,desktop,MacOS,Mac OS X 10_13_2,safari generic,1152x720,1,1,1,1.0
DP-07c59096f73e5885,mobile,SM-A510M Build/NRD90M,,chrome 63.0 for android,,28,13,13,0.07692307692307693
DP-07c5ffb0ec378241,desktop,rv:60.0,,firefox generic,,6,5,5,0.2
DP-07d1491e551083bf,desktop,Windows,Windows 8.1,chrome 62.0,1360x768,4,3,3,0.3333333333333333
DP-07d6007fdd0152a4,desktop,MacOS,Mac OS X 10_12_3,chrome 58.0,1440x900,2,2,2,0.5
DP-07d608f0633de6c3,desktop,rv:56.0,Mac OS X 10.12,firefox 56.0,1920x1080,3,3,3,0.3333333333333333
DP-07ebeee2dbbeab07,mobile,Alcatel_5044R Build/NRD90M,Android 7.0,android webview 4.0,855x480,1,1,1,1.0
DP-07f10b02a543ddff,mobile,WAS-LX3 Build/HUAWEIWAS-LX3,,chrome 64.0 for android,,22,13,13,0.07692307692307693
DP-07f9e09865c8c524,desktop,MacOS,Mac OS X 10_13_1,safari generic,3840x2400,1,1,1,1.0
DP-0802fa048004c4ae,mobile,F5321 Build/34.3.A.0.238,,chrome 64.0 for android,,1,1,1,1.0
DP-08152b9733c62e6e,mobile,SM-G950U1 Build/NRD90M,Android 7.0,chrome 62.0 for android,2220x1080,5,1,1,1.0
DP-0821e295c55a8e1e,desktop,rv:56.0,Windows 10,firefox,1366x768,7,3,3,0.3333333333333333
DP-0823e6b110eba576,mobile,SAMSUNG-SM-G891A Build/NRD90M,Android 7.0,chrome 63.0 for android,,2,2,2,0.5
DP-08250875ef3499fc,desktop,MacOS,Mac OS X 10_11_6,safari 9.0,1366x768,2,2,2,0.5
DP-082cf86c362c95b8,mobile,E5306 Build/27.3.A.0.165,,chrome 65.0 for android,,2,2,2,0.5
DP-082d7d905efdab37,mobile,Pixel,Android 8.1.0,chrome 66.0 for android,1921x1081,4,4,4,0.25
DP-08373b53f8eccf5c,mobile,SM-J700T Build/NMF26X,Android 7.1.1,chrome generic for android,1280x720,1,1,1,1.0
DP-08440bc350bf5f98,desktop,rv:52.0,Windows 10,firefox,2160x1440,1,1,1,1.0
DP-084f99f2b5397c7f,mobile,XT1580 Build/NPKS25.200-12-9,,chrome 62.0 for android,,1,1,1,1.0
DP-0850bd57d5034dd8,mobile,HTC One A9s Build/MRA58K,,chrome 66.0 for android,,9,3,3,0.3333333333333333
DP-08543266d716dc9f,mobile,BLADE L7 Build/MRA58K,,chrome 65.0 for android,,7,5,5,0.2
DP-0854590365841431,desktop,Windows,Windows 10,chrome 63.0,2112x1188,5,5,5,0.2
DP-0856c05e6db5b82c,mobile,G3313,,chrome 55.0 for android,,1,1,1,1.0
DP-085d6f303705826c,mobile,iOS Device,iOS 11.1.1,chrome 63.0 for ios,2048x1536,2,2,2,0.5
DP-085e3372acf5ef7c,desktop,Trident/7.0,Windows 10,ie 11.0 for desktop,2880x1800,1,1,1,1.0
DP-085f3d02961bb9de,mobile,iOS Device,iOS 10.3.1,chrome,2048x1536,1,1,1,1.0
DP-0860de9c62bc3ec5,desktop,MacOS,Mac OS X 10_12,safari 10.0,1366x768,1,1,1,1.0
DP-08655aedaddd669f,mobile,SAMSUNG SM-J510MN Build/MMB29M,,samsung browser 6.4,,2,2,2,0.5
DP-0865f575405aa794,mobile,SAMSUNG SM-G955U Build/NRD90M,Android 7.0,samsung browser 5.4,2220x1080,1,1,1,1.0
DP-0867b8e79101d0f3,desktop,MacOS,Mac OS X 10_12_6,chrome 62.0,1680x1050,5,4,4,0.25
DP-086bb0d9fd4c6940,desktop,MacOS,Mac OS X 10_13_2,safari generic,3440x1440,1,1,1,1.0
DP-086cfcff7f60bf27,mobile,SAMSUNG,Android 6.0.1,samsung browser 6.4,1280x800,1,1,1,1.0
DP-087023bd868aa58f,mobile,Redmi,,chrome 63.0 for android,,4,2,2,0.5
DP-0877cdfbe6c4827e,desktop,Windows,Windows 10,edge 16.0,1366x768,1249,208,208,0.004807692307692308
DP-087ab3b88165ba57,desktop,MacOS,Mac OS X 10_13_3,chrome 64.0,1800x1125,1,1,1,1.0
DP-087ff87f3c5da065,mobile,MacOS,Mac OS X 10_11_6,other,1152x720,1,1,1,1.0
DP-08828215c56397e7,mobile,Nexus 6P Build/OPR5.170623.011,Android 8.0.0,,,2,1,1,1.0
DP-08883d44af0c5c0a,mobile,TRT-LX3,,chrome 63.0 for android,,1,1,1,1.0
DP-08884661b3c15d19,desktop,Windows,Windows 7,chrome 65.0,1280x1025,6,5,5,0.2
DP-088a53dff241eb5e,mobile,LGLS775 Build/MMB29M,Android 6.0.1,chrome 62.0 for android,1280x720,2,1,1,1.0
DP-088aa5ae41390b0e,mobile,Android 4.4.2,,android,,1,1,1,1.0
DP-08924f65a0a94e65,desktop,MacOS,Mac OS X 10_9_5,chrome 61.0,2560x1440,1,1,1,1.0
DP-089320d8f0edc2fa,mobile,SM-G360V,Android,chrome 62.0 for android,801x480,1,1,1,1.0
DP-089b4b89155ce018,mobile,SM-J727V Build/NRD90M,Android 7.0,chrome 66.0 for android,1280x720,1,1,1,1.0
DP-08a5b51a078efce5,mobile,SM-G955U Build/R16NW,,chrome 65.0 for android,,9,7,7,0.14285714285714285
DP-08a6cc36acf08fde,desktop,rv:58.0,Mac OS X 10.10,firefox generic,1920x1080,1,1,1,1.0
DP-08aeb534dca643bf,mobile,ALP-L09 Build/HUAWEIALP-L09,,chrome 62.0 for android,,1,1,1,1.0
DP-08aedaa2989dbe33,desktop,rv:53.0,Windows 10,firefox,1280x768,1,1,1,1.0
DP-08afb32ccda1b603,desktop,MacOS,Mac OS X 10_6_8,safari,1920x1080,1,1,1,1.0
DP-08b5897f2b6d911c,mobile,rv:59.0,Android 7.0,Generic/Android 7.0,1280x720,1,1,1,1.0
DP-08b8257de6e31601,desktop,Trident/7.0,Windows 8.1,ie 11.0 for desktop,1919x1080,3,3,3,0.3333333333333333
DP-08ba9f8e7ac327ae,mobile,D5306 Build/19.4.A.0.182,,chrome 54.0 for android,,1,1,1,1.0
DP-08bc3a37b9724b46,desktop,rv:52.0,Mac OS X 10.11,firefox 52.0,5120x2880,1,1,1,1.0
DP-08c9f796dcb40881,mobile,GT-I9505 Build/LRX22C,,chrome 53.0 for android,,1,1,1,1.0
DP-08ce9321cfa1d1a2,mobile,ASUS_Z00AD Build/LRX21V,,chrome 63.0 for android,,2,2,2,0.5
DP-08d3ba6200bcb5a4,desktop,MacOS,Mac OS X 10_12_6,safari generic,1920x1080,178,111,111,0.009009009009009009
DP-08dae61b9fd71b58,mobile,Lenovo TB3-710I Build/LMY47I,,chrome 62.0 for android,,1,1,1,1.0
DP-08e1c562a629f4b2,desktop,MacOS,Mac OS X 10_13_4,safari 11.0,5120x2880,17,12,12,0.08333333333333333
DP-08e1df391c3d8068,desktop,Windows,Windows 7,chrome 62.0,1920x1200,34,22,22,0.045454545454545456
DP-08ee51d36bc8e74c,mobile,iOS Device,iOS 11.1.0,mobile safari generic,2208x1242,18,17,17,0.058823529411764705
DP-08f488954aafda63,desktop,Windows,,edge 14.0,,79,45,45,0.022222222222222223
DP-08fecfc03354b7e4,mobile,LG-SP320,Android 7.1.1,chrome 66.0 for android,1280x720,1,1,1,1.0
DP-090770c9e8192136,desktop,MacOS,Mac OS X 10_12_6,chrome 65.0,1920x1200,1,1,1,1.0
DP-090ddcd5e412784c,desktop,rv:52.0,Windows Vista,firefox 52.0,1280x1024,1,1,1,1.0
DP-090df64929e207c9,desktop,Windows,Windows 10,chrome 62.0,1920x1281,1,1,1,1.0
DP-0915072dd545edc1,desktop,MacOS,Mac OS X 10_11_6,chrome 59.0,1280x800,1,1,1,1.0
DP-09164a59130ad6f3,desktop,MacOS,Mac OS X 10_12_6,chrome 65.0,5120x2880,5,2,2,0.5
DP-09190e58a2e94d42,mobile,Z965 Build/NMF26V,Android 7.1.1,chrome 58.0 for android,1280x720,5,2,2,0.5
DP-092a78f360f8de4b,mobile,LG-D693n Build/LRX22G,,chrome 50.0 for android,,3,2,2,0.5
DP-092c2e04d5285e69,mobile,Studio,Android 6.0,chrome 64.0 for android,1280x720,1,1,1,1.0
DP-0936a724a4057eaf,mobile,A50C+,,chrome 63.0 for android,,1,1,1,1.0
DP-093b31e86075b62f,mobile,Moto G (5) Plus Build/NPNS25.137-15-11,,chrome generic,,59,24,24,0.041666666666666664
DP-093bae0eb618b879,desktop,MacOS,Mac OS X 10_12_6,chrome 60.0,1280x800,4,1,1,1.0
DP-0940940253b9b8c7,desktop,rv:57.0,Windows 10,firefox,2560x1440,1,1,1,1.0
DP-094686da04a35cca,mobile,Moto Z (2,,chrome generic,,32,12,12,0.08333333333333333
DP-0947a6c42414ae6d,desktop,rv:59.0,Mac OS X 10.12,firefox 59.0,2560x1600,1,1,1,1.0
DP-094a860ce4f860b4,mobile,SM-N920P Build/NRD90M,Android 7.0,chrome 62.0 for android,,2,2,2,0.5
DP-095a3a5011b93648,mobile,SLA-L03 Build/HUAWEISLA-L03,,chrome generic for android,,1,1,1,1.0
DP-095ec07dc330e356,mobile,iOS Device,iOS 11.2.2,mobile safari generic,1136x640,30,19,19,0.05263157894736842
DP-095f2fdefd0ce88c,mobile,SM-N920V Build/NRD90M,Android 7.0,chrome 60.0 for android,1920x1080,1,1,1,1.0
DP-095fa6d742c4b0a9,mobile,SAMSUNG SM-A730F Build/NMF26X,,samsung browser 6.4,,2,2,2,0.5
DP-095fef0e960917d0,mobile,SM-P550 Build/NMF26X,,chrome 63.0 for android,,1,1,1,1.0
DP-096af2e74b925909,desktop,Windows,Windows 10,chrome 62.0,1280x1025,3,3,3,0.3333333333333333
DP-09784aa87f5ae1b0,mobile,M4 SS4451 Build/LMY47D,,chrome 51.0 for android,,1,1,1,1.0
DP-097e18e2abf6009a,desktop,MacOS,Mac OS X 10_12_6,chrome 62.0,3200x2000,2,1,1,1.0
DP-098314e999226973,mobile,VerykoolS5030,,chrome 61.0 for android,,1,1,1,1.0
DP-0983f057b7eff659,desktop,Trident/7.0,Windows 7,ie 11.0 for desktop,1679x1049,1,1,1,1.0
DP-09a055c4f47611f2,mobile,SM-G930V Build/NRD90M,Android 7.0,chrome generic for android,2560x1440,1,1,1,1.0
DP-09a1e13dc41a8de2,mobile,HTC Desire 626s Build/LMY47O,,chrome 62.0 for android,,2,2,2,0.5
DP-09a50afac397ad86,mobile,Lenovo YT3-850M Build/MMB29M,,android webview 4.0,,4,2,2,0.5
DP-09aa6d192fe72d4e,mobile,AERIAL,,chrome 64.0 for android,,2,1,1,1.0
DP-09b529b4a19bbd52,mobile,LG-H820 Build/NRD90U,Android 7.0,chrome 62.0 for android,2560x1440,2,2,2,0.5
DP-09b83e5afa060a9e,mobile,Mi A1 Build/N2G47H,,chrome 64.0 for android,,1,1,1,1.0
DP-09bdc0a92d289747,mobile,LG-H542 Build/MRA58K,,chrome 62.0 for android,,3,2,2,0.5
DP-09cd772b850317d9,mobile,LGUS215 Build/NRD90U,Android 7.0,chrome 62.0 for android,1280x720,1,1,1,1.0
DP-09d251165948a320,desktop,MacOS,Mac OS X 10_12_3,chrome 63.0,1440x900,3,3,3,0.3333333333333333
DP-09d6577dc81bcc35,mobile,F3213 Build/36.1.A.1.86,,chrome 64.0 for android,,12,8,8,0.125
DP-09da210302c99329,mobile,iOS Device,iOS 11.2.0,mobile safari 11.0,1334x750,224,129,129,0.007751937984496124
DP-09dfd5f261640054,mobile,ONEPLUS A5000 Build/NMF26X,,chrome 62.0 for android,,5,2,2,0.5
DP-09e4c89a51fdca7a,desktop,Windows,Windows 10,chrome 62.0,3201x1800,2,2,2,0.5
DP-09e564eccf00b4c4,mobile,HUAWEI G7-L03 Build/HuaweiG7-L03,,chrome 54.0 for android,,1,1,1,1.0
DP-09ea4f39ddca2213,mobile,SAMSUNG SM-A320FL Build/NRD90M,,samsung browser generic,,8,4,4,0.25
DP-09fa4826d6219d7d,desktop,rv:55.0,Windows 10,firefox,1920x1080,1,1,1,1.0
DP-0a05d9e53ec98263,desktop,Windows,Windows 10,opera,1366x768,6,4,4,0.25
DP-0a0c6021d6f055d7,mobile,SAMSUNG SM-J250M Build/NMF26X,,samsung browser 6.4,,8,3,3,0.3333333333333333
DP-0a207f9337062954,mobile,SAMSUNG SM-A720F Build/NRD90M,,samsung browser generic,,1,1,1,1.0
DP-0a23420f0486a286,mobile,SM-N9005 Build/LRX21V,,chrome 61.0 for android,,1,1,1,1.0
DP-0a23fd0bb5c4a69f,mobile,MHA-L29 Build/HUAWEIMHA-L29,,chrome 64.0 for android,,2,2,2,0.5
DP-0a299d0f02625467,desktop,Windows,Windows 10,firefox 58.0,1280x1024,8,7,7,0.14285714285714285
DP-0a2d61c38f1cb4f8,mobile,LG-H840 Build/NRD90U,,chrome 62.0 for android,,9,6,6,0.16666666666666666
DP-0a34c3d2f9d18f5f,desktop,MacOS,Mac OS X 10_12_6,chrome 62.0,3360x2100,19,14,14,0.07142857142857142
DP-0a36fd8ab065eb48,mobile,SM-G9600 Build/R16NW,,chrome 63.0 for android,,12,5,5,0.2
DP-0a3a02f7aebddfd1,mobile,SAMSUNG,Android 7.0,samsung browser 6.2,,12,10,10,0.1
DP-0a3f1a1c1662015b,mobile,F8331 Build/41.2.A.7.76,,chrome 63.0 for android,,1,1,1,1.0
DP-0a43c1cf02812a92,desktop,MacOS,Mac OS X 10_9_5,opera 49.0,1280x800,1,1,1,1.0
DP-0a46f198ce65b783,mobile,SM-G930V Build/NRD90M,Android 7.0,chrome 63.0 for android,1920x1080,117,84,84,0.011904761904761904
DP-0a578457358edc38,mobile,verykools4009,,chrome 62.0 for android,,2,1,1,1.0
DP-0a6b7613970ba5c9,mobile,SM-T560 Build/KTU84P,,chrome 64.0 for android,,7,5,5,0.2
DP-0a738221372eea6e,mobile,SM-J700H Build/MMB29K,,chrome 63.0 for android,,10,2,2,0.5
DP-0a75f0aa6e7f2f27,mobile,SM-G965U Build/R16NW,Android 8.0.0,chrome 65.0 for android,2220x1081,3,3,3,0.3333333333333333
DP-0a798acdfe5f6bfa,desktop,MacOS,Mac OS X 10_11_4,chrome 63.0,1440x900,3,3,3,0.3333333333333333
DP-0a87c78a75aebbca,desktop,MacOS,Mac OS X 10_12_6,chrome 64.0,1920x1200,2,2,2,0.5
DP-0a8dad9d58569392,mobile,SAMSUNG SM-T710 Build/NRD90M,,samsung browser 6.2,,3,3,3,0.3333333333333333
DP-0aa2fde23f8db04a,mobile,5010G Build/MRA58K,,chrome 65.0 for android,,7,5,5,0.2
DP-0aa3f9487586a0d6,mobile,5056A Build/MMB29M,,chrome 52.0 for android,,3,1,1,1.0
DP-0aa5bd9ac32caf92,desktop,Windows,Windows 10,chrome generic,1600x900,21,11,11,0.09090909090909091
DP-0aa756eda1659bb7,mobile,SM-N950U Build/R16NW,Android 8.0.0,chrome 63.0 for android,2220x1081,1,1,1,1.0
DP-0aacd2e9768596a6,mobile,SM-G9650 Build/R16NW,,chrome generic for android,,8,6,6,0.16666666666666666
DP-0abf94fa31fbd323,desktop,MacOS,Mac OS X 10_12_5,chrome 65.0,2560x1600,1,1,1,1.0
DP-0ac4a869cfd9a78d,desktop,Windows,Windows 10,chrome 63.0,1280x1024,142,94,94,0.010638297872340425
DP-0ac640baa48f18a8,desktop,Windows,Windows 10,chrome 51.0,1366x768,8,3,3,0.3333333333333333
DP-0aca53ef7b5876e9,desktop,Windows,Windows XP,chrome 49.0,1152x864,4,4,4,0.25
DP-0acf274992403949,desktop,Windows,Windows 8.1,chrome 66.0,1680x1050,5,2,2,0.5
DP-0ad0d61ed3e2e1b7,desktop,rv:57.0,Mac OS X 10.13,firefox 57.0,1600x900,2,2,2,0.5
DP-0ad16ac6c6358619,mobile,CHC-U03 Build/HuaweiCHC-U03,,chrome 65.0 for android,,4,2,2,0.5
DP-0adb4d9336e4bc08,mobile,HTC Desire 626s Build/LMY47O,,chrome 64.0 for android,,4,4,4,0.25
DP-0ae1d4926ad2ed34,mobile,SCH-I435,Android 4.4.2,chrome 63.0 for android,960x540,1,1,1,1.0
DP-0ae1e9b4d2eed96a,mobile,SM-T530NU Build/LRX22G,Android 5.0.2,chrome 62.0 for android,1280x800,9,5,5,0.2
DP-0ae4314e5fb60f6b,mobile,E6603 Build/32.4.A.1.54,,chrome 66.0 for android,,1,1,1,1.0
DP-0af756620da19f43,mobile,XT1572 Build/NPHS25.200-15-8,,chrome generic for android,,4,2,2,0.5
DP-0af86c655857640b,desktop,rv:56.0,Windows 7,firefox 56.0,1366x768,11,4,4,0.25
DP-0af92eaa66772b0d,mobile,SAMSUNG SM-G925P Build/MMB29K,,samsung browser generic,,1,1,1,1.0
DP-0b09d3a2e9e2a744,desktop,MacOS,Mac OS X 10_12_6,chrome 63.0,2560x1600,48,38,38,0.02631578947368421
DP-0b0a5502321214c9,mobile,SM-G532M Build/MMB29T,,chrome 60.0 for android,,7,3,3,0.3333333333333333
DP-0b0c381b04f49e42,desktop,MacOS,Mac OS X 10_11_6,chrome 60.0,1440x900,6,5,5,0.2
DP-0b115a20173f9c9e,mobile,SM-T580 Build/NRD90M,,chrome 62.0 for android,,1,1,1,1.0
DP-0b12dddb1c62b81e,mobile,STF-L09 Build/HUAWEISTF-L09,,chrome 66.0 for android,,10,6,6,0.16666666666666666
DP-0b1353a0a05eb66f,desktop,MacOS,Mac OS X 10_13_2,chrome 63.0,1600x900,1,1,1,1.0
DP-0b15ad62c67d526c,mobile,SM-G955F Build/NRD90M,,chrome generic for android,,13,8,8,0.125
DP-0b1d35636d162fbd,mobile,iOS Device,iOS 11.1.0,mobile safari generic,1334x750,30,17,17,0.058823529411764705
DP-0b2482ac252d8ed5,desktop,Windows,Windows 10,opera generic,1600x900,1,1,1,1.0
DP-0b31afc17d9a5af6,mobile,SAMSUNG SM-G550T1 Build/MMB29K,Android 6.0.1,samsung browser 6.2,1280x720,6,5,5,0.2
DP-0b354a877a1da7cb,desktop,MacOS,Mac OS X 10_13_1,safari 11.0,2880x1800,2,2,2,0.5
DP-0b42a716cfd329b6,mobile,SM-G965U Build/R16NW,Android 8.0.0,chrome generic for android,2961x1442,1,1,1,1.0
DP-0b478abc6d60c571,desktop,MacOS,Mac OS X 10_11_6,chrome,2880x1800,1,1,1,1.0
DP-0b4d54092bd04d13,desktop,Windows,,firefox,,2,2,2,0.5
DP-0b51759f78bc269b,mobile,HTC Desire 530 Build/MMB29M,,chrome 66.0 for android,,6,4,4,0.25
DP-0b5cd2bab6365416,mobile,8050G Build/LMY47I,,chrome 64.0 for android,,1,1,1,1.0
DP-0b643c9b3310591c,mobile,SM-G925I Build/NRD90M,,chrome 62.0 for android,,4,2,2,0.5
DP-0b7f36a7b59b21e3,mobile,SAMSUNG SM-G900M Build/LRX21T,,samsung browser 6.4,,1,1,1,1.0
DP-0b821373fd76716f,mobile,SM-T230 Build/KOT49H,,chrome 62.0 for android,,2,2,2,0.5
DP-0b8521645628b5e9,mobile,Moto E (4) Plus Build/NMA26.42-142,,chrome 65.0 for android,,1,1,1,1.0
DP-0b8624d2d09a45c4,mobile,SM-G955U Build/NRD90M,Android 7.0,chrome 63.0 for android,,136,78,78,0.01282051282051282
DP-0b88b3c0770d0a3e,desktop,Windows,Windows 10,edge 16.0,2999x2000,1,1,1,1.0
DP-0b89202228a975e0,desktop,MacOS,Mac OS X 10_11_6,safari generic,2560x1440,71,47,47,0.02127659574468085
DP-0b8941f08462a85d,mobile,Redmi 4X Build/N2G47H,,chrome generic for android,,1,1,1,1.0
DP-0b905a477bccd210,desktop,KFGIWI Build/LVY48F,,chrome generic,,3,3,3,0.3333333333333333
DP-0b9743e2bd7e8854,mobile,Moto G Play Build/MPIS24.241-15.3-26,,chrome 63.0 for android,,18,13,13,0.07692307692307693
DP-0b9a14d79c017b54,desktop,rv:59.0,Mac OS X 10.11,firefox 59.0,1920x1200,1,1,1,1.0
DP-0ba9cdd50ebd7488,desktop,MacOS,Mac OS X 10_12_1,chrome 62.0,1920x1080,1,1,1,1.0
DP-0bab92c4546d5026,desktop,rv:56.0,Windows 10,firefox,1920x1080,2,2,2,0.5
DP-0bb92203cc5d411a,mobile,SM-N900V Build/LRX21V,Android 5.0,chrome 62.0 for android,1920x1080,1,1,1,1.0
DP-0bb9527cf5599552,mobile,SM-E500M,,chrome 64.0 for android,,1,1,1,1.0
DP-0bc47ddf7b6be0f8,mobile,PRA-LX3 Build/HUAWEIPRA-LX3,,chrome generic for android,,19,8,8,0.125
DP-0bd1bfeca57de8f5,desktop,MacOS,Mac OS X 10_13_2,chrome 63.0,1440x900,67,48,48,0.020833333333333332
DP-0bd9ef766cedff39,desktop,MacOS,Mac OS X 10_11_6,chrome 66.0,1440x900,11,9,9,0.1111111111111111
DP-0be043957f90f953,desktop,Windows,Windows 10,chrome 65.0,1600x1200,2,2,2,0.5
DP-0be3f66c9d34ca31,mobile,LG-D722,,chrome 61.0 for android,,1,1,1,1.0
DP-0bf37dbe80cdfe77,mobile,RCT6203W46 Build/KOT49H,Android 4.4.2,chrome 52.0 for android,1024x600,1,1,1,1.0
DP-0bf5ceb714765660,mobile,F3113 Build/33.3.A.1.97,,chrome 61.0 for android,,3,3,3,0.3333333333333333
DP-0c02f8f43a59fd16,desktop,MacOS,Mac OS X 10_10_5,chrome 64.0,2880x1800,5,5,5,0.2
DP-0c0926c95757e122,mobile,SM-G955U Build/NRD90M,Android 7.0,chrome 66.0 for android,2220x1081,3,3,3,0.3333333333333333
DP-0c0998a9852ecabc,mobile,SM-G955U Build/NRD90M,Android 7.0,chrome 64.0 for android,2220x1080,2,2,2,0.5
DP-0c158ec4a6cddaec,mobile,LG-P714,,chrome 61.0 for android,,1,1,1,1.0
DP-0c15d114abf4f1a7,mobile,SAMSUNG-SM-G891A Build/NRD90M,,chrome 66.0 for android,,1,1,1,1.0
DP-0c28089eb4c985f1,mobile,SM-J701M Build/NRD90M,,chrome generic for android,,9,7,7,0.14285714285714285
DP-0c28be3f70c09016,desktop,Windows,Windows 7,chrome 63.0,3440x1440,2,2,2,0.5
DP-0c297ed62d8edf81,mobile,SAMSUNG,Android 7.0,samsung browser 6.2,1280x720,4,4,4,0.25
DP-0c3a4bda846d7668,mobile,HTC,,chrome 61.0 for android,,1,1,1,1.0
DP-0c44160a82bc02ab,mobile,iOS Device,iOS 11.2.5,mobile safari 11.0,1334x750,19,16,16,0.0625
DP-0c49fa2cfd582570,desktop,MacOS,Mac OS X 10_12_5,chrome 63.0,1920x1080,1,1,1,1.0
DP-0c52c0860461485a,desktop,MacOS,Mac OS X 10_12_3,chrome generic,1680x1050,1,1,1,1.0
DP-0c53f18361af92d9,desktop,Windows,Windows 10,edge 16.0,1280x960,2,2,2,0.5
DP-0c57275465bb63ed,mobile,SM-J700T Build/MMB29K,,chrome 55.0 for android,,7,2,2,0.5
DP-0c6544cb409c0356,mobile,iOS Device,iOS 11.2.1,mobile safari generic,2048x1536,74,55,55,0.01818181818181818
DP-0c6974617c7255af,mobile,SM-G930V Build/NRD90M,Android 7.0,chrome 62.0 for android,,2,2,2,0.5
DP-0c7932df0129e839,desktop,Windows,,firefox 60.0,,64,39,39,0.02564102564102564
DP-0c88cbfdf3ea6ba4,mobile,8050G Build/LMY47I,,chrome 66.0 for android,,6,3,3,0.3333333333333333
DP-0c89a05c12390018,desktop,Windows,Windows 7,chrome 64.0,1280x768,1,1,1,1.0
DP-0c8f1bb72134652c,desktop,Linux x86_64,Linux,chrome,1920x1080,1,1,1,1.0
DP-0c901fee705580a4,desktop,MacOS,Mac OS X 10_10_5,chrome 61.0,1680x1050,1,1,1,1.0
DP-0ca3e168fe0fde70,mobile,VKY-L09 Build/HUAWEIVKY-L09,,chrome 66.0 for android,,6,3,3,0.3333333333333333
DP-0cbcc69a028ec06e,mobile,SM-G955U Build/NRD90M,,chrome 65.0 for android,,17,8,8,0.125
DP-0cc77127872896c5,mobile,Pixel,,chrome 66.0 for android,,4,4,4,0.25
DP-0cc78398f182a8bc,mobile,CAM-L03 Build/HUAWEICAM-L03,,chrome 62.0 for android,,12,9,9,0.1111111111111111
DP-0cd096b35130d2ab,mobile,SM-J700M Build/LMY48B,,chrome 60.0 for android,,4,2,2,0.5
DP-0cd14102ef7378d5,mobile,SAMSUNG-SM-G900A Build/LMY47X,Android 5.1.1,chrome generic,1920x1080,1,1,1,1.0
DP-0cd19ff0794a3cf8,mobile,SAMSUNG-SM-T377A Build/MMB29K,,chrome 63.0 for android,,4,1,1,1.0
DP-0cf9746111572060,desktop,MacOS,Mac OS X 10_11_4,chrome generic,1440x900,3,1,1,1.0
DP-0cf99414fa63f3d8,desktop,MacOS,Mac OS X 10_12_6,chrome 62.0,5120x2880,3,3,3,0.3333333333333333
DP-0cfe8ba8aa99b657,mobile,,Android,chrome 63.0,960x540,1,1,1,1.0
DP-0d0f76fe70e64703,desktop,,Linux,chrome 66.0,1280x720,2,2,2,0.5
DP-0d1b200ab6bac713,mobile,LG-K530 Build/MMB29M,,chrome 55.0 for android,,3,2,2,0.5
DP-0d20806e7072917d,mobile,TA-1039 Build/NMF26F,,chrome 65.0 for android,,2,2,2,0.5
DP-0d21638d388971b1,mobile,MotoE2 Build/LPCS23.13-56-5,,chrome 54.0 for android,,2,1,1,1.0
DP-0d264b83ff66143f,mobile,SM-J105B Build/LMY47V,,chrome 65.0 for android,,9,9,9,0.1111111111111111
DP-0d2c1a32867a9d2b,mobile,SM-G955U Build/NRD90M,Android 7.0,chrome 63.0 for android,2960x1440,3,3,3,0.3333333333333333
DP-0d2dc24d38ce0cb3,mobile,Moto X Play Build/NPD26.48-24-1,,chrome 57.0 for android,,8,4,4,0.25
DP-0d32830532ab8fae,mobile,HUAWEI Y560-L03 Build/HUAWEIY560-L03,,chrome 65.0 for android,,2,2,2,0.5
DP-0d39556b1b1fe68e,mobile,SM-G530T1,,chrome 66.0 for android,,1,1,1,1.0
DP-0d3a61d34ff7a16a,desktop,MacOS,Mac OS X 10_13_1,safari 11.0,1440x900,7,4,4,0.25
DP-0d3cbcb816630b76,mobile,LGLS676 Build/MXB48T,Android 6.0.1,chrome 63.0 for android,1280x720,7,3,3,0.3333333333333333
DP-0d4d44a21a142a7c,desktop,Windows,Windows 10,firefox 58.0,1600x900,20,13,13,0.07692307692307693
DP-0d592f19d757d14d,desktop,Windows,Windows 7,firefox 60.0,1600x1200,1,1,1,1.0
DP-0d5aabdd20d41315,mobile,LG-LS993 Build/NRD90U,,chrome 65.0 for android,,2,1,1,1.0
DP-0d647956fe1d9f51,mobile,ALE-L21 Build/HuaweiALE-L21,,chrome 62.0 for android,,1,1,1,1.0
DP-0d65c0e0ef376665,desktop,MacOS,Mac OS X 10_9_5,chrome 63.0,1920x1080,15,14,14,0.07142857142857142
DP-0d65d466cc109a68,mobile,SM-J710F Build/NRD90M,,chrome 65.0 for android,,1,1,1,1.0
DP-0d67d5c5dd23ea01,mobile,GT-I9505 Build/LRX22C,,chrome 58.0 for android,,1,1,1,1.0
DP-0d6d1163fe6d73d8,desktop,,,chrome 66.0,,663,171,171,0.005847953216374269
DP-0d737b7f34990938,mobile,SM-G930V Build/NRD90M,Android 7.0,chrome 65.0 for android,1280x720,1,1,1,1.0
DP-0d7bc26bd4705f3a,mobile,SAMSUNG-SM-G935A Build/NRD90M,Android 7.0,chrome 64.0 for android,1920x1080,3,2,2,0.5
DP-0d7ee6843f221e16,mobile,SAMSUNG-SM-N910A,Android 5.1.1,chrome generic,2560x1440,1,1,1,1.0
DP-0dab3cbccda9293a,mobile,SM-G935P Build/NRD90M,Android 7.0,chrome 66.0 for android,1920x1080,1,1,1,1.0
DP-0db5342a85ceeed8,mobile,,Android,chrome 56.0,1280x720,2,1,1,1.0
DP-0db909eba8ee5ecb,mobile,SAMSUNG-SM-G930A Build/NRD90M,,chrome 64.0 for android,,5,1,1,1.0
DP-0dbbdea8a6f8c2c8,desktop,rv:56.0,Windows 7,firefox 56.0,,1,1,1,1.0
DP-0dc07845fb9e8564,mobile,LG-K500 Build/MMB29M,,chrome 64.0 for android,,20,14,14,0.07142857142857142
DP-0dc0df3b5f5cbb66,mobile,SM-S820L,,chrome 62.0 for android,,1,1,1,1.0
DP-0de0591aada986fb,mobile,SM-T377T,Android 7.1.1,chrome 65.0 for android,1280x800,1,1,1,1.0
DP-0de590cee7f1c406,desktop,Trident/7.0,Windows 10,ie 11.0 for tablet,1360x768,2,2,2,0.5
DP-0de5d59b2277d1b1,mobile,SM-G925V Build/NRD90M,Android 7.0,chrome 62.0 for android,2560x1440,11,6,6,0.16666666666666666
DP-0ded86f4ea22a04a,mobile,SM-J727T1 Build/NRD90M,,chrome 64.0 for android,,5,1,1,1.0
DP-0dfc09b0b0e1f918,mobile,iOS Device,iOS 11.3.0,mobile safari generic,1136x640,52,43,43,0.023255813953488372
DP-0dfd75e9c97d17d6,mobile,SM-S902L,Android 4.4.2,chrome 63.0 for android,1920x1080,2,2,2,0.5
DP-0dfd92e5f4c89f02,mobile,EGO,,chrome 63.0 for android,,1,1,1,1.0
DP-0dfe1bbea6f3e6f0,mobile,SGH-I337M,,chrome 64.0 for android,,3,3,3,0.3333333333333333
DP-0e03e40c7f925c5a,desktop,rv:55.0,Mac OS X 10.12,firefox 55.0,1440x900,1,1,1,1.0
DP-0e0d9efce7d76890,desktop,MacOS,Mac OS X 10_9_5,chrome 61.0,1280x800,3,3,3,0.3333333333333333
DP-0e10b37003ad7e41,desktop,MacOS,Mac OS X 10_11_6,chrome 64.0,1366x768,1,1,1,1.0
DP-0e162db28f351d02,mobile,2PZC5,Android 7.1.1,chrome 63.0 for android,,1,1,1,1.0
DP-0e19c5cc0a3024f6,desktop,MacOS,Mac,safari generic,1920x1080,11,9,9,0.1111111111111111
DP-0e2bc86d5135eaa4,mobile,SM-J700H Build/MMB29K,,chrome 65.0 for android,,1,1,1,1.0
DP-0e30958f3ebddf5e,mobile,SM-J510MN Build/MMB29M,,chrome 65.0 for android,,25,10,10,0.1
DP-0e34b9fd673f62c9,desktop,Windows,Windows 7,chrome 66.0,2112x1188,2,2,2,0.5
DP-0e3675722ca66db2,mobile,LG-D331 Build/LRX22G,,chrome 58.0 for android,,1,1,1,1.0
DP-0e416fb63384df1d,desktop,rv:43.0,,firefox,,7,4,4,0.25
DP-0e46dbed89309054,desktop,MacOS,Mac OS X 10_13_4,chrome 66.0,1440x900,36,24,24,0.041666666666666664
DP-0e4ffd5b5ba2cc44,mobile,Y635-L03 Build/HuaweiY635-L03,,chrome 56.0 for android,,1,1,1,1.0
DP-0e51a966bdcd102e,desktop,Windows,Windows 10,edge,1366x768,9,6,6,0.16666666666666666
DP-0e666ecfab3026a9,mobile,HUAWEI VNS-L53 Build/HUAWEIVNS-L53,,chrome 61.0 for android,,1,1,1,1.0
DP-0e737d1e0ee78a6f,desktop,MacOS,Mac,chrome 61.0,2880x1800,1,1,1,1.0
DP-0e7954c85e8f2539,mobile,Ilium LT510 Build/MRA58K,,chrome 61.0 for android,,3,2,2,0.5
DP-0e7c488bb0740e68,mobile,SM-J700M Build/LMY48B,,chrome 62.0 for android,,4,2,2,0.5
DP-0e9179bf4add07f9,mobile,SM-G531F,,chrome 50.0 for android,,1,1,1,1.0
DP-0e988d5db0fe9b90,mobile,E6683,,chrome 65.0 for android,,1,1,1,1.0
DP-0ea1ee412a6ba67f,mobile,Moto E (4) Plus Build/NMA26.42-152,,chrome 65.0 for android,,1,1,1,1.0
DP-0eac01238258f56d,desktop,Windows,Windows XP,firefox 52.0,1152x720,1,1,1,1.0
DP-0eace7f89332fa20,mobile,SM-T700 Build/MMB29K,,chrome 64.0 for android,,4,3,3,0.3333333333333333
DP-0eb65733badd5d83,desktop,MacOS,Mac OS X 10_9_5,chrome 63.0,2560x1440,4,3,3,0.3333333333333333
DP-0ebfb23c2df11a58,mobile,iOS Device,iOS 11.3.0,mobile safari 11.0,1136x640,85,50,50,0.02
DP-0ec13969fd256df3,mobile,SM-G900T1,,chrome 63.0 for android,,2,2,2,0.5
DP-0ec332456cb70a62,mobile,BLADE V8 Build/NRD90M,,chrome 63.0 for android,,5,5,5,0.2
DP-0eccefd1d9970b4e,desktop,MacOS,Mac OS X 10_11_6,chrome 63.0,2560x1080,2,1,1,1.0
DP-0ed7f065d49c3672,mobile,iris 870 Build/MRA58K,,chrome 64.0 for android,,1,1,1,1.0
DP-0ed8ef02cefda2c4,desktop,Windows,Windows 10,chrome 63.0,3520x1980,1,1,1,1.0
DP-0eda11abac2ebd4e,mobile,Ilium X210 Build/LMY47I,,chrome 63.0 for android,,3,1,1,1.0
DP-0eddd3c688aa9b51,desktop,MacOS,Mac OS X 10_13_2,chrome 66.0,1920x1080,2,2,2,0.5
DP-0eddd624c95f8e7a,desktop,Windows,Windows 10,chrome generic,1366x768,94,58,58,0.017241379310344827
DP-0eddde09cb5c8db8,desktop,MacOS,Mac OS X 10_13_2,safari generic,2560x1080,1,1,1,1.0
DP-0ee024828b5c7d1e,desktop,MacOS,Mac OS X 10_13_1,chrome 63.0,3440x1440,1,1,1,1.0
DP-0ee458f49e8f55f4,desktop,Windows,Windows Vista,firefox 52.0,1440x900,3,3,3,0.3333333333333333
DP-0ee4c2dbf750eb75,mobile,MotoG3 Build/MPI24.65-25.1,,chrome 63.0 for android,,3,1,1,1.0
DP-0ef7eb1c404c38b7,desktop,Trident/7.0,Windows 7,ie 11.0 for desktop,1364x768,1,1,1,1.0
DP-0efb00f815471815,mobile,LG-H631,,chrome 64.0 for android,,3,1,1,1.0
DP-0f3097ba0193a416,desktop,MacOS,Mac OS X 10_10_5,chrome 60.0,2880x1800,2,2,2,0.5
DP-0f3625a53c76969d,mobile,SM-J327T1 Build/NRD90M,Android 7.0,chrome 63.0 for android,1280x720,2,2,2,0.5
DP-0f3b1e7cf826ef4c,mobile,SM-J530F Build/NRD90M,,chrome 63.0 for android,,7,4,4,0.25
DP-0f4118094c0b7b78,mobile,SGH-M919V,,chrome 64.0 for android,,2,2,2,0.5
DP-0f412c1627e31944,mobile,Z956 Build/MMB29M,Android 6.0.1,chrome 63.0 for android,1280x720,1,1,1,1.0
DP-0f41ca1fe904746a,desktop,rv:59.0,Mac OS X 10.13,firefox 59.0,1024x768,1,1,1,1.0
DP-0f422c4cfd45f461,desktop,rv:55.0,Mac OS X 10.10,firefox 55.0,2560x1440,1,1,1,1.0
DP-0f483213d7f1862b,mobile,SM-J500M Build/LMY48B,,chrome 56.0 for android,,2,1,1,1.0
DP-0f48d43b424bd98e,mobile,LG-K430 Build/MRA58K,,chrome generic for android,,3,3,3,0.3333333333333333
DP-0f50fa61e874e42a,desktop,Trident/7.0,Windows 7,ie 11.0 for desktop,1440x900,159,105,105,0.009523809523809525
DP-0f54ad534f4248b4,desktop,MacOS,Mac OS X 10_10_5,chrome generic,1280x800,3,2,2,0.5
DP-0f59161e6afc4bdc,desktop,Windows,Windows 10,chrome 62.0,1600x900,209,135,135,0.007407407407407408
DP-0f62bc6e9a57d38e,desktop,Windows,Windows 10,chrome 64.0,3000x2000,5,5,5,0.2
DP-0f74d3fbe5e78533,mobile,SAMSUNG SM-J710MN Build/NRD90M,Android 7.0,samsung browser 6.2,,3,1,1,1.0
DP-0f75b2dd5eb99b71,mobile,G3123 Build/40.0.A.6.189,,chrome 65.0 for android,,1,1,1,1.0
DP-0f797a30149d440c,mobile,LG-M153 Build/MXB48T,,chrome 64.0 for android,,1,1,1,1.0
DP-0f7f0cd0cbec64f8,desktop,MacOS,Mac OS X 10_10_5,chrome generic,2560x1600,1,1,1,1.0
DP-0f7f49bb6f2b1947,mobile,XT1021 Build/LPCS23.13-34.8-3,,chrome 63.0 for android,,1,1,1,1.0
DP-0f88e7a1177e1dfa,desktop,MacOS,Mac,chrome 65.0,1280x800,7,6,6,0.16666666666666666
DP-0f9870f02226bf84,desktop,MacOS,Mac OS X 10_10_5,chrome 61.0,2560x1440,2,2,2,0.5
DP-0f9cf2ca12e3cc48,desktop,rv:47.0,Windows XP,firefox 47.0,1600x900,1,1,1,1.0
DP-0fa4dfd2f42c76e0,desktop,MacOS,Mac OS X 10_12_5,chrome 63.0,1280x800,7,7,7,0.14285714285714285
DP-0fa62250a1f4b2ad,mobile,GT-I9506,,chrome 66.0 for android,,3,1,1,1.0
DP-0fa7ce82c414891f,mobile,LG-D693n Build/LRX22G,,chrome 66.0 for android,,3,1,1,1.0
DP-0fad9aeee5eadfda,mobile,SM-G800F Build/MMB29K,,chrome 52.0 for android,,1,1,1,1.0
DP-0fb86f30145346ad,mobile,SAMSUNG SM-G532M Build/MMB29T,,samsung browser 4.2,,12,7,7,0.14285714285714285
DP-0fbcd1aac53c3004,mobile,LG-K500 Build/MMB29M,,chrome 66.0 for android,,7,4,4,0.25
DP-0fc3c4816d78ada8,desktop,MacOS,Mac OS X 10_12_2,safari generic,2880x1800,1,1,1,1.0
DP-0fcaf7195fe353e1,mobile,Hisense F102 Build/NRD90M,,chrome 65.0 for android,,1,1,1,1.0
DP-0fd01e537ef41b34,mobile,F5121 Build/34.4.A.2.19,,chrome 66.0 for android,,6,4,4,0.25
DP-0fd28f63da90873c,desktop,MacOS,Mac OS X 10_7_5,safari generic,1920x1080,10,7,7,0.14285714285714285
DP-0fd5f480b00217f0,desktop,Windows,Windows 8.1,chrome 62.0,2560x1440,2,2,2,0.5
DP-0fe1530db1082f39,mobile,M4 SS4453 Build/MMB29M,,chrome 57.0 for android,,1,1,1,1.0
DP-0fe4f20e1f9c2c63,mobile,Hisense F20 Build/MMB29M,,chrome 66.0 for android,,1,1,1,1.0
DP-0fedb0ae7d0180a8,mobile,BLADE V8 Build/NRD90M,,chrome 58.0 for android,,1,1,1,1.0
DP-0feddf69a14d947c,mobile,XT1032,,chrome 63.0 for android,,3,3,3,0.3333333333333333
DP-100872cc76cb86b7,desktop,Windows,Windows 10,edge 16.0,3841x2161,1,1,1,1.0
DP-10136ba7de21ca94,mobile,SM-J320H,,chrome 62.0 for android,,1,1,1,1.0
DP-101d9d81e7b5bde9,mobile,6037B,,chrome 66.0 for android,,1,1,1,1.0
DP-102571968b7aaab2,mobile,TA-1027 Build/OPR1.170623.026,,chrome 66.0 for android,,1,1,1,1.0
DP-1031379c8edddbfe,desktop,MacOS,Mac OS X 10_10_5,chrome 63.0,3440x1440,1,1,1,1.0
DP-1042c8a362bd4eb6,desktop,Windows,Windows 7,chrome 64.0,1920x1080,267,150,150,0.006666666666666667
DP-1044fa3eb06a05eb,desktop,,Linux,chrome generic,1280x800,1,1,1,1.0
DP-1049d109a9997934,mobile,M4 SS4456 Build/LMY47V,,chrome 62.0 for android,,5,4,4,0.25
DP-10568f8dd9ee740b,mobile,SM-G935T Build/NRD90M,Android 7.0,chrome 62.0 for android,2560x1440,3,2,2,0.5
DP-1059f6435120743d,mobile,MotoG3-TE Build/MPDS24.65-33-1-30,,chrome 63.0 for android,,3,2,2,0.5
DP-105b49a65f0382bf,desktop,MacOS,Mac,chrome 62.0,3360x2100,2,1,1,1.0
DP-1061519ca00dc46a,mobile,LG-X230 Build/MRA58K,,chrome 59.0 for android,,1,1,1,1.0
DP-1071c5cb216b739e,mobile,BLU ENERGY X PLUS Build/LRX21M,,chrome 66.0 for android,,1,1,1,1.0
DP-107f2179128b30e7,mobile,HTC Desire 510 Build/KOT49H,,chrome 62.0 for android,,2,2,2,0.5
DP-1084969b4879a6f2,mobile,Redmi 4A Build/MMB29M,,chrome 65.0 for android,,1,1,1,1.0
DP-1085c2ee5658db0d,mobile,SM-T330NU Build/LMY47X,Android 5.1.1,chrome 61.0 for android,,1,1,1,1.0
DP-108a6bcad638494a,mobile,SM-P550 Build/MMB29M,,chrome 63.0 for android,,2,2,2,0.5
DP-10951d8253c7c9fd,desktop,MacOS,Mac OS X 10_9_5,chrome 64.0,1440x900,3,3,3,0.3333333333333333
DP-10b80ad3a824d8e2,mobile,SM-J120H Build/LMY47V,,chrome 64.0 for android,,6,4,4,0.25
DP-10bdd2793e6df518,mobile,TA-1028 Build/NMF26O,,chrome generic for android,,1,1,1,1.0
DP-10c550a7cd22f79d,mobile,SM-G730W8 Build/KOT49H,,chrome 66.0 for android,,2,1,1,1.0
DP-10c5890086b03775,desktop,MacOS,Mac OS X 10_12_3,chrome 63.0,1366x768,1,1,1,1.0
DP-10c7b27d938d3714,mobile,rv:58.0,Android 7.0,Generic/Android 7.0,,1,1,1,1.0
DP-10ca6e600ae10fe8,mobile,LG-H918 Build/NRD90M,Android 7.0,chrome 65.0 for android,,1,1,1,1.0
DP-10d5a45323d8571d,desktop,Trident/7.0,,ie 11.0 for tablet,,104,46,46,0.021739130434782608
DP-10dda3b21cac9137,desktop,Windows,Windows 10,chrome 66.0,2880x1800,2,1,1,1.0
DP-10e468f2ef275d3f,desktop,Windows,Windows 8.1,chrome 58.0,2880x1620,1,1,1,1.0
DP-10e4c598f608198d,desktop,Windows,Windows 10,ie 11.0 for desktop,1366x768,1,1,1,1.0
DP-10ea3290219d2b41,mobile,iOS Device,iOS 11.3.1,google search application 49.0,2436x1125,4,3,3,0.3333333333333333
DP-10ec1e22a0ab82db,mobile,iOS Device,iOS 11.3.0,chrome 66.0 for ios,1334x750,2,1,1,1.0
DP-10f2a922f8dba0a8,mobile,Ilium X520 Build/NRD90M,,chrome 62.0 for android,,2,2,2,0.5
DP-10fa0bb8b9f5c303,mobile,SM-G900M Build/LRX21T,,chrome 61.0 for android,,3,2,2,0.5
DP-10fbc7f4a4f4fa9b,mobile,LG-H500 Build/LRX21Y,,chrome 63.0 for android,,6,5,5,0.2
DP-1102cd477261ec4f,mobile,LG-K430 Build/MRA58K,,chrome 64.0 for android,,7,4,4,0.25
DP-1108acb7ea5870f1,mobile,TA-1025 Build/OPR1.170623.026,Android 8.1.0,chrome 66.0 for android,1920x1080,1,1,1,1.0
DP-110e26839d107f59,mobile,iOS Device,iOS 11.2.2,mobile safari generic,2048x1536,61,35,35,0.02857142857142857
DP-1113038b2b61709b,mobile,Moto G (4) Build/NPJ25.93-14,,chrome generic,,5,5,5,0.2
DP-111452aaa798b3b2,desktop,Windows,Windows 7,chrome 57.0,1920x1200,2,2,2,0.5
DP-111598663133611d,mobile,5011A Build/NRD90M,,chrome 56.0 for android,,3,3,3,0.3333333333333333
DP-111e0a5ae898e67e,desktop,,Linux,chrome 64.0,2560x1440,8,4,4,0.25
DP-112e714a60d57764,mobile,SM-G950F Build/NRD90M,,chrome 66.0 for android,,14,7,7,0.14285714285714285
DP-113374a7bfd3debf,desktop,Windows,Windows 10,edge 15.0,1400x1050,1,1,1,1.0
DP-113df78eb956cf90,mobile,KFFOWI Build/LVY48F,Android 5.1.1,chrome generic,1024x600,63,18,18,0.05555555555555555
DP-11402fc0fdaefbe9,mobile,LGLS751,Android 5.1.1,chrome 60.0 for android,1280x720,1,1,1,1.0
DP-114af52216d09d6c,mobile,M4 SS4453 Build/MMB29M,,chrome 65.0 for android,,9,5,5,0.2
DP-114c41477633b71e,mobile,LG-X210 Build/LMY47I,,chrome 60.0 for android,,1,1,1,1.0
DP-115a6f5bef7044fe,mobile,GT-I9060M Build/KTU84P,,chrome 65.0 for android,,13,10,10,0.1
DP-11619fa712de13cc,desktop,Windows,Windows 7,chrome 66.0,1024x768,11,8,8,0.125
DP-11641ba9cee57a4c,mobile,iOS Device,iOS 11.3.0,google search application 48.0,1136x640,1,1,1,1.0
DP-116e0fea067c8b66,mobile,SM-T700 Build/MMB29K,Android 6.0.1,chrome 52.0 for android,2560x1600,1,1,1,1.0
DP-117ac21828e05724,desktop,Windows,Windows 10,chrome 64.0,2560x1080,6,5,5,0.2
DP-117e0ec13c075458,desktop,Trident/7.0,Windows 7,ie 11.0 for desktop,1600x900,353,183,183,0.00546448087431694
DP-1193117d5bfba381,mobile,iOS Device,iOS 11.0.1,mobile safari 11.0,2001x1125,8,4,4,0.25
DP-11937e2e29e71600,desktop,Windows,Windows 10,ie 11.0 for desktop,1360x768,1,1,1,1.0
DP-11a89f010407e3fe,mobile,SM-G386W,,chrome 64.0 for android,,1,1,1,1.0
DP-11acc7ffbca401b2,mobile,G3313 Build/43.0.A.5.79,,chrome 63.0 for android,,15,7,7,0.14285714285714285
DP-11adcbd8be5d8f2e,desktop,Windows,Windows 7,firefox 56.0,1280x800,1,1,1,1.0
DP-11b149b255819565,mobile,LGUS990,Android 4.4.2,chrome 63.0 for android,2560x1440,1,1,1,1.0
DP-11b68d8b281a057e,mobile,iOS Device,iOS 11.0.3,mobile safari generic,2224x1668,1,1,1,1.0
DP-11b81563a12ff99b,desktop,MacOS,Mac,chrome 65.0,2560x1600,3,2,2,0.5
DP-11c0119b9b5f5f0b,mobile,LG-D373 Build/KOT49I.V10a,,chrome 62.0 for android,,1,1,1,1.0
DP-11c46cc795693e7c,desktop,MacOS,Mac OS X 10_11_6,safari generic,2880x1800,88,67,67,0.014925373134328358
DP-11ce2af04bcc8ec5,mobile,O1,,android browser 4.0,,1,1,1,1.0
DP-11d9be4addb62bfc,desktop,MacOS,Mac OS X 10_11_6,chrome 64.0,4096x2304,3,1,1,1.0
DP-11e2f6f458f99ab2,desktop,,Linux,chrome 61.0,1366x768,11,11,11,0.09090909090909091
DP-11e72f6a3ec3cd2e,mobile,iOS Device,iOS 10.2.1,mobile safari 10.0,2001x1125,8,8,8,0.125
DP-11eb280fdce40be2,mobile,SM-G388F,,chrome 64.0 for android,,3,1,1,1.0
DP-11ec5c884b4e6a30,mobile,SM-T550,Android 5.0.2,chrome 53.0 for android,1024x768,1,1,1,1.0
DP-11eda5619fd30581,mobile,Energy X 2 Build/E050L,,chrome 50.0 for android,,1,1,1,1.0
DP-11f5af6ec6981057,mobile,Pixel Build/OPM2.171019.029,Android 8.1.0,chrome generic for android,1921x1081,1,1,1,1.0
DP-11f900b4f930274c,desktop,Windows,Windows 10,ie 11.0 for desktop,,8,8,8,0.125
DP-11fe35c394a23b3a,mobile,SAMSUNG-SM-T377A Build/MMB29K,,chrome 65.0 for android,,1,1,1,1.0
DP-121179479cfdd987,mobile,LG-H320 Build/LRX21Y,,chrome 66.0 for android,,3,3,3,0.3333333333333333
DP-121c0a94870b1dfc,mobile,Infinit,,chrome 63.0 for android,,1,1,1,1.0
DP-1226847c9cd66ef3,desktop,Trident/7.0,Windows 7,ie 11.0 for desktop,1599x900,7,7,7,0.14285714285714285
DP-1232b57bffc263df,mobile,LG-H812,,chrome 65.0 for android,,1,1,1,1.0
DP-12356b47c7180ff9,desktop,MacOS,Mac OS X 10_12_3,chrome 63.0,5120x2880,6,2,2,0.5
DP-1236ae9ef87941ce,desktop,MacOS,Mac OS X 10_13_3,chrome 63.0,6016x3384,1,1,1,1.0
DP-123951c60982d5ef,mobile,SM-J327T1 Build/NRD90M,,chrome 65.0 for android,,5,3,3,0.3333333333333333
DP-1249289730578945,desktop,Linux x86_64,,firefox 57.0,,9,5,5,0.2
DP-124c9b1f8710c8dc,mobile,HUAWEI,,chrome 66.0 for android,,5,5,5,0.2
DP-12513b43a8e14b6f,mobile,iOS Device,iOS 11.1.2,mobile safari 11.0,2224x1668,44,27,27,0.037037037037037035
DP-12644265ae125ba5,mobile,E2306 Build/26.1.A.3.111,,chrome 64.0 for android,,10,2,2,0.5
DP-1267839dd56ae09c,mobile,Moto G (5) Build/NPP25.137-93,,chrome 63.0 for android,,1,1,1,1.0
DP-126daaf06d5a4a19,mobile,SM-J320FN Build/LMY47V,,chrome 61.0 for android,,4,3,3,0.3333333333333333
DP-126daefcac96d5c0,mobile,Redmi 3S Build/MMB29M,,chrome 65.0 for android,,1,1,1,1.0
DP-128fb880104fb411,desktop,Windows,Windows 10,chrome 63.0,1280x800,27,21,21,0.047619047619047616
DP-1293ac64543882e8,mobile,LDN-LX3 Build/HUAWEILDN-LX3,,chrome 66.0 for android,,1,1,1,1.0
DP-12994780d7775842,mobile,iOS Device,iOS,mobile safari 9.0,2732x2048,2,2,2,0.5
DP-12a4d8eafdcb6371,mobile,E6810 Build/5.320VZ.03.r,Android 7.1.2,chrome 63.0 for android,1920x1080,2,2,2,0.5
DP-12a68be70c6df0a8,desktop,Windows,Windows 10,chrome 64.0,1440x900,23,16,16,0.0625
DP-12b6a9de0c766aa5,desktop,Trident/7.0,Windows 7,ie 11.0 for desktop,1600x899,8,7,7,0.14285714285714285
DP-12b9d18a99962ca4,mobile,SM-J320VPP,Android 6.0.1,chrome 61.0 for android,1280x720,1,1,1,1.0
DP-12bbb7d2c0edf9a3,mobile,SAMSUNG SM-G960U Build/R16NW,,samsung browser 7.0,,1,1,1,1.0
DP-12be08256acaeb48,desktop,rv:50.0,Mac OS X 10.10,firefox,2560x1600,1,1,1,1.0
DP-12c0b9e6d3d33de9,mobile,8050G Build/LMY47I,,chrome 59.0 for android,,3,1,1,1.0
DP-12c3047510eade03,desktop,MacOS,Mac OS X 10_12_5,chrome 61.0,2560x1600,2,2,2,0.5
DP-12edfb85c5f3fe2a,desktop,Windows,Windows 7,chrome 60.0,1680x1050,11,6,6,0.16666666666666666
DP-12ee0ef54776bee6,mobile,KFSAWI,Android 5.1.1,chrome 65.0 for android,2560x1600,1,1,1,1.0
DP-12f8a1ad8f8ffe6c,mobile,LG-M250 Build/NRD90U,,chrome 62.0 for android,,3,3,3,0.3333333333333333
DP-1301339bb2d785e8,desktop,Windows,Windows Vista,firefox 52.0,1280x800,11,9,9,0.1111111111111111
DP-13074eef9f2ad095,mobile,BAC-L03 Build/HUAWEIBAC-L03,,chrome 65.0 for android,,11,7,7,0.14285714285714285
DP-130d1bef38a3c4e3,mobile,SM-J700M Build/LMY48B,,chrome generic,,10,7,7,0.14285714285714285
DP-13172081294a26c8,mobile,iOS Device,iOS 10.2.1,mobile safari uiwebview,2048x1536,1,1,1,1.0
DP-132f46f26caf4663,mobile,TA-1028 Build/NMF26O,,chrome 63.0 for android,,1,1,1,1.0
DP-1337f6281fd8d149,mobile,iOS Device,iOS 11.0.0,mobile safari 11.0,2224x1668,3,2,2,0.5
DP-133de5158ea71084,desktop,Windows,Windows 7,firefox generic,1920x1080,5,5,5,0.2
DP-133f34c5c90d340f,desktop,Windows,Windows 7,chrome 66.0,2560x1080,2,1,1,1.0
DP-133fe1abc40547ea,mobile,SM-J710F Build/NRD90M,,chrome 63.0 for android,,1,1,1,1.0
DP-13404010e5b1c35c,desktop,X78,,chrome generic,,1,1,1,1.0
DP-1340922c06661a1c,mobile,GT-S7582,,chrome 66.0 for android,,1,1,1,1.0
DP-134606701589c56f,mobile,SM-A300H Build/LRX22G,,chrome 64.0 for android,,20,12,12,0.08333333333333333
DP-1347d0f3d35d35c1,mobile,SM-N950F Build/R16NW,,chrome 66.0 for android,,1,1,1,1.0
DP-134801dda0395b5b,desktop,Windows,Windows 7,firefox 58.0,1440x900,6,6,6,0.16666666666666666
DP-1349a83adfca0d94,mobile,Wileyfox,,chrome 63.0 for android,,1,1,1,1.0
DP-1349ed7ccf0392b2,mobile,XT1585 Build/NCK25.118-10.5,Android 7.0,chrome 65.0 for android,2560x1440,4,2,2,0.5
DP-135befedee194f0b,desktop,Windows,Windows 7,chrome 65.0,1360x768,3,2,2,0.5
DP-136c293e5203863f,desktop,rv:56.0,Mac OS X 10.11,firefox 56.0,1360x768,1,1,1,1.0
DP-13717df626d944c8,desktop,Windows,Windows 10,edge 16.0,1280x1023,2,2,2,0.5
DP-13869ba6257beccc,desktop,rv:57.0,Mac OS X 10.13,firefox 57.0,2048x1152,1,1,1,1.0
DP-1391867dc57b6623,desktop,Windows,Windows 10,chrome 63.0,1152x864,4,4,4,0.25
DP-13a03bb29c3da4d8,mobile,LG-M327 Build/NRD90U,Android 7.0,chrome 56.0 for android,1280x720,1,1,1,1.0
DP-13a4d4132afe4bcd,mobile,SM-A300M,,chrome 64.0 for android,,1,1,1,1.0
DP-13b29279b70e4c5f,desktop,SM-T560 Build/KTU84P,,chrome generic,,5,5,5,0.2
DP-13b98878b37afbdc,desktop,rv:56.0,Mac OS X 10.10,firefox 56.0,2880x1800,1,1,1,1.0
DP-13bea47aaa571311,desktop,MacOS,Mac OS X 10_11_6,chrome 64.0,1920x1200,2,2,2,0.5
DP-13bf6cd9cac79521,mobile,SM-G928F,,chrome 63.0 for android,,1,1,1,1.0
DP-13c6baa6e3e13e84,desktop,rv:55.0,Windows 7,firefox 55.0,1366x768,1,1,1,1.0
DP-13c9ee769c6ea03b,mobile,Ilium LT510 Build/MRA58K,,chrome 50.0 for android,,2,2,2,0.5
DP-13d32742fce6a7b7,mobile,moto x4 Build/NPW26.83-18-2-0-4,,chrome 58.0 for android,,6,1,1,1.0
DP-13d46118bf23034e,mobile,Trident/7.0,Windows 8.1,ie,1920x1080,1,1,1,1.0
DP-13e2285e68f08301,mobile,LG-K410 Build/LRX22G,,chrome 64.0 for android,,26,10,10,0.1
DP-13e34563a21197b8,mobile,XT1710-02 Build/NDSS26.118-23-15,Android 7.1.1,chrome 58.0 for android,1920x1080,1,1,1,1.0
DP-13ec452846d5e8c7,mobile,LGMP450 Build/NRD90U,Android 7.0,chrome 62.0 for android,,1,1,1,1.0
DP-13f053ba40bc8338,mobile,ALE-L21 Build/HuaweiALE-L21,,chrome generic for android,,2,2,2,0.5
DP-13f4c2170d07e592,mobile,SM-J320M Build/LMY47V,,chrome 66.0 for android,,14,6,6,0.16666666666666666
DP-13f79262880b36af,mobile,HUAWEI,,chrome 56.0 for android,,1,1,1,1.0
DP-13f9f3e9e02b4ee0,desktop,rv:58.0,Mac OS X 10.13,firefox generic,1440x900,1,1,1,1.0
DP-13fa39cb09cb9f86,desktop,rv:57.0,Mac OS X 10.9,firefox 57.0,,1,1,1,1.0
DP-140377a579e550f1,mobile,SAMSUNG SM-J700M Build/LMY48B,,chrome generic,,14,5,5,0.2
DP-14095b60dc58a705,mobile,Hisense T963 Build/MRA58K,,chrome 64.0 for android,,2,2,2,0.5
DP-141df6b52f12877e,mobile,SM-G955U Build/R16NW,Android 8.0.0,chrome generic for android,,5,1,1,1.0
DP-14326b946882bcba,mobile,Le X520 Build/IEXCNFN5902303111S,,chrome 63.0 for android,,6,3,3,0.3333333333333333
DP-144104b31368d1ff,mobile,rv:58.0,Android 7.1.1,Generic/Android,2220x1080,1,1,1,1.0
DP-1444af26fb6ca8b0,mobile,STV100-2 Build/MMB29M,Android 6.0.1,chrome 62.0 for android,2562x1442,1,1,1,1.0
DP-144694b4eb05933f,mobile,SAMSUNG SM-G950U Build/NRD90M,Android 7.0,samsung browser generic,2220x1080,4,3,3,0.3333333333333333
DP-14516fb5f443e2ae,desktop,MacOS,Mac OS X 10_12_2,safari generic,1440x900,11,6,6,0.16666666666666666
DP-145b0b2b4432c909,mobile,SM-A720F Build/MMB29K,,chrome 63.0 for android,,1,1,1,1.0
DP-1478105a927362cb,desktop,MacOS,Mac OS X 10_13_4,safari generic,5120x2880,12,10,10,0.1
DP-147b708f5a7b5222,mobile,LG-LG870,,chrome 64.0 for android,,1,1,1,1.0
DP-148987281e5d592d,desktop,Windows,Windows 10,chrome 64.0,1728x972,4,3,3,0.3333333333333333
DP-148e76850cb6e7cf,mobile,HTC One A9 Build/NRD90M,,other,,1,1,1,1.0
DP-149b41cfa83e2f62,mobile,DASH,,chrome 65.0 for android,,1,1,1,1.0
DP-149ce6832c7d1d63,mobile,SM-G960F Build/R16NW,,chrome 66.0 for android,,3,2,2,0.5
DP-14a61c3eb0e7d0a0,mobile,iOS Device,iOS 9.3.5,mobile safari 9.0,2208x1242,3,2,2,0.5
DP-14aa6298058b2a7a,mobile,5010G Build/MRA58K,,chrome,,7,2,2,0.5
DP-14c45de39265713f,mobile,iOS Device,iOS 11.2.1,mobile safari 11.0,2732x2048,46,36,36,0.027777777777777776
DP-14cda32c91d8854f,mobile,iOS Device,iOS 11.1.2,mobile safari 11.0,2732x2048,60,45,45,0.022222222222222223
DP-14d3c2884cf162a4,desktop,SM-A500M Build/LRX22G,,chrome generic,,1,1,1,1.0
DP-14dde1dcccb38111,mobile,LGL83BL,Android 7.0,chrome 63.0 for android,1280x720,1,1,1,1.0
DP-14dfba6618b4cdc0,desktop,rv:57.0,Windows 8.1,firefox 57.0,1366x768,5,5,5,0.2
DP-14f4db55c1521c32,desktop,MacOS,Mac OS X 10_13_1,chrome 64.0,4096x2304,2,2,2,0.5
DP-14f79e8379a8af97,mobile,SM-G900I,,chrome 63.0 for android,,1,1,1,1.0
DP-14f7c73cd326c5d3,mobile,LG-M320 Build/NRD90U,,chrome generic for android,,5,4,4,0.25
DP-14f93806cf2bb9de,desktop,Windows,Windows 10,chrome 59.0,1280x1024,1,1,1,1.0
DP-14fa3eb2b6672c9d,desktop,MacOS,Mac OS X 10_13_4,safari generic,1920x1080,47,24,24,0.041666666666666664
DP-14fab597da951e2a,mobile,Pixel 2 Build/OPM1.171019.011,Android 8.1.0,chrome 63.0 for android,,17,13,13,0.07692307692307693
DP-1509ff0d7e732a40,mobile,TA-1027,,chrome 65.0 for android,,1,1,1,1.0
DP-150bc131cfc2c6ae,mobile,LG-K580 Build/MRA58K,,chrome 66.0 for android,,8,5,5,0.2
DP-150fae6a1098dc11,desktop,Windows,Windows 10,firefox 57.0,2160x1440,7,5,5,0.2
DP-1510b781defd54f3,mobile,D5803 Build/23.5.A.1.291,,chrome 62.0 for android,,1,1,1,1.0
DP-1513067c71d3a54d,desktop,Windows,Windows 7,firefox 58.0,1920x1080,34,27,27,0.037037037037037035
DP-15164cf958fe17de,mobile,ZA409,,android browser 4.0,,1,1,1,1.0
DP-1530606a5e86f05e,mobile,,Android,samsung browser 6.2,1920x1080,7,1,1,1.0
DP-1531396e5f476f36,desktop,rv:54.0,Mac OS X 10.11,firefox,2560x1440,1,1,1,1.0
DP-15388b16a6e5b123,mobile,VTR-L09 Build/HUAWEIVTR-L09,,chrome 66.0 for android,,3,2,2,0.5
DP-1540ff3805e4a634,desktop,Windows,Windows 7,chrome 62.0,2400x1350,1,1,1,1.0
DP-154575f4af1e3212,mobile,HTC6500LVW,Android 5.0.2,chrome generic,1920x1080,1,1,1,1.0
DP-155258c890df0d1d,mobile,LG-H872 Build/NRD90U,Android 7.0,chrome 64.0 for android,2672x1440,1,1,1,1.0
DP-1559ffe61f8d7d2a,mobile,HUAWEI VNS-L21 Build/HUAWEIVNS-L21,,chrome 62.0 for android,,2,2,2,0.5
DP-1563095928e354aa,desktop,MacOS,Mac OS X 10_9_5,safari generic,1920x1200,2,2,2,0.5
DP-15637b0e7a07b1af,mobile,M4 SS4451 Build/LMY47D,,chrome 61.0 for android,,3,2,2,0.5
DP-15693571aea49889,desktop,rv:43.0,Windows 10,firefox,1920x1080,2,1,1,1.0
DP-156b937ba6b18722,mobile,SM-N920G Build/NRD90M,,chrome generic for android,,3,1,1,1.0
DP-15725bf9e3940260,desktop,Windows,Windows 10,chrome,,1,1,1,1.0
DP-157522d3555193ac,mobile,SM-G920F Build/MMB29K,,chrome 64.0 for android,,3,2,2,0.5
DP-157ae3c8e0254607,mobile,Y635-L03 Build/HuaweiY635-L03,,chrome 61.0 for android,,2,2,2,0.5
DP-15814a38d5752a9f,mobile,LG-H542 Build/LRX22G,,chrome 61.0 for android,,1,1,1,1.0
DP-15861cbfbaf559b0,desktop,Windows,Windows 7,ie 11.0 for desktop,1680x1050,11,11,11,0.09090909090909091
DP-159521f08fdd0d50,mobile,BAC-L03 Build/HUAWEIBAC-L03,,chrome 66.0 for android,,3,2,2,0.5
DP-159c5828f7438eb8,desktop,MacOS,Mac OS X 10_13_1,chrome generic,2880x1800,1,1,1,1.0
DP-159fb8e14132be3f,desktop,Windows,Windows 10,chrome 64.0,1366x768,192,126,126,0.007936507936507936
DP-15a4fc3d6e87dc15,mobile,M4 SS4450 Build/MRA58K,,chrome 52.0 for android,,3,1,1,1.0
DP-15ab47b56e9da80f,desktop,rv:59.0,Mac OS X 10.13,firefox 59.0,1600x900,1,1,1,1.0
DP-15ab68185fb4929c,mobile,iOS Device,iOS 11.1.1,mobile safari 9.0,1334x750,1,1,1,1.0
DP-15bb66738ec09f91,mobile,Ilium L1120 Build/NRD90M,,chrome 66.0 for android,,1,1,1,1.0
DP-15bfc054773ef56c,mobile,SM-J120H Build/LMY47V,,chrome generic,,3,2,2,0.5
DP-15c698f700067d03,desktop,Windows,Windows 8.1,chrome 64.0,2304x1296,1,1,1,1.0
DP-15d1fa9dbfc9c64c,desktop,Windows,Windows Vista,chrome 49.0,,2,2,2,0.5
DP-15f838a00d5720ac,desktop,,Linux,chrome 62.0,2160x1215,2,1,1,1.0
DP-15f93f971d4b6407,mobile,2PS64 Build/NRD90M,Android 7.0,chrome 63.0 for android,,1,1,1,1.0
DP-15fa3068fbe59598,mobile,iOS Device,iOS 11.2.6,mobile safari 11.0,1334x750,45,36,36,0.027777777777777776
DP-1611c6ff9a502edc,desktop,MacOS,Mac OS X 10_11_3,safari generic,1680x1050,1,1,1,1.0
DP-1616cf14ef3a45ca,desktop,MacOS,Mac,chrome 62.0,1280x720,1,1,1,1.0
DP-1620238f3086bd57,mobile,Pixel,Android 7.1.2,chrome 63.0 for android,,4,3,3,0.3333333333333333
DP-16253970d751b237,desktop,Windows,Windows 10,chrome 64.0,,40,23,23,0.043478260869565216
DP-162cc27040726d13,mobile,moto x4 Build/NPW26.83-42,,chrome 65.0 for android,,1,1,1,1.0
DP-1634b8b6c4b275fd,desktop,Windows,Windows 8.1,firefox 52.0,1920x1080,1,1,1,1.0
DP-16352013ad6e54bd,desktop,MacOS,Mac OS X 10_9_5,safari generic,2880x1800,15,12,12,0.08333333333333333
DP-163813717df3c29c,mobile,SM-G955U Build/NRD90M,Android 7.0,chrome 62.0 for android,,41,30,30,0.03333333333333333
DP-1638ec2b5fac7184,desktop,MacOS,Mac OS X 10_11_6,chrome 63.0,1024x640,1,1,1,1.0
DP-163ae2f8e316afd9,mobile,5010G Build/MRA58K,,chrome 66.0 for android,,7,5,5,0.2
DP-16400024085a9082,mobile,LG-V410,Android 5.0.2,chrome,,1,1,1,1.0
DP-164438d0bc9d6ac1,mobile,Lenovo K33b36 Build/MMB29M,,android webview 4.0,,1,1,1,1.0
DP-1647ecec439fd0e5,mobile,Hisense F20 Build/MMB29M,,chrome 46.0 for android,,1,1,1,1.0
DP-164c1fe054fe296e,desktop,Trident/7.0,Windows 7,ie 11.0 for desktop,1599x899,1,1,1,1.0
DP-164dc1dacf585536,desktop,Windows,Windows 10,edge 17.0,2735x1823,1,1,1,1.0
DP-16514eadd9083f44,mobile,iOS Device,iOS 10.1.1,mobile safari generic,1334x750,8,8,8,0.125
DP-165e1a0861b2a2ac,mobile,SM-G355M Build/KOT49H,,chrome 65.0 for android,,4,4,4,0.25
DP-166a12635a6be02e,mobile,LG-D680 Build/KOT49I,,chrome 55.0 for android,,2,1,1,1.0
DP-166cdc751fa34a10,mobile,iOS Device,iOS 10.1.1,mobile safari 10.0,2048x1536,22,18,18,0.05555555555555555
DP-1671247aa9539964,mobile,Z9 PLUS Build/NRD90M,,chrome 66.0 for android,,1,1,1,1.0
DP-168261c9bc957458,mobile,0PJA2,Android 7.0,chrome 61.0 for android,1920x1080,1,1,1,1.0
DP-1688b6eab3d952e2,mobile,Hisense L675 PRO Build/NRD90M,,chrome 66.0 for android,,1,1,1,1.0
DP-168e0c51482c5067,desktop,MacOS,Mac OS X 10_13_4,safari generic,1280x800,10,9,9,0.1111111111111111
DP-16944f776b68805a,mobile,LG-H520,,chrome 64.0 for android,,1,1,1,1.0
DP-16b6cdeeaefaf92f,mobile,iOS Device,iOS 11.3.1,google search application 48.0,1334x750,8,7,7,0.14285714285714285
DP-16c031ca2c034647,mobile,Moto E (4) Build/NMA26.42-19,,android webview 4.0,,3,2,2,0.5
DP-16c48bce786ac382,mobile,iOS Device,iOS 11.2.6,google search application 48.0,2048x1536,1,1,1,1.0
DP-16cd8bd056508173,mobile,iOS Device,iOS 11.0.0,mobile safari generic,2732x2048,2,2,2,0.5
DP-16d3b1637d86b069,desktop,Windows,Windows 10,firefox 59.0,1600x900,36,25,25,0.04
DP-16d43a5d89f63554,mobile,SM-T560NU Build/NMF26X,Android 7.1.1,chrome generic for android,1280x800,1,1,1,1.0
DP-16d46d6a363ad4cd,mobile,F5321 Build/34.3.A.0.238,,chrome 65.0 for android,,7,4,4,0.25
DP-16d89efa59e240c5,desktop,rv:58.0,Mac OS X 10.13,firefox 58.0,2560x1600,11,9,9,0.1111111111111111
DP-16d9858696cb7b2f,mobile,SM-J700M Build/MMB29K,,chrome 61.0 for android,,10,6,6,0.16666666666666666
DP-16da1698de8aeded,mobile,D5316 Build/19.4.A.0.182,,chrome 55.0 for android,,1,1,1,1.0
DP-16dbcd3954243dde,mobile,VK810,Android 5.0.2,chrome 62.0 for android,1920x1200,1,1,1,1.0
DP-16dc18bde669ca60,mobile,HUAWEI RIO-L03 Build/HUAWEIRIO-L03,,chrome 65.0 for android,,24,13,13,0.07692307692307693
DP-16e5011d8423f5ea,desktop,Windows,Windows 7,,1440x900,2,2,2,0.5
DP-16e57a072f4a6611,mobile,,Linux,samsung browser 6.2,,2,2,2,0.5
DP-16f4a4853bb0b690,mobile,SAMSUNG SM-G935P Build/NRD90M,,samsung browser 6.4,,1,1,1,1.0
DP-16f6b8602eebffc7,mobile,iOS Device,iOS 11.1.1,mobile safari 11.0,2208x1242,167,101,101,0.009900990099009901
DP-16fbc9c75de6fffd,mobile,F5121 Build/34.3.A.0.228,,chrome 62.0 for android,,13,9,9,0.1111111111111111
DP-17079181b354845c,mobile,SAMSUNG SM-J530GM Build/NRD90M,,samsung browser generic,,1,1,1,1.0
DP-1707a985b95fdf0b,mobile,SM-G800F Build/KOT49H,,chrome 62.0 for android,,2,1,1,1.0
DP-1707b21b0ba313d6,mobile,Ilium X210 Build/LMY47I,,chrome 49.0 for android,,2,1,1,1.0
DP-171327ad7e722240,mobile,SM-J111M Build/LMY47V,,chrome 65.0 for android,,8,4,4,0.25
DP-1716c5c964df9dbe,mobile,SM-G550T Build/MMB29K,,chrome 55.0 for android,,2,2,2,0.5
DP-171e6a55875e4593,desktop,,,safari,,1,1,1,1.0
DP-171fed2af898e967,desktop,,Linux,chrome 65.0,,4,4,4,0.25
DP-17251075f6c49496,mobile,SM-G930F Build/MMB29K,,chrome 65.0 for android,,1,1,1,1.0
DP-172521a0daa86bee,desktop,Windows,Windows 8.1,chrome 63.0,3200x1800,8,5,5,0.2
DP-172867813e6762fb,desktop,Windows,Windows 7,firefox 59.0,1366x767,2,2,2,0.5
DP-172d5ca9e3716e49,mobile,MHA-L29 Build/HUAWEIMHA-L29,Android 8.0.0,chrome 66.0 for android,1920x1080,2,2,2,0.5
DP-1731b477f672b48a,mobile,SM-J327V Build/NRD90M,Android 7.0,chrome 61.0 for android,1280x720,1,1,1,1.0
DP-17333fe2e73840e0,desktop,Windows,Windows 10,chrome 62.0,1152x648,1,1,1,1.0
DP-173d674b6c78a876,desktop,Trident/7.0,Windows 7,ie 11.0 for desktop,1600x1200,6,6,6,0.16666666666666666
DP-174364930fd55916,mobile,SM-N910C Build/MMB29K,,chrome 63.0 for android,,2,2,2,0.5
DP-1747004ac001e691,mobile,HUAWEI,,chrome 64.0 for android,,8,7,7,0.14285714285714285
DP-1753d503f558ad01,mobile,VS987 Build/NRD90U,Android 7.0,android webview 4.0,2560x1440,1,1,1,1.0
DP-1761a7e962ba19d6,mobile,LG-H420 Build/LRX21Y,,chrome 64.0 for android,,2,2,2,0.5
DP-176c5c6b04d1b173,mobile,SM-G530M,,chrome 64.0 for android,,2,2,2,0.5
DP-1774abbd395eb3a3,mobile,VS990 Build/MRA58K,Android 6.0,chrome 63.0 for android,2560x1440,3,3,3,0.3333333333333333
DP-1775060f8576b06a,mobile,Lenovo TB3-710F Build/LRX21M,,chrome 62.0 for android,,2,1,1,1.0
DP-177aec51e7936baa,desktop,Windows,Windows 10,firefox 58.0,1920x1200,2,2,2,0.5
DP-177f517cafa54dca,mobile,SM-N920T Build/NRD90M,Android 7.0,chrome generic for android,,3,2,2,0.5
DP-17802c19fc40d1d7,desktop,,Linux,chrome 59.0,1366x768,3,3,3,0.3333333333333333
DP-178a9309a03b55a8,mobile,SM-A520W Build/NRD90M,Android 7.0,chrome 65.0 for android,1920x1080,3,2,2,0.5
DP-178f1ea6a8c8f5ac,mobile,SM-G950U Build/R16NW,Android 8.0.0,chrome generic for android,1480x720,1,1,1,1.0
DP-179825b95b836790,desktop,MacOS,Mac OS X 10_13_2,chrome 66.0,5120x2880,1,1,1,1.0
DP-1799cbc30c814cfc,mobile,SAMSUNG-SM-G930A Build/NRD90M,,chrome 65.0 for android,,10,2,2,0.5
DP-1799ecfa1ea3fe55,mobile,SM-J710MN Build/NRD90M,,chrome 65.0 for android,,1,1,1,1.0
DP-179b4cecd20fd389,mobile,VS996,Android 7.1.2,chrome 63.0 for android,2880x1440,1,1,1,1.0
DP-179fc95a0f99c938,desktop,MacOS,Mac OS X 10_12_6,safari 11.0,1600x900,1,1,1,1.0
DP-17a32434d88650a5,mobile,BBB100-1,Android 7.1.1,chrome 64.0 for android,,1,1,1,1.0
DP-17a4ccea777979bc,mobile,SM-A520W Build/NRD90M,,chrome 63.0 for android,,5,2,2,0.5
DP-17a70a3c99ddd71b,desktop,MacOS,Mac OS X 10_13_1,chrome 63.0,1680x1050,2,2,2,0.5
DP-17b37a1e00ac35e7,mobile,SM-G920T Build/NRD90M,Android 7.0,chrome 62.0 for android,2560x1440,3,3,3,0.3333333333333333
DP-17b3daa202c30e43,desktop,MacOS,Mac OS X 10_13_1,chrome 65.0,2560x1600,5,3,3,0.3333333333333333
DP-17bc3f3dee327991,mobile,,Android,chrome 62.0,960x540,2,2,2,0.5
DP-17c1abf151d6a600,mobile,SM-G925I,,chrome 51.0 for android,,1,1,1,1.0
DP-17c24478fccab967,mobile,KYY22,,chrome 63.0 for android,,1,1,1,1.0
DP-17c29f9053f87b1d,desktop,MacOS,Mac OS X 10_13_3,chrome 63.0,5120x2880,2,2,2,0.5
DP-17c6283da90b7fd9,mobile,Blade L2 Plus Build/KOT49H,,chrome 63.0 for android,,8,5,5,0.2
DP-17cd6127fc1a587a,desktop,Windows,Windows 10,edge 16.0,1599x900,5,5,5,0.2
DP-17d4c1a5fd1f73a1,mobile,Dream,,chrome 65.0 for android,,4,3,3,0.3333333333333333
DP-17d73258e470f7f8,mobile,SM-G930T Build/NRD90M,Android 7.0,chrome 64.0 for android,1920x1080,5,5,5,0.2
DP-17d90e4c3deb25e8,mobile,iOS Device,iOS 10.3.3,mobile safari 10.0,1334x750,385,196,196,0.00510204081632653
DP-17db3aa64549a226,desktop,MacOS,Mac OS X 10_13_3,chrome 63.0,1280x800,3,3,3,0.3333333333333333
DP-17ddd28aa9717152,desktop,rv:59.0,Mac OS X 10.13,firefox 59.0,1280x800,6,3,3,0.3333333333333333
DP-17e389fb3c1e17fd,mobile,ALP-L09 Build/HUAWEIALP-L09S,,samsung browser 6.4,,1,1,1,1.0
DP-17ebdafdf9ed6a74,mobile,BLADE V8 Build/NRD90M,,chrome 64.0 for android,,5,3,3,0.3333333333333333
DP-17ef6461650f1814,mobile,K10,,android webview 4.0,,1,1,1,1.0
DP-17fd7beb72e09371,desktop,Windows,Windows 7,chrome 64.0,,21,16,16,0.0625
DP-18036cde3d296acc,mobile,Ilium X510 Build/MRA58K,,chrome 55.0 for android,,2,1,1,1.0
DP-18062a14196e9bc8,desktop,rv:57.0,Windows 7,firefox 57.0,1360x768,1,1,1,1.0
DP-1809787de453cdfe,mobile,LG-K530 Build/MMB29M,,chrome 64.0 for android,,13,7,7,0.14285714285714285
DP-1811a39991f4398d,mobile,SM-G950U Build/R16NW,,chrome 66.0 for android,,4,4,4,0.25
DP-1827e6e4ba3056d3,mobile,ZTE BLADE A6 Build/NMF26F,,chrome 58.0 for android,,1,1,1,1.0
DP-182db7b715f20d42,desktop,Windows,Windows 8.1,chrome 63.0,2560x1440,2,2,2,0.5
DP-183efca38ff7c210,mobile,SAMSUNG SM-G930A Build/NRD90M,Android 7.0,samsung browser 6.2,2560x1440,1,1,1,1.0
DP-184b068452429b08,mobile,Pixel XL Build/OPM1.171019.016,Android 8.1.0,chrome 65.0 for android,2562x1442,1,1,1,1.0
DP-184dee2c0666fb9e,mobile,D6503,,chrome generic for android,,1,1,1,1.0
DP-18572be57624ea31,mobile,WAS-LX3 Build/HUAWEIWAS-LX3,,other,,2,1,1,1.0
DP-185fb08fb845a300,mobile,MotoE2(4G-LTE,,chrome 66.0 for android,,3,2,2,0.5
DP-186248b92e159df7,desktop,MacOS,Mac OS X 10_11_6,chrome 64.0,2560x1440,4,3,3,0.3333333333333333
DP-1872195bb5c89efb,mobile,iOS Device,iOS,chrome 62.0 for ios,2048x1536,1,1,1,1.0
DP-187e10baf4a53465,desktop,Windows,Windows 7,chrome 59.0,1920x1200,1,1,1,1.0
DP-187e5f7403ee7c0c,desktop,MacOS,Mac OS X 10_12_3,safari generic,2880x1800,9,8,8,0.125
DP-187fd899f311286b,mobile,LG-K240 Build/MXB48T,,chrome 58.0 for android,,1,1,1,1.0
DP-1881d008978ed238,mobile,F3113 Build/33.2.A.3.81,,chrome 62.0 for android,,1,1,1,1.0
DP-188454c7a3b45470,desktop,rv:11.0,Windows 7,ie 11.0 for desktop,1440x803,1,1,1,1.0
DP-1890ee7d0c1f30a8,mobile,LG-H850 Build/MMB29M,,chrome 65.0 for android,,1,1,1,1.0
DP-189ec8412a882926,mobile,iOS Device,iOS 10.2.0,mobile safari 10.0,2732x2048,2,2,2,0.5
DP-18a3bae5c3d20b42,mobile,Moto C Build/NRD90M.054,,chrome 63.0 for android,,3,3,3,0.3333333333333333
DP-18a7aaf8959a5730,desktop,MacOS,Mac OS X 10_9_5,chrome 56.0,2880x1800,1,1,1,1.0
DP-18b1d7ca471642e2,desktop,Windows,Windows 7,chrome generic,1280x1024,20,16,16,0.0625
DP-18bd10698e0b509b,mobile,XT1710-02 Build/NDSS26.118-23-19-6,,chrome 66.0 for android,,4,2,2,0.5
DP-18c4793552b0ed8e,mobile,E2306 Build/26.3.A.1.33,,chrome 63.0 for android,,2,2,2,0.5
DP-18cadbb002c9a2a3,desktop,Windows,Windows 7,chrome 55.0,1600x900,2,2,2,0.5
DP-18d555972d82491e,desktop,MacOS,Mac OS X 10_12_4,chrome 63.0,1440x900,3,3,3,0.3333333333333333
DP-18f46e051d08b6f4,mobile,KFSUWI Build/LVY48F,Android 5.1.1,chrome 66.0 for android,1920x1200,2,2,2,0.5
DP-18fb0c0f6e13415d,mobile,A574BL Build/NMF26F,Android 7.1.1,chrome 64.0 for android,855x480,5,3,3,0.3333333333333333
DP-18fbad35d2e755f6,desktop,,func,safari generic,2560x1600,1,1,1,1.0
DP-1905e2ff2abcbdd9,mobile,MotoE2 Build/LPCS23.13-56-5,,chrome 62.0 for android,,1,1,1,1.0
DP-19077164fbe27c64,desktop,,Linux,chrome 59.0,1920x1080,16,3,3,0.3333333333333333
DP-191b1e5639ab3b68,mobile,iOS Device,iOS 11.2.1,google search application 49.0,2436x1125,1,1,1,1.0
DP-191c680fbc33c272,mobile,Moto C Plus Build/NRD90M.05.034,,chrome 64.0 for android,,6,4,4,0.25
DP-191d50eb8082326b,mobile,GT-I8190L Build/JZO54K,,chrome 61.0 for android,,1,1,1,1.0
DP-19252f6cd228d9f0,mobile,LG-H840 Build/MMB29M,,chrome 63.0 for android,,5,5,5,0.2
DP-19303f1754c2f0a9,mobile,iOS Device,iOS 11.3.0,mobile safari generic,2208x1242,248,128,128,0.0078125
DP-1930c53cc2890d0a,mobile,SM-G920W8,,chrome 66.0 for android,,1,1,1,1.0
DP-1936cad110c5206e,mobile,CHC-U03 Build/HuaweiCHC-U03,,chrome 61.0 for android,,1,1,1,1.0
DP-193ca992556fd564,desktop,Windows,Windows XP,firefox 52.0,1440x900,2,2,2,0.5
DP-194349a20c81328b,desktop,Windows,Windows 10,chrome 65.0,3840x1600,1,1,1,1.0
DP-1944ab99ba6017e0,mobile,LG-K420,,chrome 59.0 for android,,2,1,1,1.0
DP-194ad111d8364ad8,mobile,Hisense F20 Build/MMB29M,,chrome 64.0 for android,,12,5,5,0.2
DP-194ecf737a4a1ad8,mobile,SM-N920C Build/NRD90M,,chrome 65.0 for android,,1,1,1,1.0
DP-195d86af667286b2,desktop,,Linux,chrome generic,1366x768,4,1,1,1.0
DP-195f78fb4ddb9776,mobile,SAMSUNG SM-G950F Build/NRD90M,,samsung browser 5.4,,1,1,1,1.0
DP-196ab62f16ae31a5,mobile,SM-P355M Build/MMB29M,,chrome 65.0 for android,,6,1,1,1.0
DP-197bbcf019ce7dbb,mobile,iOS Device,iOS 11.2.0,mobile safari 11.0,2208x1242,202,121,121,0.008264462809917356
DP-1987a3b0552c2fde,mobile,GT-S7390,,chrome 58.0 for android,,1,1,1,1.0
DP-1989b65516ba1fe5,mobile,Y635-L03 Build/HuaweiY635-L03,,chrome 65.0 for android,,5,4,4,0.25
DP-198babaf342cdbaa,mobile,SM-G928V Build/MMB29K,Android 6.0.1,chrome 56.0 for android,2562x1442,1,1,1,1.0
DP-198e4a2d9779b6c6,mobile,4027A Build/KOT49H,,chrome 54.0 for android,,1,1,1,1.0
DP-198f8f8fe439a9e7,desktop,MacOS,Mac OS X 10_11_6,chrome 55.0,2880x1800,1,1,1,1.0
DP-199a1eb7019be9cd,mobile,SM-J320V Build/MMB29M,Android 6.0.1,chrome 62.0 for android,1280x720,1,1,1,1.0
DP-19a56b6689a5a03f,mobile,SAMSUNG-SM-J727A Build/NRD90M,Android 7.0,chrome 63.0 for android,1280x720,2,2,2,0.5
DP-19ae40c767824a57,mobile,Moto C Build/NRD90M.070,,chrome 65.0 for android,,2,1,1,1.0
DP-19b3960795e54575,desktop,D2306,,chrome generic,,1,1,1,1.0
DP-19c078bf1087e23b,mobile,es-us,,other,,4,3,3,0.3333333333333333
DP-19c13dad988deb8a,desktop,MacOS,Mac OS X 10_7_5,safari generic,1280x800,6,4,4,0.25
DP-19c33d13569b1258,mobile,LG-H870 Build/NRD90U,,chrome generic for android,,11,8,8,0.125
DP-19cb99e1133e8d5e,desktop,MacOS,Mac,chrome 65.0,1920x1200,1,1,1,1.0
DP-19cd21bb62b2fe61,desktop,Windows,Windows 10,chrome 66.0,1280x800,4,4,4,0.25
DP-19d264d7575de8d4,mobile,SM-A500M Build/LRX22G,,chrome 63.0 for android,,10,8,8,0.125
DP-19dc06df9e46f67c,desktop,Windows,Windows 10,chrome 56.0,1920x1080,3,3,3,0.3333333333333333
DP-19de0f044c693ba3,mobile,6045I Build/LRX22G,,chrome 63.0 for android,,1,1,1,1.0
DP-19e4414d317023ce,mobile,,Android,chrome 60.0,855x480,6,2,2,0.5
DP-19ec19e7ff11f66e,mobile,F3213 Build/36.0.A.2.146,,chrome 63.0 for android,,5,4,4,0.25
DP-19f6252f51f2a5e6,desktop,Windows,Windows 7,chrome 62.0,1280x1024,119,79,79,0.012658227848101266
DP-1a1450836153c242,desktop,MacOS,Mac OS X 10_11_6,chrome 60.0,1920x1200,1,1,1,1.0
DP-1a1bd8ab6ece0efb,mobile,SM-G935V Build/NRD90M,Android 7.0,chrome 61.0 for android,1920x1080,1,1,1,1.0
DP-1a1cc80de287adf4,mobile,5080A Build/MRA58K,,chrome 61.0 for android,,3,2,2,0.5
DP-1a2bcb01e59498f7,desktop,rv:57.0,Windows 8,firefox 57.0,1920x1080,1,1,1,1.0
DP-1a314585d256d2e7,desktop,Windows,Windows 10,chrome 62.0,1920x1200,27,25,25,0.04
DP-1a3208e974e62c13,mobile,Moto E (4) Plus Build/NMA26.42-69,,chrome generic,,151,32,32,0.03125
DP-1a3237ddb02412ee,desktop,Windows,Windows 10,firefox 60.0,3840x2160,2,1,1,1.0
DP-1a3a6546bf6e4718,mobile,HUAWEI Y360-U23 Build/HUAWEIY360-U23,,chrome,,2,2,2,0.5
DP-1a3b4f7a461448de,mobile,SM-G920V,,chrome 63.0 for android,,1,1,1,1.0
DP-1a46e4581f022650,mobile,LG-D850,,chrome 64.0 for android,,1,1,1,1.0
DP-1a4b63698147176d,mobile,HUAWEI VNS-L23 Build/HUAWEIVNS-L23,,chrome 63.0 for android,,44,22,22,0.045454545454545456
DP-1a539b1d5a1ffa4f,desktop,Windows,Windows 7,chrome 64.0,1280x800,12,7,7,0.14285714285714285
DP-1a66ad0d63d7d665,mobile,5080A Build/MRA58K,,chrome generic for android,,14,5,5,0.2
DP-1a6b5eb558976302,mobile,SM-G355M Build/KOT49H,,chrome 58.0 for android,,1,1,1,1.0
DP-1a6e7e2d794d6273,desktop,rv:57.0,Windows 10,firefox,,3,3,3,0.3333333333333333
DP-1a7031036cd87140,mobile,GT-N5110 Build/JDQ39,,chrome 66.0 for android,,1,1,1,1.0
DP-1a75ad7c14e19f05,mobile,SAMSUNG-SM-G900A Build/KOT49H,,chrome 65.0 for android,,2,2,2,0.5
DP-1a7922da9c9b74f4,mobile,SM-N950U Build/NMF26X,Android 7.1.1,chrome 64.0 for android,2961x1442,7,6,6,0.16666666666666666
DP-1a7d254fd93adb40,desktop,rv:57.0,Windows 7,firefox 57.0,1440x900,3,3,3,0.3333333333333333
DP-1a833915938acb25,desktop,MacOS,Mac OS X 10_13_3,safari generic,3360x2100,25,20,20,0.05
DP-1a997f590289f13e,mobile,VS995 Build/NRD90M,Android 7.0,chrome 63.0 for android,2560x1440,14,9,9,0.1111111111111111
DP-1aa04ca8af913d27,desktop,MacOS,Mac OS X 10_11_6,chrome 66.0,2560x1080,2,1,1,1.0
DP-1ab24c1cf5c439b5,mobile,S471,,android webview 4.0,,1,1,1,1.0
DP-1ab6e23f63e725f9,mobile,SM-T817V Build/NRD90M,Android 7.0,chrome generic for android,2048x1536,1,1,1,1.0
DP-1ab84d7bf60fc876,desktop,Windows,Windows 7,firefox 52.0,1920x1080,6,6,6,0.16666666666666666
DP-1ab86022fb0083f7,desktop,Windows,Windows 10,chrome 66.0,2112x1188,1,1,1,1.0
DP-1ac2602e329eb3d8,mobile,LG-H870 Build/NRD90U,,chrome 63.0 for android,,16,8,8,0.125
DP-1ac36f4fd9e619a0,mobile,SAMSUNG,Android 6.0.1,samsung browser 6.2,1280x720,6,6,6,0.16666666666666666
DP-1ac4751dad76355d,desktop,Windows,Windows 10,chrome 66.0,1920x1200,14,11,11,0.09090909090909091
DP-1ac64cc0cadad75d,mobile,Ilium X210 Build/LMY47I,,chrome 46.0 for android,,5,2,2,0.5
DP-1aca7bee52994f89,mobile,LG-X230 Build/MRA58K,,chrome 64.0 for android,,21,11,11,0.09090909090909091
DP-1ad095777ed5036c,desktop,Windows,Windows 7,chrome 55.0,1280x1024,1,1,1,1.0
DP-1ad1d5d97b17199c,mobile,MotoG3-TE Build/MPD24.65-33,,chrome 66.0 for android,,5,1,1,1.0
DP-1ad2b0910d1b6365,mobile,LGLS665 Build/LMY47V,Android 5.1.1,chrome 61.0 for android,855x480,4,2,2,0.5
DP-1ad45246968b639c,mobile,LG-X180g Build/LMY47I,,chrome 65.0 for android,,14,11,11,0.09090909090909091
DP-1adea5a867b53b62,mobile,Z970,Android,chrome 56.0 for android,1280x720,1,1,1,1.0
DP-1ae32182f734e84c,desktop,Windows,Windows 7,chrome 62.0,3441x1440,1,1,1,1.0
DP-1ae78d01961c8d50,mobile,Hisense U963 Build/MRA58K,,chrome 63.0 for android,,5,4,4,0.25
DP-1af9a5620754567f,desktop,rv:11.0,,ie 11.0 for desktop,,1255,480,480,0.0020833333333333333
DP-1afa69227b7363d9,mobile,iOS Device,iOS 10.2.1,mobile safari 10.0,2208x1242,24,20,20,0.05
DP-1b0042c73580366b,mobile,SM-G532M Build/MMB29T,,Samsung/SM-G532M,,113,28,28,0.03571428571428571
DP-1b011916b5d6a1c3,mobile,C2104,,chrome 60.0 for android,,1,1,1,1.0
DP-1b041a273e345183,mobile,SM-J327P Build/MMB29M,Android 6.0.1,chrome 63.0 for android,1280x720,11,6,6,0.16666666666666666
DP-1b04254a704b397d,mobile,iOS Device,iOS 11.3.0,mobile safari 11.0,2048x1536,117,73,73,0.0136986301369863
DP-1b07572281af8216,mobile,iOS Device,iOS 11.2.1,mobile safari 11.0,2048x1536,265,163,163,0.006134969325153374
DP-1b089a798dd98e02,desktop,Windows,Windows 8.1,chrome 63.0,1280x1024,14,13,13,0.07692307692307693
DP-1b0bea43919698a7,mobile,LG-D680 Build/KOT49I,,chrome 66.0 for android,,2,2,2,0.5
DP-1b0c6d696276cf83,mobile,SM-G530H Build/LRX22G,,chrome 62.0 for android,,9,6,6,0.16666666666666666
DP-1b0d8c0583c0d51b,mobile,E5306 Build/27.3.A.0.129,,chrome 65.0 for android,,5,3,3,0.3333333333333333
DP-1b13b91441338446,desktop,MacOS,Mac OS X 10_13_1,safari generic,2048x1280,2,1,1,1.0
DP-1b14750ea65dc4cf,mobile,Redmi,,chrome 66.0 for android,,2,2,2,0.5
DP-1b15b2657704a281,desktop,MacOS,Mac OS X 10_11_6,chrome 62.0,,1,1,1,1.0
DP-1b1da7f25efd9663,mobile,SM-T580 Build/NRD90M,Android 7.0,chrome 62.0 for android,1920x1200,2,2,2,0.5
DP-1b1e7669a746cdd5,mobile,Blade A460 Build/LMY47O,,chrome 64.0 for android,,1,1,1,1.0
DP-1b27711b0e640205,mobile,SM-T580 Build/NRD90M,Android 7.0,chrome 65.0 for android,1920x1200,4,4,4,0.25
DP-1b2d28105805af68,desktop,MacOS,Mac OS X 10_12_6,chrome 62.0,1920x1200,2,2,2,0.5
DP-1b2f475acd7a8805,mobile,SM-G935V Build/NRD90M,Android 7.0,chrome 66.0 for android,1280x720,1,1,1,1.0
DP-1b3881731ea8f136,desktop,Windows,Windows 7,chrome 62.0,2049x1152,1,1,1,1.0
DP-1b4b1ea4625801e3,mobile,Moto Z2 Play Build/NPSS26.118-19-11,,chrome generic for android,,1,1,1,1.0
DP-1b590968abfc1bf9,desktop,MacOS,Mac OS X 10_13_3,chrome 65.0,5120x2880,3,3,3,0.3333333333333333
DP-1b6713c054ec3c89,desktop,Windows,Windows 8.1,chrome 64.0,1280x720,2,1,1,1.0
DP-1b6db90399fbcb0f,mobile,SAMSUNG SM-T587P Build/NRD90M,Android 7.0,samsung browser generic,1920x1200,3,1,1,1.0
DP-1b6e6057a9e09e80,desktop,Windows,Windows 10,chrome 63.0,1280x720,8,8,8,0.125
DP-1b718f394b9b32ba,mobile,LG-D855 Build/LRX21R,,chrome 60.0 for android,,1,1,1,1.0
DP-1b739c7394aea297,desktop,Windows,Windows 10,edge 14.0,1680x1050,6,6,6,0.16666666666666666
DP-1b7be2645d1b2476,desktop,MacOS,Mac OS X 10_12_3,chrome 62.0,1440x900,10,9,9,0.1111111111111111
DP-1b7c22c7200a724b,desktop,rv:57.0,Mac OS X 10.13,firefox 57.0,1366x768,9,5,5,0.2
DP-1b817f1dfc7f4320,mobile,XT1068,,chrome 64.0 for android,,1,1,1,1.0
DP-1b82cf9b4438684c,mobile,SM-N910C Build/MMB29K,,chrome 65.0 for android,,2,2,2,0.5
DP-1b8d58e6d8df522f,mobile,BLADE A602 Build/MRA58K,,chrome 62.0 for android,,1,1,1,1.0
DP-1b9c71974bab7152,mobile,SM-G928V Build/NRD90M,Android 7.0,chrome 63.0 for android,,8,7,7,0.14285714285714285
DP-1ba3da5bd1a69586,mobile,Z983 Build/NMF26F,Android 7.1.1,chrome 62.0 for android,1920x1080,1,1,1,1.0
DP-1bae16c7ec57c26a,mobile,F3113 Build/33.2.A.3.81,,chrome 63.0 for android,,3,3,3,0.3333333333333333
DP-1bbe55c4ff2f0637,desktop,MacOS,Mac OS X 10_12_6,safari generic,1360x768,3,2,2,0.5
DP-1bbf321bd7f148d1,desktop,Windows,Windows XP,chrome 49.0,1920x1080,5,5,5,0.2
DP-1bc2755dc1e56a4b,mobile,GT-P5210 Build/KOT49H,Android 4.4.2,chrome 63.0 for android,1280x800,1,1,1,1.0
DP-1bc6bffb19ea6e7f,mobile,5080A Build/MRA58K,,chrome 63.0 for android,,8,5,5,0.2
DP-1bceb3ae020085cb,mobile,SM-A310F Build/NRD90M,,chrome 65.0 for android,,8,5,5,0.2
DP-1bd1fdee8eab62ae,mobile,Redmi 4A Build/MMB29M,,chrome 54.0 for android,,1,1,1,1.0
DP-1bd224a2eda7ba2b,mobile,XT1003,,chrome 63.0 for android,,1,1,1,1.0
DP-1bddae21c7f129d7,mobile,SM-G950U Build/NRD90M,Android 7.0,chrome 58.0 for android,2220x1080,2,1,1,1.0
DP-1be000190b6673a6,desktop,MacOS,Mac OS X 10_13_1,chrome 64.0,2880x1800,3,3,3,0.3333333333333333
DP-1be5a4c04c52e7bb,mobile,Moto G (4) Build/NPJS25.93-14-8,,chrome generic,,5,5,5,0.2
DP-1bed0f7bcf1dee2d,desktop,rv:11.0,Windows 7,ie 11.0 for desktop,1360x768,2,2,2,0.5
DP-1bee986b1b7b15fa,mobile,ALTER,,chrome 63.0 for android,,1,1,1,1.0
DP-1bfabc125bcbe749,mobile,SM-T820 Build/NRD90M,Android 7.0,chrome generic for android,,1,1,1,1.0
DP-1bfe6b1bb7b3cb55,desktop,Windows,Windows 10,chrome 65.0,3200x1800,9,6,6,0.16666666666666666
DP-1c01fd9b010c86d4,mobile,SM-J500FN Build/MMB29M,,chrome 65.0 for android,,1,1,1,1.0
DP-1c058a363e7ff3a7,desktop,MacOS,Mac OS X 10_8_5,chrome 49.0,1680x1050,3,3,3,0.3333333333333333
DP-1c0c529c7b6e89f1,mobile,SM-G355M Build/KOT49H,,chrome 54.0 for android,,1,1,1,1.0
DP-1c0ec6c7a033ce17,desktop,MacOS,Mac OS X 10_11_6,safari 10.0,1920x1080,3,1,1,1.0
DP-1c0f92ea704ef36d,desktop,MacOS,Mac OS X 10_11_6,chrome 61.0,2560x1600,16,14,14,0.07142857142857142
DP-1c1f551bf198384a,mobile,Moto G (5) Build/NPPS25.137-15-11,,chrome 65.0 for android,,1,1,1,1.0
DP-1c2c39e7925dd929,mobile,BBA100-1,Android 6.0.1,chrome 63.0 for android,2562x1442,1,1,1,1.0
DP-1c387e0ee57522e4,desktop,rv:58.0,Windows 7,firefox 58.0,1920x1080,1,1,1,1.0
DP-1c38a2a143e73e13,mobile,SM-T560 Build/KTU84P,,chrome 62.0 for android,,6,5,5,0.2
DP-1c3f7d1859632998,mobile,iOS Device,iOS 11.1.2,mobile safari 9.0,1136x640,1,1,1,1.0
DP-1c4352894411c9f1,desktop,MacOS,Mac OS X 10_12_1,safari 10.0,1280x800,1,1,1,1.0
DP-1c51f3b19f2bc501,mobile,LAVA_A3,,chrome 63.0 for android,,1,1,1,1.0
DP-1c539f73c1f2c9b4,desktop,MacOS,Mac OS X 10_9_5,chrome 62.0,2560x1440,1,1,1,1.0
DP-1c58582b9bf7a63d,mobile,XT1032 Build/LPBS23.13-56-2,,chrome 54.0 for android,,1,1,1,1.0
DP-1c5871a888e87a44,desktop,Trident/7.0,Windows 10,ie 11.0 for desktop,3838x2158,1,1,1,1.0
DP-1c655089f7997dce,mobile,G3123 Build/40.0.A.6.189,,chrome 66.0 for android,,2,2,2,0.5
DP-1c84e69eca75978b,mobile,SM-G955U Build/NRD90M,Android 7.0,chrome 63.0 for android,2961x1442,19,11,11,0.09090909090909091
DP-1c88b0ef3c9a60dd,desktop,MALC,Windows 7,ie 11.0 for desktop,1366x768,1,1,1,1.0
DP-1c8c9edfb69230c6,mobile,Nexus,Android 8.1.0,chrome generic for android,2562x1442,1,1,1,1.0
DP-1ca131a402974a6e,desktop,Windows,Windows 7,chrome 59.0,1600x900,5,3,3,0.3333333333333333
DP-1caa2cbac00bbaa4,desktop,MacOS,Mac OS X 10_13_4,safari generic,1152x720,2,1,1,1.0
DP-1caa88ce8be887c2,mobile,SAMSUNG SM-G920T Build/NRD90M,Android 7.0,samsung browser 6.2,2560x1440,3,3,3,0.3333333333333333
DP-1cad2538437f33ef,mobile,VS987 Build/NRD90U,Android 7.0,chrome 64.0 for android,2560x1440,4,3,3,0.3333333333333333
DP-1caf41d74d43f774,desktop,MacOS,Mac OS X 10_10_5,safari generic,2880x1800,96,65,65,0.015384615384615385
DP-1cba073b63dcad75,desktop,rv:50.0,Mac OS X 10.13,firefox,2880x1800,1,1,1,1.0
DP-1cba88ae4aa0f64b,mobile,SAMSUNG-SM-G935A Build/NRD90M,Android 7.0,chrome 62.0 for android,2560x1440,1,1,1,1.0
DP-1cbe223852baba54,mobile,SAMSUNG SM-G610M Build/NRD90M,,samsung browser 6.4,,3,3,3,0.3333333333333333
DP-1cc3ae5f4c706c61,mobile,SM-N950W,,chrome 62.0 for android,,1,1,1,1.0
DP-1cdbabc5f8211bed,desktop,Windows,Windows 10,chrome 65.0,1680x1050,34,21,21,0.047619047619047616
DP-1cde4c2c30494457,mobile,F5122,,chrome generic for android,,1,1,1,1.0
DP-1cfa49e92153d0d3,mobile,LG-H932,Android 7.1.2,chrome 60.0 for android,1440x720,1,1,1,1.0
DP-1cfd5188f736397d,mobile,Blade V6 Build/LRX22G,,chrome 62.0 for android,,4,3,3,0.3333333333333333
DP-1d00fd876ccfcb2a,mobile,iOS Device,iOS 11.2.6,google,1334x750,1,1,1,1.0
DP-1d029f109d07b78e,mobile,SM-G920F Build/NRD90M,,chrome 63.0 for android,,18,11,11,0.09090909090909091
DP-1d087f30753ffbbb,desktop,MacOS,Mac OS X 10_12_6,safari 11.0,2048x1280,1,1,1,1.0
DP-1d0a86252a821ecd,mobile,SM-J727T1 Build/NRD90M,Android 7.0,chrome 66.0 for android,1280x720,4,2,2,0.5
DP-1d19e7d94d260d5b,mobile,Ilium X710 Build/MRA58K,,chrome 64.0 for android,,12,6,6,0.16666666666666666
DP-1d1a7fa87554bc9f,mobile,SAMSUNG-SM-G900A Build/MMB29M,Android 6.0.1,samsung browser 4.0,1920x1080,7,1,1,1.0
DP-1d1e5b2a91ea13d3,mobile,E6603 Build/32.4.A.1.54,,chrome 63.0 for android,,5,2,2,0.5
DP-1d2bc0ab3af61038,mobile,LG-TP260 Build/NRD90U,,chrome 62.0 for android,,1,1,1,1.0
DP-1d2ce92b5c583498,desktop,rv:54.0,Windows 10,firefox,1600x900,1,1,1,1.0
DP-1d3858fc25fafea2,desktop,MacOS,Mac OS X 10_13_3,chrome 64.0,2880x1800,35,21,21,0.047619047619047616
DP-1d3886d71cfdeeed,desktop,Lenovo TB3-710I Build/LMY47I,,chrome generic,,2,1,1,1.0
DP-1d400a6bc908acab,desktop,Trident/7.0,Windows 10,ie 11.0 for desktop,1280x1023,4,3,3,0.3333333333333333
DP-1d441098ee192d44,mobile,Ilium LT510 Build/MRA58K,,chrome 57.0 for android,,1,1,1,1.0
DP-1d48a49bc6401848,mobile,HTC Desire 626s Build/LMY47O,,chrome 65.0 for android,,7,2,2,0.5
DP-1d54e5cac34e6309,mobile,SM-J701M Build/NRD90M,,chrome 65.0 for android,,33,12,12,0.08333333333333333
DP-1d5e92571919d840,desktop,Windows,Windows 8.1,chrome 60.0,1920x1080,5,3,3,0.3333333333333333
DP-1d63d2afa924f9dc,desktop,MacOS,Mac OS X 10_13_1,chrome 63.0,4096x2304,2,2,2,0.5
DP-1d65390aa3942f98,mobile,LG-M250 Build/NRD90U,,chrome generic for android,,2,1,1,1.0
DP-1d65e32409fab57d,desktop,rv:11.0,Windows 7,ie 11.0 for desktop,1919x1079,3,2,2,0.5
DP-1d71c0cf6d39a683,mobile,iOS Device,iOS 11.2.1,mobile safari uiwebview,1136x640,1,1,1,1.0
DP-1d71e438cd1ed88f,mobile,SM-P600 Build/LMY47X,,chrome 64.0 for android,,1,1,1,1.0
DP-1d783d1db7dae5d8,desktop,Windows,Windows 7,chrome 66.0,1280x800,3,3,3,0.3333333333333333
DP-1d81a165b0bb2f83,mobile,iOS Device,iOS 10.3.1,mobile safari generic,2001x1125,2,1,1,1.0
DP-1d84508d7b0be156,desktop,Windows,Windows 8.1,chrome 62.0,1728x972,1,1,1,1.0
DP-1d9ec4645af02d77,desktop,Windows,Windows 7,chrome 65.0,3440x1440,1,1,1,1.0
DP-1da29b073ba5b5bb,mobile,Moto E (4) Build/NMA26.42-19,,chrome generic,,91,18,18,0.05555555555555555
DP-1da30cedcd49d553,mobile,SM-N950U Build/NMF26X,Android 7.1.1,chrome 65.0 for android,,1,1,1,1.0
DP-1db1f2e80c5c7ede,mobile,SM-A720F Build/NRD90M,,chrome 63.0 for android,,29,10,10,0.1
DP-1db87a6719cc8cef,desktop,Windows,Windows 10,chrome 62.0,2736x1824,27,25,25,0.04
DP-1dbbc9961e809ee9,desktop,MacOS,Mac OS X 10_9_5,chrome 62.0,1680x1050,1,1,1,1.0
DP-1dbd47c8fc76bcea,desktop,Windows,Windows 10,edge 14.0,1600x900,20,15,15,0.06666666666666667
DP-1dbf06f76fcc395b,mobile,LG-X230 Build/MRA58K,,chrome 65.0 for android,,11,7,7,0.14285714285714285
DP-1dc02363c23fe532,mobile,Ilium LT510 Build/MRA58K,,chrome 62.0 for android,,1,1,1,1.0
DP-1dc35499ed9ab387,mobile,LG-K410 Build/LRX22G,,chrome 63.0 for android,,34,14,14,0.07142857142857142
DP-1dc84a28100be3bb,desktop,Trident/7.0,Windows 7,ie 11.0 for desktop,3440x1440,2,2,2,0.5
DP-1dce33553faa0be3,mobile,M4 SS4458 Build/MMB29M,,chrome 50.0 for android,,2,1,1,1.0
DP-1de11956ce88331f,desktop,Windows,Windows 8,chrome 61.0,1360x768,1,1,1,1.0
DP-1de8715211e3f629,desktop,,Linux,chrome 62.0,1600x900,1,1,1,1.0
DP-1df0225b0dec8510,desktop,Windows,Windows 8,firefox 57.0,1280x1024,1,1,1,1.0
DP-1df27f1cded46883,mobile,GT-I9500,,chrome 63.0 for android,,3,2,2,0.5
DP-1df9551e1e418a01,mobile,SM-A510M Build/NRD90M,,chrome generic for android,,5,3,3,0.3333333333333333
DP-1e034ad58a9824c7,mobile,SAMSUNG SM-A520F Build/NRD90M,,samsung browser generic,,4,2,2,0.5
DP-1e120aa3e73f64e2,desktop,MacOS,Mac OS X 10_9_5,chrome 64.0,2560x1600,4,4,4,0.25
DP-1e1e71c345cf91c6,mobile,SAMSUNG SM-G935F Build/MMB29K,,samsung browser 6.2,,2,1,1,1.0
DP-1e40219528652192,desktop,Windows,Windows 10,chrome 62.0,2560x1600,4,3,3,0.3333333333333333
DP-1e46de266522df76,mobile,LG-K550 Build/NRD90U,Android 7.0,chrome 59.0 for android,1280x720,1,1,1,1.0
DP-1e4bd8eae55ed322,mobile,SM-J700M Build/MMB29K,,chrome 57.0 for android,,4,2,2,0.5
DP-1e59f9a3afc1232d,desktop,Windows,Windows 10,chrome 56.0,1680x1050,1,1,1,1.0
DP-1e6a7cb95c144ba2,mobile,TREKKER-X3 Build/MMB29M,,chrome 63.0 for android,,3,1,1,1.0
DP-1e6df6bf8451f391,mobile,E5823,,chrome 63.0 for android,,4,1,1,1.0
DP-1e7640b97d49ea95,mobile,SGH-M919 Build/KTU84P,Android,chrome generic,1920x1080,1,1,1,1.0
DP-1e81c9611a0a33ff,desktop,Windows,Windows 10,chrome 65.0,1024x768,7,6,6,0.16666666666666666
DP-1e82d3dedabecfcd,desktop,MacOS,Mac OS X 10_11_6,safari generic,1440x900,300,155,155,0.0064516129032258064
DP-1e997b4f55c5e70d,mobile,MotoG3 Build/MPIS24.65-33.1-2-16,,chrome 63.0 for android,,22,12,12,0.08333333333333333
DP-1e9cbd6f2927effd,mobile,LG-X165g Build/LRX21M,,chrome 66.0 for android,,1,1,1,1.0
DP-1ea54f8933b8e8e0,mobile,iOS Device,iOS 10.3.3,mobile safari uiwebview,1136x640,2,2,2,0.5
DP-1eb0065c5c842989,mobile,iOS Device,iOS 11.0.1,mobile safari generic,2001x1125,3,3,3,0.3333333333333333
DP-1eb00d80cdfb4390,mobile,Redmi 3S Build/MMB29M,,chrome 63.0 for android,,1,1,1,1.0
DP-1eb8cba7d54e7333,desktop,Trident/7.0,Windows 10,ie 11.0 for desktop,1680x1049,1,1,1,1.0
DP-1eb9f9497e7a2e28,mobile,KFAPWI Build/KTU84M,Android,chrome generic,2560x1600,7,6,6,0.16666666666666666
DP-1ec0786daa318153,mobile,PRA-LX3 Build/HUAWEIPRA-LX3,,chrome 62.0 for android,,6,3,3,0.3333333333333333
DP-1ec5c3e8ad9c9778,desktop,MacOS,Mac OS X 10_13_3,chrome 63.0,2880x1800,7,5,5,0.2
DP-1ec9ffa7cd8cdfd6,mobile,M431,,chrome 63.0 for android,,1,1,1,1.0
DP-1ecea7ef7ee9535b,mobile,SM-G925V Build/NRD90M,,android webview 4.0,,1,1,1,1.0
DP-1ed50d948e02bbbf,mobile,HUAWEI NXT-L09 Build/HUAWEINXT-L09,,chrome 63.0 for android,,7,4,4,0.25
DP-1ed9606dd5dbdd24,desktop,MacOS,Mac OS X 10_10_5,chrome 66.0,1280x1024,1,1,1,1.0
DP-1ed9ea2e98b9d1db,desktop,rv:59.0,Mac OS X 10.13,firefox 59.0,1440x900,4,4,4,0.25
DP-1edb7c2c9b3083cf,mobile,SM-A310M Build/LMY47X,,chrome 64.0 for android,,11,5,5,0.2
DP-1ee6dcc63dd1ff75,desktop,Windows,Windows Vista,chrome 49.0,1280x768,1,1,1,1.0
DP-1ee8d03136f7b343,mobile,SM-G930P Build/NRD90M,Android 7.0,chrome 62.0 for android,,1,1,1,1.0
DP-1eeb04d7767cd8b4,desktop,Trident/7.0,Windows 10,ie 11.0 for tablet,1600x900,31,26,26,0.038461538461538464
DP-1eeb673e369fe7ef,mobile,XT1033,Android,chrome 63.0 for android,1280x720,3,3,3,0.3333333333333333
DP-1eee1ade73391127,mobile,Mi A1 Build/N2G47H,,opera,,1,1,1,1.0
DP-1ef0f4aeeaa0c28a,mobile,LG-H871,Android 7.0,chrome 63.0 for android,2672x1440,2,2,2,0.5
DP-1ef5541efc6ed96d,mobile,RCT6S03W12,Android 7.0,chrome 62.0 for android,1280x800,1,1,1,1.0
DP-1ef5d82cb11a543c,mobile,SAMSUNG-SM-G890A Build/NRD90M,Android 7.0,chrome 64.0 for android,2560x1440,1,1,1,1.0
DP-1efc0a5f98ded2b2,mobile,SM-J327P Build/MMB29M,,chrome 66.0 for android,,9,6,6,0.16666666666666666
DP-1f0387724b2d49a9,desktop,Windows,Windows 10,chrome 62.0,2400x1350,7,6,6,0.16666666666666666
DP-1f0767e92be21b67,mobile,VS995 Build/NRD90M,Android 7.0,android webview 4.0,2560x1440,1,1,1,1.0
DP-1f0ed22992291105,mobile,LG-V495,Android 6.0,chrome 63.0 for android,,3,2,2,0.5
DP-1f0f44097de947f5,mobile,TA-1044 Build/OPR1.170623.026,,chrome 64.0 for android,,1,1,1,1.0
DP-1f1fcf7bb3aaa481,desktop,MacOS,Mac OS X 10_13_3,safari generic,3440x1440,1,1,1,1.0
DP-1f2624bb5acd0f44,desktop,MacOS,Mac OS X 10_13_1,chrome 63.0,2520x1575,1,1,1,1.0
DP-1f2edc4a2a2c6937,mobile,Moto,Android 7.1.1,chrome 66.0 for android,1280x720,1,1,1,1.0
DP-1f3973ed2ce1de85,desktop,Windows,Windows 10,firefox 59.0,1440x900,2,1,1,1.0
DP-1f39a00ca0d0e4ec,mobile,SM-G950U Build/NRD90M,Android 7.0,chrome 66.0 for android,2220x1080,3,3,3,0.3333333333333333
DP-1f3df058239a2870,desktop,MacOS,Mac OS X 10_10_5,chrome 65.0,2880x1800,1,1,1,1.0
DP-1f481890e2ca3b6a,mobile,LG-M154,,chrome 63.0 for android,,2,2,2,0.5
DP-1f4946002b7b9706,mobile,SAMSUNG SM-J700M Build/MMB29K,,samsung browser 6.4,,35,11,11,0.09090909090909091
DP-1f504806729091c0,mobile,SM-G530H Build/LRX22G,,chrome 61.0 for android,,3,3,3,0.3333333333333333
DP-1f52c1ae9d9431ba,mobile,gxq6580_weg_l Build/LMY47I,,chrome 59.0 for android,,1,1,1,1.0
DP-1f5f186389cbd9dc,desktop,MacOS,Mac OS X 10_12_6,chrome 61.0,2880x1800,8,8,8,0.125
DP-1f603b41bf0c3ae2,mobile,SM-G930V Build/NRD90M,,chrome 64.0 for android,,1,1,1,1.0
DP-1f6120d4be4e0aca,mobile,4047A Build/NRD90M,,chrome 56.0 for android,,2,2,2,0.5
DP-1f64830d2a5e11ac,desktop,Trident/7.0,Windows 7,ie 11.0 for desktop,1919x1200,3,3,3,0.3333333333333333
DP-1f68a90d40e53e41,desktop,rv:11.0,Windows 7,ie 11.0 for desktop,1024x767,1,1,1,1.0
DP-1f9a6a64544e31d6,mobile,SM-G610M Build/MMB29K,,chrome 57.0 for android,,1,1,1,1.0
DP-1f9e77e7d28b91af,mobile,ASUS_X00HD Build/NMF26F,,chrome generic for android,,1,1,1,1.0
DP-1f9f1d2fc40ab725,mobile,iOS Device,iOS,mobile safari 10.0,1334x750,27,18,18,0.05555555555555555
DP-1fae54d08b8abf13,mobile,TA-1028 Build/NRD90M,,chrome 63.0 for android,,6,3,3,0.3333333333333333
DP-1fb82ed11d2756d5,desktop,MacOS,Mac OS X 10_10_5,chrome 66.0,1440x900,3,3,3,0.3333333333333333
DP-1fb835c0746e6d4b,mobile,ZEIA8,,chrome 62.0 for android,,2,1,1,1.0
DP-1fb9c8ddd88ec8ef,mobile,SM-J500M Build/LMY48B,,chrome 64.0 for android,,39,21,21,0.047619047619047616
DP-1fb9e2c9e2f3a5db,desktop,MacOS,Mac OS X 10_13_4,chrome generic,2560x1440,1,1,1,1.0
DP-1fbf24df435f9c3d,mobile,iOS Device,iOS 9.3.5,chrome,2048x1536,2,2,2,0.5
DP-1fc0ba4f3badfd4c,mobile,F3113 Build/33.2.A.4.70,,chrome 62.0 for android,,4,4,4,0.25
DP-1fc63a5e7f338da0,desktop,Windows,Windows 10,chrome 57.0,1920x1200,1,1,1,1.0
DP-1fce1de9ed532947,desktop,rv:59.0,Mac OS X 10.11,firefox 59.0,1440x900,1,1,1,1.0
DP-1fdb7bde88e954d6,desktop,MacOS,Mac OS X 10_11_4,chrome 62.0,2560x1600,2,2,2,0.5
DP-1fe6dea679863c94,desktop,MacOS,Mac,chrome 62.0,1280x800,13,11,11,0.09090909090909091
DP-1ff0a55770aab65e,mobile,SM-G900V Build/MMB29M,Android 6.0.1,chrome 64.0 for android,1920x1080,5,5,5,0.2
DP-1ff52760ecfb54ec,mobile,SM-A320Y,,chrome 64.0 for android,,1,1,1,1.0
DP-1ffce92aff5e9441,mobile,Nexus,Android 8.1.0,chrome 65.0 for android,2562x1442,1,1,1,1.0
DP-200603c74dd2ebf9,mobile,iOS Device,iOS 11.2.1,mobile safari uiwebview,2436x1125,1,1,1,1.0
DP-200f7e12bb3c7b90,mobile,G3123 Build/40.0.A.6.189,,chrome generic for android,,1,1,1,1.0
DP-201259b98e24eed9,mobile,SM-J700M Build/MMB29K,,chrome 62.0 for android,,50,17,17,0.058823529411764705
DP-2026ea95c345572a,mobile,HTC,Android,chrome 50.0 for android,1280x720,1,1,1,1.0
DP-2028320abf075053,mobile,GT-I9060M Build/KTU84P,,chrome 59.0 for android,,1,1,1,1.0
DP-202f10601566d074,desktop,Linux i686,Linux,firefox 57.0,1920x1080,1,1,1,1.0
DP-204bf32591106626,mobile,SAMSUNG SM-J327A Build/NRD90M,Android 7.0,samsung browser 6.4,1280x720,3,1,1,1.0
DP-20539b3d1c966b4b,mobile,SM-T330,,chrome 65.0 for android,,1,1,1,1.0
DP-206095eedea1c833,mobile,LG-H542 Build/MRA58K,,chrome 50.0 for android,,9,4,4,0.25
DP-206e2364e2f77a9d,mobile,HUAWEI VNS-L23 Build/HUAWEIVNS-L23,,chrome 62.0 for android,,6,5,5,0.2
DP-206f596b580a0c27,desktop,,,opera generic,,3,3,3,0.3333333333333333
DP-2075019db8e8982b,mobile,SM-G955U Build/NRD90M,Android 7.0,chrome 64.0 for android,,27,18,18,0.05555555555555555
DP-20751b1b1f2cfeed,desktop,Windows,Windows 7,chrome 60.0,1366x768,9,8,8,0.125
DP-207c176068d59ad5,mobile,LG-K220 Build/MXB48T,,chrome 58.0 for android,,1,1,1,1.0
DP-207f5ca8bc7aac81,mobile,F3111 Build/33.3.A.1.97,,chrome 65.0 for android,,1,1,1,1.0
DP-208130184809e6df,mobile,E2006,,chrome 62.0 for android,,1,1,1,1.0
DP-2082b5267a9f5713,mobile,BLADE A602 Build/MRA58K,,chrome 64.0 for android,,1,1,1,1.0
DP-208ce074f20af40a,mobile,LGL58VL,Android 6.0.1,chrome 62.0 for android,855x480,2,1,1,1.0
DP-2091df94331e5379,mobile,SM-T530NU Build/LRX22G,Android 5.0.2,chrome 66.0 for android,1280x800,2,2,2,0.5
DP-2094f2ec3aa662f8,mobile,SM-N950U Build/R16NW,,chrome generic for android,,1,1,1,1.0
DP-20ab2ac40da97abf,mobile,5051A Build/MMB29M,,chrome 50.0 for android,,1,1,1,1.0
DP-20af062fdc8f4aa3,mobile,HUAWEI TAG-L13 Build/HUAWEITAG-L13,,chrome 65.0 for android,,9,9,9,0.1111111111111111
DP-20c0b9f66c0ac188,mobile,KYOCERA-C6742A Build/LMY47V,Android 5.1.1,chrome generic,960x540,2,1,1,1.0
DP-20cc9447faa1e179,mobile,Redmi Note 3 Build/MMB29M,,chrome 66.0 for android,,1,1,1,1.0
DP-20d0c12c859c3305,desktop,,Linux,chrome 56.0,1536x864,1,1,1,1.0
DP-20d13a7ca4d35b0d,mobile,LG-H500 Build/LRX21Y,,chrome 59.0 for android,,1,1,1,1.0
DP-20d74022e7211535,mobile,SAMSUNG-SM-J327A Build/NRD90M,Android 7.0,chrome 66.0 for android,1280x720,1,1,1,1.0
DP-20db90e6101ecaa0,mobile,5010S Build/MRA58K,,chrome 65.0 for android,,2,1,1,1.0
DP-20dbabf5c5b38461,mobile,C6906,,chrome 65.0 for android,,1,1,1,1.0
DP-20ddb0e5e3785ed8,mobile,XT1563 Build/MPDS24.107-52-5,,chrome 63.0 for android,,2,1,1,1.0
DP-20ea34e2de5dec7d,mobile,ALE-L23 Build/HuaweiALE-L23,,chrome generic,,25,12,12,0.08333333333333333
DP-20f8bee967250933,desktop,rv:58.0,Mac OS X 10.9,firefox 58.0,1440x900,1,1,1,1.0
DP-2100c5a19d7412cc,mobile,Hisense F20 Build/MMB29M,,chrome 65.0 for android,,1,1,1,1.0
DP-21057afd6c71497d,mobile,ILIUM,,chrome 57.0 for android,,1,1,1,1.0
DP-21097958f08f5fe2,mobile,SAMSUNG-SM-G920A Build/NRD90M,Android 7.0,chrome generic for android,2560x1440,3,2,2,0.5
DP-210f70f83b9e6b84,desktop,Windows,Windows 7,chrome 60.0,2112x1188,3,3,3,0.3333333333333333
DP-21110c2ebaff0c0b,mobile,SM-T280 Build/LMY47V,Android 5.1.1,chrome 65.0 for android,,2,2,2,0.5
DP-21141be555eac868,mobile,TRT-L53 Build/HUAWEITRT-L53,,chrome 65.0 for android,,23,13,13,0.07692307692307693
DP-2118beee8243a4b4,mobile,E2306 Build/26.3.A.1.33,,chrome 57.0 for android,,2,2,2,0.5
DP-211a957c28a73cd1,mobile,XT1585 Build/NCK25.118-10.5,Android 7.0,chrome 64.0 for android,2560x1440,2,2,2,0.5
DP-211ca9874bd0284a,mobile,F3113 Build/33.2.A.3.81,,chrome 51.0 for android,,3,1,1,1.0
DP-213690b0dfc8e303,mobile,HUAWEI CUN-L03 Build/HUAWEICUN-L03,,chrome 64.0 for android,,7,5,5,0.2
DP-2139e1411e2b8197,desktop,Windows,Windows 8.1,firefox 57.0,,6,5,5,0.2
DP-214011f048b9a5d5,mobile,SM-T710 Build/NRD90M,,chrome 63.0 for android,,7,3,3,0.3333333333333333
DP-21514ba62a10ec67,mobile,SM-J700T Build/NMF26X,Android 7.1.1,chrome 63.0 for android,1280x720,6,6,6,0.16666666666666666
DP-215296bbe99c3be7,mobile,ILIUM,,chrome 58.0 for android,,1,1,1,1.0
DP-215618ed98bcb09d,mobile,SM-J700P,Android 7.1.1,chrome 65.0 for android,1280x720,1,1,1,1.0
DP-2165dde8f2611be1,desktop,Star,,chrome generic,,2,1,1,1.0
DP-218b8da69794808d,mobile,HTC Desire 650 Build/MMB29M,,chrome 63.0 for android,,19,8,8,0.125
DP-21982e56d283b9cb,mobile,SM-G955U1 Build/NRD90M,Android 7.0,chrome 60.0 for android,,1,1,1,1.0
DP-21a14f4ea06dea83,mobile,CRO-L03 Build/HUAWEICRO-L03,,chrome 62.0 for android,,1,1,1,1.0
DP-21a93f89ed21b101,mobile,iOS Device,iOS 10.2.0,mobile safari generic,2048x1536,4,4,4,0.25
DP-21b238b7769b0ce6,mobile,SAMSUNG,Android,chrome generic,1920x1080,5,5,5,0.2
DP-21b70881d63482f2,desktop,Windows,Windows 7,chrome 62.0,1280x960,1,1,1,1.0
DP-21bbd81270b2741d,mobile,iOS Device,iOS,mobile safari generic,2001x1125,2,2,2,0.5
DP-21bfecdc3c4e0ca2,mobile,SM-G955F Build/NRD90M,,chrome 65.0 for android,,40,16,16,0.0625
DP-21c4c0e6683fa063,mobile,SM-N910V Build/MMB29M,Android 6.0.1,chrome 64.0 for android,2560x1440,2,1,1,1.0
DP-21c844b850478fe2,mobile,SM-J727VPP Build/NRD90M,,chrome 63.0 for android,,1,1,1,1.0
DP-21e0b70e7e130b0b,desktop,rv:60.0,Mac OS X 10.11,firefox 60.0,1920x1080,1,1,1,1.0
DP-21e4950685284ac8,mobile,SM-J327V Build/NRD90M,Android 7.0,chrome 64.0 for android,1280x720,2,2,2,0.5
DP-21eabfab592a4190,mobile,Ilium L610 Build/MRA58K,,chrome 64.0 for android,,2,2,2,0.5
DP-21f057541634ac5e,mobile,iOS Device,iOS,mobile safari generic,1334x750,23,17,17,0.058823529411764705
DP-21f323514d7c4870,mobile,XT1585 Build/NCK25.118-10.5,,chrome 65.0 for android,2560x1440,1,1,1,1.0
DP-21f3f7271379ec73,desktop,MotoG3,,chrome,,1,1,1,1.0
DP-21f449d48f816bf6,mobile,Moto E (4) Plus Build/NMA26.42-69,,chrome 66.0 for android,,10,5,5,0.2
DP-221015301f94cf90,desktop,rv:54.0,Windows 7,firefox,1920x1080,2,2,2,0.5
DP-221f4efd7fb58be9,mobile,SM-T230NU Build/KOT49H,Android 4.4.2,chrome 63.0 for android,,2,2,2,0.5
DP-2237962ec0a56194,desktop,Windows,Windows 8.1,chrome 63.0,2160x1440,11,10,10,0.1
DP-2238a0d10b6a5985,desktop,Windows,Windows 7,chrome 65.0,1280x720,6,3,3,0.3333333333333333
DP-223c0e17eda0dc4c,desktop,rv:59.0,Mac OS X 10.12,firefox 59.0,4096x2304,2,1,1,1.0
DP-2242bb2c96950687,mobile,SM-G955F Build/NRD90M,,chrome 62.0 for android,,9,5,5,0.2
DP-224e75954922eec4,desktop,MacOS,Mac OS X 10_11_6,safari 11.0,1920x1080,13,9,9,0.1111111111111111
DP-2258e1e76e8f0b2b,mobile,ASUS_Z00UD,,android webview 4.0,,1,1,1,1.0
DP-2261cba8f75dab6d,mobile,SM-G950U Build/NRD90M,Android 7.0,chrome 63.0 for android,2961x1440,1,1,1,1.0
DP-2263ef45734cf205,mobile,iOS Device,iOS 11.0.2,mobile safari generic,2048x1536,14,13,13,0.07692307692307693
DP-22654ed7c89fccba,desktop,rv:52.0,Mac OS X 10.12,firefox 52.0,2880x1800,4,4,4,0.25
DP-2267a99564d39a75,mobile,SAMSUNG SM-G570M Build/NRD90M,,samsung browser 6.4,,3,3,3,0.3333333333333333
DP-226ecc2b6af03f3d,desktop,MacOS,Mac OS X 10_11_6,chrome 64.0,2880x1800,9,8,8,0.125
DP-226edd0c101297a7,desktop,,Linux,chrome 60.0,3200x1800,1,1,1,1.0
DP-2271a42e2d77f271,mobile,SM-G935W8,Android 7.0,chrome 63.0 for android,2562x1442,1,1,1,1.0
DP-2276df477cfa518c,mobile,Lenovo PB1-750M Build/S100,,chrome 66.0 for android,,3,2,2,0.5
DP-227c3bb8480b09a9,desktop,Windows,Windows 7,firefox,1280x800,1,1,1,1.0
DP-227d5aa23200d7c9,mobile,Lenovo K33b36 Build/NRD90N,,chrome 62.0 for android,,2,1,1,1.0
DP-2285110b354ccbd9,mobile,LG-H650 Build/LMY47V,,chrome 63.0 for android,,1,1,1,1.0
DP-22880b491acc870f,mobile,Redmi 4X Build/N2G47H,,chrome 65.0 for android,,9,8,8,0.125
DP-22934a4ce4fddc50,mobile,rv:60.0,,Generic/Android,,1,1,1,1.0
DP-2294b406341f8e5a,mobile,XT1635-02 Build/NPN26.118-22-2,,chrome 57.0 for android,,3,2,2,0.5
DP-22973d44df7b180a,desktop,MacOS,Mac OS X 10_9_5,safari generic,2560x1600,43,30,30,0.03333333333333333
DP-229a18fc763539aa,desktop,,Linux,chrome 64.0,1280x720,2,2,2,0.5
DP-229b4023764ad6ff,desktop,MacOS,Mac OS X 10_12_2,chrome 63.0,2880x1800,1,1,1,1.0
DP-229feeb642bb6138,desktop,MacOS,Mac OS X 10_12_6,chrome 65.0,1920x1080,8,7,7,0.14285714285714285
DP-22a3a23818ff6bda,mobile,TA-1003,,chrome 62.0 for android,,1,1,1,1.0
DP-22b1c4b6003e7323,mobile,F8331,,chrome 62.0 for android,,2,2,2,0.5
DP-22b77094f4bf644b,desktop,Trident/7.0,Windows 10,ie 11.0 for tablet,2159x1439,1,1,1,1.0
DP-22b9e5fe2047872e,mobile,BBB100-1,,chrome 66.0 for android,,1,1,1,1.0
DP-22bae1a36e9898e9,mobile,SM-G900T Build/MMB29M,,chrome 63.0 for android,,2,2,2,0.5
DP-22c4d9306431e614,desktop,MacOS,Mac OS X 10_12_6,chrome generic,2880x1800,5,5,5,0.2
DP-22d06ecb66789ada,desktop,Windows,Windows 10,chrome 64.0,1280x1025,1,1,1,1.0
DP-22d0b2ba5615b7ab,mobile,Blade L3 Build/KOT49H,,chrome 61.0 for android,,12,6,6,0.16666666666666666
DP-22d1eacb18db8c95,desktop,MacOS,Mac,chrome 63.0,1920x1200,1,1,1,1.0
DP-22ef61fcf8091f02,mobile,Blade V580 Build/LMY47D,,chrome 66.0 for android,,1,1,1,1.0
DP-22f60aa9fbcfc031,desktop,Windows,Windows 10,chrome 60.0,1366x768,41,23,23,0.043478260869565216
DP-23079ca92c46981a,desktop,Windows,Windows 10,chrome 63.0,2816x1760,1,1,1,1.0
DP-2318d34df487387d,mobile,9002A,,chrome 63.0 for android,,1,1,1,1.0
DP-231961852cb826ca,mobile,rv:57.0,Android 6.0.1,firefox,1232x800,1,1,1,1.0
DP-231a8746fe770649,desktop,MacOS,Mac OS X 10_12_6,chrome 62.0,4096x2304,3,2,2,0.5
DP-231e9cba16b5b482,desktop,rv:11.0,Windows 10,ie 11.0 for desktop,1440x900,6,4,4,0.25
DP-23256b4f95438825,mobile,Lenovo PB2-650Y Build/MRA58K,,chrome generic for android,,2,2,2,0.5
DP-2331e04a40ba0134,mobile,CAM-L03 Build/HUAWEICAM-L03,,chrome generic for android,,22,9,9,0.1111111111111111
DP-233256472406afee,desktop,Windows,Windows 10,chrome 63.0,1805x1015,2,1,1,1.0
DP-2338d24cbb475c11,mobile,LG-H542 Build/MRA58K,,chrome 58.0 for android,,1,1,1,1.0
DP-233b4734099bc319,mobile,LG-TP450 Build/NRD90U,Android 7.0,chrome 64.0 for android,1920x1080,1,1,1,1.0
DP-233e104f76dd02ff,desktop,rv:57.0,Mac OS X 10.12,firefox 57.0,1600x900,5,5,5,0.2
DP-233ffb9c3b63a994,desktop,Trident/7.0,Windows 8.1,ie 11.0 for desktop,3840x2160,2,1,1,1.0
DP-2342702a54a7c73c,desktop,Windows,Windows 10,ie 11.0 for desktop,1680x1050,5,4,4,0.25
DP-234d9df3c44a45d0,mobile,SAMSUNG-SM-N920A Build/NRD90M,Android 7.0,chrome 63.0 for android,1920x1080,1,1,1,1.0
DP-235233f649df04a8,desktop,MacOS,Mac OS X 10_11_6,safari generic,1280x720,2,2,2,0.5
DP-235b512024ed6ce5,mobile,VTR-L09 Build/HUAWEIVTR-L09,,chrome 63.0 for android,,6,1,1,1.0
DP-235b8b728399be33,desktop,Windows,Windows 10,edge 14.0,2160x1440,2,2,2,0.5
DP-235ff0bc6bc2c598,mobile,SM-A510M Build/NRD90M,,chrome 58.0 for android,,2,2,2,0.5
DP-236007e9325cda84,mobile,SM-T310 Build/KOT49H,,chrome 66.0 for android,,1,1,1,1.0
DP-2363243cbc1c25e0,desktop,rv:57.0,Mac OS X 10.13,firefox 57.0,1920x1200,2,2,2,0.5
DP-23758a275659fc98,mobile,SM-J700M Build/MMB29K,,chrome generic for android,,53,15,15,0.06666666666666667
DP-237fd637eed2a724,mobile,SM-T560 Build/KTU84P,,chrome 52.0 for android,,1,1,1,1.0
DP-23818859e6ef33ee,mobile,LG-D331 Build/LRX22G,,chrome 60.0 for android,,1,1,1,1.0
DP-23873877ecbb4aef,mobile,SM-G930F Build/NRD90M,Android 7.0,chrome generic for android,1281x721,1,1,1,1.0
DP-238c382ea1e4422d,desktop,MacOS,Mac,safari generic,1680x1050,2,2,2,0.5
DP-2392adf7b21c6be3,desktop,Windows,Windows 10,chrome 66.0,1727x971,1,1,1,1.0
DP-23983d816d9d67a8,desktop,Windows,Windows 10,edge 16.0,1919x1080,18,14,14,0.07142857142857142
DP-23b6d11e20a244d8,mobile,,Android,chrome 64.0,2560x1600,3,1,1,1.0
DP-23be0da6395e0dd3,desktop,Windows,Windows Vista,chrome 49.0,1400x1050,1,1,1,1.0
DP-23c4be80758bcc0f,desktop,Windows,Windows 7,chrome 63.0,1800x1125,1,1,1,1.0
DP-23d2feae6d6ab1e0,mobile,SM-J727T1 Build/NRD90M,Android 7.0,chrome generic for android,1280x720,2,2,2,0.5
DP-23d699dea62447a5,mobile,F8331,,chrome generic for android,,1,1,1,1.0
DP-23dc6ebea076f8f9,mobile,SM-G955U Build/R16NW,Android 8.0.0,chrome 66.0 for android,2220x1080,4,4,4,0.25
DP-23f47860f451ae3c,desktop,Windows,Windows 10,chrome 63.0,1400x1050,1,1,1,1.0
DP-24033a1f1152bc48,mobile,BLADE V8Q Build/N2G47H,,chrome generic for android,,9,4,4,0.25
DP-2405f972686335ed,mobile,LG-M400 Build/NRD90U,,chrome 63.0 for android,,5,3,3,0.3333333333333333
DP-2409e0bdaa9f5e15,desktop,Windows,Windows Vista,ie,1280x720,2,1,1,1.0
DP-240c4a04c79b4c68,mobile,PSPC550 Build/LMY47D,,chrome 65.0 for android,,1,1,1,1.0
DP-240f40fca0d4e8c8,desktop,MacOS,Mac OS X 10_11_6,safari 11.0,2560x1440,2,2,2,0.5
DP-24151e6334f6109b,mobile,M4 SS4452 Build/LMY47V,,other,,1,1,1,1.0
DP-241790fc8c689851,mobile,SM-G950U Build/NRD90M,Android 7.0,chrome 63.0 for android,1480x720,2,2,2,0.5
DP-2420ad6963d2cb74,mobile,SM-N910H,,chrome 64.0 for android,,1,1,1,1.0
DP-243011f0982d5f54,mobile,SM-J320P Build/LMY47X,Android 5.1.1,chrome 64.0 for android,1280x720,2,1,1,1.0
DP-243345732a38deb0,mobile,Pixel,Android 7.1.2,chrome 64.0 for android,2560x1800,1,1,1,1.0
DP-243fdd0997b8dfb0,mobile,E6833,,chrome 65.0 for android,,1,1,1,1.0
DP-244390d4f3219221,desktop,MacOS,Mac OS X 10_12_6,chrome 62.0,1440x900,92,63,63,0.015873015873015872
DP-2444a2efe617b9a2,mobile,SM-N910V Build/MMB29M,Android 6.0.1,chrome 62.0 for android,2560x1440,5,4,4,0.25
DP-244e0e60e5a219eb,mobile,AX921 Build/MRA58K,,chrome 63.0 for android,,1,1,1,1.0
DP-244e573645e78a79,desktop,Windows,Windows 7,firefox 59.0,1360x768,1,1,1,1.0
DP-2457354bd30703e2,mobile,Android 5.1,,android browser 4.0,,13,4,4,0.25
DP-245c93820bf70345,mobile,SAMSUNG SM-J500M Build/LMY48B,,other,,3,3,3,0.3333333333333333
DP-246a67cd4b2b80c5,mobile,SAMSUNG SM-G920P Build/NRD90M,Android 7.0,samsung browser generic,2560x1440,1,1,1,1.0
DP-24779442fe54dcb2,mobile,A1601 Build/LMY47I,,chrome 60.0 for android,,3,2,2,0.5
DP-247da15c3fe06c32,mobile,iOS Device,iOS 10.2.0,mobile safari 10.0,2208x1242,24,19,19,0.05263157894736842
DP-247e823efc53ec23,desktop,MacOS,Mac OS X 10_12_2,chrome 62.0,1280x800,1,1,1,1.0
DP-24803cc42ca03680,desktop,rv:35.0,Mac OS X 10.10,firefox,1440x900,1,1,1,1.0
DP-248802e4398c3be2,desktop,Windows,Windows 7,chrome 61.0,1366x768,27,21,21,0.047619047619047616
DP-248d7487eea3bcb0,mobile,SAMSUNG,Android 7.0,samsung browser generic,1920x1080,1,1,1,1.0
DP-24aec4368aab02de,desktop,Windows,Windows XP,firefox 52.0,1152x864,2,2,2,0.5
DP-24b2cd0c81151355,mobile,SM-G950U Build/NRD90M,Android 7.0,chrome 60.0 for android,2220x1080,5,4,4,0.25
DP-24b92132a663da39,mobile,iOS Device,iOS,mobile safari 10.0,1136x640,2,2,2,0.5
DP-24c3fba703c09f52,mobile,Z956 Build/MMB29M,,chrome 56.0 for android,,6,2,2,0.5
DP-24c4ee5b4b6983fd,desktop,Windows,,opera,,28,11,11,0.09090909090909091
DP-24c621a775c854ae,mobile,ALCATEL ONE TOUCH 5036A Build/JDQ39,,chrome 63.0 for android,,2,1,1,1.0
DP-24ca19c4922f78ba,mobile,CAM-L03 Build/HUAWEICAM-L03,,chrome 60.0 for android,,3,2,2,0.5
DP-24d39923dfd0b698,mobile,iOS Device,iOS 11.2.6,google,2001x1125,1,1,1,1.0
DP-24e0cb8496325859,mobile,SM-G950U Build/NRD90M,Android 7.0,chrome 61.0 for android,2220x1080,2,2,2,0.5
DP-24e4b0b3c4ec1a22,mobile,Pixel 2 Build/OPM2.171019.016,Android 8.1.0,chrome 63.0 for android,,4,4,4,0.25
DP-24e7e55664a9e753,mobile,SAMSUNG SM-J700M Build/MMB29K,,samsung browser 6.2,,49,11,11,0.09090909090909091
DP-24e85eb5f164ea14,desktop,MacOS,Mac OS X 10_9_5,chrome 64.0,2048x1152,1,1,1,1.0
DP-24f0b5860d1099ec,mobile,XT1003,,chrome 62.0 for android,,1,1,1,1.0
DP-25080edc854dfb5e,mobile,Tmovi Build/Vision,,chrome 64.0 for android,,5,3,3,0.3333333333333333
DP-250dfdee0b6047d3,mobile,VS880PP,Android 5.1.1,chrome 56.0 for android,1280x720,1,1,1,1.0
DP-250ebecb6a421e9e,desktop,Windows,Windows 7,chrome 66.0,1920x1200,24,17,17,0.058823529411764705
DP-2519123bbc72bd99,mobile,SCH-I545 Build/LRX22C,Android,chrome 61.0 for android,1920x1080,2,2,2,0.5
DP-251b450e1a4b564c,desktop,Windows,Windows 10,chrome generic,2736x1824,4,4,4,0.25
DP-2522c018496b0d41,desktop,MacOS,Mac OS X 10_11_6,safari 11.0,1440x900,13,12,12,0.08333333333333333
DP-25323243ff27a2ce,mobile,SM-G965F Build/R16NW,,chrome 66.0 for android,,1,1,1,1.0
DP-253905f7ca0a6833,mobile,SM-J200M Build/LMY47X,,chrome 65.0 for android,,8,6,6,0.16666666666666666
DP-253aa28693267c70,desktop,Windows,Windows 10,chrome 61.0,1280x1024,3,1,1,1.0
DP-253be462518dbbeb,desktop,MacOS,Mac OS X 10_13_2,chrome 62.0,5760x3240,1,1,1,1.0
DP-254d897fc1c4cd6e,desktop,MacOS,Mac OS X 10_13_3,chrome 65.0,1920x1080,20,16,16,0.0625
DP-25511af8f08e35d0,desktop,rv:48.0,Mac,firefox 48.0,1920x1080,12,10,10,0.1
DP-2557d32c946e5be2,mobile,SM-G930V Build/NRD90M,Android 7.0,chrome 62.0 for android,1920x1080,31,24,24,0.041666666666666664
DP-257b0c428e01f46a,mobile,Lenovo,,chrome 54.0 for android,,1,1,1,1.0
DP-2582494008edf919,mobile,TA-1027 Build/N2G47H,,chrome 65.0 for android,,1,1,1,1.0
DP-2587a94b4d3d5f1d,mobile,CAM-L03 Build/HUAWEICAM-L03,,chrome 66.0 for android,,8,5,5,0.2
DP-258895ad2228c7e3,mobile,M4 SS4453 Build/MMB29M,,chrome 61.0 for android,,1,1,1,1.0
DP-258fd772da7d71fd,mobile,MHA-L09 Build/HUAWEIMHA-L09,,chrome 63.0 for android,,5,4,4,0.25
DP-25953a12e4dca657,mobile,SM-J727T1 Build/NRD90M,Android 7.0,chrome 64.0 for android,1280x720,3,1,1,1.0
DP-25963a653057284b,mobile,SM-J500M Build/MMB29M,,chrome 64.0 for android,,9,5,5,0.2
DP-259bf4f3e824fe4c,mobile,SM-T230 Build/KOT49H,,chrome 63.0 for android,,3,2,2,0.5
DP-259cd29fb74df7e9,mobile,SM-G550T1 Build/MMB29K,,chrome 64.0 for android,,3,2,2,0.5
DP-25a0470a764eb640,mobile,SM-G935V Build/NRD90M,,chrome 64.0 for android,,2,2,2,0.5
DP-25a1b0a41b10d440,mobile,SM-J727U Build/NRD90M,,chrome 65.0 for android,,1,1,1,1.0
DP-25a6ee3bc7e711c3,desktop,Windows,Windows 7,firefox 58.0,0x0,3,3,3,0.3333333333333333
DP-25ac14bb146d25d1,mobile,MotoG3 Build/MPI24.65-33.1-2,,chrome 59.0 for android,,1,1,1,1.0
DP-25b4890ae21f9902,desktop,Windows,Windows XP,firefox 52.0,800x600,2,2,2,0.5
DP-25b7864d27057496,desktop,Windows,Windows 10,chrome 62.0,2048x1152,2,2,2,0.5
DP-25c2a24bcd7c33c1,mobile,SM-G935P Build/NRD90M,Android 7.0,chrome 65.0 for android,1920x1080,3,2,2,0.5
DP-25cbc839757a3123,mobile,iOS Device,iOS 10.0.2,mobile safari generic,2048x1536,15,12,12,0.08333333333333333
DP-25cd65cbd1044d8e,mobile,LGLS676 Build/MXB48T,Android 6.0.1,chrome 64.0 for android,1280x720,5,4,4,0.25
DP-25d27ecb26a41cd9,mobile,G630-U251,,chrome,,1,1,1,1.0
DP-25d3a1b3b8c5040c,mobile,Z982 Build/NMF26V,,chrome 65.0 for android,,3,2,2,0.5
DP-25e0f1049cdf8024,desktop,rv:49.0,Windows 10,firefox,1366x768,1,1,1,1.0
DP-25e6088ae7b46f4c,desktop,rv:48.0,Mac,firefox 48.0,2560x1440,3,3,3,0.3333333333333333
DP-25e63dbdaf740c93,mobile,Build/OPM1.171019.011,,chrome 66.0 for android,,5,4,4,0.25
DP-25e97a02beba89d0,mobile,LG-H500 Build/LRX21Y,,chrome 43.0 for android,,3,3,3,0.3333333333333333
DP-25ec4ca66ed78c33,mobile,iOS Device,iOS 11.2.0,mobile safari generic,2732x2048,1,1,1,1.0
DP-25f1ab712f319efa,mobile,SM-T560NU Build/MMB29M,Android 6.0.1,chrome 61.0 for android,1280x800,1,1,1,1.0
DP-25fa689a43d6fece,desktop,Windows,Windows 8.1,chrome 62.0,2880x1620,4,1,1,1.0
DP-25fb3358604f956d,desktop,Windows,Windows 10,edge 14.0,1279x1023,1,1,1,1.0
DP-2611c8c9ad559274,mobile,HUAWEI RIO-L03 Build/HUAWEIRIO-L03,,chrome 62.0 for android,,10,6,6,0.16666666666666666
DP-261a1c791c01a593,mobile,Pixel 2 XL Build/OPM1.171019.013,Android 8.1.0,chrome 63.0 for android,,2,2,2,0.5
DP-261abbed72e07beb,mobile,5010S Build/MRA58K,,chrome 62.0 for android,,1,1,1,1.0
DP-261de1ce719f4274,mobile,SM-G9650 Build/R16NW,,chrome 65.0 for android,,7,4,4,0.25
DP-261e28de99f5e0b8,desktop,Windows,Windows 8.1,chrome generic,1920x1080,13,13,13,0.07692307692307693
DP-261f2aa68e40036b,mobile,SM-G570M Build/NRD90M,,chrome 66.0 for android,,7,6,6,0.16666666666666666
DP-262150788ffc0365,mobile,SM-G950F Build/R16NW,,android webview 4.0,,1,1,1,1.0
DP-262a0809b7eac2d7,mobile,HUAWEI VNS-L31 Build/HUAWEIVNS-L31,,chrome 62.0 for android,,2,2,2,0.5
DP-2630b116b0676781,mobile,SM-S907VL,,chrome 59.0 for android,,1,1,1,1.0
DP-2639fef67c582706,desktop,,,chrome generic,,448,109,109,0.009174311926605505
DP-264215a41fed1c1c,mobile,SM-G935V Build/NRD90M,Android 7.0,chrome 60.0 for android,1920x1080,2,2,2,0.5
DP-264509f592b7d2d6,mobile,SM-G355M Build/KOT49H,,chrome 53.0 for android,,1,1,1,1.0
DP-264f27cd750637df,desktop,Windows,Windows 8.1,chrome 63.0,1600x900,73,52,52,0.019230769230769232
DP-265882ec9701305b,mobile,Moto Z2 Play Build/NPSS26.118-19-14,,chrome 63.0 for android,,31,15,15,0.06666666666666667
DP-267131454cea6e0f,desktop,MacOS,Mac OS X 10_11_4,safari generic,5120x2880,1,1,1,1.0
DP-2686746a74677901,desktop,Windows,Windows 10,chrome 58.0,1920x1080,6,6,6,0.16666666666666666
DP-26a9dd6501e798b1,desktop,Windows,Windows 7,firefox,1920x1080,3,3,3,0.3333333333333333
DP-26a9e53435aede12,desktop,MacOS,Mac OS X 10_10_5,chrome,1280x800,1,1,1,1.0
DP-26acd9afb15f3107,mobile,LG-H700 Build/NRD90U,,chrome 63.0 for android,,1,1,1,1.0
DP-26b012e675ad6f04,desktop,MacOS,Mac OS X 10_13_3,chrome 64.0,2560x1440,7,7,7,0.14285714285714285
DP-26b84506e515ec77,desktop,MacOS,Mac,safari generic,1280x720,2,1,1,1.0
DP-26ba94a49d9efc5f,mobile,LG-K371,,chrome 65.0 for android,,1,1,1,1.0
DP-26c4a64d682ce181,desktop,MacOS,Mac OS X 10_13_2,chrome 56.0,2560x1600,1,1,1,1.0
DP-26c554e3b12c920e,mobile,XT1058 Build/LPAS23.12-21.7-1,,chrome generic,,1,1,1,1.0
DP-26c606c28f5699e0,mobile,SM-J710MN Build/MMB29K,,chrome 63.0 for android,,28,13,13,0.07692307692307693
DP-26d128a398a960e0,desktop,Moto G (5) Plus Build/NPNS25.137-92-8,,chrome generic,,19,4,4,0.25
DP-26d2780db7599545,desktop,MacOS,Mac OS X 10_13_3,chrome 64.0,1920x1080,18,16,16,0.0625
DP-26de0cab118b9e9d,mobile,,,line,,6,3,3,0.3333333333333333
DP-26e1ffd8de796f74,mobile,SM-J700M Build/MMB29K,,chrome 55.0 for android,,14,9,9,0.1111111111111111
DP-26e36d1f9734ab27,mobile,P4526A Build/NRD90M,,chrome 63.0 for android,,1,1,1,1.0
DP-26e81bbab5214bce,desktop,Windows,Windows 10,waterfox,1366x768,1,1,1,1.0
DP-26f79debc95966ea,mobile,BLADE A520 Build/NRD90M,,chrome 63.0 for android,,6,4,4,0.25
DP-270140634ce512b5,desktop,rv:57.0,Mac OS X 10.13,firefox 57.0,2560x1440,7,7,7,0.14285714285714285
DP-27074c7e51e94b8f,desktop,Windows,Windows 10,chrome 63.0,3201x1800,3,3,3,0.3333333333333333
DP-270d4effafc309bf,desktop,Windows,Windows 8,chrome 65.0,1366x768,4,4,4,0.25
DP-270da5a9913f0a81,mobile,SAMSUNG-SM-G890A Build/NRD90M,Android 7.0,chrome 65.0 for android,2560x1440,1,1,1,1.0
DP-271220c3be29dafc,mobile,F8331 Build/41.2.A.7.76,,chrome generic for android,,1,1,1,1.0
DP-2712406f4493601c,mobile,HUAWEI VNS-L31 Build/HUAWEIVNS-L31,,chrome 63.0 for android,,5,4,4,0.25
DP-27160ddf0803c3cf,desktop,rv:55.0,Mac OS X 10.10,firefox 55.0,1440x900,1,1,1,1.0
DP-2721d75a61511a49,mobile,PRA-LX3 Build/HUAWEIPRA-LX3,,chrome 63.0 for android,,32,14,14,0.07142857142857142
DP-27226aebd082129d,mobile,RNE-L22 Build/HUAWEIRNE-L22,,chrome 66.0 for android,,2,1,1,1.0
DP-27246a482bd034d7,mobile,Ilium Pad T7X Build/LMY47I,,chrome 50.0 for android,,1,1,1,1.0
DP-272bb18737b6b3a8,mobile,Moto G Play Build/MPIS24.241-15.3-26,,chrome 59.0 for android,,1,1,1,1.0
DP-27383f3e3ca369df,mobile,SAMSUNG SM-G610M Build/MMB29K,,samsung browser 6.2,,16,10,10,0.1
DP-2738461a2e713b6c,desktop,rv:52.0,Windows Vista,firefox 52.0,1366x768,2,2,2,0.5
DP-2745d465b9ae15ec,desktop,Windows,Windows 8.1,chrome 62.0,1680x1050,4,4,4,0.25
DP-2745f63deabe156f,mobile,SM-J701M Build/NRD90M,,chrome 63.0 for android,,29,11,11,0.09090909090909091
DP-274864e505f1cd05,desktop,Windows,Windows 10,edge 17.0,1599x900,2,2,2,0.5
DP-275c05d9a307c758,mobile,Pixel 2 Build/OPM1.171019.019,,chrome 64.0 for android,,3,2,2,0.5
DP-27694f1ab889733e,mobile,H1711 Build/HUAWEIH1711,Android 7.0,chrome 58.0 for android,1280x720,1,1,1,1.0
DP-2769b954e3447f07,mobile,LG-M320 Build/NRD90U,,chrome 63.0 for android,,5,5,5,0.2
DP-2771632f56db941d,mobile,LT30p,,chrome 50.0 for android,,1,1,1,1.0
DP-277c84f1c0756c4f,desktop,SM-E500M Build/KTU84P,,chrome generic,,3,3,3,0.3333333333333333
DP-27872b29afbe52d2,mobile,SM-G950F Build/NRD90M,,chrome 64.0 for android,,48,24,24,0.041666666666666664
DP-2789dc89a3181af3,desktop,rv:57.0,Mac OS X 10.13,firefox 57.0,5120x2880,4,4,4,0.25
DP-2790a0fa69a1c881,desktop,Windows,Windows 8.1,opera,1366x768,2,2,2,0.5
DP-279359371477ab3d,mobile,iOS Device,iOS 11.3.0,firefox,1136x640,1,1,1,1.0
DP-27a0299e7972eb26,desktop,rv:11.0,Windows 7,ie 11.0 for desktop,1279x1023,2,2,2,0.5
DP-27a685afaecf2fc6,desktop,Windows,Windows 7,chrome 64.0,1366x768,99,59,59,0.01694915254237288
DP-27a8e7d62006012c,mobile,SM-G960U Build/R16NW,Android 8.0.0,chrome 65.0 for android,2960x1440,1,1,1,1.0
DP-27ae3523aee03a1b,desktop,MacOS,Mac OS X 10_13_4,chrome generic,1440x900,6,4,4,0.25
DP-27afc8bbb569ebd0,desktop,Windows,Windows 8.1,firefox 59.0,1440x900,1,1,1,1.0
DP-27b403274638e195,desktop,Lenovo,,chrome generic,,1,1,1,1.0
DP-27c18d1082017709,mobile,iOS Device,iOS 11.3.0,firefox,2001x1125,1,1,1,1.0
DP-27c1bcf70fc034fd,desktop,rv:57.0,Mac OS X 10.10,firefox 57.0,1440x900,8,7,7,0.14285714285714285
DP-27d2059141e35e1a,mobile,SM-J327VPP Build/NRD90M,Android 7.0,chrome 62.0 for android,1280x720,1,1,1,1.0
DP-27d88a040add9ca6,desktop,Windows,Windows 10,firefox,1920x1080,2,2,2,0.5
DP-27dfaeffac5680f3,desktop,rv:52.0,Mac OS X 10.11,firefox 52.0,1440x900,2,2,2,0.5
DP-27e475bdd0bc6a4c,mobile,YOLO,,android browser 4.0,,1,1,1,1.0
DP-27ea3b0df2ba9adb,desktop,Windows,Windows 7,chrome 64.0,1364x768,6,5,5,0.2
DP-281911218c005267,mobile,Moto,,chrome generic,,30,26,26,0.038461538461538464
DP-2821ad7aac469dc6,mobile,GT-I9195L,,chrome 63.0 for android,,1,1,1,1.0
DP-2822eb3ba678398b,mobile,E6553,,chrome 64.0 for android,,1,1,1,1.0
DP-28265624e1744a88,mobile,XT1032 Build/LPBS23.13-56-2,,chrome,,3,3,3,0.3333333333333333
DP-282b6b158f3ddd03,desktop,rv:57.0,Mac OS X 10.11,firefox 57.0,2560x1440,7,6,6,0.16666666666666666
DP-283c62418137719f,desktop,Windows,Windows 7,chrome 64.0,1280x960,2,1,1,1.0
DP-2843532f54544725,mobile,LG-M150,,chrome 66.0 for android,,1,1,1,1.0
DP-2849bc05962d598a,mobile,G3313,,chrome 62.0 for android,,1,1,1,1.0
DP-284d27bc3a3708a7,mobile,SAMSUNG SM-G950U Build/R16NW,Android 8.0.0,samsung browser 7.0,2220x1080,16,11,11,0.09090909090909091
DP-284dcdb6d759e740,desktop,,,opera 53.0,,2,2,2,0.5
DP-285487550b868044,mobile,SM-J727V Build/NRD90M,Android 7.0,chrome 62.0 for android,1280x720,2,2,2,0.5
DP-2857ab23e1999c05,mobile,SM-G930V Build/NRD90M,,chrome 62.0 for android,,1,1,1,1.0
DP-285e51d3c71ee162,mobile,SM-G530H Build/LRX22G,,chrome 46.0 for android,,13,9,9,0.1111111111111111
DP-28620aca261e4df2,desktop,Windows,Windows 10,firefox 57.0,1360x768,8,8,8,0.125
DP-2867f87eb0e54dd9,desktop,MacOS,Mac OS X 10_12_6,chrome 61.0,1920x1080,1,1,1,1.0
DP-2871242a2a1f6717,mobile,Ilium LT500 Build/LMY47O,,chrome 65.0 for android,,4,2,2,0.5
DP-2873f7d5da92f83e,mobile,GT-I9060M Build/KTU84P,,chrome 63.0 for android,,17,7,7,0.14285714285714285
DP-287e59a2f87b0b84,mobile,C6906 Build/14.6.A.1.236,,chrome 63.0 for android,,6,2,2,0.5
DP-2883253e7b700df4,mobile,LG-K500 Build/MMB29M,,chrome 63.0 for android,,32,14,14,0.07142857142857142
DP-28877a6e59394914,desktop,WOW64,Windows 7,ie 11.0 for desktop,1680x1050,1,1,1,1.0
DP-2892e6a134f9e370,mobile,5012G Build/MRA58K,,chrome 66.0 for android,,2,1,1,1.0
DP-2898d040e30318d3,desktop,MacOS,Mac OS X 10_11_6,chrome 63.0,1680x1050,12,9,9,0.1111111111111111
DP-289a11291f6e205a,mobile,LGMS210 Build/NRD90U,Android 7.0,chrome 58.0 for android,1280x720,4,3,3,0.3333333333333333
DP-28a7269da939590a,desktop,Windows,Windows 7,firefox 59.0,1366x768,17,16,16,0.0625
DP-28abebe2d8360936,desktop,rv:58.0,,firefox 58.0,,81,43,43,0.023255813953488372
DP-28baab8fb661c48a,mobile,iOS Device,iOS 11.2.2,mobile safari 11.0,2208x1242,106,71,71,0.014084507042253521
DP-28bfe2031a07b26d,mobile,4047G Build/NRD90M,,chrome 62.0 for android,,4,3,3,0.3333333333333333
DP-28cabbf3636f8628,mobile,XT1650,Android 7.1.1,chrome 64.0 for android,2560x1440,1,1,1,1.0
DP-28d049457fbdf0a3,mobile,SLA-L03 Build/HUAWEISLA-L03,,chrome 59.0 for android,,5,5,5,0.2
DP-28d1e0da2df923ae,desktop,Windows,Windows 8,chrome 64.0,1366x768,1,1,1,1.0
DP-28d8c39495bb0bb1,mobile,SM-G531H Build/LMY48B,,chrome 43.0 for android,,1,1,1,1.0
DP-28d93cb875e7a0d3,mobile,SM-A320FL Build/NRD90M,,chrome generic for android,,2,2,2,0.5
DP-28d96f0d89718043,mobile,SAMSUNG SM-A520F Build/NRD90M,,samsung browser 6.2,,15,6,6,0.16666666666666666
DP-28edd8455f1fedb2,mobile,iOS Device,iOS,mobile safari 8.0,2208x1242,1,1,1,1.0
DP-28f22c13b158fb19,mobile,CHC-U03 Build/HuaweiCHC-U03,,chrome 56.0 for android,,5,3,3,0.3333333333333333
DP-28f2c4ad3d3d4bbe,mobile,5080A Build/MRA58K,,chrome 64.0 for android,,14,7,7,0.14285714285714285
DP-28f2cf681f8390a1,mobile,SM-E700M,,chrome 62.0 for android,,1,1,1,1.0
DP-28f3aab9133a67de,mobile,SM-G531H Build/LMY48B,,chrome 57.0 for android,,7,3,3,0.3333333333333333
DP-28f521accbb6a44a,desktop,MacOS,Mac OS X 10_12_5,chrome 60.0,1920x1080,1,1,1,1.0
DP-28f77dbfff0d86d7,mobile,SAMSUNG SM-G935T Build/NRD90M,Android 7.0,samsung browser 5.4,1920x1080,1,1,1,1.0
DP-2900f2397d640e4d,mobile,5011A Build/NRD90M,,chrome 64.0 for android,,5,1,1,1.0
DP-290602bbe887cd28,desktop,MacOS,Mac OS X 10_7_5,chrome 49.0,1152x720,3,2,2,0.5
DP-290cbec88271f933,mobile,LGL84VL Build/NRD90U,Android 7.0,chrome 65.0 for android,1280x720,2,1,1,1.0
DP-292179f068a1a064,mobile,LG-H870DS Build/NRD90U,,chrome 64.0 for android,,5,3,3,0.3333333333333333
DP-292ac508190f8adc,desktop,Windows,Windows 10,chrome 66.0,3441x1440,4,2,2,0.5
DP-29349867add15b85,mobile,SM-G900P Build/MMB29M,Android 6.0.1,chrome 66.0 for android,1920x1080,2,2,2,0.5
DP-293aa541251eb1bc,desktop,Windows,,opera 52.0,,50,10,10,0.1
DP-293c0d327f184f3f,mobile,BLADE V8Q Build/N2G47H,,chrome 66.0 for android,,2,2,2,0.5
DP-293e15d6364e76c2,desktop,MacOS,Mac OS X 10_12_6,chrome 66.0,1440x900,15,12,12,0.08333333333333333
DP-2949eb9d2fa1394a,desktop,rv:39.0,Windows 7,firefox,1920x1080,1,1,1,1.0
DP-294a2bd81613a9bd,mobile,iOS Device,iOS 11.2.1,chrome 64.0 for ios,2224x1668,1,1,1,1.0
DP-294a5bc9c1d8f1f6,mobile,SM-G925W8,,chrome 63.0 for android,,1,1,1,1.0
DP-294e4bdee35a380c,mobile,NX521J,,chrome 64.0 for android,,1,1,1,1.0
DP-294f69d33604988b,mobile,Pixel Build/OPM4.171019.016.B1,Android 8.1.0,android webview 4.0,1921x1081,1,1,1,1.0
DP-294ff5e18d89d666,desktop,Windows,Windows 10,chrome 61.0,1920x1080,40,29,29,0.034482758620689655
DP-296028dabd35eca5,mobile,LG-V521,Android 6.0.1,chrome 63.0 for android,1920x1200,2,2,2,0.5
DP-29680bf3ef9a4535,desktop,rv:52.0,Windows Vista,firefox 52.0,1920x1080,2,1,1,1.0
DP-296ec63cec37439a,desktop,MacOS,Mac OS X 10_11_5,chrome 62.0,1280x800,4,4,4,0.25
DP-29835b86d2fdbc9c,mobile,Lenovo A2016b30 Build/MRA58K,,chrome 66.0 for android,,1,1,1,1.0
DP-299173b4533047fd,mobile,XT1030 Build/SU6-7.7,Android,chrome 63.0 for android,1280x720,1,1,1,1.0
DP-29982d38a0fdfe48,desktop,MacOS,Mac OS X 10_13_2,safari generic,1440x900,129,89,89,0.011235955056179775
DP-2999db78c3fcc9bc,mobile,SM-N920G Build/NRD90M,,chrome 62.0 for android,,1,1,1,1.0
DP-29bc018671cb1ea8,mobile,LG-H650 Build/MRA58K,,chrome 64.0 for android,,35,24,24,0.041666666666666664
DP-29bfe14eabfcb6d9,mobile,SM-G610M Build/MMB29K,,chrome 65.0 for android,,95,26,26,0.038461538461538464
DP-29c89ef78b21dfa5,mobile,Moto G Play Build/MPIS24.241-15.3-26,,chrome 60.0 for android,,1,1,1,1.0
DP-29cf618d9f4eaf6f,mobile,SM-G532M Build/MMB29T,,chrome 50.0 for android,,2,1,1,1.0
DP-29fda8cea3906756,mobile,SGH-M919N,Android,chrome 63.0 for android,1920x1080,1,1,1,1.0
DP-29ff4bcd9d1c493b,mobile,SM-G955F Build/NRD90M,,chrome 64.0 for android,,29,9,9,0.1111111111111111
DP-2a0042818d2e7e6f,mobile,ASUS_X008DC Build/NRD90M,,chrome 64.0 for android,,2,1,1,1.0
DP-2a0077e2b54abf00,desktop,,Linux,chrome,1366x768,1,1,1,1.0
DP-2a0711a1c7095b94,mobile,BLADE A602 Build/MRA58K,,chrome 60.0 for android,,1,1,1,1.0
DP-2a09546bff42de4c,mobile,SM-T820 Build/NRD90M,Android 7.0,chrome 63.0 for android,,1,1,1,1.0
DP-2a1075402010c143,mobile,LG-V930,Android 6.0,chrome 63.0 for android,1920x1200,1,1,1,1.0
DP-2a1284aaff370ea8,mobile,SM-A520F Build/NRD90M,,chrome 63.0 for android,,38,18,18,0.05555555555555555
DP-2a1484140a28084c,mobile,Vivo,,chrome 61.0 for android,,1,1,1,1.0
DP-2a19789c1d20a45b,mobile,XT1080,Android,chrome 60.0 for android,1280x720,1,1,1,1.0
DP-2a197ac46a9d2cb0,mobile,SM-T350 Build/NMF26X,,chrome 65.0 for android,,1,1,1,1.0
DP-2a1c6c5e54218615,desktop,Windows,Windows 10,edge 13.0,1440x900,1,1,1,1.0
DP-2a26c1f0c8955ae7,mobile,SM-J510MN Build/MMB29M,,chrome 62.0 for android,,13,5,5,0.2
DP-2a417618e7a18ec2,mobile,Moto Z2 Play Build/NPSS26.118-19-14,,chrome 64.0 for android,,22,11,11,0.09090909090909091
DP-2a46b4a5b8b48176,desktop,MacOS,Mac OS X 10_13_2,chrome 63.0,3840x2400,1,1,1,1.0
DP-2a46bfce6047fb68,desktop,Windows,Windows 8.1,opera 49.0,1366x768,2,2,2,0.5
DP-2a4b4ca3f0d96279,mobile,XT1031,Android,chrome 62.0 for android,1280x720,1,1,1,1.0
DP-2a6ddf1c8e1c47b0,mobile,SM-N920P Build/NRD90M,Android 7.0,chrome 64.0 for android,,1,1,1,1.0
DP-2a705007765a9fd0,mobile,SM-J500M Build/MMB29M,,chrome 59.0 for android,,1,1,1,1.0
DP-2a70bfcf2632e00f,mobile,5010S Build/MRA58K,,chrome 64.0 for android,,4,4,4,0.25
DP-2a713b1c461bbbb1,desktop,Windows,Windows 10,firefox 57.0,,42,33,33,0.030303030303030304
DP-2a7ea4c971e3c339,mobile,SM-G930V Build/NRD90M,Android 7.0,chrome 61.0 for android,1920x1080,6,6,6,0.16666666666666666
DP-2a812d556901f103,mobile,SM-G920T,,chrome 66.0 for android,,1,1,1,1.0
DP-2a94c52b69b2123c,mobile,SM-P355M Build/MMB29M,,chrome 55.0 for android,,1,1,1,1.0
DP-2a99915ccbe6b56b,desktop,MacOS,Mac OS X 10_12_6,chrome 66.0,3360x2100,5,4,4,0.25
DP-2a9d95c823728117,mobile,LGMS210 Build/NRD90U,Android 7.0,chrome 62.0 for android,1280x720,4,4,4,0.25
DP-2aac05cdd1e31d83,desktop,MacOS,Mac OS X 10_12_5,chrome 62.0,1440x900,16,12,12,0.08333333333333333
DP-2aafd115603fbde4,mobile,SM-J200M Build/LMY47X,,chrome 63.0 for android,,11,7,7,0.14285714285714285
DP-2ab29b20699493c6,mobile,LG-H810,Android 6.0,chrome 62.0 for android,2560x1440,2,2,2,0.5
DP-2ab504bc8b6dc6e2,desktop,MacOS,Mac OS X 10_11_5,chrome 63.0,1280x800,5,3,3,0.3333333333333333
DP-2ab95ab400ff23db,mobile,Pixel 2 XL Build/OPM1.171019.021,,chrome 65.0 for android,,2,2,2,0.5
DP-2ac19a1e0d5e5a2b,mobile,Z956 Build/MMB29M,Android 6.0.1,chrome 62.0 for android,1280x720,4,2,2,0.5
DP-2ac316daa15ad02c,mobile,Hisense L675 Build/MRA58K,,chrome 64.0 for android,,5,5,5,0.2
DP-2ac6baa2d5526a03,mobile,D5306 Build/19.4.A.0.182,,chrome 62.0 for android,,4,2,2,0.5
DP-2acfeff7aac0a976,mobile,SM-G928V,,chrome 64.0 for android,,1,1,1,1.0
DP-2ad620654844a1d7,desktop,Windows,Windows 7,firefox 58.0,2560x1440,1,1,1,1.0
DP-2ae5708641b26ba9,mobile,G3223 Build/42.0.A.4.101,,chrome 65.0 for android,,1,1,1,1.0
DP-2aea0f2a74005dea,mobile,XT1528,Android,chrome 62.0 for android,960x540,3,2,2,0.5
DP-2aee8c8985b058bc,mobile,iOS Device,iOS 11.2.5,chrome 63.0 for ios,2048x1536,1,1,1,1.0
DP-2aef52615867fc42,mobile,SM-T710 Build/NRD90M,Android 7.0,chrome 60.0 for android,2048x1536,1,1,1,1.0
DP-2af0d7f59cfb67da,desktop,MacOS,Mac OS X 10_11_3,chrome 62.0,1280x800,1,1,1,1.0
DP-2af13ea4ebb51942,desktop,Trident/7.0,func,ie 11.0 for desktop,1366x768,1,1,1,1.0
DP-2af5a0900af7c989,mobile,GT-P5110,,chrome 63.0 for android,,1,1,1,1.0
DP-2af70ab1ea1c277a,desktop,MacOS,Mac OS X 10_13_3,chrome 64.0,3360x2100,7,4,4,0.25
DP-2af8a266d104c714,desktop,MacOS,Mac OS X 10_10_5,safari 10.0,1280x800,14,10,10,0.1
DP-2b007cfba00da6f6,mobile,SAMSUNG SM-J500M Build/MMB29M,,samsung browser 4.0,,3,3,3,0.3333333333333333
DP-2b03974745d1a3b4,mobile,iOS Device,iOS 11.2.2,mobile safari 11.0,2436x1125,50,37,37,0.02702702702702703
DP-2b0ae9681abd58de,mobile,ZTE BLADE A321 Build/NMF26F,,chrome 63.0 for android,,1,1,1,1.0
DP-2b0b8f2c346eba51,mobile,iOS Device,iOS 11.1.2,mobile safari 11.0,1334x750,1084,426,426,0.002347417840375587
DP-2b17c477cb578013,mobile,en-gb,Android 4.4.2,chrome generic,1920x1080,2,2,2,0.5
DP-2b1d108029bd6582,mobile,XT1565,Android 6.0.1,chrome 62.0 for android,1920x1080,3,3,3,0.3333333333333333
DP-2b1d75c94f0be072,mobile,HUAWEI,,chrome 59.0 for android,,1,1,1,1.0
DP-2b229f9409a8de85,mobile,,Android,chrome 63.0,1366x768,4,3,3,0.3333333333333333
DP-2b29b63d4c6b29dc,mobile,ZTE,,chrome 60.0 for android,,2,1,1,1.0
DP-2b30d3846af6baae,mobile,5085B Build/MRA58K,,chrome 65.0 for android,,1,1,1,1.0
DP-2b33d34e1b14736f,mobile,Ilium X520 Build/NRD90M,,chrome 63.0 for android,,1,1,1,1.0
DP-2b35cb0f2c75b6e3,mobile,LG-LS998,Android 7.1.2,chrome 63.0 for android,1440x720,1,1,1,1.0
DP-2b374bd649a6b27e,mobile,Moto G Play Build/MPIS24.241-15.3-26,,chrome 61.0 for android,,1,1,1,1.0
DP-2b3cd55bb13b739f,mobile,5044A,,chrome 64.0 for android,,1,1,1,1.0
DP-2b3d1b1115e6e72a,mobile,SM-G920T Build/NRD90M,Android 7.0,chrome 65.0 for android,2562x1442,2,1,1,1.0
DP-2b49067cf7e8900a,mobile,SM-G361F,,chrome 63.0 for android,,2,1,1,1.0
DP-2b553abb2d7a06e6,desktop,Windows,Windows 7,ie 11.0 for desktop,1919x1080,1,1,1,1.0
DP-2b642c6eb4c2e453,desktop,Windows,Windows 10,firefox 52.0,1280x1024,1,1,1,1.0
DP-2b7024e6a6643bee,mobile,LG-D320 Build/KOT49I.V10a,,chrome 57.0 for android,,3,2,2,0.5
DP-2b708d018ba72ac9,desktop,MacOS,Mac OS X 10_12_2,chrome 63.0,1440x900,3,3,3,0.3333333333333333
DP-2b745079d2b55d38,desktop,Windows,Windows 7,chrome 62.0,1366x768,241,143,143,0.006993006993006993
DP-2b8155593ba149c8,mobile,iOS Device,iOS 11.0.1,mobile safari 11.0,2436x1125,9,4,4,0.25
DP-2b81a6afefc00a7d,mobile,LS5,,chrome 65.0 for android,,1,1,1,1.0
DP-2b823ad7a036b4ac,mobile,iOS Device,iOS 11.4.0,mobile safari 11.0,1334x750,1,1,1,1.0
DP-2b86aa76595d353f,mobile,SAMSUNG SM-N920T Build/NRD90M,,samsung browser 6.4,,3,1,1,1.0
DP-2b8e1f69e8b80cf6,desktop,Windows,Windows 10,edge 14.0,1400x1050,1,1,1,1.0
DP-2b8f5bf69c9f873c,mobile,SM-N920V Build/NRD90M,,chrome 65.0 for android,,13,1,1,1.0
DP-2b91850bc4aa86b6,mobile,iOS Device,iOS 11.0.3,mobile safari generic,2001x1125,10,9,9,0.1111111111111111
DP-2ba47a4746c4aec6,mobile,SAMSUNG-SM-T377A Build/MMB29K,Android 6.0.1,samsung browser 4.0,,1,1,1,1.0
DP-2ba56042b598d71a,desktop,Windows,Windows 10,edge 13.0,1920x1080,13,9,9,0.1111111111111111
DP-2bac4e4bde30fd8e,mobile,Grand,,chrome 56.0 for android,,1,1,1,1.0
DP-2baf6cbb6cd19de6,mobile,SM-G892A,Android 8.0.0,chrome 66.0 for android,2220x1080,1,1,1,1.0
DP-2bb2a30c92bf0e26,mobile,SAMSUNG-SM-G925A Build/MMB29K,Android 6.0.1,chrome 64.0 for android,2560x1440,4,2,2,0.5
DP-2bb6d56a5524e958,mobile,XT1080 Build/SU6-7.7,Android,chrome 63.0 for android,1280x720,4,4,4,0.25
DP-2bb8519b8c52e57d,mobile,MYA-L13 Build/HUAWEIMYA-L13,,chrome generic for android,,21,12,12,0.08333333333333333
DP-2bbeac0b00286b53,mobile,SM-G928G Build/NRD90M,,chrome 65.0 for android,,6,6,6,0.16666666666666666
DP-2bbf0e96055d67a0,mobile,BAC-L03 Build/HUAWEIBAC-L03,,chrome 64.0 for android,,15,6,6,0.16666666666666666
DP-2bc7e502e35704ad,mobile,VS501 Build/NRD90U,Android 7.0,chrome 62.0 for android,1280x720,4,4,4,0.25
DP-2bd55b5b3108b702,mobile,BLADE A602 Build/MRA58K,,chrome 65.0 for android,,3,2,2,0.5
DP-2bd7e0493c9eb1a8,desktop,MacOS,Mac OS X 10_9_5,chrome 65.0,1680x1050,2,1,1,1.0
DP-2bda5484f006792f,mobile,LG-M700 Build/NMF26X,,chrome generic for android,,12,5,5,0.2
DP-2bdd38672b34a2c1,desktop,MacOS,Mac OS X 10_13_2,safari 11.0,1280x800,1,1,1,1.0
DP-2be49732f16dd439,mobile,Redmi Note 5A Build/N2G47H,,chrome 65.0 for android,,1,1,1,1.0
DP-2be66b72712a5d11,desktop,MacOS,Mac OS X 10_12_4,chrome 63.0,2880x1800,1,1,1,1.0
DP-2be85709dd0ffc4e,mobile,SM-G950F Build/R16NW,,chrome generic for android,,19,7,7,0.14285714285714285
DP-2be871a3adbe7b2d,mobile,SM-T810 Build/NRD90M,Android 7.0,chrome 62.0 for android,2048x1536,5,5,5,0.2
DP-2beb6452798eef09,mobile,HTC,Android 6.0,chrome 63.0 for android,1920x1080,2,2,2,0.5
DP-2bf38e3479afa3d3,mobile,SM-G920V Build/MMB29K,Android 6.0.1,chrome 62.0 for android,2560x1440,2,2,2,0.5
DP-2bf5c8f7594af966,mobile,K92,Android 7.1.1,chrome 62.0 for android,1920x1200,1,1,1,1.0
DP-2c0ec028f8f9fb7a,mobile,E2104 Build/24.0.A.5.14,,chrome 64.0 for android,,1,1,1,1.0
DP-2c17e635a0494ca1,desktop,Windows,Windows 8.1,chrome 63.0,1440x900,16,11,11,0.09090909090909091
DP-2c18228241c74abf,mobile,SAMSUNG SM-G925T Build/NRD90M,Android 7.0,samsung browser 6.2,2560x1440,9,7,7,0.14285714285714285
DP-2c198699ef030bab,mobile,iOS Device,iOS 11.2.0,mobile safari generic,2001x1125,4,4,4,0.25
DP-2c22a593e5894fc7,mobile,ASUS_Z017D,,chrome 64.0 for android,,1,1,1,1.0
DP-2c23cbd1d5d9f256,mobile,SM-G532M Build/MMB29T,,chrome 56.0 for android,,3,1,1,1.0
DP-2c274a4f971251c9,mobile,SM-J327T Build/NRD90M,,chrome 64.0 for android,,2,2,2,0.5
DP-2c2e6d3a8e722295,desktop,rv:57.0,Mac OS X 10.12,firefox 57.0,3840x2400,1,1,1,1.0
DP-2c2f3c8ae131a0c2,mobile,XT1650,Android 7.1.1,chrome 63.0 for android,2560x1440,1,1,1,1.0
DP-2c3652ae19c1673a,desktop,Trident/7.0,Windows 7,ie 11.0 for desktop,,707,347,347,0.002881844380403458
DP-2c36e8de95c774d7,desktop,Trident/7.0,Windows 8,ie 11.0 for desktop,1920x1080,9,5,5,0.2
DP-2c3a46517a33376b,desktop,Moto G (5) Build/NPPS25.137-93-8,,chrome generic,,1,1,1,1.0
DP-2c42bf14d13d7dd2,mobile,RCT6513W87 Build/MRA58K,,chrome 66.0 for android,,1,1,1,1.0
DP-2c566766a76899a5,mobile,SM-T800 Build/MMB29K,,chrome 62.0 for android,,2,2,2,0.5
DP-2c78469afc5de790,mobile,SM-A520F Build/NRD90M,,chrome 66.0 for android,,9,9,9,0.1111111111111111
DP-2c7a040a0daa4951,mobile,HUAWEI RIO-L03 Build/HUAWEIRIO-L03,,chrome 63.0 for android,,10,9,9,0.1111111111111111
DP-2c7e954d23377501,desktop,MacOS,Mac OS X 10_9_5,safari generic,1440x900,107,63,63,0.015873015873015872
DP-2c8276fbf897d083,mobile,LG-M400 Build/NRD90U,,chrome generic for android,,7,6,6,0.16666666666666666
DP-2c83adf5b83a39e8,desktop,Windows,Windows 10,edge 17.0,1920x1080,17,16,16,0.0625
DP-2c8b889a227c5bc4,mobile,E5803 Build/32.4.A.1.54,,chrome 62.0 for android,,2,2,2,0.5
DP-2c9123ee3773217d,mobile,SM-T377V Build/NMF26X,Android 7.1.1,other,,2,1,1,1.0
DP-2c97e12bbb38ec60,desktop,MacOS,Mac OS X 10_11_4,chrome 62.0,2560x1440,1,1,1,1.0
DP-2c9b18de10a2aed3,mobile,iOS Device,iOS 9.3.5,mobile safari uiwebview,1024x768,1,1,1,1.0
DP-2cb3c5a65e3bedab,mobile,SM-T355Y Build/NMF26X,,android webview 4.0,,1,1,1,1.0
DP-2cb83ac89529e55f,desktop,MacOS,Mac OS X 10_12_6,safari 10.0,3360x2100,5,1,1,1.0
DP-2cb8a8d4c1e45088,mobile,Pixel Build/OPM1.171019.011,Android 8.1.0,chrome 62.0 for android,,2,2,2,0.5
DP-2cbdce83363fa454,desktop,MacOS,Mac OS X 10_13_3,chrome 65.0,2560x1440,3,3,3,0.3333333333333333
DP-2cce7ef22202fccb,desktop,rv:57.0,Mac OS X 10.13,firefox 57.0,3360x2100,5,4,4,0.25
DP-2cde34c66fd7adcc,mobile,KFJWI,Android,silk,1920x1200,3,3,3,0.3333333333333333
DP-2ce0a276401459cd,mobile,SM-G530T,Android 5.1.1,chrome 61.0 for android,960x540,1,1,1,1.0
DP-2cf87967aeb1c0a4,mobile,LG-D693n,,chrome 64.0 for android,,2,2,2,0.5
DP-2d09c55393a96636,mobile,SM-G930V Build/NRD90M,Android 7.0,chrome 64.0 for android,1920x1080,21,18,18,0.05555555555555555
DP-2d28d483de88aa65,desktop,rv:49.0,,firefox,,6,5,5,0.2
DP-2d378f5a239c5a8e,desktop,MacOS,Mac OS X 10_12_6,safari generic,2048x1280,1,1,1,1.0
DP-2d47dca5b5ad49cb,mobile,SAMSUNG SM-J727T1 Build/NRD90M,,samsung browser 5.2,,1,1,1,1.0
DP-2d55115576b83c28,mobile,SM-G950U1 Build/NRD90M,,chrome 64.0 for android,,1,1,1,1.0
DP-2d5aac45e41fc3f1,mobile,SM-T700 Build/MMB29K,,chrome 62.0 for android,,1,1,1,1.0
DP-2d69554275b6185c,mobile,YOGA,Android,chrome 49.0 for android,1920x1200,1,1,1,1.0
DP-2d6a35634cc4c31c,mobile,iOS Device,iOS 11.0.2,mobile safari 11.0,1136x640,10,8,8,0.125
DP-2d826ed68da6d8dd,mobile,SAMSUNG-SM-G925A Build/MMB29K,,chrome 65.0 for android,,1,1,1,1.0
DP-2d83f6b4b0bf7003,desktop,MacOS,Mac,chrome 63.0,2880x1800,3,3,3,0.3333333333333333
DP-2d9bb5c5f64e2b0c,mobile,LGMP260 Build/NRD90U,Android 7.0,chrome 61.0 for android,1280x720,1,1,1,1.0
DP-2d9e8bfd3847b527,desktop,rv:59.0,Mac OS X 10.13,firefox 59.0,1440x810,1,1,1,1.0
DP-2d9eef5eeb1e94ec,mobile,SAMSUNG-SM-N920A,,chrome 63.0 for android,,1,1,1,1.0
DP-2da5aaf8e0f1d745,mobile,5054N,Android 5.1.1,chrome 53.0 for android,1280x720,1,1,1,1.0
DP-2dae9876aca30244,desktop,rv:58.0,,firefox generic,,8,6,6,0.16666666666666666
DP-2db4f03cab5a0a61,mobile,Moto G (4) Build/NPJS25.93-14-15,,chrome 56.0 for android,,1,1,1,1.0
DP-2dc4a7fe0b2d3346,desktop,Windows,Windows 10,chrome 65.0,2737x1825,1,1,1,1.0
DP-2dc5642f1f3a19d5,desktop,rv:59.0,Mac OS X 10.10,firefox 59.0,2880x1800,1,1,1,1.0
DP-2dc79430a4056c25,mobile,SM-J710MN Build/MMB29K,,chrome generic for android,,5,3,3,0.3333333333333333
DP-2dcc07e24485089d,desktop,Windows,Windows 7,chrome 66.0,1680x1050,37,29,29,0.034482758620689655
DP-2dcf0f7e53620f09,desktop,Windows,Windows 10,edge 16.0,3840x2160,26,20,20,0.05
DP-2de92d1172119251,mobile,iOS Device,iOS,,960x640,3,3,3,0.3333333333333333
DP-2de93a782e54eb21,desktop,Trident/7.0,Windows 7,ie 11.0 for desktop,1919x1079,11,6,6,0.16666666666666666
DP-2debb8d901f08524,desktop,rv:60.0,Mac OS X 10.11,firefox 60.0,1366x768,2,1,1,1.0
DP-2df303e0289b45de,mobile,P5526A Build/NRD90M,,chrome 63.0 for android,,1,1,1,1.0
DP-2df60c6222baa3e5,desktop,Windows,Windows 10,chrome generic,3201x1800,1,1,1,1.0
DP-2e03a6c89f0b1e2b,mobile,BLADE A520 Build/NRD90M,,chrome 64.0 for android,,4,4,4,0.25
DP-2e104e1ce39a499b,mobile,HUAWEI CUN-L03 Build/HUAWEICUN-L03,,chrome 50.0 for android,,6,4,4,0.25
DP-2e12ab9e22bc9aab,mobile,SM-J500FN Build/MMB29M,,chrome 63.0 for android,,4,1,1,1.0
DP-2e18b229dcc5d1f3,mobile,MOT-A6020l37 Build/LMY47V,,chrome 43.0 for android,,5,3,3,0.3333333333333333
DP-2e1bea6e319ef4dc,mobile,LG-X220 Build/LMY47I,,chrome 64.0 for android,,2,2,2,0.5
DP-2e1c1f3a7eac3c16,mobile,LG-M320 Build/NRD90U,,chrome 60.0 for android,,1,1,1,1.0
DP-2e263b0f5541d334,desktop,Windows,Windows 10,chrome 64.0,3240x2160,1,1,1,1.0
DP-2e34b57e462a1ce2,mobile,HTC U11 Build/NMF26X,,chrome 66.0 for android,,1,1,1,1.0
DP-2e350a6b3d02c681,desktop,Touch,,ie 11.0 for tablet,,1,1,1,1.0
DP-2e42d5f20aaa0d6d,mobile,F3113 Build/33.3.A.1.97,,android webview 4.0,,2,2,2,0.5
DP-2e450ceeb2d0ae70,desktop,MacOS,Mac OS X 10_13_3,chrome 65.0,3360x2100,10,8,8,0.125
DP-2e4a21fd434f0d05,desktop,MacOS,Mac OS X 10_10_5,chrome 66.0,1920x1200,3,2,2,0.5
DP-2e4ecad919b386a4,desktop,Windows,Windows 7,chrome 60.0,1280x1025,3,1,1,1.0
DP-2e506beb49fdc936,desktop,,Linux,chrome 61.0,1280x1024,1,1,1,1.0
DP-2e51557fff3126a8,mobile,XT1650 Build/NPLS26.118-20-5-3,,chrome 66.0 for android,,2,1,1,1.0
DP-2e540e712805119f,desktop,MacOS,Mac OS X 10_12_6,chrome 62.0,2560x1600,42,28,28,0.03571428571428571
DP-2e790603d02b9c94,mobile,LG-D331,,chrome 60.0 for android,,1,1,1,1.0
DP-2e79285f185e7468,mobile,SAMSUNG-SM-J120A,Android 6.0.1,chrome 64.0 for android,801x480,1,1,1,1.0
DP-2e7ec1871ac02e9c,mobile,4047A Build/NRD90M,,chrome 65.0 for android,,4,3,3,0.3333333333333333
DP-2e88d86655514aad,desktop,SM-G530H Build/LRX22G,,chrome generic,,1,1,1,1.0
DP-2e89d0cbb5701a71,mobile,LG-D855,,chrome 64.0 for android,,1,1,1,1.0
DP-2e8a3102d2a19cac,mobile,SM-A510M Build/NRD90M,,chrome 66.0 for android,,1,1,1,1.0
DP-2e8d00d043a4851b,mobile,N817,Android,chrome 63.0 for android,801x480,2,1,1,1.0
DP-2e9baed0017c7ee7,mobile,Ilium X710 Build/MRA58K,,chrome 66.0 for android,,2,1,1,1.0
DP-2ea5db592096f23f,mobile,SM-J327T Build/NRD90M,,chrome 61.0 for android,,3,2,2,0.5
DP-2eb5113edc538192,desktop,MacOS,Mac OS X 10_10_5,safari generic,1920x1200,24,15,15,0.06666666666666667
DP-2eb56c959bf0a6fd,desktop,MacOS,Mac OS X 10_11_6,chrome generic,1920x1080,4,4,4,0.25
DP-2eb864c92bd3c247,mobile,SM-A510M Build/MMB29K,,chrome 58.0 for android,,3,3,3,0.3333333333333333
DP-2ebb38923da94216,mobile,LG-D725,Android 5.0.2,chrome 62.0 for android,1280x720,1,1,1,1.0
DP-2ebdcdfd1ef9c508,mobile,XT1650,,chrome generic for android,,5,3,3,0.3333333333333333
DP-2ec0f8e8fd9aa8c0,mobile,SM-J500M Build/MMB29M,,chrome 65.0 for android,,4,3,3,0.3333333333333333
DP-2ee96ad91dae3946,mobile,Moto E (4) Build/NMA26.42-69,,android webview 4.0,,1,1,1,1.0
DP-2eec1e09b32d33b1,mobile,SM-N920G Build/NRD90M,,chrome 63.0 for android,,2,2,2,0.5
DP-2ef189580bb87f8b,mobile,,Linux,samsung browser 6.2,2560x1440,1,1,1,1.0
DP-2efe7c19faf30814,mobile,SM-N920P Build/NRD90M,Android 7.0,chrome 63.0 for android,,2,2,2,0.5
DP-2f0d38e91a2d0e79,mobile,,,chrome 62.0 for ios,,23,15,15,0.06666666666666667
DP-2f142867ba911ece,mobile,LGMP450 Build/NRD90U,Android 7.0,chrome 66.0 for android,1920x1080,2,1,1,1.0
DP-2f1c5a1bad3af473,desktop,MacOS,Mac OS X 10_12_6,chrome 57.0,1440x900,2,2,2,0.5
DP-2f210e096d6abba9,mobile,SM-G532M Build/MMB29T,,chrome 66.0 for android,,14,10,10,0.1
DP-2f3102c1f18a959a,mobile,SAMSUNG,,samsung browser 6.2,,54,39,39,0.02564102564102564
DP-2f350c43465eafc5,desktop,MacOS,Mac OS X 10_12_2,chrome 62.0,1440x900,1,1,1,1.0
DP-2f3b0b4e6acd8e3d,mobile,C6743 Build/LMY47V,Android 5.1.1,chrome generic,960x540,2,2,2,0.5
DP-2f502f19c39ddc97,desktop,,Linux,chrome 62.0,2049x1152,1,1,1,1.0
DP-2f60f73a598e1a51,mobile,Blade L5 Build/LMY47I,,chrome 65.0 for android,,1,1,1,1.0
DP-2f73a9b49e4781a9,mobile,SAMSUNG SM-G800F Build/MMB29K,,samsung browser 6.2,,2,2,2,0.5
DP-2f7885b41a70f7f4,mobile,Ilium X520 Build/NRD90M,,chrome 64.0 for android,,4,4,4,0.25
DP-2f84cadddf1d6910,desktop,Windows,Windows 8,chrome 63.0,1280x800,2,2,2,0.5
DP-2f87a6879ccc732e,desktop,Windows,Windows 10,firefox 59.0,1920x1200,2,2,2,0.5
DP-2f8bebdd0bb44bc3,mobile,LG-H871,Android 7.0,firefox,2672x1440,4,3,3,0.3333333333333333
DP-2f8efbb0b86e55f8,desktop,Windows,Windows Vista,chrome 49.0,1680x1050,6,5,5,0.2
DP-2f9942cdf7b2f056,desktop,Windows,Windows Vista,ie,1440x900,1,1,1,1.0
DP-2f9d0a84acec4115,mobile,SM-J710MN Build/MMB29K,Android 6.0.1,chrome 61.0 for android,1280x720,1,1,1,1.0
DP-2f9e06ad98095689,mobile,SAMSUNG SM-N950U Build/R16NW,Android 8.0.0,samsung browser 7.0,2220x1081,11,7,7,0.14285714285714285
DP-2fa0de67ce7e1ecb,mobile,SM-G903F Build/MMB29K,,chrome 64.0 for android,,4,2,2,0.5
DP-2fb45815c2960153,mobile,LG-X230 Build/MRA58K,,chrome 63.0 for android,,16,10,10,0.1
DP-2fb57e61a6aff36c,mobile,SM-J327T1 Build/NRD90M,Android 7.0,chrome 65.0 for android,1280x720,5,5,5,0.2
DP-2fcd03a845d7d24d,mobile,SM-J700T Build/NMF26X,Android 7.1.1,chrome 60.0 for android,1280x720,2,2,2,0.5
DP-2fcd36439b195dd0,desktop,Windows,Windows 7,opera generic,3840x2160,1,1,1,1.0
DP-2fe126a4fa0c47c4,desktop,rv:58.0,Windows 10,firefox,2736x1824,1,1,1,1.0
DP-2fe3df65d6a9feda,mobile,ASUS_X015D Build/NRD90M,,chrome 63.0 for android,,9,3,3,0.3333333333333333
DP-2ff5a6edfb292a86,desktop,Windows,Windows 8.1,firefox 57.0,3200x1800,1,1,1,1.0
DP-2ff61482b88885a3,desktop,Windows,Windows XP,firefox 52.0,1280x800,5,5,5,0.2
DP-2ff80a6c0fe32ce0,mobile,HUAWEI VNS-L53 Build/HUAWEIVNS-L53,,chrome 66.0 for android,,16,10,10,0.1
DP-2ffef87b4b820b12,desktop,rv:59.0,,firefox 59.0,,105,51,51,0.0196078431372549
DP-300017e8a59126cc,desktop,MacOS,Mac OS X 10_9_5,safari 9.0,1440x900,6,6,6,0.16666666666666666
DP-300835cfe2682530,desktop,MacOS,Mac OS X 10_13_3,safari generic,3840x2160,3,3,3,0.3333333333333333
DP-3008c3d8612ed9e9,desktop,Trident/7.0,Windows 7,ie 11.0 for desktop,1912x1025,1,1,1,1.0
DP-300cc652e0fad1e4,mobile,SM-A520F Build/MMB29K,,chrome 63.0 for android,,7,3,3,0.3333333333333333
DP-301f25166ec0ea30,desktop,MacOS,Mac OS X 10_11_4,chrome 61.0,2560x1440,1,1,1,1.0
DP-302559772e67d770,mobile,verykoolS5530 Build/LMY47I,,chrome 64.0 for android,,4,1,1,1.0
DP-3028bbeeec0670c3,mobile,LG-H815,,chrome 63.0 for android,,3,2,2,0.5
DP-303dc98967b84af0,mobile,Hisense U963 Build/MRA58K,,chrome 65.0 for android,,6,5,5,0.2
DP-303fbbb9ccd7ca85,mobile,STV100-1,Android 6.0.1,chrome 64.0 for android,2562x1442,1,1,1,1.0
DP-3046f940894dcb93,mobile,SM-G550T1 Build/MMB29K,,chrome 62.0 for android,,5,2,2,0.5
DP-3048c9b24b713c4a,mobile,Ilium X520 Build/NRD90M,,chrome 60.0 for android,,1,1,1,1.0
DP-304db202781dff51,mobile,HUAWEI CAN-L01 Build/HUAWEICAN-L01,,chrome 63.0 for android,,3,1,1,1.0
DP-304e439a88e0dd23,mobile,D6603 Build/23.5.A.1.291,,chrome 66.0 for android,,1,1,1,1.0
DP-3058d0d6bf5d7209,desktop,rv:57.0,Windows 10,firefox,1366x768,15,12,12,0.08333333333333333
DP-30621048c1966fd9,desktop,MacOS,Mac OS X 10_13_4,chrome 66.0,1920x1080,26,19,19,0.05263157894736842
DP-3063bf83a1ee1d07,mobile,LGLS676 Build/MXB48T,,chrome 64.0 for android,,1,1,1,1.0
DP-306d921765eaa5b5,mobile,Redmi Note 3 Build/MMB29M,,chrome 64.0 for android,,2,1,1,1.0
DP-30837a6a03f8ff55,mobile,Moto G (5) Plus Build/NPN25.137-92,,android webview 4.0,,1,1,1,1.0
DP-3096f59676e2ac78,mobile,LG-H650 Build/MRA58K,,chrome 61.0 for android,,2,1,1,1.0
DP-3099e43d908751bc,mobile,SGH-M919 Build/KTU84P,Android,chrome 66.0 for android,1920x1080,1,1,1,1.0
DP-309aeed452b1c0cb,mobile,iOS Device,iOS 11.3.0,chrome 66.0 for ios,2224x1668,1,1,1,1.0
DP-30a8ff44c710bcb9,mobile,ILIUM,,chrome 59.0 for android,,1,1,1,1.0
DP-30aab2a3ee2964d4,mobile,SM-A730F Build/NMF26X,,chrome generic for android,,1,1,1,1.0
DP-30ab701089687e17,desktop,rv:56.0,Mac OS X 10.10,firefox 56.0,1280x800,2,2,2,0.5
DP-30aebe9ca1bd9006,desktop,Windows NT 6.1,Windows 7,ie,1280x768,1,1,1,1.0
DP-30b09c254d095113,mobile,E6853,,chrome,,1,1,1,1.0
DP-30b5192671e473f3,mobile,,,chrome 64.0 for ios,,28,19,19,0.05263157894736842
DP-30c2ae7736746a2f,mobile,SAMSUNG SM-G900A Build/MMB29M,Android 6.0.1,samsung browser 6.4,1920x1080,1,1,1,1.0
DP-30c98f4b930d3d87,mobile,SM-A500M Build/KTU84P,,chrome 62.0 for android,,3,3,3,0.3333333333333333
DP-30d5cfb3b7344239,mobile,SM-J110M Build/LMY48B,,chrome 61.0 for android,,2,2,2,0.5
DP-30d8576eefe9219e,mobile,SM-T530NU Build/LRX22G,Android 5.0.2,chrome 65.0 for android,1280x800,1,1,1,1.0
DP-30de27a13c5fd8dd,desktop,Windows,Windows 10,firefox 57.0,1280x960,1,1,1,1.0
DP-30e9680bfe99a1ef,mobile,SM-S327VL,Android 6.0.1,chrome 63.0 for android,1280x720,1,1,1,1.0
DP-30ed18065326dee6,desktop,Windows,Windows 10,chrome 63.0,1720x1440,1,1,1,1.0
DP-30ef5040af9c28ae,mobile,TA-1028 Build/NMF26O,,chrome 64.0 for android,,1,1,1,1.0
DP-30f4fdfddb405ec7,mobile,SM-G900W8,,chrome 65.0 for android,,1,1,1,1.0
DP-30f6baa7486cd4be,desktop,rv:57.0,Mac OS X 10.13,firefox 57.0,3440x1440,1,1,1,1.0
DP-3100773fd11778c6,mobile,G620S-L03,,chrome 63.0 for android,,2,2,2,0.5
DP-31134f077996b562,mobile,FRD-L09 Build/HUAWEIFRD-L09,Android 7.0,chrome 66.0 for android,1920x1080,9,8,8,0.125
DP-31324f88fc0a47d2,mobile,SAMSUNG SM-G955F Build/NRD90M,,samsung browser 6.4,,21,8,8,0.125
DP-3135698f3f91d370,desktop,MacOS,Mac OS X 10_13_1,safari generic,3840x2160,1,1,1,1.0
DP-31471373af463bda,mobile,Moto G (5S,,android webview 4.0,,4,2,2,0.5
DP-314ac89ff9f20be8,desktop,,Linux,chrome 65.0,1921x1081,1,1,1,1.0
DP-314b80989c3de7f0,mobile,,Android,chrome 66.0,2560x1440,2,1,1,1.0
DP-314be607b884cf79,mobile,SM-T555,,chrome 63.0 for android,,1,1,1,1.0
DP-314c72b85bb8d7ac,mobile,iris80,,chrome 62.0 for android,,1,1,1,1.0
DP-3154365db475d903,mobile,4047G Build/NRD90M,,chrome 65.0 for android,,3,3,3,0.3333333333333333
DP-315eefc4ac978d38,desktop,Touch,,ie 11.0 for desktop,,4,4,4,0.25
DP-31639e9d70d1073b,mobile,M4 SS4450 Build/MRA58K,,chrome 55.0 for android,,1,1,1,1.0
DP-316756761296a2a3,mobile,iOS Device,iOS 11.0.2,mobile safari generic,1334x750,6,5,5,0.2
DP-316b20772b16db68,desktop,MacOS,Mac OS X 10_13_4,chrome 67.0,3360x2100,1,1,1,1.0
DP-316b69839b3ae208,mobile,LGMP260 Build/NRD90U,Android 7.0,chrome 64.0 for android,1280x720,1,1,1,1.0
DP-3181c06233b49f92,desktop,Windows,Windows 8.1,chrome 62.0,1280x1024,3,3,3,0.3333333333333333
DP-3185c63ad52a0a45,desktop,Trident/7.0,Windows 10,ie 11.0 for desktop,1440x900,56,33,33,0.030303030303030304
DP-3186834f6c566edc,mobile,KFDOWI Build/LVY48F,,chrome generic,,8,3,3,0.3333333333333333
DP-31870b95b77bd8f7,mobile,SM-N900W8 Build/LRX21V,,chrome 65.0 for android,,2,2,2,0.5
DP-31bfc98a1b70d255,desktop,MacOS,Mac OS X 10_11_3,safari generic,5120x2880,1,1,1,1.0
DP-31c3b40d53bb5a83,desktop,MacOS,Mac OS X 10_12_6,chrome 56.0,1440x900,1,1,1,1.0
DP-31c43c1f27b14f62,mobile,HTC_Desire_820,,android webview 4.0,,1,1,1,1.0
DP-31c54348838f4dd7,mobile,SM-G930T Build/NRD90M,,other,,1,1,1,1.0
DP-31e07961124217a8,mobile,SAMSUNG,Android 7.1.1,samsung browser 6.2,,1,1,1,1.0
DP-31e5e2ce359a0337,mobile,SM-T280 Build/LMY47V,Android 5.1.1,android browser 4.0,,1,1,1,1.0
DP-31e66e5b167ae545,mobile,SM-J110M Build/LMY48B,,chrome 57.0 for android,,4,1,1,1.0
DP-31f002ec19b1e181,mobile,SAMSUNG SM-G900I Build/MMB29M,,samsung browser 6.2,,1,1,1,1.0
DP-31f505a496250485,desktop,Windows,Windows 7,chrome 61.0,1680x1050,9,9,9,0.1111111111111111
DP-31f6b81b0d30a1c6,desktop,MacOS,Mac OS X 10_13_4,safari 11.0,3360x2100,5,4,4,0.25
DP-31f83bb9b608c40c,desktop,rv:52.0,Windows 10,firefox,1600x900,6,5,5,0.2
DP-31fd37f2aa1036d9,mobile,SAMSUNG SM-G900F Build/MMB29M,,samsung browser 4.0,,7,2,2,0.5
DP-3206a33670ca3e95,desktop,MacOS,Mac OS X 10_12_3,chrome 62.0,1920x1080,2,1,1,1.0
DP-3208572949c7c8ea,mobile,SM-J327V Build/NRD90M,Android 7.0,chrome 62.0 for android,1280x720,3,3,3,0.3333333333333333
DP-320c662f481d7ef8,desktop,Windows,Windows 10,edge 16.0,2256x1504,1,1,1,1.0
DP-320eb688e776d240,mobile,LGMS210 Build/NRD90U,,chrome 64.0 for android,,1,1,1,1.0
DP-321106535a066866,mobile,HUAWEI RIO-L03 Build/HUAWEIRIO-L03,,chrome 66.0 for android,,4,3,3,0.3333333333333333
DP-32162e53de3379a4,mobile,iOS Device,iOS 11.2.5,mobile safari 11.0,2436x1125,29,14,14,0.07142857142857142
DP-32179c2af954c75d,mobile,SM-G955F Build/NRD90M,Android 7.0,chrome 63.0 for android,,1,1,1,1.0
DP-321a1a9172f0e228,desktop,Windows,Windows 7,chrome 63.0,1280x960,4,4,4,0.25
DP-321d4165c1ce999c,desktop,MacOS,Mac OS X 10_12_4,chrome 63.0,2560x1440,1,1,1,1.0
DP-321e4a75dbf55fc1,mobile,SAMSUNG SM-N950U Build/NMF26X,Android 7.1.1,samsung browser 6.2,,39,27,27,0.037037037037037035
DP-32293445b2dc90d2,mobile,rv:14.0,,Mozilla/Firefox,,5,1,1,1.0
DP-3229690dc9c2359c,mobile,HTC Desire 526G Build/KOT49H,,chrome 63.0 for android,,1,1,1,1.0
DP-322c1dc25a929fce,mobile,SM-J327P Build/MMB29M,Android 6.0.1,other,1280x720,1,1,1,1.0
DP-322c802c686b9d29,desktop,,,chrome,,142,58,58,0.017241379310344827
DP-32301c59354b9d4f,desktop,MacOS,Mac OS X 10_13_1,safari generic,1344x756,1,1,1,1.0
DP-323247237e410fdb,mobile,SM-G950U Build/R16NW,Android 8.0.0,chrome 63.0 for android,2220x1080,3,3,3,0.3333333333333333
DP-3232d444786e2292,mobile,SM-A520F Build/MMB29K,,chrome 56.0 for android,,1,1,1,1.0
DP-3237d43206503479,desktop,Windows,Windows 7,firefox 57.0,1600x900,77,50,50,0.02
DP-323c98fbe06bc603,mobile,P5006A Build/NRD90M,,chrome 63.0 for android,,1,1,1,1.0
DP-323df250136e32dc,desktop,Windows,Windows 10,chrome 62.0,2049x1152,2,2,2,0.5
DP-323ea56e184905ef,desktop,rv:46.0,Windows 7,firefox,1366x768,2,2,2,0.5
DP-32449169a0417148,mobile,ALCATEL ONE TOUCH 7042A Build/JDQ39,,chrome,,1,1,1,1.0
DP-3251673137728b9e,mobile,ALE-L23 Build/HuaweiALE-L23,,chrome 59.0 for android,,6,3,3,0.3333333333333333
DP-325189537719d6f7,mobile,SM-P550 Build/NMF26X,,chrome 66.0 for android,,1,1,1,1.0
DP-325367084d8f92b4,mobile,SM-A520F Build/R16NW,,chrome 66.0 for android,,1,1,1,1.0
DP-3258d4c551dcb694,desktop,Windows,Windows 10,chrome 63.0,1600x900,545,256,256,0.00390625
DP-325a6a2f40e252e8,desktop,Windows,Windows 7,chrome 62.0,1920x1080,398,223,223,0.004484304932735426
DP-3261af47939e75be,mobile,LG-H631,Android 6.0,chrome 59.0 for android,1280x720,1,1,1,1.0
DP-326717a833994c59,mobile,LGL41C,Android 4.4.2,chrome 63.0 for android,801x480,1,1,1,1.0
DP-32682c85b815d771,mobile,Pixel,,chrome 63.0 for android,,4,3,3,0.3333333333333333
DP-326bb9eee8ab4100,mobile,SM-G900P Build/MMB29M,Android 6.0.1,chrome 61.0 for android,1920x1080,1,1,1,1.0
DP-326e4ddac47d97cb,mobile,HUAWEI Y625-U13 Build/HUAWEIY625-U13,,chrome 63.0 for android,,1,1,1,1.0
DP-327a2bf1c269859f,mobile,moto x4 Build/NPW26.83-42,,chrome 64.0 for android,,2,1,1,1.0
DP-3292960c9f0c2324,mobile,G3123 Build/40.0.A.6.175,,chrome 66.0 for android,,11,4,4,0.25
DP-32939eedc2fbebaa,desktop,MacOS,Mac OS X 10_11_6,safari generic,3360x2100,2,2,2,0.5
DP-3296ecafd60e8dbb,desktop,Windows,Windows 10,chrome 60.0,1600x900,24,17,17,0.058823529411764705
DP-329bd8397b674450,desktop,Windows,Windows 10,chrome generic,1729x973,1,1,1,1.0
DP-32a97eb2ba1155ae,mobile,5012G Build/MRA58K,,chrome 65.0 for android,,4,3,3,0.3333333333333333
DP-32b459c32905efb1,desktop,MacOS,Mac OS X 10_9_5,safari generic,2048x1280,1,1,1,1.0
DP-32bc1e0fd51d926a,mobile,GT-S7275B,,chrome 64.0 for android,,1,1,1,1.0
DP-32bf81666b9ad6ae,mobile,SM-G610M Build/MMB29K,,chrome generic for android,,26,11,11,0.09090909090909091
DP-32c3408923fb9915,mobile,SM-G955F,,chrome 63.0 for android,,2,1,1,1.0
DP-32e2e3993071109c,mobile,iOS Device,iOS 11.2.2,mobile safari 11.0,2001x1125,46,22,22,0.045454545454545456
DP-32e68159ce69423f,desktop,Windows,Windows 10,chrome 64.0,2800x1575,1,1,1,1.0
DP-32eb55a836e032b3,desktop,Windows,Windows 10,chrome 62.0,1536x1152,1,1,1,1.0
DP-32efc3b87ff4f39d,mobile,,,samsung browser 6.2,,2,2,2,0.5
DP-32ffe9965b02f852,desktop,MacOS,Mac OS X 10_12_2,chrome 63.0,1920x1080,1,1,1,1.0
DP-3306f52c80237d80,mobile,Aquaris,,chrome 62.0 for android,,3,3,3,0.3333333333333333
DP-330d12dfe124a8f7,mobile,BLL-L23 Build/HUAWEIBLL-L23,,other,,1,1,1,1.0
DP-3310ab32662fc346,desktop,Windows,Windows 10,chrome 64.0,2560x1440,11,11,11,0.09090909090909091
DP-331d80fec4d174b8,mobile,SM-A510M Build/NRD90M,,chrome 62.0 for android,,6,3,3,0.3333333333333333
DP-331fd6375ffb9bd5,mobile,iOS Device,iOS 11.1.2,mobile safari uiwebview,2048x1536,1,1,1,1.0
DP-33211facdbd3ace3,mobile,XT1040,,chrome 63.0 for android,,1,1,1,1.0
DP-33218b04ecc4552e,mobile,LG-M210 Build/NRD90U,Android 7.0,chrome 62.0 for android,1280x720,1,1,1,1.0
DP-3327709320be3116,desktop,MacOS,Mac OS X 10_11_6,safari 11.0,1280x800,12,9,9,0.1111111111111111
DP-3327a577ffe6c95f,mobile,SAMSUNG-SM-G935A Build/NRD90M,Android 7.0,chrome 62.0 for android,1920x1080,6,5,5,0.2
DP-334734eaf6f7c16c,mobile,SM-T580 Build/NRD90M,,opera,,1,1,1,1.0
DP-334d07d17ac77b43,mobile,LG-H500 Build/LRX21Y,,chrome 61.0 for android,,12,6,6,0.16666666666666666
DP-334dbd3f0d70b3ec,desktop,rv:11.0,Windows 7,ie 11.0 for desktop,1023x767,3,1,1,1.0
DP-3351bc6121f0f3e5,mobile,LG-K410 Build/LRX22G,,chrome 59.0 for android,,2,2,2,0.5
DP-335348aa6d6cc52b,mobile,Moto E (4) Build/NMA26.42-69,,chrome generic,,94,31,31,0.03225806451612903
DP-33664d1175be3baf,mobile,iOS Device,iOS 10.3.1,mobile safari 10.0,1334x750,61,43,43,0.023255813953488372
DP-336d7e9a6e288fa3,desktop,MacOS,Mac OS X 10_12_6,chrome,1280x800,1,1,1,1.0
DP-339389c293a3390b,mobile,SM-J250M Build/NMF26X,,chrome 66.0 for android,,1,1,1,1.0
DP-33980c4df9f8b0b6,mobile,SM-G530H Build/KTU84P,,chrome 65.0 for android,,6,3,3,0.3333333333333333
DP-339d65eb89db9743,mobile,GT-P3100,,chrome generic for android,,1,1,1,1.0
DP-33a10339d7d98155,desktop,ALE-L21 Build/HuaweiALE-L21,,chrome generic,,1,1,1,1.0
DP-33a6fc2f9b9b25da,mobile,K88,Android 7.1.1,chrome 56.0 for android,,1,1,1,1.0
DP-33bbd3111e1053cb,desktop,MacOS,Mac,chrome 64.0,1440x900,3,3,3,0.3333333333333333
DP-33bdf927ebda7417,desktop,MacOS,Mac OS X 10_13_1,chrome 62.0,,4,2,2,0.5
DP-33c1e2340ffdc90c,mobile,SM-A500M Build/KTU84P,,chrome 64.0 for android,,9,7,7,0.14285714285714285
DP-33d39bf0c5be6537,mobile,iOS Device,iOS 10.3.3,google search application 49.0,1334x750,3,2,2,0.5
DP-33d68febddb112cf,mobile,iOS Device,iOS 11.2.5,chrome,2048x1536,1,1,1,1.0
DP-33d7affc741be5d2,desktop,Windows,Windows 10,edge 14.0,1280x800,2,2,2,0.5
DP-33d930d2b770c928,mobile,SM-G313ML,,other,,1,1,1,1.0
DP-33e3525bb2a20606,mobile,SM-G930T Build/NRD90M,Android 7.0,chrome 63.0 for android,2560x1440,1,1,1,1.0
DP-33e613cbfd4e0755,desktop,rv:57.0,Mac OS X 10.11,firefox 57.0,1152x720,1,1,1,1.0
DP-33e64eed5aec7104,mobile,SM-A530F Build/NMF26X,,chrome generic for android,,1,1,1,1.0
DP-33e8169d1efa404f,mobile,SM-G570M Build/NRD90M,,chrome 58.0 for android,,1,1,1,1.0
DP-33e971878f51de4b,mobile,SM-G900F Build/MMB29M,,chrome 62.0 for android,,1,1,1,1.0
DP-33ec66b4753db638,desktop,MacOS,Mac OS X 10_12_6,chrome generic,2304x1440,1,1,1,1.0
DP-33ef343327e82be6,desktop,MacOS,Mac OS X 10_12_6,chrome 65.0,1440x900,18,16,16,0.0625
DP-33fed9497010e50c,desktop,MacOS,Mac OS X 10_13_4,safari 11.0,1440x900,53,28,28,0.03571428571428571
DP-34028e8f36288167,mobile,E6853,,chrome 63.0 for android,,1,1,1,1.0
DP-340869b5e4ffa91e,mobile,Lenovo TB3-710F Build/LRX21M,,chrome 66.0 for android,,5,3,3,0.3333333333333333
DP-3410d1f727fe0d4b,mobile,GT-S5310L,,chrome 55.0 for android,,1,1,1,1.0
DP-3414283e040a681d,mobile,iOS Device,iOS 10.1.1,mobile safari generic,2001x1125,1,1,1,1.0
DP-342920f0b61171fe,mobile,Moto Z2 Play Build/NPSS26.118-19-14,,chrome 66.0 for android,,31,11,11,0.09090909090909091
DP-342b92f77d47d0ef,mobile,SAMSUNG-SM-G900A Build/MMB29M,Android 6.0.1,chrome 61.0 for android,1920x1080,1,1,1,1.0
DP-34533ada6cdc7ff5,desktop,MacOS,Mac OS X 10_12_5,chrome 66.0,1280x800,1,1,1,1.0
DP-34572d9988643ece,mobile,rv:61.0,,Generic/Android,,1,1,1,1.0
DP-345889c36a7e429a,mobile,Lenovo TB-7703X Build/S100,,chrome 63.0 for android,,3,2,2,0.5
DP-34592aaa1f18fe6a,mobile,8050G Build/LMY47I,,chrome 50.0 for android,,2,2,2,0.5
DP-346261415d4fd610,mobile,STK_Sync_5e,,chrome 64.0 for android,,2,2,2,0.5
DP-34667fc808b50291,mobile,SM-T560NU Build/NMF26X,Android 7.1.1,chrome 62.0 for android,1280x800,1,1,1,1.0
DP-347706b4c7f13d51,mobile,SAMSUNG SM-A300H Build/LRX22G,,chrome generic,,6,6,6,0.16666666666666666
DP-34784f860873a52d,mobile,Nexus,Android 8.0.0,,,4,4,4,0.25
DP-347efa9c5c4455e2,mobile,iOS Device,iOS 11.0.1,mobile safari generic,2208x1242,4,3,3,0.3333333333333333
DP-348b63a6133bbd2a,mobile,iOS Device,iOS 9.3.5,mobile safari generic,2001x1125,1,1,1,1.0
DP-348bd5f700d70fb9,mobile,5057M,,chrome 63.0 for android,,1,1,1,1.0
DP-348c3a3edf4201db,mobile,Moto C Build/NRD90M.057,,chrome 65.0 for android,,1,1,1,1.0
DP-349fd987e86a6d8a,mobile,SM-A310F Build/MMB29K,,chrome 59.0 for android,,1,1,1,1.0
DP-34a1e93ee7280fdb,mobile,E6790TM,Android 5.1.1,chrome 66.0 for android,1281x720,1,1,1,1.0
DP-34a36fd4cd2a65d6,desktop,MacOS,Mac OS X 10_11_4,chrome 63.0,2560x1440,1,1,1,1.0
DP-34a4e0a87e74508a,mobile,,other,mobile safari 11.0,2208x1242,1,1,1,1.0
DP-34bd1030290d0116,mobile,Alcatel_4060A,Android 5.1.1,chrome 60.0 for android,855x480,1,1,1,1.0
DP-34bf84f07731ce92,desktop,Windows,Windows 8.1,ie 11.0 for desktop,1920x1080,8,7,7,0.14285714285714285
DP-34c75c8fc1b8ff62,desktop,rv:45.0,Linux,firefox,1920x1080,1,1,1,1.0
DP-34d17f531e87f8db,mobile,SM-A500M Build/LRX22G,,chrome 64.0 for android,,1,1,1,1.0
DP-34dd3418e7ec8f9f,desktop,Windows,Windows 10,chrome 63.0,1093x615,3,2,2,0.5
DP-34f1b97770d57fa9,mobile,Z981 Build/MMB29M,,chrome 66.0 for android,,2,2,2,0.5
DP-34f85df34ab939eb,mobile,KFTHWI Build/KTU84M,Android,chrome generic,1920x1200,12,11,11,0.09090909090909091
DP-34fb8257b682ea42,mobile,NEM-L51 Build/HONORNEM-L51,,chrome 64.0 for android,,2,2,2,0.5
DP-35010699d5e9f225,mobile,NOKIA,,edge,,10,7,7,0.14285714285714285
DP-3502ba6b373120f1,desktop,Windows,Windows 10,edge 14.0,,131,87,87,0.011494252873563218
DP-350ccaf90d03baeb,mobile,SM-J327T1 Build/NRD90M,Android 7.0,chrome 60.0 for android,1280x720,1,1,1,1.0
DP-351063e3ebad962d,mobile,Vivo,Android 7.0,chrome 63.0 for android,1920x1080,1,1,1,1.0
DP-352bd8e17ac31bdb,desktop,Windows,Windows 7,chrome 58.0,1280x1025,4,2,2,0.5
DP-352d8e630f297909,mobile,F5121 Build/34.3.A.0.252,,chrome 64.0 for android,,22,13,13,0.07692307692307693
DP-35322b306960d692,mobile,SAMSUNG,Android 6.0.1,samsung browser 6.4,1024x768,1,1,1,1.0
DP-3539d51265370be5,desktop,Windows,Windows 10,chrome 60.0,1024x768,2,2,2,0.5
DP-353cbe9568eae618,mobile,E5803,,chrome 55.0 for android,,1,1,1,1.0
DP-35506bc63a7bb467,mobile,XT1064 Build/MPB24.65-34-3,,chrome 62.0 for android,,3,3,3,0.3333333333333333
DP-355877719fbd8191,mobile,Pixel,Android 8.1.0,chrome 62.0 for android,2562x1442,1,1,1,1.0
DP-355b0ebc40f2a6c5,mobile,SAMSUNG SM-G930P Build/NRD90M,Android 7.0,samsung browser generic,1920x1080,2,2,2,0.5
DP-355bc4fd495489c3,desktop,Windows,Windows 7,firefox 57.0,1280x800,15,13,13,0.07692307692307693
DP-355c515a29296b61,mobile,5010G Build/MRA58K,,chrome 52.0 for android,,9,6,6,0.16666666666666666
DP-35667a2a411b238a,desktop,Windows,Windows 8.1,chrome 63.0,1536x864,1,1,1,1.0
DP-3575bb99bf6704f1,desktop,Windows,Windows 7,,1366x768,1,1,1,1.0
DP-357b651690760955,mobile,SM-G900P Build/LRX21T,Android 5.0,chrome 59.0 for android,1920x1080,1,1,1,1.0
DP-357d3391e665d5a6,mobile,D5316 Build/19.4.A.0.182,,chrome,,2,1,1,1.0
DP-357dd29dcab1196c,desktop,Windows,Windows 7,chrome 63.0,2048x1152,3,3,3,0.3333333333333333
DP-357e2a111693702e,desktop,MacOS,Mac OS X 10_13_1,safari generic,3200x1800,1,1,1,1.0
DP-357fd111ff42077e,mobile,SM-T827V Build/NRD90M,Android 7.0,chrome 65.0 for android,2048x1536,5,3,3,0.3333333333333333
DP-358694fbc3b57ff9,mobile,SM-J727V Build/NRD90M,Android 7.0,chrome 63.0 for android,1280x720,4,4,4,0.25
DP-358a5fe1e01d48f2,desktop,Windows,Windows 7,ie 11.0 for desktop,1280x1024,13,12,12,0.08333333333333333
DP-3595a94438ae0056,mobile,SM-T310 Build/KOT49H,Android 4.4.2,chrome 64.0 for android,,1,1,1,1.0
DP-359abade87536d3f,mobile,BBA100-2,,chrome 63.0 for android,,1,1,1,1.0
DP-359b1cfca77b0ed8,mobile,SAMSUNG SM-G950U Build/NRD90M,,samsung browser 6.2,,5,5,5,0.2
DP-35a45fc220898507,mobile,SAMSUNG SM-N920V Build/NRD90M,Android 7.0,samsung browser 6.2,,2,2,2,0.5
DP-35a6cf10041248d4,mobile,SAMSUNG SM-G570M Build/MMB29K,,samsung browser 6.2,,4,3,3,0.3333333333333333
DP-35b3e4933a977640,mobile,SM-N900W8 Build/LRX21V,,chrome 63.0 for android,,8,5,5,0.2
DP-35bacaebc83c6f85,desktop,moto g(6) play Build/OPP27.61-14-4,,chrome generic,,1,1,1,1.0
DP-35bbccf506aaa14d,mobile,SM-G930F Build/NRD90M,Android 7.0,chrome 65.0 for android,1920x1080,4,2,2,0.5
DP-35bd115cfa5eaef6,desktop,,,opera 51.0,,27,13,13,0.07692307692307693
DP-35c2d51e546a0fd5,mobile,DT0704K08,,chrome 63.0 for android,,2,2,2,0.5
DP-35c4b4a19e8178cb,desktop,Windows,Windows Vista,chrome 49.0,921x691,1,1,1,1.0
DP-35d7d1739e58901b,mobile,SM-J700T1 Build/NMF26X,Android 7.1.1,chrome 63.0 for android,,1,1,1,1.0
DP-35dfe3cda2c718a6,desktop,MacOS,Mac OS X 10_13_3,safari 11.0,1920x1080,1,1,1,1.0
DP-35fc6bad26f09c03,desktop,Windows,Windows 10,edge 16.0,1280x800,7,6,6,0.16666666666666666
DP-36001b173a4d8b2b,desktop,SAMSUNG-SM-G530AZ Build/LMY48B,,chrome generic,,3,2,2,0.5
DP-3602372da65b70cf,desktop,Windows,Windows 10,edge 16.0,1440x900,46,35,35,0.02857142857142857
DP-360ba5edfb6dd49c,mobile,M4,,chrome,,1,1,1,1.0
DP-36115219e9f34192,mobile,,Android,chrome 66.0,855x480,2,1,1,1.0
DP-3617227a8bc9a4eb,mobile,iOS Device,iOS 11.3.0,mobile safari generic,2732x2048,15,13,13,0.07692307692307693
DP-36179e29b05d8436,mobile,A5002,Android 6.0,chrome 55.0 for android,855x480,1,1,1,1.0
DP-3618db1990b16166,desktop,Windows,Windows 10,firefox 58.0,2560x1080,7,4,4,0.25
DP-36192bcfed6c2abc,mobile,XT1635-02,Android 7.1.1,chrome 62.0 for android,1920x1080,1,1,1,1.0
DP-361ceb265e3ec518,mobile,GT-S7390,,chrome 59.0 for android,,1,1,1,1.0
DP-361eb5eb4e8a0cc7,mobile,XT1650 Build/NCLS26.118-23-13-6-5,Android 7.1.1,chrome generic for android,2560x1440,1,1,1,1.0
DP-362cfb5dfd65e30e,mobile,iOS Device,iOS 11.1.2,mobile safari 11.0,2208x1242,822,361,361,0.002770083102493075
DP-36304e3aa91fa575,mobile,SLAY,,android webview 4.0,,1,1,1,1.0
DP-36450281d627fe49,mobile,SM-T377V,Android 6.0.1,chrome 59.0 for android,,1,1,1,1.0
DP-364ae5186d1267e4,mobile,WAS-L03T Build/HUAWEIWAS-L03T,,chrome 63.0 for android,,1,1,1,1.0
DP-364af086f9c71195,desktop,Windows,Windows 7,firefox 57.0,1680x1050,39,28,28,0.03571428571428571
DP-364fd0042dd0b8c2,mobile,LG-X210 Build/LMY47I,,chrome 64.0 for android,,9,4,4,0.25
DP-365194c41ed4ac94,desktop,rv:58.0,Mac OS X 10.9,firefox generic,1366x768,1,1,1,1.0
DP-3652ec4a509d305d,desktop,Windows,Linux,chrome generic,640x360,7,6,6,0.16666666666666666
DP-365499b2235a5b75,mobile,E6553,,chrome 65.0 for android,,1,1,1,1.0
DP-36660f93c367db43,mobile,XT1032 Build/LPBS23.13-56-2,,chrome 62.0 for android,,6,3,3,0.3333333333333333
DP-3666d85d033a7003,mobile,LG-H542 Build/LRX22G,,chrome 62.0 for android,,1,1,1,1.0
DP-3686e85f79d5c1b9,desktop,MacOS,Mac OS X 10_13_3,safari 11.0,2560x1600,6,4,4,0.25
DP-3691c182dd9debc7,desktop,Windows,Windows 10,chrome 65.0,2304x1440,1,1,1,1.0
DP-3693ee9ed5677b9e,mobile,LG-K550,Android 6.0.1,chrome 63.0 for android,1280x720,2,1,1,1.0
DP-36944c0dc12bf5fb,mobile,iOS Device,iOS 10.3.2,mobile safari generic,2048x1536,16,12,12,0.08333333333333333
DP-369a2c59e3ef5e1b,mobile,Lenovo TB-7703X Build/S100,,chrome 62.0 for android,,1,1,1,1.0
DP-369e4c72b025cf9b,mobile,Alcatel_5098O Build/MMB29M,Android 6.0.1,chrome 63.0 for android,1280x720,2,1,1,1.0
DP-36a83a25b1352880,mobile,SM-G950F Build/R16NW,,chrome 67.0 for android,,1,1,1,1.0
DP-36a8be1d2b9f88e6,desktop,MacOS,Mac OS X 10_10_5,chrome 64.0,1366x768,1,1,1,1.0
DP-36a93e195d2ccdb3,mobile,HTC Desire 650 Build/MMB29M,,chrome generic for android,,8,4,4,0.25
DP-36ac1a03d5386067,mobile,XT1254 Build/MCG24.251-5-5,Android 6.0.1,chrome 61.0 for android,2560x1440,1,1,1,1.0
DP-36acc0563a79ab88,mobile,RCT6203W46 Build/KOT49H,Android 4.4.2,other,1024x552,4,1,1,1.0
DP-36b59ec68014ad2f,mobile,SM-G531H Build/LMY48B,,chrome 60.0 for android,,9,2,2,0.5
DP-36c657e470c7a3bb,mobile,LG-H500 Build/LRX21Y,,chrome 60.0 for android,,2,2,2,0.5
DP-36c6bb2ababe93a6,mobile,SM-N920C Build/NRD90M,,chrome 63.0 for android,,3,1,1,1.0
DP-36cad6ccf9bddaf2,mobile,rv:57.0,Android 7.0,Generic/Android 7.0,2076x1080,1,1,1,1.0
DP-36d4d33b73c094ef,mobile,5015A Build/LMY47I,,chrome 64.0 for android,,6,3,3,0.3333333333333333
DP-36ead23c275010de,desktop,Windows,Windows 10,opera,1920x1080,5,1,1,1.0
DP-36f003e9e790dd1a,desktop,,,chrome 61.0,,81,47,47,0.02127659574468085
DP-36f22b523a0c9609,desktop,MacOS,Mac OS X 10_13_1,chrome 66.0,1280x800,1,1,1,1.0
DP-36f433bba77f9262,mobile,Linux x86_64,Linux,puffin,2048x1536,1,1,1,1.0
DP-36f8f48f6798b325,mobile,iOS Device,iOS 11.3.0,mobile safari generic,2001x1125,56,41,41,0.024390243902439025
DP-36fa87a676d1cdc4,desktop,MacOS,Mac OS X 10_11_6,chrome 63.0,1600x1000,1,1,1,1.0
DP-37015e664c4414ae,mobile,Beat,Android,android browser 4.0,,1,1,1,1.0
DP-370828be9fc4552c,mobile,SM-A720F Build/NRD90M,,chrome 65.0 for android,,33,15,15,0.06666666666666667
DP-370fb8e92fc25d5d,mobile,SM-G950U Build/NRD90M,,chrome 64.0 for android,,4,3,3,0.3333333333333333
DP-3714dda7e8db60f2,mobile,LG-M320 Build/NRD90U,,chrome 64.0 for android,,9,7,7,0.14285714285714285
DP-371ad57237403249,mobile,iOS Device,iOS 9.3.5,mobile safari generic,1136x640,8,4,4,0.25
DP-371d1d1a2ed19722,desktop,MacOS,Mac OS X 10_12,safari generic,1920x1080,5,5,5,0.2
DP-371d5bdc806122f4,mobile,WAS-LX3 Build/HUAWEIWAS-LX3,,chrome generic for android,,5,5,5,0.2
DP-372376df1312705e,desktop,Windows,Windows 8.1,chrome 61.0,1366x768,3,3,3,0.3333333333333333
DP-372440def32bc37f,mobile,SM-G920V Build/MMB29K,,chrome 59.0 for android,,4,1,1,1.0
DP-373195cea7397a02,desktop,MacOS,Mac OS X 10_12_5,chrome 62.0,2880x1800,3,3,3,0.3333333333333333
DP-3738fb8c4c29b451,mobile,G3123 Build/40.0.A.6.175,,chrome generic for android,,1,1,1,1.0
DP-373a7aa84d0e3a37,mobile,WAS-LX3 Build/HUAWEIWAS-LX3,,chrome 61.0 for android,,1,1,1,1.0
DP-3741d299ed1f3e59,mobile,Nexus 5X Build/OPM3.171019.013,Android 8.1.0,chrome 63.0 for android,,2,1,1,1.0
DP-37452e8f6aed5f6d,mobile,SM-G531H Build/LMY48B,,chrome 63.0 for android,,86,24,24,0.041666666666666664
DP-3746d75ac9d7ff8b,desktop,Windows,Windows 7,chrome 64.0,2880x1800,5,1,1,1.0
DP-374889767916e5ea,mobile,Nexus,Android 5.1.1,chrome 62.0 for android,2048x1536,1,1,1,1.0
DP-374f1db6ce051d2a,mobile,M4 SS4456 Build/LMY47V,,chrome 63.0 for android,,8,4,4,0.25
DP-375c12b7cb62933b,mobile,SM-P580 Build/NRD90M,,chrome 62.0 for android,,1,1,1,1.0
DP-3761b30e96447e81,mobile,SM-A310M Build/NRD90M,,chrome generic for android,,1,1,1,1.0
DP-3778fd33d2961b12,mobile,SAMSUNG SM-A310F Build/NRD90M,,samsung browser 6.4,,15,6,6,0.16666666666666666
DP-3779cd277375cfa2,desktop,MacOS,Mac OS X 10_13_1,chrome 59.0,2560x1600,1,1,1,1.0
DP-37888fb14b5e573a,desktop,Windows,Windows 10,edge 16.0,3840x1600,1,1,1,1.0
DP-37893cd7b07414c2,mobile,SAMSUNG SM-G925I Build/NRD90M,,samsung browser 6.4,,4,3,3,0.3333333333333333
DP-378ee491b3bf1b6e,desktop,Intel,Mac,safari,2880x1800,1,1,1,1.0
DP-378f39145eb07c97,desktop,MacOS,Mac OS X 10_11_6,chrome 66.0,2880x1800,5,5,5,0.2
DP-37917fbcdd6b9e0c,desktop,rv:52.0,Windows XP,firefox 52.0,1920x1080,2,1,1,1.0
DP-379689b00270a505,mobile,E2306 Build/26.1.A.3.111,,chrome generic,,1,1,1,1.0
DP-37a01ddbb79ecf26,mobile,Moto G (5) Build/NPPS25.137-15-11,,chrome generic,,65,26,26,0.038461538461538464
DP-37a11416ceda47c2,desktop,Windows,Windows 10,firefox 57.0,1600x900,92,59,59,0.01694915254237288
DP-37ad670e4f5caf06,mobile,X900+,,chrome 64.0 for android,,1,1,1,1.0
DP-37b40b4dfe93c854,desktop,rv:58.0,Mac OS X 10.13,firefox 58.0,1280x800,9,7,7,0.14285714285714285
DP-37bec29f477bec9c,desktop,rv:31.0,,firefox,,23,2,2,0.5
DP-37c99b10797a1a2d,desktop,Windows,Windows 8.1,chrome 64.0,2160x1440,2,1,1,1.0
DP-37cbe60370f70fc8,desktop,,Linux,chrome 63.0,2400x1600,6,2,2,0.5
DP-37d5e926e4652b89,mobile,SM-G955U Build/NRD90M,Android 7.0,chrome 55.0 for android,,1,1,1,1.0
DP-37dd6892664697af,mobile,Pixel 2 XL Build/OPM1.171019.011,Android 8.1.0,chrome 62.0 for android,,1,1,1,1.0
DP-37e085185f17a054,mobile,iOS Device,iOS 11.0.2,mobile safari 11.0,2732x2048,5,4,4,0.25
DP-37e3d3ef80b77fb0,desktop,Windows,Windows Vista,firefox 52.0,1366x768,3,3,3,0.3333333333333333
DP-37e45cac793fa005,mobile,SM-J727VPP Build/NRD90M,Android 7.0,chrome 64.0 for android,1280x720,5,1,1,1.0
DP-37e4f910cf858aac,desktop,Windows,Windows 7,chrome 66.0,1920x1081,1,1,1,1.0
DP-37ea9146fd21f623,mobile,SM-A310F Build/NRD90M,,chrome 63.0 for android,,3,3,3,0.3333333333333333
DP-37eaee60f55f9548,mobile,,Android,chrome 64.0,1280x800,1,1,1,1.0
DP-37f182bbf94a9c46,mobile,SAMSUNG-SM-T537A,,chrome 62.0 for android,,1,1,1,1.0
DP-37f5a46771e9eefe,mobile,Moto G Play Build/MPIS24.241-15.3-7,,chrome 65.0 for android,,42,15,15,0.06666666666666667
DP-37f6deb09c794ae4,mobile,5080A Build/MRA58K,,chrome 52.0 for android,,7,5,5,0.2
DP-38075a6653d5f8fd,desktop,Windows,Windows 8.1,ie 11.0 for desktop,1280x1024,1,1,1,1.0
DP-380c492e37e5393c,mobile,iOS Device,iOS 11.3.0,chrome,2224x1668,1,1,1,1.0
DP-380ccd3745474e0e,mobile,SAMSUNG SM-N920P Build/NRD90M,Android 7.0,samsung browser 5.4,1920x1080,1,1,1,1.0
DP-381642e74b82e2fc,mobile,Moto C Build/NRD90M.050,,chrome 64.0 for android,,1,1,1,1.0
DP-38195535017c0eb0,mobile,Lenovo-A6020l36 Build/LMY47V,,other,,32,13,13,0.07692307692307693
DP-3819e862911a5334,mobile,Moto E (4) Plus Build/NMA26.42-11-3,,android webview 4.0,,1,1,1,1.0
DP-381ff2287ea6c77a,mobile,LG-H840 Build/NRD90U,,chrome 58.0 for android,,3,3,3,0.3333333333333333
DP-382ce11612020836,mobile,SM-G900P Build/LRX21T,Android 5.0,chrome 62.0 for android,1920x1080,1,1,1,1.0
DP-3837b57531b8beec,mobile,GT-P5210 Build/JDQ39,,chrome 62.0 for android,,1,1,1,1.0
DP-383f26e6816a2f5d,mobile,SM-J701M Build/NRD90M,,chrome 64.0 for android,,34,10,10,0.1
DP-38489f6405a77e1b,mobile,XT1650 Build/NCLS26.118-23-13-3,Android 7.1.1,chrome 62.0 for android,2560x1440,5,5,5,0.2
DP-3849a731bf393cc4,mobile,NX16A8116KP,Android 7.1.1,chrome 64.0 for android,1280x800,1,1,1,1.0
DP-384cfc54a213ceb7,desktop,Windows,Windows 8,firefox 58.0,1366x768,2,2,2,0.5
DP-384f2acd9db3e2c0,desktop,MacOS,Mac OS X 10_12_5,chrome 62.0,2560x1600,2,2,2,0.5
DP-38507bfac2b54497,mobile,SM-E500M Build/KTU84P,,chrome 60.0 for android,,1,1,1,1.0
DP-3857439ff315eb9f,desktop,Trident/7.0,Windows 10,ie 11.0 for desktop,1599x899,2,2,2,0.5
DP-3863ace69080c339,desktop,,Linux,chrome 62.0,1200x675,1,1,1,1.0
DP-38671ecbec8f07df,desktop,Windows,Windows 10,chrome 65.0,1366x768,311,156,156,0.00641025641025641
DP-38821247329fbf11,desktop,rv:59.0,Mac OS X 10.13,firefox 59.0,1920x1080,16,9,9,0.1111111111111111
DP-3882145e41dea4a0,mobile,iOS Device,iOS 11.3.1,chrome 66.0 for ios,1334x750,14,8,8,0.125
DP-3886beb4e11de8d9,mobile,HTC One mini Build/KOT49H,,chrome 64.0 for android,,3,1,1,1.0
DP-388b31a491cfae3b,mobile,SAMSUNG-SM-G928A Build/NRD90M,Android 7.0,chrome 63.0 for android,,1,1,1,1.0
DP-38a546efa7a23f90,desktop,MacOS,Mac OS X 10_12_4,safari generic,2560x1600,9,8,8,0.125
DP-38a94ccf46c2bd79,desktop,rv:56.0,Windows 10,firefox,1680x1050,1,1,1,1.0
DP-38ab8b49692d39b7,desktop,Trident/7.0,Windows 10,ie 11.0 for desktop,1280x720,1,1,1,1.0
DP-38b12f3b011cf36a,mobile,5080A Build/MRA58K,,chrome 62.0 for android,,2,2,2,0.5
DP-38b161be8b4294c0,mobile,SM-J710MN Build/MMB29K,,chrome 66.0 for android,,6,5,5,0.2
DP-38b27fd1c7b2ffb0,mobile,Blade L5 Build/LMY47I,,chrome 64.0 for android,,9,2,2,0.5
DP-38be62d939bdaf06,mobile,Pixel Build/OPM1.171019.011,,chrome 62.0 for android,,1,1,1,1.0
DP-38c5e9aa977203f4,mobile,Lenovo TB3-710I Build/LMY47I,,chrome 63.0 for android,,1,1,1,1.0
DP-38c764738b6c177d,mobile,BLADE V7 Build/MRA58K,,chrome generic for android,,1,1,1,1.0
DP-38dd101390be9c2d,mobile,LG-H840 Build/MMB29M,,chrome 62.0 for android,,5,1,1,1.0
DP-38df68cce6c8a567,mobile,SM-J510MN Build/MMB29M,Android 6.0.1,opera,1280x720,1,1,1,1.0
DP-38eb816ef23e1ce6,mobile,SAMSUNG SM-G955U Build/NRD90M,Android 7.0,samsung browser 6.2,2961x1442,8,7,7,0.14285714285714285
DP-38f60dae8de36eb3,mobile,LG-H500 Build/LRX21Y,,chrome 51.0 for android,,3,2,2,0.5
DP-390756ea3e159325,desktop,MacOS,Mac OS X 10_11_5,chrome 61.0,2880x1800,1,1,1,1.0
DP-3909ab6f9c5b34cf,mobile,SM-T710 Build/NRD90M,,chrome 62.0 for android,,4,3,3,0.3333333333333333
DP-390bd4b7cc6b5312,mobile,SM-A510M Build/LMY47X,,chrome 62.0 for android,,1,1,1,1.0
DP-3910bcf50b27a355,desktop,Windows,Windows 7,chrome 61.0,1920x1080,40,26,26,0.038461538461538464
DP-391f6e468a2adfc7,mobile,P5006A,,chrome 62.0 for android,,2,1,1,1.0
DP-39216f88b32cbdbb,desktop,MacOS,Mac OS X 10_13_2,chrome 64.0,1920x1080,2,1,1,1.0
DP-39224acafe476b44,mobile,SAMSUNG,Android 5.1.1,chrome generic,1280x720,2,1,1,1.0
DP-3923706e831ed4e0,desktop,Windows,Windows 8.1,chrome 63.0,1360x768,3,2,2,0.5
DP-392744fd36aacf92,mobile,LM-X210(G,Android 7.1.2,chrome generic,1280x720,5,5,5,0.2
DP-392ac4d9c2b0f566,mobile,LG-D331 Build/LRX22G,,chrome,,1,1,1,1.0
DP-392f04873a74d619,mobile,Moto G Play Build/MPIS24.241-15.3-7,,chrome 64.0 for android,,18,11,11,0.09090909090909091
DP-392f0f9d26d7680d,mobile,SM-A520W,,chrome 61.0 for android,,1,1,1,1.0
DP-3930bc8a5b5f10fb,mobile,SAMSUNG-SM-T337A Build/LMY47X,Android 5.1.1,other,,1,1,1,1.0
DP-3931bbda994ea083,desktop,MacOS,Mac OS X 10_10_5,chrome 65.0,1366x768,1,1,1,1.0
DP-3936ef335378ed70,desktop,Windows,,firefox 57.0,,569,163,163,0.006134969325153374
DP-393e8137549e7fde,mobile,LGLS991,Android 6.0,chrome 58.0 for android,2560x1440,1,1,1,1.0
DP-39432d1eafd352d2,desktop,rv:52.0,Mac OS X 10.13,firefox 52.0,2560x1600,1,1,1,1.0
DP-39553fbc8e217c99,mobile,SM-G920F Build/MMB29K,,chrome 50.0 for android,,1,1,1,1.0
DP-396454f5c06dc79e,mobile,,Android,chrome 64.0,1366x768,4,4,4,0.25
DP-396c02c6ac381642,mobile,SM-N950U Build/NMF26X,Android 7.1.1,chrome 63.0 for android,,68,55,55,0.01818181818181818
DP-39700657cc717fd3,mobile,SM-G930U Build/NRD90M,,chrome 63.0 for android,,5,4,4,0.25
DP-39782063822adca2,mobile,SM-N950U Build/NMF26X,Android 7.1.1,android webview 4.0,2220x1081,1,1,1,1.0
DP-3979e6fee77516cb,mobile,SM-J710GN Build/MMB29K,,chrome 63.0 for android,,6,2,2,0.5
DP-39884f780606f5aa,desktop,Windows,Windows 10,firefox 58.0,1360x768,2,1,1,1.0
DP-3990dcd3570e388e,mobile,SM-G930V Build/NRD90M,Android 7.0,android webview 4.0,5760x3240,1,1,1,1.0
DP-399170788952c4cd,desktop,MacOS,Mac OS X 10_12_5,chrome 61.0,1440x900,3,3,3,0.3333333333333333
DP-3995818c1dc0a8c0,mobile,HTC One A9 Build/NRD90M,,chrome 65.0 for android,,2,2,2,0.5
DP-39a03199e86560fa,mobile,4013M Build/KOT49H,,chrome 64.0 for android,,1,1,1,1.0
DP-39a5a72ee52d7428,mobile,Ilium L950 Build/KTU84P,,chrome 64.0 for android,,3,2,2,0.5
DP-39b882b15e25bcb5,desktop,rv:58.0,Mac OS X 10.12,firefox 58.0,4096x2304,1,1,1,1.0
DP-39bd9c9fb0369fb9,mobile,Ilium X710 Build/MRA58K,,chrome 50.0 for android,,1,1,1,1.0
DP-39c4865446ca97e6,mobile,SM-G930F Build/NRD90M,,chrome 64.0 for android,,21,11,11,0.09090909090909091
DP-39cc80de092f25ab,desktop,Windows,Windows 10,edge 13.0,2160x1440,1,1,1,1.0
DP-39cdb11804cc5630,desktop,,,chrome 55.0,,14,6,6,0.16666666666666666
DP-39cdc7153f7cfc7e,desktop,Windows,Windows 10,chrome 66.0,1502x845,1,1,1,1.0
DP-39dad1ed50062549,mobile,SAMSUNG-SM-G890A Build/NRD90M,Android 7.0,chrome 63.0 for android,2560x1440,3,3,3,0.3333333333333333
DP-39dd778b21b2d89f,mobile,AM508,,android webview 4.0,,3,2,2,0.5
DP-39e04944b0258f55,mobile,SM-T230 Build/KOT49H,,chrome 56.0 for android,,1,1,1,1.0
DP-39e498a5ac311290,mobile,LG-M210 Build/NRD90U,Android 7.0,other,1280x720,1,1,1,1.0
DP-39f0870e951c2b39,desktop,Windows,Windows 10,firefox 60.0,1920x1080,22,18,18,0.05555555555555555
DP-39fe695ce3e717d9,mobile,HTC,,chrome 65.0 for android,,1,1,1,1.0
DP-3a02c1a1868149a3,mobile,Blade L2 Plus Build/KOT49H,,chrome 65.0 for android,,3,3,3,0.3333333333333333
DP-3a0c6ca7bc19f184,desktop,MacOS,Mac OS X 10_10_5,chrome 63.0,1360x768,1,1,1,1.0
DP-3a1112d9776a34a8,mobile,LGMP450 Build/NRD90U,Android 7.0,chrome 58.0 for android,1920x1080,1,1,1,1.0
DP-3a145cdb58089269,mobile,iOS Device,iOS 11.0.2,chrome 62.0 for ios,2048x1536,1,1,1,1.0
DP-3a1594eb1c08f214,desktop,MacOS,Mac OS X 10_12_4,chrome 62.0,1366x768,2,2,2,0.5
DP-3a16183d2fcd3e9b,desktop,MacOS,Mac,chrome 62.0,1680x1050,1,1,1,1.0
DP-3a29332df118485e,desktop,MacOS,Mac OS X 10_11_3,chrome 63.0,1600x900,1,1,1,1.0
DP-3a2aab3fedfd1251,mobile,SM-G900T Build/MMB29M,Android 6.0.1,chrome 65.0 for android,1920x1080,1,1,1,1.0
DP-3a372d39c547b311,mobile,SM-G9600 Build/R16NW,,chrome 66.0 for android,,5,2,2,0.5
DP-3a375029ca0ccf6f,mobile,MotoG3 Build/MPI24.65-33.1-2,,chrome 62.0 for android,,10,2,2,0.5
DP-3a38d94a80a742a2,mobile,SM-J510FN,,chrome 64.0 for android,,2,1,1,1.0
DP-3a39cccf82dd0024,desktop,MacOS,Mac OS X 10_11_5,safari 9.0,2880x1800,1,1,1,1.0
DP-3a3a72c95c0db2cc,desktop,Windows,Windows 8,chrome 65.0,1440x900,1,1,1,1.0
DP-3a3dbaa7681e3eee,desktop,rv:59.0,Mac OS X 10.10,firefox 59.0,1440x900,3,3,3,0.3333333333333333
DP-3a3ea0b1d993e2f3,mobile,Blade V6 Plus Build/MRA58K,,chrome 63.0 for android,,21,7,7,0.14285714285714285
DP-3a42f933b1079b35,desktop,rv:59.0,Windows 10,firefox 59.0,1366x767,5,3,3,0.3333333333333333
DP-3a4f302127476cc3,mobile,Nexus 6 Build/N6F27M,,chrome 64.0 for android,,4,3,3,0.3333333333333333
DP-3a525799f57cc4d1,mobile,Pixel,Android 7.1.2,chrome 65.0 for android,2560x1800,1,1,1,1.0
DP-3a56beb5df3ea72a,mobile,MotoG3-TE Build/MPDS24.65-33-1-3,,chrome 61.0 for android,,1,1,1,1.0
DP-3a641149f59e1f12,mobile,LG-H990 Build/NRD90M,Android 7.0,chrome 62.0 for android,2560x1440,1,1,1,1.0
DP-3a798513d5874605,mobile,SM-A520W Build/NRD90M,,chrome 65.0 for android,,1,1,1,1.0
DP-3a7b1c9f67740120,desktop,,Linux,chrome 66.0,1920x1080,33,8,8,0.125
DP-3a7da355765d0469,desktop,Windows,Windows 7,chrome 63.0,1152x864,4,4,4,0.25
DP-3a82853162791e4e,mobile,LG-H811 Build/MRA58K,Android 6.0,chrome 62.0 for android,2560x1440,2,2,2,0.5
DP-3a849b6d1b8f272d,mobile,SM-J111M Build/LMY47V,,chrome 66.0 for android,,1,1,1,1.0
DP-3a8ef9b9f48d6750,mobile,SM-J727T Build/NRD90M,Android 7.0,chrome 65.0 for android,1280x720,2,2,2,0.5
DP-3a9406898108c714,mobile,KFMEWI,Android 5.1.1,chrome generic,,3,3,3,0.3333333333333333
DP-3aa0bbee970750e9,desktop,Windows,Windows 7,chrome 59.0,1920x1080,8,6,6,0.16666666666666666
DP-3aa63a8d1195090e,desktop,Trident/7.0,Windows 10,ie 11.0 for tablet,2559x1440,1,1,1,1.0
DP-3aaba4ec72c02c71,mobile,,Android,chrome 63.0,1920x1080,20,8,8,0.125
DP-3ab2abf49d51dcf3,desktop,Windows,Windows 7,firefox 57.0,1366x768,117,74,74,0.013513513513513514
DP-3ab4c30378dc5747,desktop,,Linux,chrome 66.0,2560x1440,17,7,7,0.14285714285714285
DP-3ab9dd72c31cea3e,desktop,rv:11.0,Windows 7,ie 11.0 for desktop,1919x1080,2,2,2,0.5
DP-3abbf3766faa3226,mobile,G8141 Build/47.1.A.5.51,,chrome 63.0 for android,,5,3,3,0.3333333333333333
DP-3abd241644aa1935,mobile,SM-A520F Build/NRD90M,,chrome 64.0 for android,,46,10,10,0.1
DP-3abd65865d544228,desktop,MacOS,Mac OS X 10_10_5,chrome 62.0,1280x720,1,1,1,1.0
DP-3ad64c6188c954f0,desktop,,Linux,chrome 65.0,2562x1442,4,2,2,0.5
DP-3ad7c997fd99f5b1,mobile,LG-M250 Build/NRD90U,,other,,1,1,1,1.0
DP-3ad8ae275b0e6909,mobile,SM-G950U Build/NRD90M,Android 7.0,chrome 62.0 for android,2220x1080,49,40,40,0.025
DP-3ae870db663aa24f,desktop,MacOS,Mac OS X 10_11_6,safari generic,1152x720,1,1,1,1.0
DP-3aea84d3d5a06584,mobile,SM-N920T,,chrome 65.0 for android,,1,1,1,1.0
DP-3af5209112683dc7,mobile,,,mobile safari generic,,4964,697,697,0.0014347202295552368
DP-3af7d8e41c2fa51f,desktop,MacOS,Mac OS X 10_12_6,safari generic,2560x1440,61,44,44,0.022727272727272728
DP-3b0111007e28f1ab,desktop,,Linux,chrome 63.0,1440x810,1,1,1,1.0
DP-3b016ef9508cff51,desktop,MacOS,Mac OS X 10_11_6,chrome 66.0,1366x768,3,2,2,0.5
DP-3b051f4d2110d366,mobile,SM-G930V Build/NRD90M,Android 7.0,chrome generic for android,1920x1080,9,8,8,0.125
DP-3b0823310a381f96,desktop,MacOS,Mac OS X 10_13_2,chrome 63.0,3840x2160,2,2,2,0.5
DP-3b0b12074f2c0d49,desktop,rv:47.0,Windows 10,firefox 47.0,1768x992,3,3,3,0.3333333333333333
DP-3b0ba6eeae21ea2f,mobile,ALCATEL ONE TOUCH 5036A Build/JDQ39,,chrome 61.0 for android,,1,1,1,1.0
DP-3b1667fdd5a36d4c,desktop,Windows,Windows 10,chrome 63.0,1280x960,5,4,4,0.25
DP-3b1994df266c8121,desktop,MacOS,Mac OS X 10_13_2,chrome 65.0,1280x800,1,1,1,1.0
DP-3b1a2533cedab57c,mobile,D2406,,chrome 43.0 for android,,1,1,1,1.0
DP-3b1f13c9a76c6b77,desktop,,Linux,chrome 65.0,1536x864,1,1,1,1.0
DP-3b22bd9d24071000,mobile,,other,mobile safari 11.0,1334x750,1,1,1,1.0
DP-3b284312988ec0d5,mobile,XT1053 Build/LPAS23.12-21.7-1,,chrome 64.0 for android,,1,1,1,1.0
DP-3b2dd187f481806c,mobile,SM-G610F Build/NRD90M,,chrome 63.0 for android,,4,1,1,1.0
DP-3b32217494fa4887,mobile,F5321,Android 7.1.1,chrome 63.0 for android,1280x720,1,1,1,1.0
DP-3b35df03a511f2db,mobile,LG-H831 Build/NRD90U,,chrome 59.0 for android,,1,1,1,1.0
DP-3b3fea1a64a322ea,mobile,6039A Build/LRX22G,,chrome 63.0 for android,,3,3,3,0.3333333333333333
DP-3b410b190953277f,mobile,LGLS770,Android 6.0,chrome 63.0 for android,1280x720,1,1,1,1.0
DP-3b495e8998663d46,mobile,Blade V6 Build/LRX22G,,chrome 55.0 for android,,1,1,1,1.0
DP-3b5ab5ded1490c1b,mobile,HTC Desire 650 Build/MMB29M,,chrome 60.0 for android,,1,1,1,1.0
DP-3b5ef5d66147aa33,desktop,Trident/7.0,Windows 7,ie 11.0 for desktop,1439x900,2,2,2,0.5
DP-3b61795efb08174f,desktop,MacOS,Mac OS X 10_12_5,safari generic,1280x800,11,8,8,0.125
DP-3b642832292cbc03,mobile,Android 5.1,,chrome 43.0 for android,,4,3,3,0.3333333333333333
DP-3b8b2ac4ddb15bf6,mobile,D6503,,chrome 62.0 for android,,1,1,1,1.0
DP-3b8c093e627b8811,mobile,SM-T713 Build/NRD90M,,chrome 64.0 for android,,2,1,1,1.0
DP-3b9509b508e77538,mobile,STV100-3,Android 6.0.1,chrome 63.0 for android,2562x1442,1,1,1,1.0
DP-3b971dcdf8062e8b,mobile,XT1063 Build/MPB24.65-34-3,,chrome 62.0 for android,,1,1,1,1.0
DP-3baf75f786594fb6,desktop,Windows NT 6.1,Windows 7,ie,1239x697,2,1,1,1.0
DP-3bb0cba603423f78,desktop,Windows,Windows 7,chrome generic,1360x768,1,1,1,1.0
DP-3bb3e25bc6e0f076,mobile,SAMSUNG SM-G610M Build/MMB29K,,samsung browser 5.4,,3,2,2,0.5
DP-3bc14c9be469b958,mobile,,Android,chrome 66.0,1920x1080,1,1,1,1.0
DP-3bc27d1b4b9d8e50,desktop,MacOS,Mac OS X 10_12_6,chrome 64.0,2560x1440,3,3,3,0.3333333333333333
DP-3bcc5f5b7190b86b,desktop,Windows,Windows 7,chrome 63.0,2560x1080,5,5,5,0.2
DP-3bcfe974260c8946,desktop,rv:50.0,Windows 7,firefox,1024x768,1,1,1,1.0
DP-3bd916efbbe7ac52,mobile,KFDOWI Build/LVY48F,Android 5.1.1,chrome 62.0 for android,,1,1,1,1.0
DP-3be060a7c1cf3e1e,mobile,SM-T825 Build/NRD90M,,chrome 65.0 for android,,1,1,1,1.0
DP-3bed7ce03c8796a7,desktop,Trident/7.0,Windows 10,ie 11.0 for desktop,1920x1079,4,4,4,0.25
DP-3bf9d3e8ebd4ef0a,mobile,HUAWEI Y560-L03 Build/HUAWEIY560-L03,,chrome 61.0 for android,,4,1,1,1.0
DP-3c0e139b82506b34,mobile,Ilium LT510 Build/MRA58K,,chrome 59.0 for android,,2,2,2,0.5
DP-3c14bc3ce7d4adc0,mobile,LG-TP260 Build/NRD90U,Android 7.0,chrome 62.0 for android,1280x720,1,1,1,1.0
DP-3c1a4cc6b58b163b,mobile,SM-A320FL Build/NRD90M,,chrome 61.0 for android,,1,1,1,1.0
DP-3c22c3881ec827ab,mobile,FIG-LX3 Build/HUAWEIFIG-LX3,,chrome 65.0 for android,,5,4,4,0.25
DP-3c2c648a9fe22b9a,mobile,EML-L29 Build/HUAWEIEML-L29,,chrome generic for android,,1,1,1,1.0
DP-3c302539d2ddac2b,desktop,MacOS,Mac OS X 10_11_6,chrome 66.0,1280x800,7,6,6,0.16666666666666666
DP-3c309edf6cb7f861,desktop,MacOS,Mac OS X 10_12_3,chrome 64.0,5120x2880,1,1,1,1.0
DP-3c34afbcc17e6816,desktop,MacOS,Mac OS X 10_12_6,safari 11.0,3840x2400,1,1,1,1.0
DP-3c3591e68be2f9a5,mobile,E5306 Build/27.3.A.0.129,,chrome generic for android,,1,1,1,1.0
DP-3c4a8d60ac79df38,mobile,4009F,,chrome 65.0 for android,,2,1,1,1.0
DP-3c4e9194695b27d0,desktop,ATT-IE11,Windows 7,ie 11.0 for desktop,1680x1050,1,1,1,1.0
DP-3c55aa17690f1b87,mobile,BLADE A520 Build/NRD90M,,chrome 60.0 for android,,1,1,1,1.0
DP-3c5dcb76244a69c7,mobile,SM-P600 Build/LMY47X,Android 5.1.1,chrome 63.0 for android,2560x1600,2,2,2,0.5
DP-3c64dc3a22074d6f,desktop,Windows,Windows 7,chrome 58.0,1600x900,6,5,5,0.2
DP-3c686340ab531e0b,desktop,MacOS,Mac OS X 10_11_6,chrome 61.0,1680x1050,2,2,2,0.5
DP-3c6c632c4845ca05,desktop,MacOS,Mac OS X 10_13_1,safari generic,1366x768,18,16,16,0.0625
DP-3c6f5c6eefc7c7ce,mobile,iOS Device,iOS 10.3.2,mobile safari 10.0,2208x1242,46,40,40,0.025
DP-3c76a5c3e51bb230,mobile,SAMSUNG SM-G935A Build/NRD90M,Android 7.0,samsung browser 6.2,2562x1442,1,1,1,1.0
DP-3c843cc40c1d083a,mobile,SM-T350 Build/NMF26X,,chrome 64.0 for android,,6,3,3,0.3333333333333333
DP-3c8acf42f3f70d9f,mobile,verykoolS5524,,chrome 64.0 for android,,1,1,1,1.0
DP-3c9259e2be84dbd3,mobile,iOS Device,iOS 10.0.2,mobile safari 10.0,2001x1125,2,2,2,0.5
DP-3ca4b730abda4a69,desktop,Windows,Windows 10,edge 16.0,1600x899,2,2,2,0.5
DP-3cacc36ef33aa3ef,mobile,SAMSUNG SM-G950F Build/R16NW,,samsung browser 7.0,,24,8,8,0.125
DP-3cacd60cb235cc06,desktop,MacOS,Mac OS X 10_12_6,chrome 61.0,3840x2400,1,1,1,1.0
DP-3cae50a343137cb0,desktop,MacOS,Mac OS X 10_13_1,chrome 64.0,3840x2160,4,1,1,1.0
DP-3caec48bf92ac4ed,mobile,Ilium L910 Build/MRA58K,,chrome 62.0 for android,,4,3,3,0.3333333333333333
DP-3cb043a8aab34e69,mobile,Z959 Build/LMY47V,Android 5.1.1,chrome 57.0 for android,1280x720,1,1,1,1.0
DP-3cb79ccb91c68e0c,mobile,SM-P580 Build/NRD90M,,chrome 63.0 for android,,2,1,1,1.0
DP-3cc0e20ff8e523f3,mobile,LG-X230 Build/MRA58K,,chrome 66.0 for android,,7,4,4,0.25
DP-3cc7e43e2d980673,mobile,SAMSUNG SM-J327T1 Build/NRD90M,Android 7.0,samsung browser 6.2,1281x721,2,2,2,0.5
DP-3cd0675e656c93da,desktop,MacOS,Mac OS X 10_12_1,chrome 63.0,1280x800,4,3,3,0.3333333333333333
DP-3cdb1a4e7f21a423,mobile,HUAWEI TAG-L13 Build/HUAWEITAG-L13,,chrome 64.0 for android,,27,7,7,0.14285714285714285
DP-3cdfbd211b3e08cc,mobile,SAMSUNG SM-G960U Build/R16NW,Android 8.0.0,other,2220x1080,5,3,3,0.3333333333333333
DP-3ce0b1b322b1edf5,mobile,SAMSUNG-SM-N910A,Android,chrome generic,2560x1440,2,1,1,1.0
DP-3ce2cb86e926ab7f,desktop,rv:59.0,Mac OS X 10.12,firefox 59.0,2880x1800,2,2,2,0.5
DP-3ce4469df3543eeb,desktop,MacOS,Mac OS X 10_13_2,chrome 63.0,1920x1080,56,39,39,0.02564102564102564
DP-3ce7d20aee2bf6df,mobile,TA-1025,,chrome 63.0 for android,,2,2,2,0.5
DP-3ced0e4576505d26,desktop,LenovoA3300-GV Build/JDQ39,,chrome generic,,1,1,1,1.0
DP-3ced45f13e335719,mobile,Moto,Android 6.0.1,chrome 63.0 for android,1280x720,1,1,1,1.0
DP-3cef221341913669,mobile,ALE-L23 Build/HuaweiALE-L23,,chrome 46.0 for android,,3,3,3,0.3333333333333333
DP-3cf5d1a9232a84a0,desktop,Windows,Windows 7,chrome 64.0,1920x1200,25,16,16,0.0625
DP-3cf8a858eee92412,mobile,SM-G920R4,,chrome 65.0 for android,,2,1,1,1.0
DP-3cfa08070a041e1d,mobile,SM-N950U Build/R16NW,Android 8.0.0,chrome 65.0 for android,2220x1081,11,7,7,0.14285714285714285
DP-3cfb2e5d241be6cb,mobile,SAMSUNG SM-T530NU Build/LRX22G,Android 5.0.2,chrome generic,1280x800,7,5,5,0.2
DP-3cfe6672e9a842e4,mobile,SM-T377V Build/NMF26X,Android 7.1.1,chrome 65.0 for android,1280x800,2,2,2,0.5
DP-3d019a2f831d89ea,mobile,SAMSUNG-SM-G920A Build/NRD90M,Android 7.0,chrome 66.0 for android,2560x1440,2,2,2,0.5
DP-3d09bc2970637860,mobile,SAMSUNG-SM-G928A Build/NRD90M,,chrome 65.0 for android,,1,1,1,1.0
DP-3d0d38b4156e80cf,desktop,SAMSUNG SM-A310M Build/LMY47X,,chrome generic,,1,1,1,1.0
DP-3d1692c3f46e6995,mobile,SM-J120H Build/LMY47V,,chrome 55.0 for android,,3,2,2,0.5
DP-3d25f09338ca6c6e,desktop,MacOS,Mac OS X 10_11_4,safari generic,1152x720,1,1,1,1.0
DP-3d289045f2d033e8,mobile,SAMSUNG SM-J327P Build/MMB29M,,samsung browser 6.2,,2,2,2,0.5
DP-3d39d6b80cbf1f28,mobile,E5606,,chrome 64.0 for android,,1,1,1,1.0
DP-3d3dec5152d4e24b,mobile,SM-N950U Build/NMF26X,Android 7.1.1,chrome 66.0 for android,2961x1442,1,1,1,1.0
DP-3d3f930c50be9aa3,mobile,SM-J530GM Build/NRD90M,,chrome generic for android,,2,2,2,0.5
DP-3d41c59700f8cb03,desktop,MacOS,Mac OS X 10_12_1,safari generic,5120x2880,1,1,1,1.0
DP-3d469422cbdf6727,desktop,Trident/7.0,Windows 7,ie 11.0 for desktop,2560x1440,14,12,12,0.08333333333333333
DP-3d4f9b7a1987ce71,desktop,,Linux,firefox,1280x1024,1,1,1,1.0
DP-3d5221168c159848,mobile,iOS Device,iOS 11.3.0,google,2048x1536,1,1,1,1.0
DP-3d5d55b5219187f1,mobile,SAMSUNG-SM-G930A,,chrome 59.0 for android,,1,1,1,1.0
DP-3d6513e2ffe53c45,mobile,XT1030 Build/SU6-7.7,Android,chrome generic,1280x720,1,1,1,1.0
DP-3d70eb4609b1e7bd,mobile,SM-T550 Build/NMF26X,,chrome 63.0 for android,,1,1,1,1.0
DP-3d71066b61b24b34,mobile,M4 SS4450 Build/MRA58K,,chrome 59.0 for android,,1,1,1,1.0
DP-3d71a4ca82fb2e89,mobile,VS990 Build/MRA58K,Android 6.0,chrome 61.0 for android,2560x1440,1,1,1,1.0
DP-3d72948be15a34fa,mobile,SM-G920T Build/NRD90M,,chrome 64.0 for android,,1,1,1,1.0
DP-3d7474ef0578103a,desktop,Windows,Windows 8.1,chrome 63.0,1200x675,1,1,1,1.0
DP-3d759438d6008762,desktop,MacOS,Mac OS X 10_12_4,safari generic,5120x2880,15,3,3,0.3333333333333333
DP-3d7882a9862933c6,desktop,Windows,Windows 8,chrome 63.0,2560x1080,1,1,1,1.0
DP-3d7cb3ddbe43c858,mobile,SAMSUNG-SM-G530AZ Build/LMY48B,Android 5.1.1,chrome generic,960x540,4,2,2,0.5
DP-3d7ff14fd1a6ab26,desktop,Linux i686,,firefox 47.0,,1,1,1,1.0
DP-3d82c2d3495387d4,mobile,7_Plus,,android webview 4.0,,1,1,1,1.0
DP-3d994f471ee572c6,mobile,Helix,,chrome 65.0 for android,,1,1,1,1.0
DP-3d9b211695a9f305,mobile,SP7731G,,other,,1,1,1,1.0
DP-3d9ca9ef3e117afc,desktop,rv:59.0,Mac OS X 10.9,firefox 59.0,1280x800,3,3,3,0.3333333333333333
DP-3d9f4a33a575d654,mobile,SM-J700M Build/MMB29K,,chrome 54.0 for android,,2,2,2,0.5
DP-3da1a81945301b81,desktop,MacOS,Mac OS X 10_11_6,safari generic,2304x1440,2,2,2,0.5
DP-3da1bf1902549b2b,mobile,Moto E (4) Plus Build/NMA26.42-142,,chrome 66.0 for android,,6,5,5,0.2
DP-3da3247902dabec3,mobile,VTR-L29,,chrome 55.0 for android,,2,1,1,1.0
DP-3dae16f6b79a5d94,mobile,Ilium L610 Build/MRA58K,,chrome 63.0 for android,,5,3,3,0.3333333333333333
DP-3db1598999acd237,mobile,SM-P350 Build/MMB29M,,chrome 63.0 for android,,6,3,3,0.3333333333333333
DP-3db5cdb6d8dd99ff,mobile,Moto Z2 Play Build/NPSS26.118-19-4,,chrome 64.0 for android,,2,1,1,1.0
DP-3db8fa08778b3a0a,desktop,MacOS,Mac OS X 10_13_4,safari generic,3360x2100,19,11,11,0.09090909090909091
DP-3db9f08b6d6c661b,mobile,SM-J105B Build/LMY47V,,chrome 50.0 for android,,2,1,1,1.0
DP-3dba6f69625c024d,mobile,SM-G955U Build/R16NW,Android 8.0.0,chrome 65.0 for android,2220x1081,13,9,9,0.1111111111111111
DP-3dbd76e83d0f0daa,mobile,SM-J730GM Build/NRD90M,,chrome 58.0 for android,,14,5,5,0.2
DP-3dd472a780981376,desktop,MacOS,Mac OS X 10_10_5,chrome 60.0,1440x900,3,3,3,0.3333333333333333
DP-3dd5b724898d0a88,mobile,iOS Device,iOS 11.0.3,mobile safari generic,2732x2048,3,2,2,0.5
DP-3ddc22ffe907d1fe,desktop,Windows,Windows 10,firefox generic,1440x900,3,1,1,1.0
DP-3de2d3006979e6de,desktop,MacOS,Mac OS X 10_10_5,safari generic,1024x640,1,1,1,1.0
DP-3de4ba86714f4050,desktop,MacOS,Mac OS X 10_13_1,chrome 63.0,3360x1890,5,3,3,0.3333333333333333
DP-3de671add6a83054,mobile,LGLS990,Android,chrome 66.0 for android,2560x1440,1,1,1,1.0
DP-3de70a20cd73e69b,desktop,rv:60.0,Mac OS X 10.12,firefox 60.0,1600x900,1,1,1,1.0
DP-3dea5d60edc48eec,mobile,SM-J320V Build/NMF26X,Android 7.1.1,other,1280x720,3,1,1,1.0
DP-3ded71fcc6d4dd62,mobile,F5121 Build/34.3.A.0.252,,chrome 61.0 for android,,1,1,1,1.0
DP-3df6003ab1a75755,mobile,SM-J327P Build/MMB29M,,chrome generic for android,,2,2,2,0.5
DP-3dfcd5bf77953e78,mobile,LG-H811 Build/MRA58K,Android 6.0,chrome 66.0 for android,2560x1440,1,1,1,1.0
DP-3e01b8158925e3e0,mobile,SM-J700M Build/LMY48B,,chrome 53.0 for android,,1,1,1,1.0
DP-3e0a54ad07066f90,mobile,LG-D693n Build/KOT49I.V10a,,chrome 60.0 for android,,1,1,1,1.0
DP-3e0f1c59ec859d79,mobile,SM-A310M Build/LMY47X,,chrome 63.0 for android,,4,2,2,0.5
DP-3e136030d5b54257,mobile,iOS Device,iOS 10.3.2,chrome 62.0 for ios,2732x2048,1,1,1,1.0
DP-3e16c28cbb19f4ad,mobile,KFDOWI Build/LVY48F,Android 5.1.1,chrome generic,,14,14,14,0.07142857142857142
DP-3e1fa83a2b6b08ff,mobile,SM-G530H Build/LRX22G,,chrome 63.0 for android,,18,8,8,0.125
DP-3e2fc163a692ffe0,mobile,Redmi 5 Plus Build/N2G47H,,chrome 65.0 for android,,1,1,1,1.0
DP-3e35f42fc9bd67ae,desktop,Trident/7.0,Windows 10,ie 11.0 for desktop,1280x768,1,1,1,1.0
DP-3e3641738fdb30c6,mobile,F1f Build/LMY47V,,chrome 56.0 for android,,1,1,1,1.0
DP-3e412a522b586ad0,mobile,LG-H872 Build/NRD90U,Android 7.0,chrome generic for android,2672x1440,2,2,2,0.5
DP-3e41f70f3c1fccba,desktop,Windows,Windows 10,chrome 63.0,,194,113,113,0.008849557522123894
DP-3e4c9011b2d2da53,desktop,MacOS,Mac OS X 10_10_5,chrome 58.0,1440x900,1,1,1,1.0
DP-3e4ecd1340b96ea9,mobile,LG-H815 Build/MRA58K,,chrome 65.0 for android,,1,1,1,1.0
DP-3e5004edc85bb65c,mobile,SM-G935V Build/NRD90M,Android 7.0,chrome 62.0 for android,,1,1,1,1.0
DP-3e53084095ec2f6b,mobile,E6810 Build/5.320VZ.03.r,Android 7.1.2,other,1920x1080,1,1,1,1.0
DP-3e59e653a2281918,mobile,CAM-L03 Build/HUAWEICAM-L03,,chrome 54.0 for android,,9,5,5,0.2
DP-3e72956cb3e0578a,mobile,SAMSUNG SM-G965F Build/R16NW,Android 8.0.0,samsung browser 7.0,2220x1081,5,2,2,0.5
DP-3e76389d9939a858,desktop,,,safari 10.0,,21,15,15,0.06666666666666667
DP-3e7c509c90cc7146,mobile,LG-D693n Build/LRX22G,,chrome 58.0 for android,,4,3,3,0.3333333333333333
DP-3e7f1df87f6c3549,mobile,TA-1039 Build/N2G47H,,chrome 63.0 for android,,8,4,4,0.25
DP-3e89c2a30db1b844,mobile,LG-X230 Build/MRA58K,,chrome 55.0 for android,,1,1,1,1.0
DP-3e8cd60a6048e5b7,mobile,NEM-L51 Build/HONORNEM-L51,,chrome 65.0 for android,,2,2,2,0.5
DP-3e8d283825b7f12c,desktop,Linux x86_64,Linux,firefox 47.0,1024x768,2,1,1,1.0
DP-3e9143144e209433,desktop,Trident/7.0,Windows 8.1,ie 11.0 for tablet,1920x1080,2,2,2,0.5
DP-3e9555a905b42cf9,desktop,MacOS,Mac OS X 10_13_4,chrome 65.0,3360x2100,7,5,5,0.2
DP-3ea3aba7ad40450f,desktop,Linux x86_64,Linux,firefox 57.0,1366x768,2,2,2,0.5
DP-3eaf16cd6bc5595f,mobile,LG-H810,,chrome 65.0 for android,,2,2,2,0.5
DP-3eb8ee6f9a846272,mobile,MYA-L13 Build/HUAWEIMYA-L13,,chrome 62.0 for android,,7,3,3,0.3333333333333333
DP-3ebd549268a5ef0d,desktop,MacOS,Mac OS X 10_13_1,chrome 63.0,1440x900,32,27,27,0.037037037037037035
DP-3ebd9e3da30bd51d,mobile,LGMS210 Build/NRD90U,Android 7.0,chrome 63.0 for android,1280x720,5,4,4,0.25
DP-3ec225c0ccc8363b,desktop,Trident/7.0,Windows 10,ie 11.0 for desktop,1680x1050,67,42,42,0.023809523809523808
DP-3ec3473599e2cd8e,mobile,SM-G930T Build/NRD90M,,chrome 63.0 for android,,2,2,2,0.5
DP-3ec5589256269db1,desktop,,,iron,,1,1,1,1.0
DP-3ed003be33f7491c,mobile,SM-P350 Build/MMB29M,,chrome 62.0 for android,,9,5,5,0.2
DP-3ed15d59692a4dd2,mobile,Moto C Build/NRD90M.063,,chrome 58.0 for android,,4,4,4,0.25
DP-3ed8ad198775f659,mobile,AKUS,,chrome 66.0 for android,,1,1,1,1.0
DP-3eda087f941e150a,mobile,iOS Device,iOS 11.3.1,google search application 48.0,1136x640,5,3,3,0.3333333333333333
DP-3ede2d472d604adf,mobile,SM-G935T Build/NRD90M,Android 7.0,chrome 58.0 for android,1920x1080,2,2,2,0.5
DP-3ee80ad2fe5dfe75,desktop,MacOS,Mac OS X 10_12_5,safari generic,2560x1600,23,16,16,0.0625
DP-3efcbe2d0f3b5941,mobile,E5606 Build/30.2.A.1.21,,chrome generic for android,,2,2,2,0.5
DP-3f007961bd7a240a,mobile,SM-J320M Build/LMY47V,,chrome 65.0 for android,,20,5,5,0.2
DP-3f00bd2c1dfca277,mobile,moto x4 Build/NPW26.83-18-2-0-4,,chrome generic for android,,2,2,2,0.5
DP-3f09dc431c6a762b,desktop,MacOS,Mac OS X 10_11_6,chrome 62.0,1920x1080,28,20,20,0.05
DP-3f11af25d15619a9,mobile,SM-G730W8 Build/KOT49H,,chrome 64.0 for android,,7,2,2,0.5
DP-3f208aeeedd2115e,mobile,BAC-L03 Build/HUAWEIBAC-L03,,chrome 62.0 for android,,1,1,1,1.0
DP-3f23accec8d9a7b9,mobile,Redmi 3S Build/MMB29M,,chrome 54.0 for android,,2,1,1,1.0
DP-3f300c1c1e270706,desktop,Windows,Windows 10,firefox 56.0,1920x1080,7,7,7,0.14285714285714285
DP-3f320d5197370cab,desktop,Windows,Windows 10,chrome 63.0,2816x1584,1,1,1,1.0
DP-3f359e825ab16d91,desktop,MacOS,Mac OS X 10_12_6,chrome 60.0,1440x900,2,2,2,0.5
DP-3f3b5e74865807c4,mobile,XT1710-02 Build/NDSS26.118-23-15,Android 7.1.1,chrome 62.0 for android,1920x1080,5,3,3,0.3333333333333333
DP-3f3bc550e9f4b1f1,mobile,iOS Device,iOS 9.3.5,mobile safari 9.0,2732x2048,1,1,1,1.0
DP-3f3cdb7c14a096bb,mobile,SM-G360T1 Build/LMY47X,,chrome 61.0 for android,,1,1,1,1.0
DP-3f456372e030dc32,desktop,MacOS,Mac OS X 10_11_4,safari generic,1600x1000,1,1,1,1.0
DP-3f49b729bf0066b1,mobile,XT1650 Build/NCLS26.118-23-13-3,Android 7.1.1,chrome 62.0 for android,,1,1,1,1.0
DP-3f4f2be60ac15ed6,mobile,Moto G (4) Build/NPJS25.93-14-13,,chrome 63.0 for android,,1,1,1,1.0
DP-3f5e8782811ed2da,mobile,LG-X180g Build/LMY47I,,chrome 63.0 for android,,16,11,11,0.09090909090909091
DP-3f65ed0f0dae6677,mobile,SM-N920V Build/NRD90M,Android 7.0,chrome 65.0 for android,1921x1081,5,1,1,1.0
DP-3f66e7f16e5d24cd,mobile,HELIO,,chrome 59.0 for android,,1,1,1,1.0
DP-3f73c6aa015773ac,mobile,iOS Device,iOS 11.3.0,mobile safari 11.0,2732x2048,22,15,15,0.06666666666666667
DP-3f77b35d5d4b19f9,mobile,Z812,,chrome 65.0 for android,,1,1,1,1.0
DP-3f81088eeef0e1d0,desktop,Windows,Windows 7,chrome 67.0,1366x768,1,1,1,1.0
DP-3f8463c184157073,desktop,MacOS,Mac OS X 10_13_3,chrome 66.0,2880x1800,4,3,3,0.3333333333333333
DP-3f86c977059ae532,mobile,SM-T800 Build/MMB29K,Android 6.0.1,chrome 63.0 for android,2560x1600,3,3,3,0.3333333333333333
DP-3f885cb591b07b93,mobile,Nexus,,chrome 64.0 for android,,3,2,2,0.5
DP-3f9a1cfbbcf50b69,desktop,rv:11.0,Windows 7,ie 11.0 for desktop,1280x960,1,1,1,1.0
DP-3f9fa604b0d8485c,mobile,,Android,chrome 60.0,1920x1080,1,1,1,1.0
DP-3fa3bfef933dc304,mobile,SM-J510MN Build/MMB29M,,chrome 56.0 for android,,2,1,1,1.0
DP-3fb1888c1aee0d5e,mobile,Alcatel_5098O Build/MMB29M,,chrome 65.0 for android,,4,2,2,0.5
DP-3fb20494d6d500e1,mobile,SM-A500M Build/KTU84P,,chrome 65.0 for android,,16,5,5,0.2
DP-3fb274097dde8ac0,mobile,IO,,chrome 65.0 for android,,1,1,1,1.0
DP-3fb5541732ba8e4f,mobile,SM-G930V Build/NRD90M,,chrome 63.0 for android,,2,2,2,0.5
DP-3fbf760fcc029823,mobile,SM-A320FL Build/MMB29K,,chrome 64.0 for android,,2,2,2,0.5
DP-3fc082e57ec9e77d,desktop,MacOS,Mac OS X 10_12_3,chrome 63.0,2880x1800,1,1,1,1.0
DP-3fcd824fea458c73,desktop,rv:50.0,Windows 10,firefox,1680x1050,1,1,1,1.0
DP-3fce7224aba5a31f,desktop,Windows,Windows 10,chrome 66.0,3360x1890,2,2,2,0.5
DP-3fcfc08d0182ba25,desktop,Windows,Windows 8.1,chrome 63.0,1280x800,1,1,1,1.0
DP-3fd2056353476ffc,mobile,SM-G930W8 Build/NRD90M,,chrome generic for android,,1,1,1,1.0
DP-3fe87ba2d2ed2048,mobile,SOV33 Build/35.0.D.2.25,,chrome 54.0 for android,,9,2,2,0.5
DP-3feaaed027af6f2c,desktop,Windows,Windows 10,edge 16.0,4499x2999,1,1,1,1.0
DP-3febc06e38bc9c60,desktop,Windows,Windows 8.1,chrome 62.0,1600x900,42,28,28,0.03571428571428571
DP-3ffabf770d0a7eb4,mobile,9008A Build/NRD90M,,chrome 65.0 for android,,6,1,1,1.0
DP-3fff574ac0857794,mobile,Archos,,chrome 63.0 for android,,1,1,1,1.0
DP-4006ee87520389d1,desktop,rv:60.0,Mac OS X 10.13,firefox 60.0,1440x900,5,2,2,0.5
DP-4012ae3c4e153085,mobile,SM-T820 Build/NRD90M,Android 7.0,chrome 64.0 for android,2048x1536,1,1,1,1.0
DP-401c515f8295dd32,mobile,A466BG,Android 6.0,android webview 4.0,801x480,3,2,2,0.5
DP-4025bbd964b7fb85,mobile,SM-N910V Build/MMB29M,Android 6.0.1,android webview 4.0,2560x1440,2,1,1,1.0
DP-402be0921fa0caf5,mobile,Moto G Play Build/MPIS24.241-15.3-26,,chrome 66.0 for android,,1,1,1,1.0
DP-402cf3de85fb7e15,desktop,rv:57.0,Mac OS X 10.12,firefox 57.0,1280x800,13,12,12,0.08333333333333333
DP-4033e5cb258e9adb,mobile,SM-T280 Build/LMY47V,Android 5.1.1,chrome 62.0 for android,,1,1,1,1.0
DP-40481701970c4d46,mobile,LG-M327 Build/NRD90U,,chrome 63.0 for android,,1,1,1,1.0
DP-4049f96f8cc92c3a,desktop,MacOS,Mac OS X 10_10_5,safari generic,1440x900,265,140,140,0.007142857142857143
DP-40686d3cbb2f8f95,mobile,LenovoA3300-GV Build/JDQ39,,chrome 62.0 for android,,1,1,1,1.0
DP-4072afb1a0328e36,mobile,SM-G900W8,,chrome 64.0 for android,,1,1,1,1.0
DP-4073b9ada46da2dd,mobile,ALE-L23 Build/HuaweiALE-L23,,chrome 58.0 for android,,1,1,1,1.0
DP-408783d11e1982e2,mobile,E6853,,chrome 62.0 for android,,1,1,1,1.0
DP-4099e88199ad4dfa,desktop,MacOS,Mac OS X 10_11_6,chrome 61.0,1344x840,1,1,1,1.0
DP-40a35ef70ededca9,mobile,TREKKER-X3 Build/MMB29M,,chrome 66.0 for android,,1,1,1,1.0
DP-40a5f219a76beac1,mobile,LG-D693n Build/LRX22G,,chrome 54.0 for android,,4,1,1,1.0
DP-40a80081ae948c3a,mobile,orbis,,chrome 64.0 for android,,1,1,1,1.0
DP-40aae01602fc3d53,mobile,E2104 Build/24.0.A.5.14,,chrome 66.0 for android,,1,1,1,1.0
DP-40abeda2b7985145,mobile,LG-H815 Build/MRA58K,,chrome generic for android,,1,1,1,1.0
DP-40b12ebbf4064da9,mobile,CHC-U03 Build/HuaweiCHC-U03,,other,,2,2,2,0.5
DP-40c650759e7abab9,desktop,Windows,Windows 10,firefox 58.0,2560x1440,1,1,1,1.0
DP-40cdbd54519661b0,desktop,MacOS,Mac OS X 10_13_1,chrome 66.0,1440x900,26,3,3,0.3333333333333333
DP-40d568debdd48ba7,mobile,XT1650,,chrome 65.0 for android,,1,1,1,1.0
DP-40d7e1382de17426,desktop,MacOS,Mac,chrome 61.0,1440x900,4,3,3,0.3333333333333333
DP-40d83b90f3c365b8,mobile,WAS-LX1A Build/HUAWEIWAS-LX1A,,chrome 65.0 for android,,4,2,2,0.5
DP-40e944a832432f7d,desktop,MacOS,Mac,safari generic,1280x800,19,14,14,0.07142857142857142
DP-40f47325c2baf03f,mobile,LG-D693n Build/LRX22G,,chrome 57.0 for android,,2,2,2,0.5
DP-40fa4cecc654ce52,mobile,SM-J500FN,,chrome 62.0 for android,,1,1,1,1.0
DP-41092587f708ca7c,mobile,XT1032 Build/LPBS23.13-56-2,,chrome 57.0 for android,,1,1,1,1.0
DP-410fa70b5c63b190,mobile,LG-H320 Build/LRX21Y,,chrome 56.0 for android,,4,3,3,0.3333333333333333
DP-41122971aae9b7e7,mobile,LGMS210 Build/NRD90U,Android 7.0,chrome 64.0 for android,1280x720,3,2,2,0.5
DP-411aa8281866d7c7,desktop,MacOS,Mac OS X 10_10_5,chrome 65.0,1280x800,16,11,11,0.09090909090909091
DP-411db025f389eafe,desktop,MacOS,Mac OS X 10_13_3,chrome 64.0,5120x2880,4,3,3,0.3333333333333333
DP-4123754ca03b7a6d,mobile,XT1063 Build/MPB24.65-34,,chrome 65.0 for android,,1,1,1,1.0
DP-41291ec02de0e789,mobile,iOS Device,iOS 10.3.2,mobile safari generic,2732x2048,3,3,3,0.3333333333333333
DP-412d0eb910bb604c,mobile,SM-G900M Build/LRX21T,,chrome 43.0 for android,,1,1,1,1.0
DP-413420a8d5a88390,mobile,SM-J327V Build/NRD90M,Android 7.0,chrome 63.0 for android,1280x720,2,2,2,0.5
DP-41375c0408c9de1d,mobile,SM-N920P,,chrome generic for android,,1,1,1,1.0
DP-4137ff6b68cbfa68,mobile,BAC-L03 Build/HUAWEIBAC-L03,,chrome 60.0 for android,,1,1,1,1.0
DP-41408745ba4d0ff1,mobile,rv:58.0,,Generic/Android 7.0,,15,13,13,0.07692307692307693
DP-4142f1c2c4f036b8,mobile,HTC,Android,chrome 63.0 for android,1280x720,2,2,2,0.5
DP-4148aa88eb1a55a5,mobile,SM-A310M Build/NRD90M,,chrome 63.0 for android,,2,2,2,0.5
DP-414a3cb26265956c,mobile,M4 SS4453 Build/MMB29M,,chrome 51.0 for android,,3,2,2,0.5
DP-414b54111c178237,mobile,HUAWEI Y560-L03 Build/HUAWEIY560-L03,,chrome 66.0 for android,,2,1,1,1.0
DP-414bb342839849a7,mobile,LG-X220 Build/LMY47I,,chrome 55.0 for android,,2,1,1,1.0
DP-414ca0161d4e3a1e,mobile,Blade A510 Build/MRA58K,,chrome 49.0 for android,,3,3,3,0.3333333333333333
DP-414d4f5c6cfa9a78,mobile,SM-J727T1 Build/NRD90M,Android 7.0,chrome 63.0 for android,1280x720,1,1,1,1.0
DP-41571d94b8de21e7,mobile,GT-I8200N,,chrome 64.0 for android,,1,1,1,1.0
DP-41598dff67b3f9a6,desktop,rv:56.0,,firefox,,20,10,10,0.1
DP-415e729c2ee822a4,mobile,KFGIWI Build/LVY48F,Android 5.1.1,chrome 66.0 for android,1280x800,1,1,1,1.0
DP-4164a6e93bfc3a6e,mobile,LG-H830,Android 6.0.1,chrome 63.0 for android,2560x1440,1,1,1,1.0
DP-4169316be79f896c,desktop,Blade L5 Build/LMY47I,,chrome generic,,2,1,1,1.0
DP-417a83618d3c4cbd,mobile,KFSUWI Build/LVY48F,Android 5.1.1,chrome 63.0 for android,1920x1200,1,1,1,1.0
DP-4183224ffbcb0268,mobile,SM-A320FL Build/NRD90M,,chrome 65.0 for android,,9,4,4,0.25
DP-4186fa1a2bfe112a,desktop,Windows,Windows 7,chrome 57.0,1366x768,1,1,1,1.0
DP-4188bca2f06a0581,desktop,Windows,Windows Vista,chrome 49.0,1280x960,3,2,2,0.5
DP-418afdcaee36cba7,desktop,MacOS,Mac OS X 10_10_5,chrome 63.0,1440x900,73,50,50,0.02
DP-419e5c860049cda9,desktop,Windows,Windows 8.1,chrome 63.0,1280x720,1,1,1,1.0
DP-41a301c0e5014168,desktop,Windows,Windows 8,firefox 59.0,1920x1080,1,1,1,1.0
DP-41a37fbc12a3bffa,mobile,M4 SS4451 Build/LMY47D,,android browser 4.0,,2,2,2,0.5
DP-41baf35e77ecfb61,desktop,Windows,Windows 10,edge 17.0,2880x1620,1,1,1,1.0
DP-41bf2df06894d2b2,desktop,Windows,Windows 7,firefox 57.0,1600x1024,2,1,1,1.0
DP-41c1c54fed79fd58,mobile,Trident/7.0,Windows 8.1,Microsoft/Windows,1366x768,4,4,4,0.25
DP-41c3df5aa8256e5e,mobile,iOS Device,iOS 11.3.1,google search application 48.0,2224x1668,4,3,3,0.3333333333333333
DP-41c6c7e12c8f2fba,mobile,HTC One M9 Build/NRD90M,,chrome 62.0 for android,,3,3,3,0.3333333333333333
DP-41cabc0621adfca3,mobile,XT1064 Build/MPB24.65-34-3,,chrome 63.0 for android,,3,3,3,0.3333333333333333
DP-41d1fe21a1dc786e,desktop,MacOS,Mac OS X 10_13_3,chrome 65.0,1680x1050,5,1,1,1.0
DP-41d6befe082f4843,mobile,MacOS,Mac OS X 10_11_6,other,1600x900,1,1,1,1.0
DP-41e0e8aec62da4ff,mobile,SM-A520F Build/NRD90M,,chrome generic for android,,19,13,13,0.07692307692307693
DP-41e4e98aa20a0692,mobile,5056N,Android 6.0.1,chrome generic for android,1280x720,1,1,1,1.0
DP-41e6965c750b1d77,mobile,ILIUM,,chrome 63.0 for android,,5,3,3,0.3333333333333333
DP-41f5a5bf68c2dac6,desktop,rv:50.0,Windows 10,firefox,1366x768,1,1,1,1.0
DP-420014c2969d07ed,mobile,iOS Device,iOS 10.3.3,mobile safari 10.0,2732x2048,10,9,9,0.1111111111111111
DP-4210be0a517acc37,desktop,Windows,Windows 10,chrome generic,2048x1152,4,3,3,0.3333333333333333
DP-4226c7e129c6caf6,mobile,Lenovo YT3-850M Build/MMB29M,,chrome 65.0 for android,,6,2,2,0.5
DP-422b0121c4d5bd97,mobile,SM-G530H Build/LRX22G,,chrome 56.0 for android,,1,1,1,1.0
DP-42360b92ab3d3ec2,desktop,Intel,Mac OS X 10_6_8,safari,1920x1080,1,1,1,1.0
DP-423b916b59ac1da9,desktop,Windows,Windows 10,firefox 58.0,3200x1800,1,1,1,1.0
DP-423f2cdba94b5f31,mobile,F3313 Build/37.0.A.2.248,,chrome generic for android,,5,4,4,0.25
DP-42577a6dbc38e076,mobile,iOS Device,iOS,mobile,2048x1536,2,2,2,0.5
DP-4258c85334515966,mobile,MotoG3 Build/MPI24.65-25,,chrome 60.0 for android,,1,1,1,1.0
DP-4259f3345291faa6,mobile,TA-1039 Build/NMF26F,,chrome 63.0 for android,,8,6,6,0.16666666666666666
DP-425d0ca95b0ecdc0,mobile,Lenovo K33b36 Build/MMB29M,,chrome 51.0 for android,,2,1,1,1.0
DP-42602365f43455a5,mobile,iOS Device,iOS 10.2.1,mobile safari generic,1136x640,19,12,12,0.08333333333333333
DP-42628cfba3636ab6,desktop,Windows,Windows 10,firefox 58.0,2160x1440,3,3,3,0.3333333333333333
DP-426715dde5abca3d,desktop,Windows,Windows 10,chrome 62.0,1280x720,6,6,6,0.16666666666666666
DP-4267846eab395753,mobile,SM-G532M Build/MMB29T,,chrome 61.0 for android,,6,5,5,0.2
DP-426ee1bb6ff9783e,mobile,Blade V6 Plus Build/MRA58K,,chrome 58.0 for android,,1,1,1,1.0
DP-4273b11784c99428,mobile,KFSOWI,Android,chrome generic,1281x801,3,3,3,0.3333333333333333
DP-42959da9b2a13dfe,desktop,MacOS,Mac OS X 10_12_5,safari generic,1366x768,10,10,10,0.1
DP-429885407fb97a3a,mobile,iOS Device,iOS 11.2.0,chrome 63.0 for ios,2732x2048,1,1,1,1.0
DP-429d0582d6ce25b2,mobile,SM-J111M Build/LMY47V,,chrome 56.0 for android,,1,1,1,1.0
DP-429e0872ae02582e,mobile,SM-G950F Build/R16NW,Android 8.0.0,chrome 66.0 for android,2220x1080,2,1,1,1.0
DP-42a6a1ba0d1cd261,desktop,MacOS,Mac OS X 10_12_6,chrome 66.0,1920x1080,3,3,3,0.3333333333333333
DP-42a6cb9f9e445307,mobile,SAMSUNG SM-T587P Build/NRD90M,Android 7.0,other,1920x1200,4,1,1,1.0
DP-42a71275fc5d7fee,mobile,LGMS550 Build/NRD90U,Android 7.0,chrome 62.0 for android,1280x720,3,3,3,0.3333333333333333
DP-42c1a0b866d436aa,desktop,MacOS,Mac OS X 10_11_3,safari generic,1920x1080,2,2,2,0.5
DP-42c424d944230175,desktop,MacOS,Mac OS X 10_7_5,chrome 49.0,1280x800,26,20,20,0.05
DP-42caf5f566799dc3,desktop,MacOS,Mac OS X 10_12_6,safari generic,4096x2304,27,25,25,0.04
DP-42ed717d77c9e557,desktop,Windows,Windows Vista,chrome 49.0,1024x768,22,17,17,0.058823529411764705
DP-42f58a8120cc9d18,mobile,LG-V520,Android 6.0.1,chrome 63.0 for android,1920x1200,1,1,1,1.0
DP-42f5d3066c602d48,mobile,GRANT,,chrome 65.0 for android,,1,1,1,1.0
DP-42fbeae8d6130a3b,mobile,iOS Device,iOS 11.3.0,mobile safari generic,1334x750,237,127,127,0.007874015748031496
DP-42ff3c05048cdd33,mobile,ALCATEL ONE TOUCH 5036A Build/JDQ39,,chrome 52.0 for android,,1,1,1,1.0
DP-4302606c8b2b8e34,desktop,LGMS631,,chrome generic,,1,1,1,1.0
DP-4313fe62b1b3306d,mobile,GT-S7582L,,chrome 64.0 for android,,1,1,1,1.0
DP-431403564dd1fb62,desktop,Windows,Windows 10,chrome 64.0,2400x1350,3,2,2,0.5
DP-43166c14457a5b0d,mobile,iOS Device,iOS 11.0.3,mobile safari 9.0,2208x1242,1,1,1,1.0
DP-4320f104f47143c2,desktop,rv:58.0,Mac OS X 10.11,firefox 58.0,1920x1080,2,2,2,0.5
DP-4334e10b481e78c3,mobile,iOS Device,iOS 11.3.1,mobile safari generic,1334x750,3,2,2,0.5
DP-43351e4b25c66178,desktop,Windows,Windows 7,chrome 66.0,1280x1024,25,21,21,0.047619047619047616
DP-43391972a1fdb7e7,desktop,MacOS,Mac OS X 10_12_5,chrome 64.0,2560x1600,1,1,1,1.0
DP-433da85457d92a62,mobile,SAMSUNG SM-J327T Build/NRD90M,Android 7.0,samsung browser 5.2,1280x720,1,1,1,1.0
DP-4345a6fbd4a109fe,mobile,QTAQZ3 Build/LMY47V,Android 5.1.1,chrome 62.0 for android,,3,3,3,0.3333333333333333
DP-43487f50366b2adc,mobile,SAMSUNG SM-T587P Build/NRD90M,Android 7.0,samsung browser 6.4,1920x1200,11,1,1,1.0
DP-43595929a01eecfb,desktop,MacOS,Mac OS X 10_9_5,chrome 55.0,1280x800,1,1,1,1.0
DP-435c9fbd57323e5f,mobile,VS835,Android 7.0,chrome 62.0 for android,1280x720,3,3,3,0.3333333333333333
DP-43604fae2fcd01e5,mobile,SAMSUNG-SGH-I337 Build/KOT49H,Android 4.4.2,chrome 65.0 for android,1920x1080,2,1,1,1.0
DP-43653efc3f08a9b9,mobile,SAMSUNG-SM-G890A,Android 5.0.2,chrome 62.0 for android,2560x1440,1,1,1,1.0
DP-436afccdaaec68b2,mobile,Moto G (5) Build/NPP25.137-15,,chrome generic,,6,3,3,0.3333333333333333
DP-436b3559b55aea93,desktop,MacOS,Mac OS X 10_13_4,safari 11.0,4096x2304,5,4,4,0.25
DP-43716b88a9db4631,desktop,Windows,Windows 10,firefox 59.0,2560x1440,5,3,3,0.3333333333333333
DP-438bf4aaf38b2d42,mobile,SM-A500M Build/LRX22G,,chrome 52.0 for android,,1,1,1,1.0
DP-438f03ba65d65fd4,desktop,Windows,Windows 10,chrome 64.0,1360x768,6,6,6,0.16666666666666666
DP-4394e8e7bbce1af5,mobile,BLU,,chrome 63.0 for android,,4,3,3,0.3333333333333333
DP-439721ecd0b83bd0,mobile,SM-P350 Build/MMB29M,,chrome generic for android,,1,1,1,1.0
DP-43a0a6f3cb8006cb,mobile,HTCD160LVWPP,,chrome 64.0 for android,,1,1,1,1.0
DP-43a7dc525636dfa7,desktop,Windows,Windows 10,opera 49.0,1920x1200,4,2,2,0.5
DP-43b8732649178dfd,mobile,SM-J120FN Build/LMY47X,,chrome 63.0 for android,,3,1,1,1.0
DP-43bba3e196ba7f70,mobile,ALCATEL ONE TOUCH 7040A Build/JDQ39,,chrome 64.0 for android,,1,1,1,1.0
DP-43bd6ec069115a01,mobile,SM-A500M Build/KTU84P,,chrome 63.0 for android,,24,14,14,0.07142857142857142
DP-43d7680559d76507,mobile,SM-J710F Build/NRD90M,,chrome 61.0 for android,,1,1,1,1.0
DP-43d7a467b0a69d7b,desktop,MacOS,Mac OS X 10_13_4,chrome generic,2560x1600,2,2,2,0.5
DP-43de341c38c016ea,mobile,SM-G928G Build/MMB29K,,chrome 63.0 for android,,2,2,2,0.5
DP-43dfacf6b421e08b,mobile,SM-A500FU,,chrome 61.0 for android,,1,1,1,1.0
DP-43ee973c6b928e29,mobile,SM-J710MN Build/MMB29K,,chrome 56.0 for android,,1,1,1,1.0
DP-43f44678ec6f0826,desktop,MacOS,Mac OS X 10_12_1,safari generic,2560x1600,1,1,1,1.0
DP-440a0f891344e18b,mobile,SM-G950U Build/NRD90M,Android 7.0,chrome 64.0 for android,2220x1080,10,8,8,0.125
DP-440e95297248574b,desktop,Windows,Windows 7,firefox 58.0,1366x768,19,12,12,0.08333333333333333
DP-44134b97e29b87dd,desktop,MacOS,Mac OS X 10_12_5,chrome 60.0,2560x1600,1,1,1,1.0
DP-441dbde086e7efa5,desktop,MacOS,Mac OS X 10_13_1,chrome 63.0,5120x2880,1,1,1,1.0
DP-442b27a37c9ea061,mobile,,func,mobile safari 11.0,2436x1125,1,1,1,1.0
DP-443a39f793371b8f,mobile,SM-A710M Build/LMY47X,,chrome 62.0 for android,,2,2,2,0.5
DP-443f14c119cc2409,mobile,Turbo C5 Build/LMY47I,,chrome 63.0 for android,,3,1,1,1.0
DP-4442fff4ec472859,mobile,SM-G930P,,chrome 65.0 for android,,1,1,1,1.0
DP-44437f80961025cb,mobile,SAMSUNG SM-J500M Build/MMB29M,,samsung browser 6.2,,4,2,2,0.5
DP-445c7caf68f7ebf0,mobile,en-us,Android 4.4.2,chrome generic,2560x1600,1,1,1,1.0
DP-445c95733774adca,mobile,LG-H850,,chrome 63.0 for android,,1,1,1,1.0
DP-445fba26b7b01a39,mobile,HTC Desire 10 lifestyle Build/MMB29M,,chrome 65.0 for android,,16,7,7,0.14285714285714285
DP-446577ba63e570d4,desktop,rv:59.0,Mac OS X 10.13,firefox 59.0,3360x1890,2,1,1,1.0
DP-4472d16b5e64e8fb,mobile,Blade A510 Build/MRA58K,,chrome 65.0 for android,,3,2,2,0.5
DP-44788c234266f4c8,mobile,ZTE,,chrome 62.0 for android,,1,1,1,1.0
DP-4480d8195cd21168,desktop,Windows,,chrome generic,,854,142,142,0.007042253521126761
DP-4484e29f3cd661d9,mobile,5080A Build/MRA58K,,chrome 65.0 for android,,8,5,5,0.2
DP-4492c62f2db1d6aa,desktop,MacOS,Mac OS X 10_11_6,chrome 62.0,2560x1080,1,1,1,1.0
DP-449ba8ab116dacbd,desktop,MacOS,Mac OS X 10_9_5,safari generic,1366x768,17,15,15,0.06666666666666667
DP-44a1ef44c3132c43,mobile,Z955A,,chrome 66.0 for android,,1,1,1,1.0
DP-44a4d76d8ba95e41,desktop,Windows,Windows 10,edge 15.0,1280x768,4,4,4,0.25
DP-44a6568f51e76334,mobile,Android 7.0,,android webview 4.0,,2,2,2,0.5
DP-44a7b72cdeecc221,mobile,LG-X230 Build/MRA58K,,chrome 56.0 for android,,19,8,8,0.125
DP-44a7e6839655888b,desktop,Windows,Windows 10,edge 13.0,1920x1200,1,1,1,1.0
DP-44a89d23f3f91eb6,mobile,iOS Device,iOS 11.1.1,mobile safari generic,2208x1242,46,29,29,0.034482758620689655
DP-44b610c469f91826,mobile,Z982 Build/NMF26V,Android 7.1.1,chrome 62.0 for android,1920x1080,1,1,1,1.0
DP-44ba59d56120cadf,mobile,rv:61.0,,firefox mobile 61.0,,1,1,1,1.0
DP-44bf2d65d14ec515,desktop,Windows,,chrome 64.0,,2840,351,351,0.002849002849002849
DP-44c3952a4d1f12e1,mobile,LG-X180g Build/LMY47I,,chrome 66.0 for android,,11,5,5,0.2
DP-44dd3be4a5c458cc,desktop,MacOS,Mac OS X 10_12_2,chrome 63.0,4096x2304,1,1,1,1.0
DP-44ddd3c6da37a042,mobile,LG-M200 Build/NRD90U,,chrome 64.0 for android,,1,1,1,1.0
DP-44ea8a11e619a485,mobile,Blade V6 Build/LRX22G,,chrome 60.0 for android,,1,1,1,1.0
DP-44ec20e1015c258a,mobile,,Android,chrome 64.0,855x480,16,6,6,0.16666666666666666
DP-44f5a6292d5020be,mobile,Moto C Plus Build/NRD90M.05.034,,chrome 66.0 for android,,3,3,3,0.3333333333333333
DP-450b983a0147f8ea,mobile,LG-H420 Build/LRX21Y,,chrome 65.0 for android,,2,2,2,0.5
DP-45107f5e32647542,desktop,MacOS,Mac OS X 10_12_3,safari generic,1920x1080,2,2,2,0.5
DP-451b4d3a467750ae,desktop,Windows,Windows 8.1,chrome 65.0,1920x1200,2,1,1,1.0
DP-4526f98ee67dadf6,desktop,Windows,Windows 10,firefox 57.0,2560x1080,8,3,3,0.3333333333333333
DP-452b15de575832b5,desktop,Windows,Windows 8.1,firefox 57.0,1920x1080,33,28,28,0.03571428571428571
DP-452d8fed7e89b6d7,desktop,MacOS,Mac OS X 10_7_5,chrome 49.0,1600x1200,1,1,1,1.0
DP-4531aabe5e012132,mobile,LG-H910 Build/NRD90M,Android 7.0,chrome 63.0 for android,2560x1440,6,5,5,0.2
DP-45337cb66b1a2f78,mobile,D2306,,chrome 63.0 for android,,1,1,1,1.0
DP-4537b8ac70659cb0,mobile,TA-1020,,chrome 65.0 for android,,1,1,1,1.0
DP-453a810fdc5db333,mobile,SM-G950W,,chrome 63.0 for android,,2,2,2,0.5
DP-455f8b0ad2fc170d,mobile,LG-H700 Build/NRD90U,Android 7.0,chrome 63.0 for android,,3,2,2,0.5
DP-4567a27f65846566,desktop,,Linux,chrome 62.0,2400x1600,6,6,6,0.16666666666666666
DP-45749a225f3ffda1,mobile,HUAWEI Build/MMB28B,,chrome 65.0 for android,,3,2,2,0.5
DP-457ff0d069d912e6,mobile,LG-F400K,,chrome generic,,1,1,1,1.0
DP-458e7c5dfc8e97d7,mobile,SM-N920V Build/NRD90M,Android 7.0,chrome 63.0 for android,,18,16,16,0.0625
DP-45961b5e27c59ee5,mobile,Hisense,,chrome 63.0 for android,,7,5,5,0.2
DP-45990f4871de6fd2,mobile,rv:57.0,Android 7.0,Generic/Android 7.0,1200x720,1,1,1,1.0
DP-4599a124582d0d53,mobile,SM-T810 Build/NRD90M,,chrome 64.0 for android,,2,2,2,0.5
DP-45a233dd26bb230e,desktop,MacOS,Mac OS X 10_12_6,chrome 63.0,4096x2304,6,6,6,0.16666666666666666
DP-45a615827eef96ee,mobile,E6653 Build/32.4.A.1.54,,chrome 64.0 for android,,1,1,1,1.0
DP-45a676f2c05ac082,mobile,SM-J710MN Build/MMB29K,,chrome 55.0 for android,,1,1,1,1.0
DP-45a9a0452e28afe0,mobile,Moto E (4) Build/NDQS26.69-23-2-3,,chrome generic,,4,4,4,0.25
DP-45ae0772491ca6cf,mobile,G3123 Build/40.0.A.6.135,,chrome 63.0 for android,,2,2,2,0.5
DP-45aeb5c993bc1ae5,mobile,SM-G930W8 Build/NRD90M,,chrome 65.0 for android,,1,1,1,1.0
DP-45af0a07d5c83d41,desktop,MacOS,Mac OS X 10_13_4,chrome 65.0,1920x1080,10,8,8,0.125
DP-45b3486e7747fb68,desktop,rv:46.0,Windows 7,firefox,1920x1080,1,1,1,1.0
DP-45b4b5d782014c9f,desktop,Windows,Windows 10,chrome 65.0,2112x1188,5,5,5,0.2
DP-45bf136f40ae9109,desktop,Windows,Windows 10,chrome generic,1727x971,1,1,1,1.0
DP-45d627d81861da6d,desktop,Windows,Windows 7,firefox 52.0,1920x1200,2,1,1,1.0
DP-45e7c462abba2660,desktop,MacOS,Mac OS X 10_13_3,safari generic,1440x759,1,1,1,1.0
DP-45f74e1c87cb0372,mobile,MotoE2(4G-LTE,,chrome generic,,18,13,13,0.07692307692307693
DP-460805984ecad6bb,mobile,SAMSUNG-SM-G935A Build/NRD90M,Android 7.0,chrome 57.0 for android,2560x1440,1,1,1,1.0
DP-4610d27334aaae50,mobile,LG-M710 Build/NRD90U,,chrome 64.0 for android,,5,2,2,0.5
DP-4610f9dfd0f4cec2,mobile,SM-T350 Build/MMB29M,Android 6.0.1,chrome 61.0 for android,1024x768,1,1,1,1.0
DP-4620a61acce3037f,mobile,SM-G900M Build/LRX21T,,chrome 63.0 for android,,16,10,10,0.1
DP-46226685308fb978,mobile,SM-T530NU Build/LRX22G,Android 5.0.2,chrome 63.0 for android,1280x800,2,2,2,0.5
DP-4625c783eee5cd2f,desktop,MacOS,Mac OS X 10_11_5,safari generic,3200x1800,3,2,2,0.5
DP-4627a0d0e163501e,mobile,HUAWEI VNS-L23 Build/HUAWEIVNS-L23,,chrome 56.0 for android,,3,2,2,0.5
DP-463716789e8bfeee,mobile,Lenovo YT3-X50F Build/MMB29M,,chrome 63.0 for android,,1,1,1,1.0
DP-463a09fe46bf8fd8,desktop,rv:46.0,Mac OS X 10.10,firefox,1366x768,1,1,1,1.0
DP-463ca6a69183f89b,mobile,BLU,Android 5.0,chrome 62.0 for android,1280x720,1,1,1,1.0
DP-4640eedef4a54d85,mobile,SM-G935F Build/NRD90M,,chrome generic for android,,18,8,8,0.125
DP-465060c23920e629,desktop,Windows,Windows 7,firefox generic,1280x1024,3,3,3,0.3333333333333333
DP-4651ea99e5b6010e,desktop,MacOS,Mac OS X 10_13_2,chrome 66.0,2560x1600,11,3,3,0.3333333333333333
DP-4657253ef7f5283c,mobile,SAMSUNG-SM-G891A Build/NRD90M,Android 7.0,chrome 64.0 for android,1920x1080,1,1,1,1.0
DP-466b7f6e848cf04f,desktop,Windows,Windows 10,edge 17.0,3440x1440,1,1,1,1.0
DP-4672d3f07096a785,desktop,Windows,Windows 7,chrome 57.0,1280x1024,1,1,1,1.0
DP-46891d0ba704e2b5,mobile,,Android,chrome 65.0,855x480,8,5,5,0.2
DP-4692510020821d29,mobile,Z557BL,Android 7.1.1,chrome 59.0 for android,855x480,2,2,2,0.5
DP-469ae298d23931e8,mobile,TA-1044 Build/NMF26F,,chrome 63.0 for android,,3,2,2,0.5
DP-46a0b641a9c6d0f7,desktop,Windows,Windows 10,chrome 65.0,1280x1024,36,29,29,0.034482758620689655
DP-46b2ee0124d3bddc,mobile,Redmi 3S Build/MMB29M,,chrome generic for android,,4,2,2,0.5
DP-46ba08bea0dba342,mobile,Lenovo YT3-X50F Build/MMB29M,,chrome 54.0 for android,,3,1,1,1.0
DP-46c3c7c0f6bea727,mobile,SM-P580 Build/NRD90M,,chrome 65.0 for android,,1,1,1,1.0
DP-46c433283ae6c7ae,mobile,LG-X230 Build/MRA58K,,chrome 62.0 for android,,8,7,7,0.14285714285714285
DP-46caea68a4c8ee34,desktop,MacOS,Mac OS X 10_13_1,chrome 63.0,1600x900,1,1,1,1.0
DP-46cdc33aeb6e46a1,mobile,SM-N915V,,chrome 57.0 for android,,1,1,1,1.0
DP-46ce340420742286,mobile,LG-H870 Build/NRD90U,,chrome 66.0 for android,,12,7,7,0.14285714285714285
DP-46d4b6ac187e5d81,desktop,Trident/7.0,Windows 8.1,ie 11.0 for tablet,1600x899,1,1,1,1.0
DP-46dd5470a8f31cd8,mobile,SM-G935V Build/NRD90M,Android 7.0,chrome 66.0 for android,1920x1080,3,3,3,0.3333333333333333
DP-46e1b5e3b7a69d32,mobile,G3123,Android 8.0.0,chrome 66.0 for android,1280x720,1,1,1,1.0
DP-46e53b187257251d,desktop,MacOS,Mac OS X 10_13_2,chrome 66.0,3600x2250,1,1,1,1.0
DP-47084ce83a7adec7,desktop,Windows,Windows 7,chrome 51.0,1680x1050,1,1,1,1.0
DP-470a82fb731bebf7,mobile,SM-T113 Build/KTU84P,,chrome 66.0 for android,,6,1,1,1.0
DP-470b760a1c14ae02,mobile,LG-X180g Build/LMY47I,,chrome 58.0 for android,,1,1,1,1.0
DP-47164827ead9a61d,mobile,ONE TOUCH 4016A Build/JDQ39,,chrome 64.0 for android,,1,1,1,1.0
DP-4726f9c354519d5f,mobile,H1711 Build/HUAWEIH1711,,chrome 64.0 for android,,7,2,2,0.5
DP-472d249cdb26b861,mobile,F3213 Build/36.0.A.2.146,,chrome 65.0 for android,,4,4,4,0.25
DP-474a952ebcdc4e0f,desktop,Trident/7.0,Windows 10,ie 11.0 for desktop,1360x768,11,6,6,0.16666666666666666
DP-475287673fd4ab41,desktop,MacOS,Mac OS X 10_11_6,chrome 63.0,2560x1600,76,53,53,0.018867924528301886
DP-4755f3e478381c1a,mobile,SAMSUNG SM-N950U Build/NMF26X,Android 7.1.1,samsung browser 6.4,,3,2,2,0.5
DP-4761d9510e578f72,desktop,rv:51.0,,firefox,,25,14,14,0.07142857142857142
DP-476358c668c1ed6b,mobile,SM-G930F Build/NRD90M,Android 7.0,chrome 63.0 for android,,2,1,1,1.0
DP-4765c776ac1f82dc,desktop,Windows,Windows 8.1,firefox 57.0,1366x768,41,33,33,0.030303030303030304
DP-47741efba11d4810,desktop,Windows,Windows 10,edge 15.0,2560x1080,1,1,1,1.0
DP-47761988730e83e3,desktop,Trident/7.0,Windows 10,ie 11.0 for tablet,1920x1200,7,6,6,0.16666666666666666
DP-477860a4cddf5b85,desktop,MacOS,Mac OS X 10_13_2,chrome 64.0,3360x2100,1,1,1,1.0
DP-477fb9ba66fd6b29,desktop,Windows,Windows 10,,1366x767,29,1,1,1.0
DP-47805c2f4f24e2a6,mobile,QTASUN1 Build/NRD90M,Android 7.0,chrome 63.0 for android,1920x1200,3,3,3,0.3333333333333333
DP-478dadf63c5f6f40,mobile,ALCATEL ONE TOUCH 5036A Build/JDQ39,,chrome 58.0 for android,,1,1,1,1.0
DP-478fed8fff6cd5f5,desktop,MacOS,Mac,chrome 63.0,2560x1600,8,7,7,0.14285714285714285
DP-47926077d6094117,mobile,VK700 Build/LRX22G,Android 5.0.2,chrome 53.0 for android,1280x800,2,1,1,1.0
DP-47965765dcfca730,mobile,iOS Device,iOS 11.2.6,mobile safari generic,2436x1125,198,113,113,0.008849557522123894
DP-479aae89bf52ba0c,mobile,ANE-LX3 Build/HUAWEIANE-LX3,,chrome 66.0 for android,,1,1,1,1.0
DP-47a25df4fe77049b,desktop,Windows,Windows 7,chrome 51.0,1366x768,3,2,2,0.5
DP-47a463d10b620d58,desktop,Windows,Windows 7,firefox 57.0,1280x1024,55,40,40,0.025
DP-47a99d231b9ceee7,desktop,MacOS,Mac OS X 10_11_6,chrome 64.0,1600x1200,1,1,1,1.0
DP-47adccf050efe6c5,desktop,MacOS,Mac OS X 10_12_6,chrome 61.0,1366x768,4,1,1,1.0
DP-47b8b9be05c51bf2,desktop,rv:58.0,Mac OS X 10.11,firefox 58.0,1280x800,7,6,6,0.16666666666666666
DP-47bff5d182821e9c,mobile,SAMSUNG SM-G920A Build/NRD90M,Android 7.0,samsung browser 6.4,2560x1440,3,2,2,0.5
DP-47c63bf797d1b005,mobile,SM-G570M Build/MMB29K,,chrome 56.0 for android,,8,5,5,0.2
DP-47c9b4685186060d,mobile,SM-A710M,,chrome 63.0 for android,,1,1,1,1.0
DP-47ca16a44f643c07,mobile,SM-G935F Build/MMB29K,,chrome 64.0 for android,,5,4,4,0.25
DP-47ca3214062934eb,desktop,Windows,Windows 7,chrome generic,,5,5,5,0.2
DP-47cf1ec89d2b6a58,mobile,LG-K373,,chrome 61.0 for android,,1,1,1,1.0
DP-47d0fd6b4ac93719,desktop,rv:56.0,Mac OS X 10.13,firefox 56.0,1920x1080,1,1,1,1.0
DP-47db466d99619501,desktop,MacOS,Mac OS X 10_13_2,safari generic,1152x648,1,1,1,1.0
DP-47e0f38647497f4c,desktop,rv:60.0,,firefox 60.0,,22,16,16,0.0625
DP-47e2d34d9c6681c7,desktop,Windows,Windows 10,firefox 59.0,1360x768,8,6,6,0.16666666666666666
DP-47e8e14a3c478ab2,desktop,Trident/7.0,Windows 7,ie 11.0 for desktop,1920x1079,3,3,3,0.3333333333333333
DP-47f8427bf559b728,mobile,Lenovo PB1-750M Build/S100,,chrome 62.0 for android,,1,1,1,1.0
DP-47f97338612c210f,mobile,HTC6535LVW,Android 7.0,chrome 65.0 for android,1920x1080,1,1,1,1.0
DP-47fec19d1246d721,mobile,VS988 Build/NRD90U,Android 7.0,chrome generic for android,2672x1440,1,1,1,1.0
DP-48141a42760e1631,mobile,9022X,,chrome 63.0 for android,,1,1,1,1.0
DP-4816127e5cefb4fe,desktop,MacOS,Mac OS X 10_13_4,chrome 66.0,2591x1619,1,1,1,1.0
DP-481ad9f142fb6ea6,desktop,MacOS,Mac OS X 10_12_6,chrome 64.0,2880x1800,16,13,13,0.07692307692307693
DP-4835ace18ee62662,mobile,iOS Device,iOS 11.1.1,mobile safari 11.0,1136x640,44,34,34,0.029411764705882353
DP-483cf9ba0642b1ec,mobile,SM-G930V Build/NRD90M,Android 7.0,chrome 62.0 for android,1280x720,1,1,1,1.0
DP-4840e1eb25cabacf,mobile,LG-M250 Build/NRD90U,,chrome 66.0 for android,,9,6,6,0.16666666666666666
DP-48424705563b77e8,desktop,Windows,Windows 10,edge 13.0,,9,8,8,0.125
DP-4849a55f599d9541,desktop,Windows,Windows 7,opera 52.0,1280x1024,1,1,1,1.0
DP-484fdca36b2e65cd,mobile,4013M Build/KOT49H,,chrome,,2,1,1,1.0
DP-4854edf5b80c5a51,mobile,moto,,chrome 66.0 for android,,1,1,1,1.0
DP-48551f4883fa7953,mobile,SC-02H,,chrome generic for android,,4,2,2,0.5
DP-485beed49834ee9e,mobile,SM-G950U Build/R16NW,Android 8.0.0,chrome 64.0 for android,2220x1080,1,1,1,1.0
DP-485e565f0722e1ac,mobile,LG-H872 Build/NRD90U,,chrome 65.0 for android,,1,1,1,1.0
DP-486fd279973bd9c1,mobile,SM-G550T1 Build/MMB29K,,chrome 55.0 for android,,1,1,1,1.0
DP-4874634d7bc69079,mobile,SAMSUNG SM-G935A Build/NRD90M,,samsung browser 6.2,,2,2,2,0.5
DP-487857f62b7769cf,mobile,HTC,,chrome 64.0 for android,,1,1,1,1.0
DP-4881c47784b913c9,mobile,SM-N910V Build/MMB29M,Android 6.0.1,chrome generic for android,2560x1440,2,1,1,1.0
DP-488478311a75913b,desktop,Windows,Windows 10,firefox 57.0,2560x1440,11,10,10,0.1
DP-48875c05408ce0dc,mobile,LG-X240 Build/MRA58K,,chrome 66.0 for android,,3,3,3,0.3333333333333333
DP-489a069499a072a9,desktop,rv:44.0,Mac OS X 10.12,firefox,1280x800,1,1,1,1.0
DP-489d03baea184cc9,desktop,MacOS,Mac OS X 10_12_4,chrome 66.0,1366x768,1,1,1,1.0
DP-48a5c5d3bfc33dea,mobile,XT1635-02,,chrome 65.0 for android,,5,5,5,0.2
DP-48a762ff75e307f6,mobile,iOS Device,iOS 11.2.5,chrome 64.0 for ios,2732x2048,2,2,2,0.5
DP-48ad1819d32d0a21,mobile,VK815,Android 6.0,chrome 64.0 for android,1920x1200,1,1,1,1.0
DP-48b49498f905ed05,mobile,LG-H870 Build/NRD90U,,chrome 64.0 for android,,8,5,5,0.2
DP-48b4cad9f01f674f,mobile,SM-G610M Build/MMB29K,,chrome 59.0 for android,,1,1,1,1.0
DP-48b53a5bb0fe5a9c,mobile,Moto C Build/NRD90M.046,,chrome 62.0 for android,,2,2,2,0.5
DP-48bf7813ad7bb664,mobile,iOS Device,iOS 11.2.1,mobile safari generic,2001x1125,52,38,38,0.02631578947368421
DP-48c219f820414df8,mobile,Moto G (4) Build/NPJS25.93-14-15,,chrome 63.0 for android,,2,1,1,1.0
DP-48c2462fb1492510,mobile,SM-G531H Build/LMY48B,,chrome 65.0 for android,,42,21,21,0.047619047619047616
DP-48ccaad80883dade,mobile,TA-1039 Build/N2G47H,,chrome 64.0 for android,,3,3,3,0.3333333333333333
DP-48d1773e3ed11f39,desktop,Windows,Windows 7,opera generic,1680x1050,1,1,1,1.0
DP-48d178770a506559,desktop,MacOS,Mac OS X 10_13_1,chrome 63.0,3200x1800,1,1,1,1.0
DP-48d2eeebc6cd988e,desktop,rv:57.0,Windows 7,firefox 57.0,1280x1024,10,9,9,0.1111111111111111
DP-48d3683a21723542,mobile,,Android,chrome 61.0,1366x768,3,3,3,0.3333333333333333
DP-48db3d6a56bdcf7a,mobile,iOS Device,iOS 11.1.1,mobile safari 11.0,2048x1536,78,49,49,0.02040816326530612
DP-48db57eac80f87a6,mobile,Mi,,chrome 64.0 for android,,2,2,2,0.5
DP-48dd1c1bc9099d2c,mobile,Blade L5 Build/LMY47I,,chrome 66.0 for android,,1,1,1,1.0
DP-48e9fa2354f9421e,mobile,E2303,,chrome 63.0 for android,,1,1,1,1.0
DP-48f9e90a1bf6fde4,desktop,Windows,Windows 7,firefox 57.0,1600x1200,2,2,2,0.5
DP-4901ca54aa5d5889,mobile,SM-G928T Build/NRD90M,,chrome 64.0 for android,,1,1,1,1.0
DP-4902501ee93bf9a4,mobile,SM-G935P Build/NRD90M,Android 7.0,chrome 64.0 for android,1920x1080,2,2,2,0.5
DP-490420756123326a,mobile,PE-TL10,,chrome 64.0 for android,,2,1,1,1.0
DP-490519969c024dbf,mobile,ME301T,,chrome 63.0 for android,,1,1,1,1.0
DP-490caec8fffc7fce,desktop,Windows,Windows 7,chrome 63.0,1920x1200,106,82,82,0.012195121951219513
DP-4911787a7f36d18b,mobile,Moto G Play Build/MPIS24.241-15.3-26,,chrome generic for android,,2,1,1,1.0
DP-49120a4bca311ac8,mobile,Neffos C5 Build/LMY47D,,chrome 63.0 for android,,1,1,1,1.0
DP-4919aac9582283b8,desktop,rv:59.0,Windows 10,firefox,1920x1080,6,3,3,0.3333333333333333
DP-4919e87492c337c1,desktop,rv:48.0,Mac OS X 10.6,firefox 48.0,1920x1080,7,7,7,0.14285714285714285
DP-491acbb228a0ddf2,desktop,MacOS,Mac OS X 10_11_6,chrome 58.0,1440x900,2,2,2,0.5
DP-491b3a30a2085ec5,desktop,Windows,Windows 10,chrome 66.0,1502x844,17,4,4,0.25
DP-492063ad66b90a1d,desktop,MacOS,Mac OS X 10_6_8,chrome,1680x1050,1,1,1,1.0
DP-49241973f2df5a10,mobile,Pixel,,chrome 64.0 for android,,1,1,1,1.0
DP-492830c80dfb7601,mobile,moto g(6) play Build/OPP27.61-14-4,,chrome 66.0 for android,,2,2,2,0.5
DP-493100186657328e,mobile,SM-G950U Build/NRD90M,Android 7.0,chrome 64.0 for android,2961x1440,5,1,1,1.0
DP-493744117747b7a7,mobile,LG-H542 Build/LRX22G,,other,,3,3,3,0.3333333333333333
DP-494958dc926ebdea,mobile,Redmi 4A Build/MMB29M,,chrome generic for android,,2,1,1,1.0
DP-494d1e833985d02d,mobile,SAMSUNG SM-N950U Build/NMF26X,Android 7.1.1,samsung,,3,3,3,0.3333333333333333
DP-4956b7552bb8d31e,mobile,ALE-L21 Build/HuaweiALE-L21,,android webview 4.0,,1,1,1,1.0
DP-496f6bcd698f6833,desktop,Windows,,firefox 47.0,,1,1,1,1.0
DP-496fec49c3874ab3,mobile,HTC6535LVW,Android 7.0,chrome 63.0 for android,1920x1080,2,2,2,0.5
DP-497082ed276d63b1,desktop,Windows,Windows 10,chrome 65.0,2560x1600,1,1,1,1.0
DP-497fc56a6b012fd3,desktop,Ilium Pad T7X Build/LMY47I,,chrome generic,,4,1,1,1.0
DP-4995d25c87644f2a,mobile,SM-G930T Build/NRD90M,Android 7.0,chrome generic for android,1920x1080,1,1,1,1.0
DP-49a1a052c80a599f,mobile,SM-G360V Build/LMY48B,Android 5.1.1,chrome 60.0 for android,801x480,1,1,1,1.0
DP-49a5574538ae449c,mobile,SM-J105B Build/LMY47V,,chrome 53.0 for android,,1,1,1,1.0
DP-49ab5819fcef35f6,mobile,Lenovo YT3-850F Build/MMB29M,,chrome 66.0 for android,,1,1,1,1.0
DP-49bd8405abdf2930,desktop,MacOS,Mac OS X 10_9_5,chrome 61.0,1920x1200,1,1,1,1.0
DP-49bfa2575af8cb6f,desktop,MacOS,Mac OS X 10_9_5,chrome 62.0,1366x768,3,3,3,0.3333333333333333
DP-49bfc5b54acf7343,desktop,rv:59.0,Mac OS X 10.12,firefox 59.0,1280x800,4,4,4,0.25
DP-49c8923729055c87,desktop,rv:48.0,Mac OS X 10.6,firefox 48.0,2560x1600,1,1,1,1.0
DP-49ccb4fe9b9cdcb3,mobile,rv:56.0,Android 6.0.1,firefox,1200x720,1,1,1,1.0
DP-49ceb79e4b25589c,mobile,Moto X Play Build/NPD26.48-24-1,,chrome 64.0 for android,,20,10,10,0.1
DP-49d9e88cd1c640d2,mobile,HTC 10 Build/NRD90M,Android 7.0,chrome 62.0 for android,2560x1440,1,1,1,1.0
DP-49dd0c09be09bef9,desktop,MacOS,Mac OS X 10_10_5,chrome 63.0,1366x768,10,9,9,0.1111111111111111
DP-49e1ca98fcbc8424,desktop,Windows,Windows 10,chrome 61.0,1366x768,39,11,11,0.09090909090909091
DP-49eca0a08d8d7dd3,mobile,SM-T813 Build/NRD90M,,chrome 64.0 for android,,1,1,1,1.0
DP-49ecc99ad0312c8e,mobile,LG-K530 Build/MMB29M,,chrome 60.0 for android,,1,1,1,1.0
DP-49f4f35b481d660c,mobile,E6853,,chrome 65.0 for android,,1,1,1,1.0
DP-49f6b08c5f07ee64,mobile,LG-M210 Build/NRD90U,Android 7.0,chrome 66.0 for android,1280x720,4,1,1,1.0
DP-49fbc32c5ab94166,desktop,rv:11.0,Windows 10,ie 11.0 for desktop,1680x1050,1,1,1,1.0
DP-4a046cd23c2c4ee8,mobile,SM-G955U Build/NRD90M,Android 7.0,chrome 61.0 for android,2961x1442,2,1,1,1.0
DP-4a07580c8ddfef37,mobile,Moto X Play Build/NPD26.48-24-1,,chrome 62.0 for android,,3,2,2,0.5
DP-4a089aed15543d41,mobile,es-us,,android browser 4.0,,9,4,4,0.25
DP-4a1455317f90224e,mobile,H1711 Build/HUAWEIH1711,Android 7.0,chrome 62.0 for android,1280x720,1,1,1,1.0
DP-4a1af57b64a6b4d5,mobile,SM-G930W8 Build/NRD90M,,chrome 64.0 for android,,3,3,3,0.3333333333333333
DP-4a1ff2ee8484d693,desktop,Windows,Windows Vista,chrome generic,1280x1025,1,1,1,1.0
DP-4a24c0bbe0ca7556,mobile,SAMSUNG SM-J327T1 Build/NRD90M,,samsung browser 5.2,,2,2,2,0.5
DP-4a250d9d616e6d90,mobile,Z981 Build/MMB29M,,chrome generic for android,,1,1,1,1.0
DP-4a270668b4a4ed58,mobile,Lenovo K33b36 Build/MMB29M,,chrome 63.0 for android,,18,4,4,0.25
DP-4a27375241acabb0,desktop,Windows,Windows 7,firefox 57.0,1920x1080,237,133,133,0.007518796992481203
DP-4a2c0dc922a1ea43,mobile,Stellar,,chrome 61.0 for android,,1,1,1,1.0
DP-4a3a58e01dad6f5d,mobile,SM-N920V Build/NRD90M,Android 7.0,chrome 56.0 for android,2562x1442,1,1,1,1.0
DP-4a4184ddf766aa45,desktop,,Linux,chrome 65.0,2880x1620,2,1,1,1.0
DP-4a4a5c7f2aeac51f,mobile,F3313 Build/37.0.A.2.108,,chrome 61.0 for android,,3,2,2,0.5
DP-4a5613aae8956113,desktop,MacOS,Mac OS X 10_10_5,chrome 65.0,1440x900,15,11,11,0.09090909090909091
DP-4a63f2e79fe717e6,mobile,SM-G930P Build/NRD90M,,chrome 65.0 for android,,2,2,2,0.5
DP-4a742a7cbf00da68,desktop,Trident/7.0,Windows 10,ie 11.0 for desktop,1919x1199,5,2,2,0.5
DP-4a9d05951f87103a,desktop,rv:58.0,Mac OS X 10.12,firefox 58.0,1920x1200,3,1,1,1.0
DP-4a9ee6d18b46667d,mobile,TA-1027,,chrome 63.0 for android,,1,1,1,1.0
DP-4aa5b06fe23584f6,desktop,Windows,Windows 10,chrome 63.0,2560x1600,6,5,5,0.2
DP-4aa9972cb9c203f9,desktop,MacOS,Mac OS X 10_10_5,chrome 62.0,1680x1050,2,2,2,0.5
DP-4aad0698e0cb11f0,mobile,SAMSUNG,,samsung browser 3.3,,1,1,1,1.0
DP-4aad51bba947110b,mobile,,Linux,samsung browser 6.2,1920x1080,5,1,1,1.0
DP-4ab7e2f1bc0d8091,desktop,MacOS,Mac OS X 10_13_3,chrome 64.0,2048x1152,1,1,1,1.0
DP-4ab94e169a442c84,mobile,XT1635-01,Android 7.1.1,chrome 62.0 for android,1920x1080,2,2,2,0.5
DP-4ac1562eaba2af68,desktop,,,opera,,16,9,9,0.1111111111111111
DP-4ac16a34deaea358,desktop,MacOS,Mac OS X 10_13_4,safari 11.0,2560x1440,16,15,15,0.06666666666666667
DP-4ad4fe3dd3c5f66e,mobile,SM-A320Y,,chrome 62.0 for android,,1,1,1,1.0
DP-4ad9c8aa6f76aff6,desktop,MacOS,Mac OS X 10_13_1,chrome 65.0,1920x1080,1,1,1,1.0
DP-4adbe94e9d517d3e,mobile,iOS Device,iOS 11.3.0,google search application 48.0,1334x750,1,1,1,1.0
DP-4aeafa65e8687dd4,desktop,MacOS,Mac OS X 10_13_1,safari generic,1024x640,1,1,1,1.0
DP-4aec15987a029601,mobile,XT1080 Build/SU6-7.7,Android,chrome generic,1280x720,2,1,1,1.0
DP-4afe1a755f73e3dd,mobile,LG-H870 Build/NRD90U,,chrome 58.0 for android,,2,1,1,1.0
DP-4b0495291252173b,desktop,MacOS,Mac OS X 10_11_3,safari generic,1366x768,1,1,1,1.0
DP-4b1576af20d3512d,desktop,MacOS,Mac OS X 10_12_6,chrome 64.0,1440x900,21,17,17,0.058823529411764705
DP-4b2e3749f3be1864,mobile,Alcatel_5098O Build/MMB29M,,chrome 63.0 for android,,1,1,1,1.0
DP-4b34df4727d715cc,mobile,Hisense F23 Build/NRD90M,,chrome 63.0 for android,,17,6,6,0.16666666666666666
DP-4b37be188be976d6,desktop,rv:60.0,Mac OS X 10.13,firefox 60.0,2560x1600,1,1,1,1.0
DP-4b3b6e9f91a3b2ec,desktop,BOIE9,Windows 7,ie 11.0 for desktop,1680x1050,2,2,2,0.5
DP-4b3e87f4f084fc17,desktop,Linux x86_64,,chrome,,3,1,1,1.0
DP-4b407cc11870a1ae,mobile,HTC Desire 626s Build/LMY47O,,chrome 58.0 for android,,3,2,2,0.5
DP-4b4ad590032c9cc0,mobile,Ilium LT520 Build/NRD90M,,chrome 64.0 for android,,1,1,1,1.0
DP-4b4b38e3ea1ad99a,desktop,MacOS,Mac OS X 10_12_4,chrome 62.0,1920x1080,2,2,2,0.5
DP-4b4cedaccf4e93b2,mobile,Z836BL,Android 6.0.1,chrome 53.0 for android,855x480,1,1,1,1.0
DP-4b5b7e301b7e3c7b,mobile,XT1008 Build/LPBS23.13-56-2,,chrome 62.0 for android,,1,1,1,1.0
DP-4b5dcb3e7212027a,mobile,HIGHWAY,,chrome 64.0 for android,,1,1,1,1.0
DP-4b5ea86fd9558684,mobile,SM-T713 Build/NRD90M,Android 7.0,chrome 62.0 for android,2048x1536,1,1,1,1.0
DP-4b67a134024b2daa,mobile,Moto G Play Build/MPIS24.241-15.3-7,,chrome 61.0 for android,,1,1,1,1.0
DP-4b74e2b3d52429eb,desktop,MacOS,Mac OS X 10_12_6,safari generic,1280x800,161,83,83,0.012048192771084338
DP-4b8fb14b1f670d01,mobile,A3_mini,,android webview 4.0,,1,1,1,1.0
DP-4b91cfb93fff8c26,mobile,SPH-L720T,Android,chrome 65.0 for android,1920x1080,1,1,1,1.0
DP-4b988c939ba01f10,mobile,QTAIR7 Build/LMY47D,Android,chrome 50.0 for android,1920x1200,1,1,1,1.0
DP-4b9e994497a08901,mobile,iPhone,,chrome 63.0 for android,,1,1,1,1.0
DP-4ba094e95456e207,mobile,SM-N950U Build/R16NW,Android 8.0.0,chrome 66.0 for android,2220x1081,15,11,11,0.09090909090909091
DP-4baecd48a57ece6f,mobile,Blade A510 Build/MRA58K,,chrome 61.0 for android,,4,3,3,0.3333333333333333
DP-4bba0c7e760bfd57,desktop,rv:56.0,Mac OS X 10.11,firefox 56.0,1680x1050,1,1,1,1.0
DP-4bba24c00eaf1f6a,desktop,MacOS,Mac OS X 10_10_5,chrome 63.0,2560x1600,52,32,32,0.03125
DP-4bbe34a7dc46233d,desktop,Windows,Windows 10,edge 16.0,1365x767,1,1,1,1.0
DP-4bc146b12442c191,desktop,rv:48.0,Windows 7,firefox 48.0,1600x900,1,1,1,1.0
DP-4bc5ff35b73c9bbd,desktop,Windows,Windows 10,edge 16.0,2560x1600,2,1,1,1.0
DP-4bc8b124c1312c46,mobile,SAMSUNG SM-G950F Build/R16NW,,samsung browser 6.4,,3,3,3,0.3333333333333333
DP-4bcb3c4a3ecc8b2a,mobile,SM-T550,Android 6.0.1,chrome 63.0 for android,1024x768,1,1,1,1.0
DP-4bcc2ca2ae639dab,mobile,E6553,,chrome 66.0 for android,,1,1,1,1.0
DP-4bd0682d6398cc2c,mobile,F80 PIABELLA Build/MRA58K,,chrome 63.0 for android,,1,1,1,1.0
DP-4bd46238cd14ce9f,mobile,SM-J500M Build/MMB29M,,chrome 63.0 for android,,7,5,5,0.2
DP-4bd95bbdcf91eaa3,mobile,XT1096,,chrome 66.0 for android,,1,1,1,1.0
DP-4bf41b9a3887c141,mobile,iOS Device,iOS 11.1.1,mobile safari generic,2436x1125,11,5,5,0.2
DP-4c01dad03b8af84b,mobile,SAMSUNG SM-N950U Build/R16NW,Android 8.0.0,samsung browser 7.0,2961x1442,1,1,1,1.0
DP-4c0243ac4592bfef,desktop,MacOS,Mac OS X 10_13_2,chrome 62.0,2880x1800,7,6,6,0.16666666666666666
DP-4c096a65cec48336,desktop,Windows,Windows 7,chrome 66.0,1280x720,4,3,3,0.3333333333333333
DP-4c09dceea0d6f9cb,desktop,MacOS,Mac OS X 10_11_6,chrome 65.0,2880x1800,10,9,9,0.1111111111111111
DP-4c170baf3d20ed2e,mobile,HUAWEI VNS-L53 Build/HUAWEIVNS-L53,,chrome 62.0 for android,,3,2,2,0.5
DP-4c17faaf3d5b2bf7,mobile,LG-K500 Build/MMB29M,,chrome 62.0 for android,,6,5,5,0.2
DP-4c1cffc93140adf4,mobile,SM-A510M Build/NRD90M,,chrome 65.0 for android,,10,9,9,0.1111111111111111
DP-4c1e150da517d650,mobile,M4 SS4451 Build/LMY47D,,chrome 62.0 for android,,1,1,1,1.0
DP-4c3243b2ddea2253,mobile,Moto X Play Build/NPD26.48-24-1,,chrome 65.0 for android,,19,8,8,0.125
DP-4c33c6f640060ba2,desktop,rv:50.0,Mac OS X 10.11,firefox,1920x1080,1,1,1,1.0
DP-4c45e53790c9dbbc,mobile,Hisense F20 Build/MMB29M,,chrome 58.0 for android,,1,1,1,1.0
DP-4c46744d3f39b24a,mobile,GT-I9060M Build/KTU84P,,chrome,,7,3,3,0.3333333333333333
DP-4c4fc296afd29fd1,desktop,Trident/7.0,Windows 10,ie 11.0 for tablet,2560x1440,6,2,2,0.5
DP-4c56d8c912a06d57,mobile,SAMSUNG SM-G920P Build/NRD90M,Android 7.0,samsung browser 6.2,2560x1440,14,12,12,0.08333333333333333
DP-4c6725ce0f0b75e2,desktop,Windows,Windows 7,firefox 57.0,3440x1440,2,2,2,0.5
DP-4c6836614e3aa20d,desktop,MacOS,Mac OS X 10_12_2,chrome 58.0,1680x1050,1,1,1,1.0
DP-4c6b3460d4e4a581,desktop,MacOS,Mac OS X 10_9_5,chrome 60.0,1280x800,1,1,1,1.0
DP-4c7c6551207e7405,desktop,rv:59.0,,firefox,,55,20,20,0.05
DP-4c849c18bcf434e6,desktop,MacOS,Mac OS X 10_11_4,safari generic,2880x1800,2,2,2,0.5
DP-4c96fccd227681cb,mobile,,Android,chrome 66.0,801x480,3,1,1,1.0
DP-4ca2b01020833f77,mobile,iOS Device,iOS 11.3.0,google search application 49.0,2208x1242,1,1,1,1.0
DP-4ca5386dc8a8f8d6,desktop,rv:59.0,Windows 8.1,firefox 59.0,1366x768,1,1,1,1.0
DP-4ca60fe4ff7d479a,mobile,SM-N9500,,chrome 64.0 for android,,3,2,2,0.5
DP-4ca76f6d9f11a935,desktop,Windows,Windows 7,chrome,1440x900,2,2,2,0.5
DP-4cafc83250753aca,desktop,MacOS,Mac OS X 10_13_3,safari generic,1600x900,5,5,5,0.2
DP-4cb4da88a85bd24f,mobile,LG-X165g Build/LRX21M,,other,,2,2,2,0.5
DP-4cb6d05fc6a24a69,desktop,rv:58.0,Mac OS X 10.9,firefox 58.0,2880x1800,1,1,1,1.0
DP-4cc4ba8d0813e3ec,mobile,SM-J727V Build/NRD90M,Android 7.0,chrome 65.0 for android,1280x720,1,1,1,1.0
DP-4cc82849665dc41e,mobile,SM-G920V Build/NRD90M,Android 7.0,chrome 61.0 for android,2560x1440,2,1,1,1.0
DP-4ccd2c8c2f36fc79,desktop,Windows,Windows 7,aol,1920x1080,2,2,2,0.5
DP-4cd1b706506720fc,desktop,MacOS,Mac,chrome 63.0,1366x768,3,2,2,0.5
DP-4cda140ea6f22666,mobile,Moto G (5) Plus Build/NPNS25.137-93-8,Android 7.0,chrome generic,1920x1081,4,1,1,1.0
DP-4ce53786a6a116b0,mobile,LG-K240 Build/MXB48T,,chrome 65.0 for android,,3,2,2,0.5
DP-4cf2854c10ffde1d,desktop,MacOS,Mac OS X 10_10_5,chrome 66.0,1920x1080,6,4,4,0.25
DP-4cf4179fb34620b0,desktop,Trident/7.0,Windows 8.1,ie 11.0 for desktop,1920x1080,142,91,91,0.01098901098901099
DP-4cf69fa732ac7973,desktop,Windows NT 6.1,Windows 7,ie 11.0 for desktop,1371x857,1,1,1,1.0
DP-4cf92f76578c8e82,desktop,Windows,Windows 10,chrome 63.0,1280x768,14,10,10,0.1
DP-4cfc7ca181ce5d99,mobile,LG-H420 Build/LRX21Y,,chrome 61.0 for android,,1,1,1,1.0
DP-4d01f40313cc484d,mobile,Nexus,,chrome 65.0 for android,,1,1,1,1.0
DP-4d10a7336550001b,mobile,LG-H650 Build/LMY47V,,chrome 60.0 for android,,1,1,1,1.0
DP-4d10d7bc26c048bd,mobile,Ilium X510 Build/MRA58K,,chrome 64.0 for android,,3,2,2,0.5
DP-4d135d8c5b0d0899,desktop,S.N.O.W.4,,ie 11.0 for desktop,,4,3,3,0.3333333333333333
DP-4d180378f1845f79,mobile,MYA-L11,,chrome generic for android,,1,1,1,1.0
DP-4d18d419fd1b944b,desktop,,,chrome 64.0,,1290,265,265,0.0037735849056603774
DP-4d20acd3a2a84b2d,mobile,SAMSUNG,,samsung browser 6.4,,33,24,24,0.041666666666666664
DP-4d2c5941d54c7a17,mobile,SM-J700T1 Build/NMF26X,Android 7.1.1,chrome 63.0 for android,1280x720,3,3,3,0.3333333333333333
DP-4d2dda5aa16465ab,desktop,MacOS,Mac OS X 10_12_3,chrome 63.0,4096x2304,1,1,1,1.0
DP-4d2fa6688136bb40,desktop,Windows,Windows 10,chrome generic,3440x1440,1,1,1,1.0
DP-4d324c535252199e,mobile,E5823,,chrome generic for android,,1,1,1,1.0
DP-4d3d2dbdc816b7c1,mobile,SM-G386T,Android 4.4.2,chrome 62.0 for android,960x540,1,1,1,1.0
DP-4d3d4bdf58705faf,mobile,SM-P550 Build/NMF26X,,chrome 65.0 for android,,2,2,2,0.5
DP-4d411755665ed663,mobile,MHA-L09 Build/HUAWEIMHA-L09,,chrome generic for android,,2,2,2,0.5
DP-4d471fe7671da769,desktop,Trident/7.0,Windows 10,ie 11.0 for desktop,,270,163,163,0.006134969325153374
DP-4d4bf2886226b461,mobile,iOS Device,iOS 11.0.2,mobile safari 11.0,2001x1125,4,4,4,0.25
DP-4d4ef2b0604150c4,desktop,MacOS,Mac OS X 10_13_2,chrome 63.0,2048x1152,2,2,2,0.5
DP-4d50267d3c459e42,mobile,SM-J320M Build/LMY47V,,chrome 61.0 for android,,2,2,2,0.5
DP-4d5468bc705bcfa8,mobile,BLADE L7 Build/MRA58K,,chrome 64.0 for android,,4,1,1,1.0
DP-4d5566d39018eaf9,mobile,LG-LS998,Android 7.1.2,chrome 63.0 for android,2880x1440,1,1,1,1.0
DP-4d5991a5902bc38f,desktop,Windows,Windows 7,chrome 56.0,1680x1050,2,2,2,0.5
DP-4d64a27dfb3c1998,mobile,iOS Device,iOS 10.2.1,mobile safari generic,2048x1536,15,13,13,0.07692307692307693
DP-4d67a18711e4b8fc,desktop,MacOS,Mac OS X 10_12_6,chrome 59.0,2560x1600,1,1,1,1.0
DP-4d77eac7e962ef54,mobile,SM-T825 Build/NRD90M,,chrome 63.0 for android,,2,1,1,1.0
DP-4d7a65bce590d6c8,mobile,iOS Device,iOS 10.3.1,mobile safari 10.0,2208x1242,51,14,14,0.07142857142857142
DP-4d7b53b2d43c938c,mobile,Trident/7.0,other,Nokia/Lumia,,1,1,1,1.0
DP-4d85b8e24607a7d1,mobile,SM-T813 Build/NRD90M,Android 7.0,chrome 63.0 for android,2048x1536,3,3,3,0.3333333333333333
DP-4d868e8052b711e1,mobile,HUAWEI CUN-L03 Build/HUAWEICUN-L03,,android browser 4.0,,10,2,2,0.5
DP-4d8fab6be1bdad6f,mobile,Blade V580 Build/LMY47D,,chrome 62.0 for android,,1,1,1,1.0
DP-4d99983f0f7c9a05,mobile,8050G Build/LMY47I,,chrome 56.0 for android,,1,1,1,1.0
DP-4d9d68df8bb9d8d9,desktop,Windows,Windows 7,chrome 62.0,1680x1050,119,62,62,0.016129032258064516
DP-4da99beb9f0d2ee7,mobile,Moto G Play Build/NPIS26.48-36-5,,chrome 58.0 for android,,1,1,1,1.0
DP-4db0e1c4ff65fcd2,mobile,Android 6.0,,android webview 4.0,,7,6,6,0.16666666666666666
DP-4dba683674c7d5f8,mobile,VS5012 Build/NRD90M,,chrome generic for android,,1,1,1,1.0
DP-4dc5c14f15660d81,desktop,MacOS,Mac,safari,1366x768,1,1,1,1.0
DP-4dc7cf0365ed57d4,mobile,XT1063 Build/MPB24.65-34-3,,chrome 66.0 for android,,2,2,2,0.5
DP-4dcfee7f63ac9322,mobile,SM-G955U Build/NRD90M,Android 7.0,chrome generic for android,,6,3,3,0.3333333333333333
DP-4dd9ded9402f8b62,desktop,Windows,Windows 10,chrome 63.0,800x600,1,1,1,1.0
DP-4de4db2bc2dd0693,desktop,MacOS,Mac OS X 10_12_1,chrome 64.0,2048x1278,1,1,1,1.0
DP-4de8187ff384ede5,desktop,LG-K410 Build/LRX22G,,chrome generic,,2,1,1,1.0
DP-4dea370eaa99b236,mobile,HUAWEI VNS-L53 Build/HUAWEIVNS-L53,,chrome 60.0 for android,,1,1,1,1.0
DP-4dfe2f8532340315,mobile,SM-G900F Build/KOT49H,,android browser 4.0,,1,1,1,1.0
DP-4e0407c3d2380c1c,mobile,P01M,Android 6.0.1,chrome 55.0 for android,2048x1536,1,1,1,1.0
DP-4e07295f2093c49e,mobile,LG-H500 Build/LRX21Y,,chrome generic,,5,4,4,0.25
DP-4e08f8b43714bbfb,mobile,LG-LS993 Build/NRD90U,Android 7.0,chrome 65.0 for android,2672x1440,3,2,2,0.5
DP-4e1c7721a94ec4f5,mobile,SAMSUNG-SM-G928A Build/NRD90M,,chrome 63.0 for android,,3,2,2,0.5
DP-4e1ff422eaa2b07b,mobile,XT1040,,chrome 62.0 for android,,2,1,1,1.0
DP-4e26f5c4b39c2bfa,mobile,GT-I9300,,chrome 51.0 for android,,1,1,1,1.0
DP-4e29216c80f6dd20,desktop,MacOS,Mac OS X 10_11_6,chrome 63.0,3200x1800,1,1,1,1.0
DP-4e2df279478fc152,mobile,MYA-L03 Build/HUAWEIMYA-L03,,chrome 65.0 for android,,7,3,3,0.3333333333333333
DP-4e35777ee4d23335,mobile,LG-H872 Build/NRD90U,Android 7.0,chrome 60.0 for android,2672x1440,3,2,2,0.5
DP-4e3e35a9f88eb057,mobile,SM-J700T Build/MMB29K,,chrome 66.0 for android,,1,1,1,1.0
DP-4e41dbd2d16c6684,desktop,MacOS,Mac OS X 10_12_5,safari 10.0,1440x900,1,1,1,1.0
DP-4e46f64c1c4d4081,mobile,SM-G531H Build/LMY48B,,chrome 59.0 for android,,12,11,11,0.09090909090909091
DP-4e47ef9a844188c3,desktop,,Linux,chrome 65.0,2961x1442,12,4,4,0.25
DP-4e493ae9cbb5a58c,desktop,rv:59.0,Mac OS X 10.9,firefox 59.0,2560x1440,1,1,1,1.0
DP-4e544504d8f58fd4,desktop,Windows,Windows 7,firefox,1600x900,1,1,1,1.0
DP-4e5c4bb452e1767c,desktop,Windows,Windows 8.1,chrome 62.0,1366x768,68,51,51,0.0196078431372549
DP-4e6f4b395ea274fc,mobile,VS996 Build/OPR1.170623.026,Android 8.0.0,,2880x1440,2,1,1,1.0
DP-4e750bbe6504b8f9,mobile,D2306 Build/18.6.A.0.182,,android browser 4.0,,1,1,1,1.0
DP-4e79c11b7d12bfae,desktop,MacOS,Mac OS X 10_9_5,chrome 62.0,1920x1080,12,7,7,0.14285714285714285
DP-4e7c7a4ea3f1788c,mobile,iOS Device,iOS 11.2.2,mobile safari generic,2436x1125,29,20,20,0.05
DP-4e7c98084e9391e0,mobile,iOS Device,iOS 11.2.6,mobile safari 11.0,2224x1668,1,1,1,1.0
DP-4e7daaf9a5e0c27d,mobile,SM-T800 Build/MMB29K,,chrome 50.0 for android,,1,1,1,1.0
DP-4e7f161765f12a80,desktop,Windows,Windows 8.1,chrome 56.0,1280x768,1,1,1,1.0
DP-4e850839c5671206,mobile,SAMSUNG-SM-G930A,Android 6.0.1,chrome 63.0 for android,2560x1440,2,1,1,1.0
DP-4e85edb4aa6fec72,mobile,Moto C Build/NRD90M.054,,chrome 56.0 for android,,1,1,1,1.0
DP-4ea668de9b9eac73,mobile,SM-J100MU,,chrome 61.0 for android,,2,2,2,0.5
DP-4ea89198fe7f37e3,desktop,rv:57.0,Mac OS X 10.10,firefox 57.0,2880x1800,6,5,5,0.2
DP-4eaa0f6098482fb8,mobile,SM-J710MN Build/MMB29K,,chrome 65.0 for android,,22,11,11,0.09090909090909091
DP-4eb49a8047151f91,mobile,SM-G531H Build/LMY48B,,chrome 62.0 for android,,31,14,14,0.07142857142857142
DP-4eba2185d5e39f16,mobile,LG-D693n Build/LRX22G,,chrome 63.0 for android,,13,8,8,0.125
DP-4ebba53e5e9d163d,mobile,verykools5004,,chrome,,2,1,1,1.0
DP-4ec0001ae3eb6882,desktop,Windows,Windows 10,,1366x768,124,1,1,1.0
DP-4ec8f3b1835afd76,mobile,iOS Device,iOS 11.2.2,mobile safari generic,2208x1242,145,82,82,0.012195121951219513
DP-4eca43a1b1a604e6,mobile,SM-T230 Build/KOT49H,,chrome 65.0 for android,,1,1,1,1.0
DP-4ed8b28c139de8b9,mobile,SM-G930F Build/NRD90M,,chrome 60.0 for android,,1,1,1,1.0
DP-4edb70a8e04034c3,desktop,Windows,Windows 7,chrome 63.0,1512x945,1,1,1,1.0
DP-4edd773354f5a8c8,desktop,MacOS,Mac OS X 10_13_4,chrome 66.0,3440x1440,1,1,1,1.0
DP-4ede2c54e90ba5da,desktop,rv:52.0,Mac OS X 10.10,firefox 52.0,1440x900,1,1,1,1.0
DP-4ee305d5c379b2d3,mobile,SM-G935T Build/NRD90M,Android 7.0,chrome 65.0 for android,1920x1080,1,1,1,1.0
DP-4eeaf58fa4f399dc,mobile,iOS Device,iOS 11.0.3,mobile safari generic,2208x1242,25,18,18,0.05555555555555555
DP-4ef169ef60ce416b,mobile,GT-I9060M Build/KTU84P,,chrome 64.0 for android,,11,6,6,0.16666666666666666
DP-4ef48585b7e1fb9f,mobile,PSPC550 Build/LMY47D,,samsung browser 6.4,,1,1,1,1.0
DP-4ef6e4a409c26327,desktop,Windows,Windows 7,firefox,2048x1152,1,1,1,1.0
DP-4efbbf9025365a4d,desktop,rv:11.0,Windows 10,ie 11.0 for desktop,,1,1,1,1.0
DP-4effe017ab870811,desktop,MacOS,Mac OS X 10_11_6,safari generic,4096x2304,25,15,15,0.06666666666666667
DP-4f013ac8c83c982b,mobile,Moto G (5) Plus Build/NPNS25.137-92-8,,chrome 65.0 for android,,1,1,1,1.0
DP-4f0933bee184e375,desktop,Windows,Windows 10,edge 16.0,3839x2160,3,1,1,1.0
DP-4f09af2e55dc85ce,desktop,Windows,Windows 7,chrome 66.0,1600x900,58,47,47,0.02127659574468085
DP-4f0a13f2b304d3fd,mobile,LG-X180g Build/LMY47I,,chrome generic,,3,3,3,0.3333333333333333
DP-4f0b1ee83317bd52,mobile,CAM-L03 Build/HUAWEICAM-L03,,chrome 64.0 for android,,29,11,11,0.09090909090909091
DP-4f0f8171c837191b,desktop,MacOS,Mac OS X 10_13_2,chrome 63.0,4096x2304,11,7,7,0.14285714285714285
DP-4f1a289b7780a96e,mobile,SM-N920C Build/NRD90M,,chrome 64.0 for android,,1,1,1,1.0
DP-4f1ac0427067ab78,desktop,Windows,Windows 8.1,chrome 64.0,1280x1024,10,5,5,0.2
DP-4f2b72ed864c5324,mobile,iOS Device,iOS 11.0.1,chrome 65.0 for ios,2048x1536,1,1,1,1.0
DP-4f2b9f8349076c67,mobile,SM-T550 Build/NMF26X,Android 7.1.1,chrome 62.0 for android,1024x768,2,2,2,0.5
DP-4f2d718bc6b17a0a,mobile,Moto G (4) Build/NPJ25.93-14.7,,samsung browser 6.2,,2,1,1,1.0
DP-4f42b8769e87e9f0,mobile,SLA-L22,,chrome 63.0 for android,,1,1,1,1.0
DP-4f50b1c291feadca,mobile,Pixel,Android 8.0.0,,2562x1442,4,4,4,0.25
DP-4f53d93537a265cc,desktop,MacOS,Mac OS X 10_11_6,chrome 62.0,2560x1440,8,6,6,0.16666666666666666
DP-4f5694aacc480c33,mobile,Lenovo K33b36 Build/MMB29M,,chrome 64.0 for android,,7,6,6,0.16666666666666666
DP-4f5dde55d546b774,desktop,MacOS,Mac OS X 10_12_6,chrome 63.0,1280x800,31,27,27,0.037037037037037035
DP-4f6268d0dc18784a,mobile,HUAWEI TAG-L13 Build/HUAWEITAG-L13,,chrome 63.0 for android,,23,13,13,0.07692307692307693
DP-4f62f7c4aa272b0e,desktop,MacOS,Mac OS X 10_12_1,chrome 62.0,1280x720,2,2,2,0.5
DP-4f6cf43e6cea2564,mobile,SM-G950U Build/NRD90M,Android 7.0,chrome 63.0 for android,2961x1442,2,2,2,0.5
DP-4f7e34e995d18031,mobile,GT-P5210 Build/JDQ39,,chrome 64.0 for android,,2,2,2,0.5
DP-4f817e8e434dcb8b,desktop,MacOS,Mac OS X 10_13_1,chrome 65.0,1440x900,26,8,8,0.125
DP-4f95c91bfab1ae1f,mobile,SM-G930W8 Build/NRD90M,Android 7.0,chrome 63.0 for android,1920x1080,3,3,3,0.3333333333333333
DP-4f98d7985c81dd1d,mobile,SAMSUNG-SM-J320A Build/NMF26X,,chrome 66.0 for android,,1,1,1,1.0
DP-4f990fa056cec6cf,mobile,SM-A730F Build/NMF26X,,chrome 61.0 for android,,1,1,1,1.0
DP-4fa487f23f070e26,desktop,MacOS,Mac,chrome 62.0,2880x1800,4,4,4,0.25
DP-4fa49614902a8858,mobile,iOS Device,iOS 11.2.2,mobile safari 11.0,1334x750,143,80,80,0.0125
DP-4fa6a495ed5f1a03,desktop,MacOS,Mac OS X 10_8_5,chrome 49.0,2560x1600,2,2,2,0.5
DP-4faa3ca66e21effd,desktop,Windows,Windows 10,firefox 57.0,3200x1800,2,2,2,0.5
DP-4fb837a22d8783d2,mobile,SM-J320M Build/LMY47V,,chrome 64.0 for android,,33,9,9,0.1111111111111111
DP-4fc30c1fdf9dcabb,mobile,LG-LK460,Android 7.1.1,chrome 58.0 for android,,1,1,1,1.0
DP-4fc78e306f145abe,desktop,MacOS,Mac OS X 10_12_3,safari generic,2560x1440,4,3,3,0.3333333333333333
DP-4fc9cc1b21011fab,desktop,Windows,Windows 10,edge 16.0,1152x864,3,3,3,0.3333333333333333
DP-4fca3cbbee22ae04,mobile,ALCATEL ONE TOUCH 7042A Build/JDQ39,,chrome 60.0 for android,,1,1,1,1.0
DP-4fcfad57d815df1e,mobile,SM-G935T Build/NRD90M,Android 7.0,chrome 63.0 for android,1920x1080,12,12,12,0.08333333333333333
DP-4fd1123e26952595,mobile,LT30p,,chrome 56.0 for android,,1,1,1,1.0
DP-4fd525264804db32,desktop,Trident/7.0,Windows 10,ie 11.0 for tablet,1440x900,6,2,2,0.5
DP-4fe46b7a8c1f0fba,desktop,Windows,Windows 10,chrome generic,1280x800,2,2,2,0.5
DP-4fedb0c4e6e9e8df,desktop,rv:57.0,Mac OS X 10.11,firefox 57.0,4096x2304,1,1,1,1.0
DP-4fef909a0e780a2a,mobile,SAMSUNG-SM-J327AZ,Android 7.0,chrome 64.0 for android,1280x720,1,1,1,1.0
DP-4ff0150e0e7125e1,mobile,SAMSUNG-SM-G935A,Android 6.0.1,chrome 63.0 for android,2560x1440,2,2,2,0.5
DP-4ff5bba7167e449c,desktop,rv:58.0,Mac OS X 10.13,firefox 58.0,2880x1800,4,4,4,0.25
DP-4ff8f6b1fd9264f5,mobile,Energy X 2 Build/E050L,,chrome 64.0 for android,,1,1,1,1.0
DP-5001dfd9e9431cdc,mobile,SAMSUNG SM-G920T Build/NRD90M,Android 7.0,samsung,2560x1440,2,2,2,0.5
DP-500869ca5651da66,desktop,Windows,Windows 7,chrome 64.0,1024x768,8,7,7,0.14285714285714285
DP-5012fa1a54670df8,mobile,Ilium LT500 Build/LMY47O,,chrome 60.0 for android,,1,1,1,1.0
DP-501497b3e75be265,mobile,SM-G610M Build/NRD90M,,chrome generic for android,,14,7,7,0.14285714285714285
DP-501644716c8a6052,desktop,rv:50.0,Mac OS X 10.13,firefox,1920x1080,1,1,1,1.0
DP-5016cd910bb00094,desktop,Windows,Windows 10,chrome 66.0,3840x2162,1,1,1,1.0
DP-5019090c8f06eb78,desktop,Windows,Windows 10,edge 16.0,1600x1200,5,5,5,0.2
DP-5029980ddf1cd844,desktop,Windows,Windows 10,chrome 51.0,1920x1080,2,2,2,0.5
DP-5029f29b01921e28,mobile,FIG-LX3 Build/HUAWEIFIG-LX3,,chrome 62.0 for android,,4,2,2,0.5
DP-502d33bb52e35b45,desktop,Windows,Windows 7,chrome 66.0,1600x1200,6,3,3,0.3333333333333333
DP-502d79e5240c01c5,mobile,LGMS210 Build/NRD90U,Android 7.0,chrome 61.0 for android,1280x720,1,1,1,1.0
DP-502fb54101bce3d3,desktop,MacOS,Mac OS X 10_13_1,safari generic,1920x1080,90,56,56,0.017857142857142856
DP-5037b853270df9ec,desktop,Windows,Windows 7,chrome 63.0,1400x1050,2,2,2,0.5
DP-503bbe7dd59293d2,desktop,MacOS,Mac OS X 10_12_4,safari generic,2560x1440,2,2,2,0.5
DP-504097dedc117fcf,mobile,HUAWEI CUN-L03 Build/HUAWEICUN-L03,,chrome 62.0 for android,,12,7,7,0.14285714285714285
DP-50413a70c6a91fa6,desktop,,,firefox 48.0,,1,1,1,1.0
DP-5047d0151865a6af,mobile,AX920,,chrome 61.0 for android,,2,2,2,0.5
DP-504a417198d9c9e1,mobile,XT1635-01 Build/NDNS26.118-23-12-3,,chrome 62.0 for android,,4,4,4,0.25
DP-5051127b5cc0a4f7,desktop,MacOS,Mac OS X 10_12_4,chrome 64.0,1280x800,1,1,1,1.0
DP-505379424f1c7b38,mobile,LG-K200 Build/MXB48T,,chrome 60.0 for android,,1,1,1,1.0
DP-505aebf4847f390f,mobile,SM-J530GM Build/NRD90M,,chrome 64.0 for android,,3,2,2,0.5
DP-505b164020cd5c2a,mobile,,Android,chrome generic,,1,1,1,1.0
DP-505b51b594b06062,desktop,rv:58.0,Windows 10,firefox,1600x900,2,2,2,0.5
DP-505df07f14859283,mobile,BND-L34,,chrome generic for android,,2,1,1,1.0
DP-505ec27d5a22da04,mobile,HUAWEI CAN-L11 Build/HUAWEICAN-L11,,chrome 64.0 for android,,3,1,1,1.0
DP-5062720b0fd1bf5a,mobile,iOS Device,iOS 11.3.1,google search application 49.0,1136x640,1,1,1,1.0
DP-506e061e8d1d5448,mobile,AX921 Build/MRA58K,,chrome 66.0 for android,,1,1,1,1.0
DP-507b2a89e96ab1b0,mobile,Blade V6 Plus Build/MRA58K,,chrome generic for android,,8,8,8,0.125
DP-508466b41af52c49,mobile,SM-T560NU Build/NMF26X,Android 7.1.1,chrome 65.0 for android,1281x800,1,1,1,1.0
DP-5088d71ece25f4e8,desktop,Windows,Windows 10,firefox 59.0,3200x1800,3,3,3,0.3333333333333333
DP-508927eea69b5583,desktop,,Linux,chrome 60.0,1920x1080,4,3,3,0.3333333333333333
DP-50929cee836b9cd4,mobile,HTC U11 Build/OPR6.170623.013,Android 8.0.0,,2560x1440,1,1,1,1.0
DP-50947759090b4f25,mobile,SM-T530 Build/LRX22G,,chrome 66.0 for android,,4,2,2,0.5
DP-50a576a62ce00525,mobile,Hisense U963 Build/MRA58K,,chrome 62.0 for android,,5,4,4,0.25
DP-50a842ca465faeba,desktop,Windows,,edge 13.0,,15,11,11,0.09090909090909091
DP-50b563a05274672b,mobile,LG-D373 Build/KOT49I.V10a,,chrome 64.0 for android,,3,3,3,0.3333333333333333
DP-50b8103ca5a2e9e0,mobile,XT1635-02 Build/NPN26.118-22-2,,chrome 64.0 for android,,15,9,9,0.1111111111111111
DP-50b96cd06d122d70,mobile,Ilium LT510 Build/MRA58K,,chrome 63.0 for android,,5,2,2,0.5
DP-50bb68f83f1bab37,mobile,iOS Device,iOS 11.0.0,mobile safari generic,2048x1536,2,1,1,1.0
DP-50c81e2a2a9e0d64,mobile,Blade V6 Plus Build/MRA58K,,chrome 64.0 for android,,19,11,11,0.09090909090909091
DP-50cf261843902322,desktop,Windows,Windows 7,chrome 64.0,2560x1080,2,2,2,0.5
DP-50d57e26307addd4,mobile,SM-G955U Build/NRD90M,Android 7.0,chrome 64.0 for android,2961x1442,4,2,2,0.5
DP-50d6acf0e60eb77e,mobile,P00C,Android 7.0,chrome 61.0 for android,1280x800,1,1,1,1.0
DP-50d8f3f30f70e807,mobile,HUAWEI,,chrome 62.0 for android,,4,4,4,0.25
DP-50da06ccdec53ba4,desktop,Windows,Windows 10,edge 17.0,1600x900,5,3,3,0.3333333333333333
DP-50ddc6d3bfee3f11,desktop,MacOS,Mac OS X 10_11_4,safari generic,2560x1600,4,2,2,0.5
DP-50e1d490e0bb6d85,mobile,SAMSUNG SM-G920F Build/NRD90M,,samsung browser 6.2,,4,4,4,0.25
DP-50e21a601a97a421,desktop,Windows,Windows 7,chrome 63.0,1440x900,191,111,111,0.009009009009009009
DP-50ec0cb32b13edfa,desktop,rv:52.0,Windows Vista,firefox 52.0,1364x768,4,3,3,0.3333333333333333
DP-50f7c9481743adac,desktop,Windows,Windows 10,chrome 66.0,1280x1025,1,1,1,1.0
DP-5102b97a8db2d9b4,desktop,Windows,Windows 10,edge 15.0,1366x767,4,3,3,0.3333333333333333
DP-51071168c97e913e,desktop,Windows,Windows 10,chrome generic,2112x1188,5,2,2,0.5
DP-510e1da972d8ea38,mobile,SM-J727U Build/NRD90M,Android 7.0,chrome 63.0 for android,1280x720,1,1,1,1.0
DP-510e9beec0ecb9b2,mobile,SAMSUNG-SM-J320AZ,Android 7.1.1,chrome 63.0 for android,1280x720,1,1,1,1.0
DP-510fa34b93d59e68,desktop,MacOS,Mac OS X 10_10_5,safari generic,1280x768,1,1,1,1.0
DP-5120ca2958a9e521,mobile,iOS Device,iOS,mobile safari generic,1024x768,3,3,3,0.3333333333333333
DP-512bf5964770855f,mobile,HIGHWAY,,chrome 63.0 for android,,2,1,1,1.0
DP-5132fbaf560b6ff2,mobile,Blade V6 Build/LRX22G,,chrome 66.0 for android,,6,4,4,0.25
DP-514111044b11e591,desktop,MacOS,Mac OS X 10_11_3,chrome 65.0,1920x1080,1,1,1,1.0
DP-5146e524566338ba,mobile,rv:57.0,Android 7.0,Generic/Android 7.0,1920x1080,10,7,7,0.14285714285714285
DP-514e0f093e6464a5,desktop,rv:39.0,Windows 7,firefox,1280x768,2,2,2,0.5
DP-514fb531fa3c4d44,mobile,SM-J510MN Build/MMB29M,,chrome 50.0 for android,,15,4,4,0.25
DP-515a9ff178c048d7,mobile,ALCATEL,,chrome 61.0 for android,,1,1,1,1.0
DP-51605b6a8dfeabee,mobile,SM-T820 Build/NRD90M,,chrome 63.0 for android,,3,3,3,0.3333333333333333
DP-5162002d24db18f3,mobile,SAMSUNG,Android 7.1.1,samsung browser 6.4,1280x800,1,1,1,1.0
DP-516455f5e8ce3925,desktop,Windows,Windows 10,chrome 64.0,3200x1800,6,6,6,0.16666666666666666
DP-51650961f96aeea8,mobile,HUAWEI VNS-L21 Build/HUAWEIVNS-L21,,chrome 64.0 for android,,1,1,1,1.0
DP-516bbc648d3e6dd8,desktop,Windows,Windows 10,firefox 52.0,1920x1080,8,8,8,0.125
DP-51845196712bd8ac,desktop,Windows,Windows 10,chrome generic,1920x1080,199,109,109,0.009174311926605505
DP-5188ac772b1bef85,desktop,MacOS,Mac OS X 10_11_4,chrome 58.0,1440x900,1,1,1,1.0
DP-518efc311bb17961,desktop,Windows,Windows 8,chrome 66.0,1366x768,2,1,1,1.0
DP-519102a8470b99e6,mobile,Z799VL,Android 6.0.1,chrome 53.0 for android,855x480,1,1,1,1.0
DP-519eb4cb692113b6,desktop,Windows,Windows 8,chrome 62.0,1366x768,6,5,5,0.2
DP-51b24b183e8bfbf9,mobile,LG-K373,Android 6.0,chrome 62.0 for android,1280x720,1,1,1,1.0
DP-51b6b15203b21a7a,desktop,Windows,Windows 7,chrome 62.0,1440x900,64,50,50,0.02
DP-51c0bd234711f015,mobile,XT1609,,chrome 57.0 for android,,2,1,1,1.0
DP-51cfd60b76868758,mobile,iOS Device,iOS 11.0.3,mobile safari generic,1334x750,39,33,33,0.030303030303030304
DP-51d2f4ced03ec2b6,desktop,MacOS,Mac OS X 10_9_5,safari generic,1680x1050,7,7,7,0.14285714285714285
DP-51d35657a2c71a73,desktop,rv:50.0,,firefox,,5,4,4,0.25
DP-51d740f557ceba65,desktop,Moto G (5) Plus Build/NPNS25.137-92-4,,chrome generic,,16,11,11,0.09090909090909091
DP-51d7490e231cc06f,mobile,SAMSUNG-SM-G890A Build/MMB29K,,chrome 66.0 for android,,2,1,1,1.0
DP-51d91327573a7505,mobile,HT0703K16,,chrome 64.0 for android,,1,1,1,1.0
DP-51dcca0b8c9ced5c,desktop,MacOS,Mac OS X 10_12_5,chrome 63.0,5120x2880,1,1,1,1.0
DP-51e1696c82aa3a12,mobile,F5321 Build/34.3.A.0.238,,chrome 61.0 for android,,1,1,1,1.0
DP-51e4f300aab440ae,mobile,Lenovo A2016b30 Build/MRA58K,,chrome 64.0 for android,,6,4,4,0.25
DP-51e860973d6bd970,mobile,XT1650,Android 7.1.1,chrome 64.0 for android,,1,1,1,1.0
DP-51e89d65aba6dcef,desktop,MacOS,Mac OS X 10_13_2,chrome 63.0,2560x1600,68,44,44,0.022727272727272728
DP-51f25167d035f984,desktop,MacOS,Mac OS X 10_13_3,chrome 63.0,1920x1080,5,5,5,0.2
DP-51f7bf197df3b88a,mobile,SM-T560NU Build/MMB29M,Android 6.0.1,chrome 65.0 for android,1280x800,2,1,1,1.0
DP-52006eb047716677,desktop,MacOS,Mac OS X 10_6_8,chrome 49.0,1920x1080,9,8,8,0.125
DP-5208eb52f09af148,mobile,SM-A510M Build/MMB29K,,chrome 62.0 for android,,1,1,1,1.0
DP-520a8b3b8bb4844c,desktop,MacOS,Mac OS X 10_13_3,safari generic,1280x1024,1,1,1,1.0
DP-520c87afe81192f6,desktop,Windows,Windows 10,chrome 65.0,1440x900,22,20,20,0.05
DP-52104e031ddbed33,mobile,Blade,,chrome 64.0 for android,,1,1,1,1.0
DP-521160b4ec361daa,mobile,LG-H960,,chrome 63.0 for android,,1,1,1,1.0
DP-5218e3c06b133cd6,mobile,SM-G955U Build/NRD90M,Android 7.0,chrome 63.0 for android,2010x1080,1,1,1,1.0
DP-5229a308cd3d02cc,mobile,SAMSUNG SM-J727T1 Build/NRD90M,,samsung browser 6.4,,5,3,3,0.3333333333333333
DP-5230650916279297,desktop,rv:58.0,Mac OS X 10.9,firefox 58.0,1280x800,1,1,1,1.0
DP-523232ca70e9b47a,mobile,SAMSUNG SM-G890A Build/NRD90M,Android 7.0,samsung browser 6.2,2560x1440,5,5,5,0.2
DP-52326a58cafeb2d2,desktop,Windows,Windows 10,chrome 63.0,5760x1080,1,1,1,1.0
DP-52360bb4f24e7f5c,desktop,SAMSUNG SM-G920F Build/LRX22G,,chrome generic,,5,2,2,0.5
DP-523656ad43ab374a,mobile,XT1635-01,Android 7.1.1,chrome 65.0 for android,1920x1080,3,3,3,0.3333333333333333
DP-524f0f33a5554339,desktop,Windows,Windows 10,opera 49.0,2560x1600,1,1,1,1.0
DP-5251347dfd21f199,desktop,rv:57.0,Mac OS X 10.10,firefox 57.0,1366x768,3,3,3,0.3333333333333333
DP-5261b71126a36bc8,desktop,MacOS,Mac OS X 10_13_2,chrome 65.0,1440x900,3,2,2,0.5
DP-5266ccc3bc7e3e70,mobile,TA-1025 Build/NMF26F,,other,,1,1,1,1.0
DP-5269e5f1bae0a361,mobile,SM-G800M Build/KOT49H,,chrome 65.0 for android,,4,1,1,1.0
DP-52829246eb52aa9c,mobile,Moto Z2 Play Build/NPS26.118-19,,chrome 62.0 for android,,2,2,2,0.5
DP-528f97db24fda858,mobile,5012G Build/MRA58K,,chrome 55.0 for android,,1,1,1,1.0
DP-5293b54b3ef1a986,mobile,SM-G930VL Build/NRD90M,,chrome 58.0 for android,,1,1,1,1.0
DP-52942aee71f950df,desktop,MacOS,Mac OS X 10_10_5,chrome 61.0,5120x2880,1,1,1,1.0
DP-52980311a712ffb0,desktop,Trident/7.0,Windows 8.1,ie 11.0 for desktop,1920x1200,2,2,2,0.5
DP-52a0547204d73696,desktop,MacOS,Mac OS X 10_13_3,chrome 63.0,2560x1600,3,3,3,0.3333333333333333
DP-52ab8331e2826ad2,desktop,Windows,Windows 7,chrome 60.0,1440x900,3,3,3,0.3333333333333333
DP-52aedb0012fcf2e9,mobile,S6000,,chrome 63.0 for android,,1,1,1,1.0
DP-52b8d061304bff72,mobile,SM-G925V Build/NRD90M,Android 7.0,chrome 63.0 for android,2560x1440,4,4,4,0.25
DP-52bbd1b52abdb41d,mobile,SM-P550 Build/MMB29M,,chrome 61.0 for android,,2,1,1,1.0
DP-52c7f4ac16dbebf7,mobile,Moto C Build/NRD90M.063,,chrome 66.0 for android,,2,2,2,0.5
DP-52ce355c4bcac0b0,desktop,Windows,Windows 10,chrome 66.0,2000x1125,1,1,1,1.0
DP-52d7d97079493136,desktop,MacOS,Mac OS X 10_13_2,safari 11.0,2880x1800,2,2,2,0.5
DP-52e58da5ebfb88bd,desktop,Windows,Windows 10,edge 16.0,2160x1440,7,7,7,0.14285714285714285
DP-52ebf95c84907d76,desktop,Windows,Windows 7,chrome generic,1920x1200,14,11,11,0.09090909090909091
DP-52ed49aedea4f184,desktop,Windows,Windows 10,chrome 62.0,1280x960,2,2,2,0.5
DP-52ed800a3d081f66,mobile,SM-G920R4,Android 7.0,chrome 63.0 for android,2562x1442,1,1,1,1.0
DP-52ee401e4f04f961,mobile,LGLS775 Build/NRD90U,,chrome 66.0 for android,,3,1,1,1.0
DP-52ee81f3e6f73858,desktop,Windows,Windows 10,edge 15.0,1920x1200,10,9,9,0.1111111111111111
DP-52f09c62653839bd,mobile,D6708,Android 5.1.1,chrome 63.0 for android,1920x1080,1,1,1,1.0
DP-52f1ce40ca4110bd,mobile,LG-H870 Build/NRD90U,,other,,1,1,1,1.0
DP-52f5032c94522433,desktop,Windows,Windows 10,chrome 64.0,2560x1600,1,1,1,1.0
DP-52f55aa22d128454,desktop,Windows,Windows XP,chrome 49.0,1280x800,15,8,8,0.125
DP-52f69af9fdbdc88e,desktop,MacOS,Mac OS X 10_10_5,chrome 66.0,2560x1600,7,6,6,0.16666666666666666
DP-52fe5346dccbed43,desktop,Windows,Windows 7,chrome 63.0,1280x1025,28,22,22,0.045454545454545456
DP-530ad75c84323eb0,desktop,MacOS,Mac OS X 10_12_6,safari 11.0,1920x1080,7,5,5,0.2
DP-5314d33ee61eb1f3,mobile,VS425,Android 6.0.1,chrome generic for android,855x480,2,1,1,1.0
DP-5318540cd076bc4d,mobile,SAMSUNG SM-N920A Build/NRD90M,Android 7.0,samsung browser 6.2,,5,3,3,0.3333333333333333
DP-534068c9ece18bb2,mobile,X10,Android 5.1.1,chrome 43.0 for android,1024x600,1,1,1,1.0
DP-53478c0601bab8f0,mobile,SAMSUNG SM-G900M Build/LRX21T,,samsung,,1,1,1,1.0
DP-534c0e2a732a2ec6,desktop,rv:48.0,Mac,firefox 48.0,1920x1200,1,1,1,1.0
DP-534cca88bee52149,desktop,MacOS,Mac OS X 10_12_6,safari generic,1440x900,357,190,190,0.005263157894736842
DP-53536b6ce333d703,desktop,rv:48.0,Mac OS X 10.11,firefox 48.0,1280x800,2,2,2,0.5
DP-535ae9f1cbd599dc,mobile,HTC Desire 650 Build/MMB29M,,chrome 62.0 for android,,1,1,1,1.0
DP-535b8b45a2c1f3db,mobile,SM-A320Y Build/NRD90M,,chrome generic for android,,2,2,2,0.5
DP-53688ba21adbfc98,mobile,XT1254 Build/MCG24.251-5-5,Android 6.0.1,chrome 64.0 for android,2560x1440,3,2,2,0.5
DP-53688d06205d8014,mobile,ALCATEL ONE TOUCH 7047A Build/JDQ39,,chrome 63.0 for android,,4,2,2,0.5
DP-536a036c9aaf4a39,desktop,MacOS,Mac OS X 10_13_1,chrome 65.0,2880x1800,3,3,3,0.3333333333333333
DP-536c6cdfb8bcd1d2,desktop,Windows NT 6.1,Windows 7,ie,1280x1024,4,4,4,0.25
DP-536c8a8402e0437d,mobile,SAMSUNG SM-J530F Build/NRD90M,,samsung browser 6.4,,10,4,4,0.25
DP-536d6304da4ee47b,mobile,,func,chrome 62.0 for ios,2048x1536,1,1,1,1.0
DP-5374f9866b26d8fc,desktop,Windows,Windows 8.1,chrome 63.0,1440x960,1,1,1,1.0
DP-537da65d52a66ad0,mobile,Moto G (5) Plus Build/NPN25.137-92,,chrome generic,,83,30,30,0.03333333333333333
DP-538ac8466c358fd9,mobile,ZA509,,android browser 4.0,,1,1,1,1.0
DP-538c7be6929bc62f,mobile,MotoG3-TE Build/MPDS24.65-33-1-30,,chrome 64.0 for android,,3,3,3,0.3333333333333333
DP-538e417c70ad9e22,mobile,Blade V6 Max Build/MRA58K,,chrome 61.0 for android,,2,2,2,0.5
DP-539ab954e0ed180c,desktop,Windows,Windows 10,firefox 59.0,1366x768,50,33,33,0.030303030303030304
DP-53a1297a6b41f772,mobile,XT1021 Build/KXC21.5-40,,chrome 61.0 for android,,1,1,1,1.0
DP-53a263ad6c627f53,mobile,Moto G (4) Build/NPJS25.93-14-10,,chrome 66.0 for android,,5,3,3,0.3333333333333333
DP-53ac3856bcef02bc,mobile,Hisense L675 Build/MRA58K,,chrome generic for android,,1,1,1,1.0
DP-53b0086352b3644a,mobile,F3213 Build/36.1.A.1.86,,chrome 63.0 for android,,30,10,10,0.1
DP-53b26a85a49f468e,desktop,Windows,Windows 10,chrome 57.0,,1,1,1,1.0
DP-53b3df17663701af,mobile,5015A Build/LMY47I,,chrome 62.0 for android,,2,1,1,1.0
DP-53c85bfd04910b94,mobile,LGLS775 Build/NRD90U,Android 7.0,chrome 65.0 for android,1280x720,4,3,3,0.3333333333333333
DP-53c86767770dedc0,desktop,Windows,Windows 7,chrome 63.0,1776x1000,2,1,1,1.0
DP-53d76f20c256eee6,mobile,SAMSUNG SM-J327P Build/MMB29M,Android 6.0.1,samsung browser 6.2,1280x720,3,3,3,0.3333333333333333
DP-53dccd53b1fe3297,mobile,SM-J100VPP Build/LMY48B,,chrome 63.0 for android,,8,4,4,0.25
DP-53dfa48307208608,mobile,U FEEL LITE Build/MRA58K,,chrome 63.0 for android,,1,1,1,1.0
DP-53e7d3ac1fa855ec,desktop,Trident/7.0,Windows 8.1,ie 11.0 for desktop,1600x900,44,26,26,0.038461538461538464
DP-53e8c33f52105e66,desktop,MacOS,Mac OS X 10_12_6,chrome 63.0,1280x1024,1,1,1,1.0
DP-53eef6115592e0e2,mobile,iOS Device,iOS 11.1.0,mobile safari 11.0,2048x1536,30,27,27,0.037037037037037035
DP-541025e3a3bc31c3,desktop,MacOS,Mac OS X 10_11_6,chrome 62.0,1280x800,26,22,22,0.045454545454545456
DP-54102a3762f2a575,mobile,LGLS676 Build/MXB48T,,chrome 65.0 for android,,3,1,1,1.0
DP-5412f59dad878a1f,mobile,SM-G920W8,,chrome 63.0 for android,,2,2,2,0.5
DP-541424885eff1fc2,mobile,E6553,,chrome generic for android,,1,1,1,1.0
DP-5417dba1bad9a2b3,desktop,Tmovi Build/Vision,,chrome generic,,1,1,1,1.0
DP-542a3d3bece7a742,mobile,PLE-701L,,chrome 62.0 for android,,1,1,1,1.0
DP-5430cd140c637ba4,mobile,SAMSUNG SM-J327P Build/MMB29M,,samsung browser generic,,2,1,1,1.0
DP-54334edf953e0fd2,mobile,SM-J710MN Build/NRD90M,,chrome 63.0 for android,,2,2,2,0.5
DP-54340e17c543a656,desktop,MacOS,Mac OS X 10_11_4,safari generic,1920x1080,2,2,2,0.5
DP-544488822e0a72f6,mobile,SAMSUNG SM-T800 Build/MMB29K,Android 6.0.1,samsung browser 6.2,2560x1600,1,1,1,1.0
DP-54518e3cd49d550c,mobile,HTC Desire 530 Build/MMB29M,,chrome 62.0 for android,,2,2,2,0.5
DP-5454739481031131,desktop,rv:56.0,Windows 7,firefox 56.0,1600x900,1,1,1,1.0
DP-545553db8b6d821b,mobile,SM-G920I Build/NRD90M,,chrome 66.0 for android,,3,1,1,1.0
DP-546180667e39ad5c,desktop,Trident/7.0,Windows 7,ie 11.0 for desktop,1365x768,3,3,3,0.3333333333333333
DP-5465f0b0eacb084e,mobile,XT1030 Build/SU6-7.7,,chrome 62.0 for android,,7,1,1,1.0
DP-5480ab4abbbb3dd9,mobile,iOS Device,iOS 11.0.2,mobile safari 11.0,1334x750,48,30,30,0.03333333333333333
DP-5482cb066e7e818c,mobile,6039A Build/LRX22G,,chrome 66.0 for android,,1,1,1,1.0
DP-548a0d84da2c4b8e,mobile,Lenovo TB3-710F Build/LRX21M,,chrome 64.0 for android,,1,1,1,1.0
DP-549f90ea734a69d3,mobile,iOS Device,iOS 11.2.2,mobile safari 11.0,2048x1536,47,33,33,0.030303030303030304
DP-54a1e3960f074a6e,mobile,XT1635-01 Build/NDNS26.118-23-12-3,Android 7.1.1,chrome 63.0 for android,1920x1080,6,6,6,0.16666666666666666
DP-54aa3651bc49d18d,mobile,XT1032 Build/LPBS23.13-56-2,,chrome 64.0 for android,,17,12,12,0.08333333333333333
DP-54abe3ccef2ba83e,mobile,SAMSUNG SM-G930A Build/NRD90M,Android 7.0,samsung browser generic,1920x1080,3,3,3,0.3333333333333333
DP-54b14453773e81e3,mobile,C6906,,chrome 50.0 for android,,1,1,1,1.0
DP-54b17236ac661436,mobile,SM-T350 Build/MMB29M,Android 6.0.1,chrome 56.0 for android,1024x768,9,3,3,0.3333333333333333
DP-54bc7c40dfd4a3b9,mobile,iOS Device,iOS 11.0.0,chrome 63.0 for ios,2048x1536,1,1,1,1.0
DP-54be00ac70c69527,desktop,rv:45.0,Windows 10,firefox,1366x768,2,1,1,1.0
DP-54c1156d5fd06987,desktop,Windows,Windows 7,chrome 63.0,2112x1188,3,2,2,0.5
DP-54c6c5fbbcf5b890,mobile,SM-G955F Build/R16NW,,chrome 65.0 for android,,3,3,3,0.3333333333333333
DP-54cad6351ea41974,mobile,F3213 Build/36.0.A.2.146,,chrome 61.0 for android,,2,2,2,0.5
DP-54cc7aef2e748e42,mobile,SAMSUNG SM-G550T1 Build/MMB29K,Android 6.0.1,other,1280x720,1,1,1,1.0
DP-54d4318b6b40014d,mobile,iOS Device,iOS 11.3.1,google search application 48.0,2208x1242,14,9,9,0.1111111111111111
DP-54d50a3416403a80,mobile,SAMSUNG SM-G9600 Build/R16NW,,samsung browser 7.0,,1,1,1,1.0
DP-54d93c4935b61f9d,desktop,Windows,Windows 7,chrome 65.0,2560x1440,2,1,1,1.0
DP-54dc8a96b7e7153b,mobile,F3313 Build/37.0.A.2.108,,chrome 64.0 for android,,10,7,7,0.14285714285714285
DP-54dcaa2a16819497,mobile,Moto G (4) Build/NPJ25.93-14.7,,chrome 66.0 for android,,41,9,9,0.1111111111111111
DP-54dd9688def4a3fa,mobile,Lenovo YT3-850F Build/MMB29M,,chrome 64.0 for android,,1,1,1,1.0
DP-54e3c0291812b5f6,mobile,LG-H872 Build/NRD90U,Android 7.0,chrome 63.0 for android,2672x1440,5,5,5,0.2
DP-54e7bc74d8924118,mobile,Z971,Android 7.1.1,chrome 62.0 for android,1280x720,1,1,1,1.0
DP-54e9fa882689648f,mobile,Blade V6 Max Build/MRA58K,,chrome 49.0 for android,,1,1,1,1.0
DP-54eb7b015e098790,desktop,Windows,Windows 10,chrome 61.0,1440x900,1,1,1,1.0
DP-54ec21a9752889be,mobile,Blade V6 Plus Build/MRA58K,,chrome 65.0 for android,,9,8,8,0.125
DP-54f84fcb10036c8d,mobile,iOS Device,iOS 10.2.0,mobile safari 10.0,2001x1125,8,6,6,0.16666666666666666
DP-54f9ec54f6e70ec2,desktop,Windows,Windows 10,chrome 62.0,2880x1800,1,1,1,1.0
DP-54feb4426d455972,mobile,LG-X220 Build/LMY47I,,chrome 66.0 for android,,2,1,1,1.0
DP-55058af022ffe456,desktop,MacOS,Mac OS X 10_13_1,safari generic,1280x720,1,1,1,1.0
DP-551206d75cc0a242,mobile,Lenovo,,chrome 62.0 for android,,3,3,3,0.3333333333333333
DP-55161074d120b950,mobile,SAMSUNG-SM-J120A,,chrome 64.0 for android,,1,1,1,1.0
DP-551df16ce0954687,mobile,LGMS323,,chrome generic,,1,1,1,1.0
DP-5521e32c09a5bd34,desktop,MacOS,Mac OS X 10_11_5,safari generic,2880x1800,4,3,3,0.3333333333333333
DP-55272844a9d1b0f4,desktop,Trident/7.0,Windows 10,ie 11.0 for desktop,1366x768,150,104,104,0.009615384615384616
DP-552d7e0ba4ab7dbf,mobile,XT1095,Android 6.0,chrome generic for android,1920x1080,1,1,1,1.0
DP-554ea9a51878c673,mobile,SM-G935V Build/NRD90M,Android 7.0,chrome 63.0 for android,1920x1080,46,39,39,0.02564102564102564
DP-554f807f74acd292,desktop,Windows,Windows 10,chrome 59.0,1920x1200,2,2,2,0.5
DP-5551ced132f81c3c,desktop,Windows,Windows 7,chrome generic,1600x1200,1,1,1,1.0
DP-5562e96b649e1980,desktop,MacOS,Mac OS X 10_12_1,chrome 61.0,1920x1080,1,1,1,1.0
DP-5567d10b215f7db2,mobile,HTC One_M8 Build/MRA58K,Android 6.0,chrome 63.0 for android,1920x1080,1,1,1,1.0
DP-556a139170eddb3a,mobile,moto,Android 7.1.1,chrome 62.0 for android,1920x1080,1,1,1,1.0
DP-556e6798e21a0f59,mobile,ALP-L09 Build/HUAWEIALP-L09S,,chrome 65.0 for android,,3,3,3,0.3333333333333333
DP-557d54aae4b6fe05,desktop,rv:52.0,Windows Vista,firefox 52.0,1600x900,1,1,1,1.0
DP-5581fe348f3cbb21,desktop,Win64,Windows 10,edge 14.0,,1,1,1,1.0
DP-55868be72d407de7,mobile,SM-P607T,Android 5.1.1,chrome 64.0 for android,2560x1600,1,1,1,1.0
DP-558b2cf9f63739de,mobile,HUAWEI G7-L03 Build/HuaweiG7-L03,,chrome 66.0 for android,,10,3,3,0.3333333333333333
DP-558f32ddb342a078,desktop,Windows,Windows 10,chrome 66.0,3841x2161,2,1,1,1.0
DP-55906c15965ff7b8,mobile,STV100-2 Build/MMB29M,Android 6.0.1,chrome 63.0 for android,2562x1442,1,1,1,1.0
DP-5591a6ac4365fc2d,desktop,Windows,Windows 10,chrome 59.0,1920x1080,10,8,8,0.125
DP-55994ece693fb079,desktop,Windows,Windows 10,edge 16.0,1680x1050,46,31,31,0.03225806451612903
DP-559c70ad66d4a098,desktop,Windows,Windows 10,chrome 62.0,2560x1440,13,10,10,0.1
DP-559dbaa977098202,desktop,MacOS,Mac OS X 10_13_3,safari generic,2880x1800,86,50,50,0.02
DP-55b0cb74c7c1e3b3,mobile,SM-G920F Build/NRD90M,,chrome 65.0 for android,,5,5,5,0.2
DP-55b2e320c4dec79f,mobile,MotoG3 Build/MPI24.65-25,,chrome 64.0 for android,,2,1,1,1.0
DP-55b3f540e968e847,desktop,MacOS,Mac OS X 10_11_6,chrome 66.0,2560x1600,6,6,6,0.16666666666666666
DP-55b48d752fdfd403,desktop,Windows,Windows 10,chrome generic,1920x1281,1,1,1,1.0
DP-55b580cedb3badc6,mobile,Aquaris X5 Plus Build/NMF26F,,chrome 64.0 for android,,1,1,1,1.0
DP-55b91f6e05455c12,mobile,SAMSUNG-SM-G935A Build/NRD90M,Android 7.0,chrome 64.0 for android,,2,2,2,0.5
DP-55bdf47ed895cffc,desktop,Windows,Windows 10,edge 15.0,3840x2160,6,6,6,0.16666666666666666
DP-55c11558355503d4,desktop,Windows,Windows 7,ie 11.0 for desktop,1400x1050,1,1,1,1.0
DP-55c1e7c77f834023,mobile,HUAWEI G7-L03 Build/HuaweiG7-L03,,chrome 65.0 for android,,12,5,5,0.2
DP-55c2fb33e671c531,desktop,Windows,Windows 10,edge 14.0,3200x1800,3,2,2,0.5
DP-55ce10014575536e,mobile,Ilium LT500 Build/LMY47O,,chrome 64.0 for android,,1,1,1,1.0
DP-55d1f7014ee2b093,desktop,Windows,Windows 10,chrome 63.0,1536x864,2,2,2,0.5
DP-55ea1257607b1242,mobile,5054S Build/LMY47V,,chrome 62.0 for android,,7,4,4,0.25
DP-55f43aa982eb3e60,mobile,LG-M400 Build/NRD90U,,chrome 61.0 for android,,1,1,1,1.0
DP-55f447073bcdd6eb,mobile,SM-G955F Build/NRD90M,,android webview 4.0,,4,1,1,1.0
DP-55f5d7c5540ef47a,mobile,iOS Device,iOS 10.3.1,mobile safari generic,1136x640,4,3,3,0.3333333333333333
DP-55f5e8ccb9c3dcc1,desktop,Windows,Windows 8.1,chrome 65.0,1280x1024,3,3,3,0.3333333333333333
DP-55f85762cfab8f78,mobile,SAMSUNG SM-T580 Build/NRD90M,,samsung browser 6.4,,9,5,5,0.2
DP-55fee03389437dd9,desktop,MacOS,Mac OS X 10_12_6,chrome 62.0,3440x1440,1,1,1,1.0
DP-56058f14621cc417,mobile,SM-N920V,Android 6.0.1,chrome 63.0 for android,2562x1442,1,1,1,1.0
DP-560f461e8683d8c1,desktop,MDDRJS,,ie 11.0 for desktop,,5,3,3,0.3333333333333333
DP-5612dc1f1a1306c3,mobile,LGL52VL Build/LMY47V,Android 5.1.1,other,855x480,2,2,2,0.5
DP-5618d8ba62997f5f,mobile,SM-J120H Build/LMY47V,,chrome 61.0 for android,,3,2,2,0.5
DP-5619dbe00f56dd70,mobile,Pixel 2 Build/OPM1.171019.011,Android 8.1.0,chrome 62.0 for android,,1,1,1,1.0
DP-562e4b9b09aaf7f1,desktop,MacOS,Mac OS X 10_12_2,safari generic,1280x800,4,3,3,0.3333333333333333
DP-56312c45abf0ff34,desktop,Windows,,edge 15.0,,203,77,77,0.012987012987012988
DP-563339cb0c3fdb83,desktop,MacOS,Mac OS X 10_6_8,chrome 49.0,1280x800,23,21,21,0.047619047619047616
DP-5646dadde3e49bc1,mobile,BAH-L09 Build/HUAWEIBAH-L09,,chrome 64.0 for android,,5,2,2,0.5
DP-5647ccd2b20b3d1d,desktop,Linux x86_64,,firefox 47.0,,1,1,1,1.0
DP-565bdeb0b5507a06,desktop,MacOS,Mac OS X 10_11_6,chrome 57.0,1440x900,2,2,2,0.5
DP-56665f2b0740b3ce,desktop,MacOS,Mac OS X 10_12_6,chrome 66.0,4200x2625,1,1,1,1.0
DP-567079387fdbc133,mobile,SM-G530H Build/KTU84P,,chrome 63.0 for android,,1,1,1,1.0
DP-567aae52ef50a1fa,mobile,Moto,,chrome 50.0 for android,,1,1,1,1.0
DP-5684a5ef896049aa,mobile,SM-T377P Build/NMF26X,,chrome 63.0 for android,,1,1,1,1.0
DP-568599bc541ef560,desktop,MacOS,Mac OS X 10_12_3,safari generic,1440x900,13,12,12,0.08333333333333333
DP-568b1482aea16a60,mobile,ZTE BLADE A6 Build/NMF26F,,chrome generic for android,,1,1,1,1.0
DP-569384b0eae99294,mobile,SM-G920I Build/NRD90M,,chrome 62.0 for android,,3,2,2,0.5
DP-569992688411fa44,desktop,Windows,Windows 10,chrome 63.0,1366x768,1390,546,546,0.0018315018315018315
DP-569f882f549d42f8,mobile,BLA-L09 Build/HUAWEIBLA-L09,,chrome 64.0 for android,,5,1,1,1.0
DP-56a59b41b1451d88,mobile,Lenovo K33b36 Build/MMB29M,,chrome 55.0 for android,,1,1,1,1.0
DP-56ae8ae4d10fc111,desktop,MacOS,Mac OS X 10_13_2,safari generic,6400x3600,1,1,1,1.0
DP-56c16cdbb3d05d64,mobile,iOS Device,iOS 11.1.1,mobile safari generic,2732x2048,1,1,1,1.0
DP-56c379196c2417d4,mobile,SM-G930VL Build/NRD90M,Android 7.0,chrome 63.0 for android,1920x1080,2,1,1,1.0
DP-56c807b2d74c5c87,desktop,rv:45.0,Windows 7,firefox,1366x768,1,1,1,1.0
DP-56c9b2f3416a8a7b,mobile,iOS Device,iOS 11.1.1,mobile safari 11.0,1334x750,206,116,116,0.008620689655172414
DP-56d0e84dc065adba,mobile,HTC Desire 526G Build/KOT49H,,chrome 65.0 for android,,4,1,1,1.0
DP-56d18f9f9223a510,mobile,LG-K530 Build/MMB29M,,chrome 62.0 for android,,19,5,5,0.2
DP-56d2f67b0b8c9ff1,mobile,HTC 10 Build/NRD90M,,chrome 63.0 for android,,2,1,1,1.0
DP-56d85f33bc0e347a,mobile,FRD-L09 Build/HUAWEIFRD-L09,,chrome generic for android,,2,2,2,0.5
DP-56e70eb588b66d23,mobile,iOS Device,iOS 11.1.1,mobile safari 9.0,2732x2048,1,1,1,1.0
DP-5701e48e2eccd8e5,desktop,Windows,Windows 10,edge,1024x768,1,1,1,1.0
DP-57148333bcacebd3,mobile,LG-K580 Build/MRA58K,,chrome 50.0 for android,,1,1,1,1.0
DP-571c5b3d43d88bb4,mobile,LGMP260 Build/NRD90U,,chrome 64.0 for android,,1,1,1,1.0
DP-5724761c32bf45aa,desktop,Windows,Windows 10,chrome 66.0,3000x2000,6,4,4,0.25
DP-57278205afc6665c,mobile,VS996,,chrome 63.0 for android,,1,1,1,1.0
DP-57292ee53b954282,mobile,Blade V6 Max Build/MRA58K,,chrome 63.0 for android,,2,2,2,0.5
DP-573d820172c72743,desktop,MacOS,Mac OS X 10_13_2,chrome generic,2880x1800,2,2,2,0.5
DP-5752c60359193201,mobile,SM-N9005 Build/LRX21V,,chrome 66.0 for android,,1,1,1,1.0
DP-575449b11bccfe8c,mobile,,Android,chrome 62.0,2560x1440,36,4,4,0.25
DP-57556a979d950a90,mobile,SM-T713 Build/NRD90M,,chrome 63.0 for android,,1,1,1,1.0
DP-5768cce977eddf86,mobile,iOS Device,iOS 10.0.2,mobile safari 10.0,2208x1242,5,5,5,0.2
DP-576b79194dda2953,desktop,Windows,Windows 10,opera 51.0,1920x1080,2,2,2,0.5
DP-57702f6c2793e3bf,desktop,Windows,,edge,,16,13,13,0.07692307692307693
DP-5773b230f7bc14a5,mobile,LG-D680,,chrome 62.0 for android,,1,1,1,1.0
DP-57743ebf26be7aaf,mobile,HUAWEI NXT-L09 Build/HUAWEINXT-L09,,chrome 65.0 for android,,4,4,4,0.25
DP-5774997ca87db320,desktop,MacOS,Mac OS X 10_11_3,chrome 62.0,2560x1600,1,1,1,1.0
DP-577767200245b37c,mobile,5054S Build/LMY47V,,chrome 61.0 for android,,2,2,2,0.5
DP-578b7c618489701b,mobile,BV6000,,chrome 62.0 for android,,1,1,1,1.0
DP-57a3c9679cbcd2ef,mobile,SAMSUNG SM-G965F Build/R16NW,,samsung browser 7.0,,1,1,1,1.0
DP-57b665cef72e587a,desktop,MacOS,Mac OS X 10_9_5,chrome 65.0,2560x1600,5,4,4,0.25
DP-57b881f8f409d929,mobile,SM-J111M Build/LMY47V,,chrome 63.0 for android,,3,3,3,0.3333333333333333
DP-57c70709ee53257f,mobile,PLK-L01 Build/HONORPLK-L01,,chrome 61.0 for android,,1,1,1,1.0
DP-57d369442275a545,mobile,SM-G920F Build/NRD90M,,chrome 66.0 for android,,2,2,2,0.5
DP-57d39c4b7151a47a,mobile,iOS Device,iOS 11.0.0,mobile safari 11.0,2001x1125,3,3,3,0.3333333333333333
DP-57d43cf8468adcf8,desktop,Windows,,chrome 65.0,,2525,318,318,0.0031446540880503146
DP-57da80522b70ded5,mobile,G3123 Build/40.0.A.6.135,,chrome 65.0 for android,,1,1,1,1.0
DP-57e78ec1a8d27ecc,mobile,iOS Device,iOS 11.2.0,mobile safari generic,1334x750,28,21,21,0.047619047619047616
DP-57ea25dbd591c837,mobile,XT1254 Build/MCG24.251-5-5,,chrome 63.0 for android,,1,1,1,1.0
DP-57ea965ef5b6cd03,mobile,SAMSUNG SM-N950U1 Build/NMF26X,,samsung browser 6.2,,1,1,1,1.0
DP-57f96bec682d85f7,mobile,Hisense F23 Build/NRD90M,,chrome 66.0 for android,,13,7,7,0.14285714285714285
DP-580cd7fa81290772,desktop,Windows,Windows 10,edge 14.0,1280x1024,8,6,6,0.16666666666666666
DP-58189a6a332d35d8,mobile,SM-N920T Build/NRD90M,,chrome generic for android,,1,1,1,1.0
DP-581fa346c931ab15,desktop,MacOS,Mac OS X 10_13_4,chrome 66.0,1536x864,2,1,1,1.0
DP-582379b983842196,mobile,SM-T377V Build/NMF26X,,chrome 65.0 for android,,1,1,1,1.0
DP-582477a4e0d106fa,desktop,SGP511,,chrome generic,,1,1,1,1.0
DP-5825b2df25ffa04f,desktop,MacOS,Mac OS X 10_11_6,chrome 62.0,1600x900,1,1,1,1.0
DP-582b0a9bcf01e8bc,mobile,Blade V6 Plus Build/MRA58K,,chrome 61.0 for android,,1,1,1,1.0
DP-582c4521694328f2,desktop,MacOS,Mac OS X 10_11_5,chrome 62.0,1440x900,1,1,1,1.0
DP-58364000a45e8a42,mobile,LG-H830 Build/NRD90U,Android 7.0,chrome 63.0 for android,2560x1440,2,2,2,0.5
DP-583c922038ea833d,desktop,MacOS,Mac OS X 10_12_2,chrome 63.0,1280x800,1,1,1,1.0
DP-5846c473858b24a0,mobile,Pixel 2 Build/OPM1.171019.021,Android 8.1.0,chrome 65.0 for android,,3,2,2,0.5
DP-584b1177d3cdbc3c,mobile,Pixel,Android 7.1.2,chrome 64.0 for android,,1,1,1,1.0
DP-585173ce9628c2d8,mobile,LG-H420 Build/LRX21Y,,android browser 4.0,,1,1,1,1.0
DP-5862fbbe51438381,mobile,SAMSUNG SM-J327T1 Build/NRD90M,Android 7.0,samsung browser 6.4,1280x720,5,2,2,0.5
DP-587a641aaf83f306,mobile,HUAWEI G7-L03 Build/HuaweiG7-L03,,chrome generic,,3,3,3,0.3333333333333333
DP-587d82e6a5efa350,mobile,SM-J110M Build/LMY48B,,chrome 62.0 for android,,2,2,2,0.5
DP-588e54c824c4dcc0,mobile,LG-K530 Build/MMB29M,,chrome generic for android,,3,2,2,0.5
DP-5891687f828501cc,desktop,Windows,Windows 10,edge 13.0,1360x768,1,1,1,1.0
DP-589598f7757985c3,mobile,iOS Device,iOS 11.0.3,mobile safari uiwebview,1334x750,1,1,1,1.0
DP-58ab60db448dcdac,mobile,,Android,chrome 62.0,801x480,19,5,5,0.2
DP-58b22d426d474123,mobile,MYA-L13 Build/HUAWEIMYA-L13,,chrome 52.0 for android,,4,4,4,0.25
DP-58b352cf2f64c089,desktop,NX521J,,chrome generic,,2,1,1,1.0
DP-58b9c7ce30a07d48,desktop,Linux x86_64,,chrome 63.0,,2,2,2,0.5
DP-58bd1715c80932b5,mobile,Z981 Build/MMB29M,,chrome 63.0 for android,,1,1,1,1.0
DP-58d0c37cec8c2c18,mobile,GT-P5113,Android,chrome 56.0 for android,1280x800,1,1,1,1.0
DP-58dc5d116411a344,mobile,G3223 Build/42.0.A.4.167,,chrome 63.0 for android,,1,1,1,1.0
DP-58e2ab60beda178b,mobile,Hisense F32 Build/NMF26F,,chrome 66.0 for android,,2,2,2,0.5
DP-58e85eb5aad816be,mobile,SM-G900P Build/LRX21T,Android 5.0,chrome 64.0 for android,1920x1080,1,1,1,1.0
DP-58ea7c4f6e150c84,mobile,SM-G935T Build/NRD90M,,chrome 62.0 for android,,2,2,2,0.5
DP-58ecb070b6cba93a,mobile,LG-H918 Build/NRD90M,Android 7.0,chrome 62.0 for android,,1,1,1,1.0
DP-58ee03a48fa6a7f5,mobile,MotoG3 Build/MPIS24.65-33.1-2-16,,chrome 62.0 for android,,16,10,10,0.1
DP-58f10183b591c330,mobile,SM-T280 Build/LMY47V,Android 5.1.1,chrome 65.0 for android,1280x800,2,1,1,1.0
DP-5901c7895ecb1e3b,desktop,rv:52.0,Windows 10,firefox,1440x900,1,1,1,1.0
DP-590d1790fd74b54b,mobile,XT1080 Build/SU6-7.7,,chrome 66.0 for android,,1,1,1,1.0
DP-591bee5e439964dd,mobile,SM-G900T Build/MMB29M,Android 6.0.1,chrome 63.0 for android,1920x1080,2,2,2,0.5
DP-5920a67d5546e92d,mobile,Bolt,,chrome 66.0 for android,,1,1,1,1.0
DP-59212ddb53b6433c,mobile,Coolpad,Android 7.1.1,chrome 62.0 for android,855x480,1,1,1,1.0
DP-5925669cb880fd62,desktop,MacOS,Mac OS X 10_11_6,chrome 65.0,2560x1600,15,12,12,0.08333333333333333
DP-5925d02cdcd22d0a,desktop,Windows NT 6.2,,ie,,12,4,4,0.25
DP-5930039ced2e598a,desktop,Moto E (4) Build/NDQS26.69-64-2,,chrome generic,,4,1,1,1.0
DP-5934d7d7dc4b3ecc,mobile,hi6210sft Build/MRA58K,,chrome 63.0 for android,,62,4,4,0.25
DP-59372ea8da914a55,mobile,SM-P350 Build/MMB29M,,chrome 65.0 for android,,1,1,1,1.0
DP-593e3c433c3b3bee,desktop,Trident/7.0,Windows 10,ie 11.0 for desktop,1919x1080,4,4,4,0.25
DP-59409265dbb968e5,desktop,MacOS,Mac OS X 10_13_1,chrome 61.0,2560x1600,2,2,2,0.5
DP-59417092241eeb0e,mobile,E6810,Android 7.1.2,chrome 63.0 for android,1920x1080,2,2,2,0.5
DP-59446678bd1eb0ce,mobile,Lenovo YT3-850F Build/MMB29M,,chrome 54.0 for android,,1,1,1,1.0
DP-594875d04b543071,desktop,Windows,Windows 7,chrome 62.0,1280x768,2,2,2,0.5
DP-594bc0fe3c32fe70,desktop,Windows,Windows 10,edge 13.0,3000x2000,1,1,1,1.0
DP-594cfcef41bdf786,desktop,Windows,Windows 10,chrome 64.0,1920x1281,5,5,5,0.2
DP-59522753e43a8c67,mobile,Moto C Build/NRD90M.050,,chrome 62.0 for android,,1,1,1,1.0
DP-595268a93c00d61a,desktop,Windows,Windows XP,firefox 52.0,1280x768,2,2,2,0.5
DP-595a294a72289a18,mobile,SM-T560NU Build/MMB29M,Android 6.0.1,chrome 62.0 for android,1280x800,1,1,1,1.0
DP-596431c5928cc076,desktop,MacOS,Mac OS X 10_11_6,safari 11.0,1600x900,1,1,1,1.0
DP-5973fe14757939d0,mobile,Z981 Build/MMB29M,Android 6.0.1,chrome 58.0 for android,1920x1080,1,1,1,1.0
DP-5977812b9f87181c,mobile,SM-G610M Build/NRD90M,,chrome 64.0 for android,,13,7,7,0.14285714285714285
DP-5977c82b4aef04e2,mobile,F3213 Build/36.0.A.2.146,,chrome 64.0 for android,,10,4,4,0.25
DP-597814d3a2af8b62,mobile,Nexus,,chrome 51.0 for android,,1,1,1,1.0
DP-59965a5b23d98a40,mobile,VS987 Build/NRD90U,Android 7.0,chrome 63.0 for android,2560x1440,7,7,7,0.14285714285714285
DP-5997466e608136cd,mobile,Nexus,,chrome 66.0 for android,,1,1,1,1.0
DP-59aaa0aa8d0f0685,desktop,Windows,Windows 10,edge 16.0,2736x1824,54,40,40,0.025
DP-59ad853837728c64,desktop,Windows,Windows 8.1,firefox 56.0,1920x1080,1,1,1,1.0
DP-59b6f9843ad0d85d,desktop,MacOS,Mac OS X 10_11_4,safari generic,1280x800,3,3,3,0.3333333333333333
DP-59c3d73f3d248e2c,mobile,A96 Build/LMY47I,,chrome 61.0 for android,,5,2,2,0.5
DP-59c8240c86677cc7,mobile,es-mx,,android browser 4.0,,5,4,4,0.25
DP-59cd6c7f4700cad0,desktop,MacOS,Mac OS X 10_13_4,chrome 66.0,2048x1152,2,2,2,0.5
DP-59cff7fdfb9354ad,desktop,Windows,Windows 8.1,chrome 64.0,1920x1080,18,13,13,0.07692307692307693
DP-59d158853a690831,mobile,SAMSUNG SM-A520F Build/NRD90M,,samsung browser 6.4,,17,14,14,0.07142857142857142
DP-59e7263606b066af,mobile,SM-G935F Build/NRD90M,,chrome 66.0 for android,,44,24,24,0.041666666666666664
DP-59e91b15aaee14c9,mobile,AX1070,,chrome 63.0 for android,,1,1,1,1.0
DP-59eaad72ace2bbc9,mobile,VK700 Build/LRX22G,Android 5.0.2,chrome 66.0 for android,1280x800,1,1,1,1.0
DP-59f24051439b3e12,mobile,SM-G925F Build/NRD90M,,chrome 59.0 for android,,1,1,1,1.0
DP-59fd9426e8f90ec5,desktop,Windows,Windows 8.1,ie 11.0 for desktop,1600x900,4,4,4,0.25
DP-5a0a583c8a1d19cf,mobile,SM-T350 Build/NMF26X,Android 7.1.1,chrome 60.0 for android,,1,1,1,1.0
DP-5a0cdd51cdd73f9b,desktop,Windows,Windows 10,chrome generic,1600x1200,1,1,1,1.0
DP-5a1afbce47136e00,mobile,TAB7,,chrome generic,,2,2,2,0.5
DP-5a20502d937bebb8,mobile,Ilium LT500 Build/LMY47O,,chrome 62.0 for android,,2,2,2,0.5
DP-5a24e057e1e31fa3,mobile,,Android,chrome 60.0,960x540,1,1,1,1.0
DP-5a32da0b0882bb22,mobile,5012G Build/MRA58K,,chrome 64.0 for android,,9,6,6,0.16666666666666666
DP-5a3feeb506595929,desktop,MacOS,Mac OS X 10_12_6,safari generic,1152x648,1,1,1,1.0
DP-5a47c8d69b04d822,mobile,Lenovo A2016b30 Build/MRA58K,,chrome 63.0 for android,,3,3,3,0.3333333333333333
DP-5a47d62f1ddcbe04,mobile,BLU,,chrome 60.0 for android,,1,1,1,1.0
DP-5a4dac9e2b6c4b6c,mobile,SAMSUNG SM-G610M Build/NRD90M,,samsung browser 6.2,,8,6,6,0.16666666666666666
DP-5a4e40f5a624c5e2,desktop,rv:58.0,Mac OS X 10.11,firefox 58.0,1440x900,3,3,3,0.3333333333333333
DP-5a5fe71b45063494,desktop,MacOS,Mac OS X 10_7_5,chrome 49.0,1440x900,14,9,9,0.1111111111111111
DP-5a6458b53acfaa0d,mobile,SM-G531H Build/LMY48B,,chrome 66.0 for android,,39,10,10,0.1
DP-5a686e2f7ef971b6,desktop,Windows,Windows 7,chrome 62.0,1728x972,3,3,3,0.3333333333333333
DP-5a68ae32d4da485a,mobile,iOS Device,iOS 11.0.2,mobile safari 11.0,2224x1668,1,1,1,1.0
DP-5a6d5361c65ac448,desktop,rv:57.0,Mac OS X 10.9,firefox 57.0,1440x900,4,4,4,0.25
DP-5a705d3e757ba032,mobile,Blade L5 Build/LMY47I,,chrome 61.0 for android,,2,2,2,0.5
DP-5a71d74876f2c7bd,desktop,Windows,Windows 8.1,chrome,1600x900,1,1,1,1.0
DP-5a789987bfbe2e23,desktop,Windows,Windows 10,firefox,1920x1200,1,1,1,1.0
DP-5a932e8ea3bebf43,desktop,Windows,Windows 8.1,,1440x900,2,1,1,1.0
DP-5a9a75076985d5b1,mobile,RNE-L03 Build/HUAWEIRNE-L03,,chrome 66.0 for android,,29,14,14,0.07142857142857142
DP-5aaa09dfe7bea2df,mobile,iOS Device,iOS 10.0.2,mobile safari generic,2208x1242,3,2,2,0.5
DP-5aaa1119f32e9b33,desktop,MacOS,Mac OS X 10_13_1,chrome 61.0,1280x1024,1,1,1,1.0
DP-5ab00d52c6556b94,mobile,VS425PP Build/LMY47V,,chrome 50.0 for android,,1,1,1,1.0
DP-5ab1811769423555,mobile,ONEPLUS,Android 7.1.1,chrome 65.0 for android,,1,1,1,1.0
DP-5ab49e28e34e3e85,mobile,SAMSUNG SM-G935T Build/NRD90M,Android 7.0,samsung browser 6.2,,1,1,1,1.0
DP-5ab694ac42859f79,desktop,MacOS,Mac OS X 10_12_5,chrome 62.0,1920x1080,3,3,3,0.3333333333333333
DP-5ac4a87d720f7b69,mobile,5085B Build/MRA58K,,chrome 55.0 for android,,2,2,2,0.5
DP-5ac6190ea4d1cb8b,desktop,Windows,Windows 8.1,chrome 63.0,2880x1800,1,1,1,1.0
DP-5ac7ee0ca0ae92b1,mobile,SM-G550T2,Android 6.0.1,chrome 56.0 for android,1280x720,1,1,1,1.0
DP-5acb349d23555642,desktop,Windows,Windows Vista,aol,1024x768,1,1,1,1.0
DP-5acd33ead2413f98,desktop,MacOS,Mac OS X 10_13_2,safari generic,2560x1440,71,42,42,0.023809523809523808
DP-5ad8ee6003a359a2,mobile,VKY-L09 Build/HUAWEIVKY-L09,,chrome generic for android,,2,1,1,1.0
DP-5adb8080994bea1e,mobile,SM-T110 Build/JDQ39,Android,chrome generic,1024x600,1,1,1,1.0
DP-5ae8c734d2dc1790,mobile,ZTE Blade A511 Build/MRA58K,,chrome 63.0 for android,,5,4,4,0.25
DP-5af45d6df3bc883e,mobile,Moto Z (2,Android 8.0.0,chrome 65.0 for android,2560x1440,3,1,1,1.0
DP-5af7bacddcdea836,mobile,iOS Device,iOS 10.3.2,mobile safari generic,1334x750,38,24,24,0.041666666666666664
DP-5b0a7d964bb1d5b9,mobile,LG-D855,,chrome 63.0 for android,,2,2,2,0.5
DP-5b1293ff00358a2c,mobile,SM-N920V Build/NRD90M,Android 7.0,chrome 64.0 for android,,1,1,1,1.0
DP-5b2b949827abd262,mobile,moto x4 Build/NPW26.83-18-2-0-4,,chrome 63.0 for android,,1,1,1,1.0
DP-5b2e80c5e249c36d,mobile,BLADE A602 Build/MRA58K,,chrome generic for android,,2,2,2,0.5
DP-5b301003f3c9ae63,mobile,SM-G920V Build/NRD90M,Android 7.0,chrome 65.0 for android,2560x1440,6,6,6,0.16666666666666666
DP-5b327ee833a0448c,mobile,K90U,Android 6.0.1,chrome 56.0 for android,1920x1200,1,1,1,1.0
DP-5b394403f4a49e36,mobile,SM-G930P Build/NRD90M,Android 7.0,chrome 62.0 for android,1920x1080,4,4,4,0.25
DP-5b499884256066b6,mobile,D5316 Build/19.4.A.0.182,,chrome 64.0 for android,,1,1,1,1.0
DP-5b5ac0c4dac48ce0,desktop,Windows,,chrome 66.0,,1531,253,253,0.003952569169960474
DP-5b5ac6bfd9a4fccb,mobile,Nexus 5X Build/OPM3.171019.013,,chrome generic for android,,1,1,1,1.0
DP-5b5ae84f67055e81,mobile,SAMSUNG,Android 7.0,samsung browser 6.4,2220x1081,1,1,1,1.0
DP-5b5b24b03cd41662,mobile,LG-D693n Build/LRX22G,,chrome 49.0 for android,,2,2,2,0.5
DP-5b5f41bb22d1e300,mobile,ILIUM,,chrome 64.0 for android,,2,2,2,0.5
DP-5b6190b612416c9e,desktop,Windows,Windows 10,firefox 52.0,1600x900,1,1,1,1.0
DP-5b63e82eb91fa8f0,mobile,5095I Build/MRA58K,,chrome 63.0 for android,,2,2,2,0.5
DP-5b6e483da02dc86c,mobile,LG-M250 Build/NRD90U,,chrome 65.0 for android,,5,5,5,0.2
DP-5b70426326349d37,mobile,iOS Device,iOS 11.2.1,mobile safari generic,2208x1242,166,110,110,0.00909090909090909
DP-5b7197d1b17883dc,mobile,XT1635-02 Build/NPN26.118-22-2,,chrome 66.0 for android,,16,11,11,0.09090909090909091
DP-5b7727fff2200e1c,desktop,Linux x86_64,Linux,chrome 64.0,1920x1080,4,1,1,1.0
DP-5b7e02efc0ffdb9e,mobile,SM-G360T1 Build/LMY47X,Android 5.1.1,chrome 61.0 for android,801x480,1,1,1,1.0
DP-5b852a3acfb3c5db,mobile,SM-J510MN Build/MMB29M,,chrome 61.0 for android,,8,5,5,0.2
DP-5b8a0bde60384dcb,mobile,Moto,Android 7.0,chrome generic,1920x1080,7,7,7,0.14285714285714285
DP-5b8d5a5ebc2de70c,mobile,,Android,chrome 61.0,855x480,31,5,5,0.2
DP-5b92cad19a63e593,mobile,iOS Device,iOS 11.3.0,firefox,1334x750,2,2,2,0.5
DP-5b9cd6a89ad99907,mobile,SM-A310F Build/NRD90M,,chrome 64.0 for android,,3,3,3,0.3333333333333333
DP-5ba3c8c25604ef5a,mobile,SM-T550 Build/NMF26X,,chrome 60.0 for android,,5,3,3,0.3333333333333333
DP-5ba6d40d3fface0c,mobile,XT1080 Build/SU6-7.7,Android,chrome 59.0 for android,1280x720,1,1,1,1.0
DP-5bb7cf7df096664d,mobile,R1,Android 6.0,chrome 62.0 for android,1280x720,1,1,1,1.0
DP-5bc471bcca72b196,mobile,LG-K580 Build/MRA58K,,chrome 61.0 for android,,2,2,2,0.5
DP-5bc4ec4f069fb29f,mobile,Moto Z2 Play Build/NPSS26.118-19-4,,chrome 57.0 for android,,1,1,1,1.0
DP-5bc4f1da653f2838,desktop,rv:35.0,Mac OS X 10.9,firefox,2560x1600,1,1,1,1.0
DP-5bd1176ea401b47d,desktop,SM-J500M Build/LMY48B,,chrome generic,,7,6,6,0.16666666666666666
DP-5bdad539c4f4afad,desktop,Windows,Windows 7,firefox 59.0,800x600,1,1,1,1.0
DP-5be24daf057cbaad,mobile,SM-G950U Build/R16NW,Android 8.0.0,chrome 65.0 for android,2220x1080,25,15,15,0.06666666666666667
DP-5be53734c2f506cf,mobile,LG-D850,Android 6.0,chrome 63.0 for android,2560x1440,2,1,1,1.0
DP-5beb764df3b2557d,mobile,MYA-L13 Build/HUAWEIMYA-L13,,chrome 61.0 for android,,1,1,1,1.0
DP-5bee6f6157c1b03e,desktop,MacOS,Mac OS X 10_13_2,chrome 49.0,1280x800,1,1,1,1.0
DP-5bf7b72c6843133c,mobile,Lenovo,,chrome 64.0 for android,,1,1,1,1.0
DP-5bfab522ac6fb1a0,mobile,SAMSUNG SM-J700T Build/NMF26X,Android 7.1.1,samsung browser 6.2,1280x720,8,8,8,0.125
DP-5c00b015f31a8490,mobile,SM-G955F Build/R16NW,,other,,2,2,2,0.5
DP-5c0502e42837eb88,mobile,LG-H542 Build/MRA58K,,chrome 61.0 for android,,8,4,4,0.25
DP-5c06f4eb74864171,mobile,SM-J320W8,,chrome 63.0 for android,,1,1,1,1.0
DP-5c077830e0e44b61,mobile,SM-A510F Build/MMB29K,,chrome 63.0 for android,,4,2,2,0.5
DP-5c1324c6f23fde93,mobile,LG-H320 Build/LRX21Y,,chrome 46.0 for android,,1,1,1,1.0
DP-5c14c1d5e38b2f2b,mobile,SM-A310F Build/NRD90M,,chrome 62.0 for android,,5,2,2,0.5
DP-5c185f1c638df2e8,mobile,iOS Device,iOS 11.3.0,google search application 48.0,2436x1125,2,1,1,1.0
DP-5c18ae9ac5830e7c,mobile,RNE-L03 Build/HUAWEIRNE-L03,,chrome 59.0 for android,,5,1,1,1.0
DP-5c1e7ba5d8f03a87,mobile,SM-G925I Build/NRD90M,,chrome 61.0 for android,,1,1,1,1.0
DP-5c26b26a11306abb,desktop,,,safari 11.0,,100,62,62,0.016129032258064516
DP-5c2708e372778299,mobile,SAMSUNG SM-J327T Build/NRD90M,,samsung browser 6.2,,1,1,1,1.0
DP-5c2cd803e17d462f,mobile,SM-J700M Build/LMY48B,,chrome 64.0 for android,,18,6,6,0.16666666666666666
DP-5c37b3a27e4bb60a,desktop,MacOS,Mac OS X 10_10_5,chrome 62.0,1280x800,27,22,22,0.045454545454545456
DP-5c3b3870ea0059e3,mobile,SAMSUNG-SM-G900A Build/LRX21T,,chrome 63.0 for android,,2,1,1,1.0
DP-5c3d85337f03594a,mobile,SM-A320Y Build/NRD90M,,chrome 62.0 for android,,5,2,2,0.5
DP-5c3e237404a094de,mobile,F3213,,chrome 60.0 for android,,1,1,1,1.0
DP-5c40f921f1934f5e,mobile,SM-A320FL Build/MMB29K,,chrome 62.0 for android,,1,1,1,1.0
DP-5c46f8298eba460a,desktop,Windows,Windows 10,chrome 65.0,1280x720,3,2,2,0.5
DP-5c4cf5a6b5d850ec,mobile,SAMSUNG SM-G935P Build/NRD90M,Android 7.0,samsung browser 6.4,1921x1081,1,1,1,1.0
DP-5c4f6bfb50d9ad8b,mobile,iOS Device,iOS 11.2.1,mobile safari generic,2436x1125,65,43,43,0.023255813953488372
DP-5c56755880a176a1,desktop,MacOS,Mac OS X 10_13_3,safari generic,1440x900,97,62,62,0.016129032258064516
DP-5c56cb66ab5e71c7,mobile,LGLS770,Android 6.0,android webview 4.0,1280x720,1,1,1,1.0
DP-5c5b2b64f961c2d6,desktop,Windows,Windows 10,chrome generic,1680x1050,23,17,17,0.058823529411764705
DP-5c6eb820743d981c,mobile,LGLS775 Build/NRD90U,Android 7.0,chrome 63.0 for android,1280x720,12,6,6,0.16666666666666666
DP-5c73fb26759e3517,mobile,SM-G930F Build/NRD90M,,chrome 65.0 for android,,32,18,18,0.05555555555555555
DP-5c79f4ca2264ec08,desktop,MacOS,Mac OS X 10_11_6,chrome 61.0,2880x1800,9,6,6,0.16666666666666666
DP-5c8d76e921be15aa,mobile,SM-G920P Build/NRD90M,Android 7.0,chrome 62.0 for android,2560x1440,1,1,1,1.0
DP-5c94c9320c129e91,mobile,NX785QC8G,Android 4.4.2,chrome 62.0 for android,1024x768,1,1,1,1.0
DP-5c9b27b894b5dc0f,desktop,MacOS,Mac OS X 10_11_6,chrome 64.0,1680x1050,3,3,3,0.3333333333333333
DP-5c9fd52a7f017167,desktop,MacOS,Mac OS X 10_12_5,safari generic,1920x1080,15,9,9,0.1111111111111111
DP-5ca4668135b7e95d,mobile,SM-J701M Build/NRD90M,,other,,1,1,1,1.0
DP-5ca800cb89c53721,desktop,,Linux,chrome 62.0,1536x864,7,6,6,0.16666666666666666
DP-5ca897d0a501bab2,desktop,Windows,Windows 10,firefox 60.0,1440x900,4,3,3,0.3333333333333333
DP-5caa015a700f9f60,mobile,SM-G550T1 Build/MMB29K,,chrome 61.0 for android,,1,1,1,1.0
DP-5cac27dba84cf703,mobile,A1-850,,chrome 64.0 for android,,1,1,1,1.0
DP-5cc75ec43b450f5f,desktop,MacOS,Mac OS X 10_12_6,chrome 62.0,1600x1000,1,1,1,1.0
DP-5ccb7eb735c1712f,mobile,5042A,,chrome 64.0 for android,,2,1,1,1.0
DP-5ccf0a0019aac0bc,desktop,MacOS,Mac OS X 10_11_6,chrome 63.0,2560x1440,20,18,18,0.05555555555555555
DP-5cd321d8bc7a8407,mobile,SM-G935V Build/NRD90M,Android 7.0,chrome 65.0 for android,1920x1080,8,8,8,0.125
DP-5cd7f4b1603e522a,desktop,Windows,Windows 10,chrome 60.0,2048x1152,1,1,1,1.0
DP-5cdd197c4c30c380,mobile,SM-G920F Build/NRD90M,,chrome 64.0 for android,,10,8,8,0.125
DP-5cdd6f4318df73ad,desktop,MacOS,Mac,safari generic,3360x2100,3,2,2,0.5
DP-5ceeb5f9c51ad068,mobile,LG-X240 Build/MRA58K,,chrome 63.0 for android,,27,19,19,0.05263157894736842
DP-5cf09dcd88b1a124,mobile,SM-T810 Build/NRD90M,,chrome 63.0 for android,,5,3,3,0.3333333333333333
DP-5cf14c1d7599a42d,mobile,Redmi 4X Build/N2G47H,,chrome 63.0 for android,,16,9,9,0.1111111111111111
DP-5cfa88110892da9a,desktop,MacOS,Mac OS X 10_9_5,chrome 63.0,2560x1600,12,8,8,0.125
DP-5cfaf779b69ab8f6,mobile,SAMSUNG-SM-G920A Build/NRD90M,Android 7.0,chrome 62.0 for android,2560x1440,2,2,2,0.5
DP-5d1067c84cef04d4,mobile,VS995 Build/NRD90M,Android 7.0,chrome 65.0 for android,2560x1440,2,2,2,0.5
DP-5d2de4642581cdae,mobile,MotoG3,,chrome 63.0 for android,,4,3,3,0.3333333333333333
DP-5d31cb5abc735c39,mobile,SAMSUNG-SM-G930A Build/NRD90M,Android 7.0,chrome generic for android,1920x1080,3,3,3,0.3333333333333333
DP-5d3b32043d4eeab0,mobile,ALCATEL,,chrome 64.0 for android,,2,2,2,0.5
DP-5d48075cf4dc3f60,mobile,HTC Desire 626s Build/LMY47O,,chrome 43.0 for android,,3,2,2,0.5
DP-5d4d6a36672fa8c6,mobile,SM-G928P Build/NRD90M,,chrome 63.0 for android,,1,1,1,1.0
DP-5d567b0dde35aad7,desktop,Windows,Windows 8.1,firefox generic,1920x1080,2,2,2,0.5
DP-5d5d75b715c717ad,mobile,SAMSUNG SM-G965U1 Build/R16NW,,samsung browser 7.0,,1,1,1,1.0
DP-5d6a8d9464dad517,mobile,SM-G935P Build/NRD90M,Android 7.0,android webview 4.0,,1,1,1,1.0
DP-5d6ef2e6d7f311a5,mobile,Hisense E51 Build/LMY47V,,chrome 43.0 for android,,3,2,2,0.5
DP-5d73b7b034b4e4eb,mobile,GT-S7580L Build/JDQ39,,chrome 55.0 for android,,11,1,1,1.0
DP-5d74eda4e98b1ba3,mobile,Ilium X510 Build/MRA58K,,chrome 62.0 for android,,1,1,1,1.0
DP-5d7920a236c621b8,desktop,Windows,Windows 7,chrome 64.0,2560x1440,2,2,2,0.5
DP-5d7adca5b6b71b9d,mobile,SAMSUNG-SM-G930A Build/NRD90M,,chrome 63.0 for android,,9,3,3,0.3333333333333333
DP-5d8dc0be647615c3,desktop,Windows,Windows 7,chrome 66.0,1025x768,1,1,1,1.0
DP-5d91bdc75801c865,mobile,SAMSUNG SM-A510M Build/MMB29K,,samsung browser 6.4,,1,1,1,1.0
DP-5d94ceddee0b289e,mobile,SM-J700T Build/NMF26X,,chrome 60.0 for android,,1,1,1,1.0
DP-5d9a274643cb57c6,mobile,SM-G930F Build/NRD90M,,chrome 66.0 for android,,28,10,10,0.1
DP-5da1cc35f82a8f56,desktop,Windows,Windows 8.1,firefox 60.0,1440x900,1,1,1,1.0
DP-5daba13c5c1b3abe,mobile,SM-J327T1 Build/NRD90M,,chrome 64.0 for android,,2,2,2,0.5
DP-5db235b3682c51a1,desktop,Windows,Windows 10,edge 16.0,5760x1080,1,1,1,1.0
DP-5db7c53db064c9ec,mobile,SAMSUNG SM-G955F Build/NRD90M,,samsung browser generic,,6,3,3,0.3333333333333333
DP-5dc2eb1ebc76a535,desktop,Windows,Windows 7,chrome 65.0,1440x900,40,27,27,0.037037037037037035
DP-5dd7e161ee7af5f2,desktop,MacOS,Mac OS X 10_13_4,chrome 65.0,1280x1024,1,1,1,1.0
DP-5dd82cf944ec7b6f,mobile,XT1021 Build/LPCS23.13-34.8-3,,chrome 65.0 for android,,5,4,4,0.25
DP-5dd92677e1c22e18,desktop,rv:31.0,Windows 7,firefox,1366x768,1,1,1,1.0
DP-5dd9a7006b8cc7c1,mobile,Moto,,chrome 62.0 for android,,6,4,4,0.25
DP-5ddef525bfc12021,desktop,Windows,Windows 10,firefox generic,4500x3000,3,1,1,1.0
DP-5de04fe30aac30d4,desktop,Windows,Windows 10,chrome,1680x1050,2,2,2,0.5
DP-5de45d1d7c83b16b,desktop,Windows,Windows 8.1,ie 11.0 for tablet,1920x1080,1,1,1,1.0
DP-5de9c75521d072a7,desktop,rv:59.0,Mac OS X 10.12,firefox 59.0,1920x1080,5,2,2,0.5
DP-5deb882cc8574f38,mobile,SM-J530G,,chrome 64.0 for android,,1,1,1,1.0
DP-5df8b90032f88e3d,mobile,LG-K428 Build/MMB29M,Android 6.0.1,chrome 65.0 for android,1280x720,1,1,1,1.0
DP-5df944599a33eeaf,mobile,SM-G950U1 Build/NRD90M,Android 7.0,chrome 58.0 for android,2220x1080,1,1,1,1.0
DP-5e01011d0285dbf1,mobile,F5121 Build/34.3.A.0.238,,chrome 62.0 for android,,1,1,1,1.0
DP-5e203a97af47c28d,mobile,SM-G900V,,chrome 62.0 for android,,1,1,1,1.0
DP-5e2d17829b4e00ab,desktop,Windows,,opera generic,,69,21,21,0.047619047619047616
DP-5e39d36d2a889f47,mobile,BLU STUDIO C 5+5 Build/LRX21M,,chrome 64.0 for android,,4,1,1,1.0
DP-5e3db848e7a7a0aa,desktop,MacOS,Mac OS X 10_12,safari generic,1280x800,6,6,6,0.16666666666666666
DP-5e3e0f408c185b3e,mobile,SGH-I337M Build/LRX22C,,chrome 63.0 for android,,9,7,7,0.14285714285714285
DP-5e47abe3e5f7ed69,mobile,SM-N920V Build/NRD90M,Android 7.0,chrome 62.0 for android,,9,8,8,0.125
DP-5e49b4879d9a4858,desktop,rv:58.0,Mac OS X 10.13,firefox 58.0,1024x768,1,1,1,1.0
DP-5e4c30001826dbc5,mobile,ALCATEL,,chrome 62.0 for android,,1,1,1,1.0
DP-5e50706d005fbcc7,desktop,Windows,Windows 8.1,chrome 62.0,,10,8,8,0.125
DP-5e523145480b2c61,mobile,Lenovo,,chrome 53.0 for android,,1,1,1,1.0
DP-5e589082e550c7b3,mobile,SM-T800,,chrome 59.0 for android,,1,1,1,1.0
DP-5e5e7091ae50ef52,mobile,Pixel,Android 8.1.0,chrome 64.0 for android,,3,3,3,0.3333333333333333
DP-5e690281991c153a,mobile,SM-G935P Build/NRD90M,,chrome 65.0 for android,,1,1,1,1.0
DP-5e6cb28049dfc52d,mobile,LG-K580 Build/MRA58K,,chrome 63.0 for android,,32,12,12,0.08333333333333333
DP-5e6f45da274abfd2,desktop,MacOS,Mac OS X 10_10_5,chrome,2880x1800,1,1,1,1.0
DP-5e6fb1ee03263bec,desktop,rv:56.0,Mac OS X 10.11,firefox 56.0,2880x1800,1,1,1,1.0
DP-5e7186bc5184c7de,desktop,rv:49.0,Mac OS X 10.10,firefox,1920x1080,1,1,1,1.0
DP-5e730b0244814227,desktop,MacOS,Mac OS X 10_13_4,safari 11.0,1280x800,14,12,12,0.08333333333333333
DP-5e7af0dbbf588885,desktop,Windows,Windows 10,firefox 59.0,1680x1050,21,8,8,0.125
DP-5e7dbe65ce74cf99,desktop,Windows,Windows 10,opera 49.0,,4,2,2,0.5
DP-5e9172de777598b6,desktop,MacOS,Mac OS X 10_12_4,chrome 61.0,1440x900,1,1,1,1.0
DP-5e93f2d22e450616,mobile,XT1580,,chrome 56.0 for android,,1,1,1,1.0
DP-5e9687f90b4d46c3,desktop,rv:57.0,Mac OS X 10.13,firefox 57.0,1920x1080,22,18,18,0.05555555555555555
DP-5e97628d17c28fd6,desktop,Windows,Windows 10,firefox 57.0,1824x1026,1,1,1,1.0
DP-5e9a712663c6599b,desktop,SM-G318ML,,chrome generic,,2,2,2,0.5
DP-5ea6d92bcd57a6f9,mobile,SAMSUNG SM-N950U Build/R16NW,,samsung browser 7.0,,2,2,2,0.5
DP-5ea9c3accf985ab9,mobile,SM-G950U Build/NRD90M,,android webview 4.0,,1,1,1,1.0
DP-5eb7a2884a96fa09,desktop,Windows,Windows 10,firefox 57.0,1280x768,1,1,1,1.0
DP-5ec1020355e33344,desktop,MacOS,Mac OS X 10_12_6,safari generic,3840x2160,1,1,1,1.0
DP-5ecc75e317b6dc7c,desktop,Windows,Windows 10,ie 11.0 for desktop,1920x1080,11,8,8,0.125
DP-5ed2a0ff97ff71f5,mobile,Joy,,chrome 64.0 for android,,1,1,1,1.0
DP-5ed78bd0091b020d,desktop,Trident/7.0,Windows 7,ie 11.0 for desktop,1365x767,1,1,1,1.0
DP-5edbb36288c9d6bc,mobile,XT1053 Build/LPAS23.12-21.7-1,,chrome,,13,1,1,1.0
DP-5edfe723bff720d7,desktop,Windows,Windows 7,chrome 66.0,1024x819,2,2,2,0.5
DP-5ee1a262582777a6,mobile,SM-A710M Build/NRD90M,,chrome 63.0 for android,,1,1,1,1.0
DP-5ee381fc0cd94296,mobile,LGMS550 Build/NRD90U,Android 7.0,chrome 63.0 for android,1280x720,2,2,2,0.5
DP-5ef061dae3a48907,mobile,GRANT,,chrome 66.0 for android,,1,1,1,1.0
DP-5efd400c45f5418f,mobile,SM-G930P Build/NRD90M,Android 7.0,chrome 64.0 for android,1920x1080,2,2,2,0.5
DP-5f059d009738ddea,mobile,SM-G930V Build/NRD90M,Android 7.0,chrome 63.0 for android,2560x1440,18,16,16,0.0625
DP-5f076cb95b3027cd,mobile,LenovoA3300-GV Build/JDQ39,,chrome 65.0 for android,,5,1,1,1.0
DP-5f0b5db55f7abab1,mobile,RCT6S03W12,Android 7.0,chrome 63.0 for android,1280x800,1,1,1,1.0
DP-5f0db540e97779c4,mobile,SM-G930V Build/NRD90M,Android 7.0,chrome 65.0 for android,1920x1080,13,11,11,0.09090909090909091
DP-5f0eb20e16615e14,mobile,iOS Device,iOS 11.0.3,mobile safari 11.0,2732x2048,9,7,7,0.14285714285714285
DP-5f19bca22bc8e794,mobile,SM-S727VL Build/MMB29M,Android 6.0.1,chrome 64.0 for android,1280x720,1,1,1,1.0
DP-5f1a4483b76a570f,desktop,MacOS,Mac OS X 10_9_5,chrome 64.0,1680x1050,1,1,1,1.0
DP-5f1b92bc39be3909,mobile,Z981 Build/MMB29M,,chrome 64.0 for android,,5,1,1,1.0
DP-5f200f13852d8133,desktop,Windows,Windows 10,chrome 63.0,1920x1200,91,55,55,0.01818181818181818
DP-5f21ddc938f68825,mobile,Techpad,,chrome 66.0 for android,,1,1,1,1.0
DP-5f2818d1bc488490,mobile,LGL57BL,Android 6.0.1,chrome 63.0 for android,855x480,1,1,1,1.0
DP-5f2ce87c89c58098,mobile,Moto G Play Build/MPIS24.241-15.3-7,,chrome 50.0 for android,,2,1,1,1.0
DP-5f34dfd3d14a6362,mobile,SM-G930V Build/NRD90M,,chrome 66.0 for android,,4,3,3,0.3333333333333333
DP-5f3536a06e6b1efe,mobile,Pixel Build/OPR3.170623.013,Android 8.0.0,,,11,10,10,0.1
DP-5f3733fa52805e9f,desktop,rv:58.0,Mac OS X 10.12,firefox 58.0,2880x1800,1,1,1,1.0
DP-5f3ab02e987b0c36,mobile,AOC_U706G,,chrome 64.0 for android,,1,1,1,1.0
DP-5f3ec993f31be00f,desktop,Windows,Windows 10,chrome 56.0,1366x768,1,1,1,1.0
DP-5f41a1aa6b5105cb,mobile,KFDOWI Build/LVY48F,Android 5.1.1,chrome 63.0 for android,,2,1,1,1.0
DP-5f44547d9bfb79e9,mobile,E6603,,chrome 63.0 for android,,2,2,2,0.5
DP-5f454c085fb5bd69,mobile,ONE TOUCH 4016A Build/JDQ39,,chrome,,1,1,1,1.0
DP-5f506dd5814c1b7e,mobile,8050G Build/LMY47I,,chrome 46.0 for android,,5,4,4,0.25
DP-5f5e8def6cdc5fee,mobile,M4 SS4458 Build/MMB29M,,chrome 66.0 for android,,5,4,4,0.25
DP-5f6319a403d3e3a9,mobile,Ilium Pad T7X Build/LMY47I,,chrome 66.0 for android,,1,1,1,1.0
DP-5f65d07b9c19d748,desktop,Windows NT 6.1,,ie,,8,6,6,0.16666666666666666
DP-5f6745aee03ebddc,desktop,Windows,Windows 10,,1920x1080,3,3,3,0.3333333333333333
DP-5f6765db9a66392d,desktop,,Linux,chrome 64.0,2560x1700,2,2,2,0.5
DP-5f6cf72b4d3d653a,desktop,Windows NT 6.1,Windows 7,ie,1366x768,3,2,2,0.5
DP-5f7582f18866a6ac,desktop,Trident/7.0,Windows 10,ie 11.0 for tablet,2735x1823,2,1,1,1.0
DP-5f7cadc478e0c9c2,desktop,MacOS,Mac OS X 10_10_5,safari 10.0,1600x900,4,2,2,0.5
DP-5f7e0f8af25e8859,mobile,VS988 Build/NRD90U,Android 7.0,chrome 63.0 for android,2672x1440,9,8,8,0.125
DP-5f8117482245c499,desktop,Windows,Windows 10,opera 49.0,1366x768,4,4,4,0.25
DP-5f838c55eae8748a,mobile,iOS Device,iOS 10.3.3,chrome,2048x1536,10,5,5,0.2
DP-5f8b86de37f7b23c,desktop,MacOS,Mac OS X 10_9_5,chrome 63.0,1366x768,4,4,4,0.25
DP-5f8bd5822c667de4,mobile,HTC One Build/LRX22G,,chrome 60.0 for android,,1,1,1,1.0
DP-5f8f4843dbae3365,desktop,rv:48.0,Mac,firefox 48.0,1024x768,1,1,1,1.0
DP-5f91160d34d04292,mobile,SM-G930F Build/MMB29K,,chrome 64.0 for android,,1,1,1,1.0
DP-5f94a426e20f39bf,desktop,Touch,Windows 8.1,ie 11.0 for desktop,1368x768,2,2,2,0.5
DP-5f96755d65a653e0,desktop,MacOS,Mac OS X 10_10_5,safari generic,2048x1280,1,1,1,1.0
DP-5f973f2178189636,mobile,Techpad,,chrome generic for android,,1,1,1,1.0
DP-5f995d10d690e737,mobile,R1,Android 6.0,chrome 63.0 for android,1280x720,1,1,1,1.0
DP-5f9ea351a041161d,desktop,Touch,Windows 8.1,ie 11.0 for desktop,,1,1,1,1.0
DP-5f9f35a8e66acf71,mobile,iOS Device,iOS 11.0.1,mobile safari 11.0,1136x640,3,3,3,0.3333333333333333
DP-5fa2ffbc5ed28084,desktop,MacOS,Mac OS X 10_13_2,safari generic,4096x2304,28,25,25,0.04
DP-5fae71216755824c,desktop,rv:59.0,Mac OS X 10.13,firefox 59.0,1366x768,4,3,3,0.3333333333333333
DP-5fb8fba7472aad9f,mobile,Ilium L910 Build/MRA58K,,chrome 63.0 for android,,4,4,4,0.25
DP-5fbc567268d1a5a2,mobile,SAMSUNG,Android 7.0,samsung browser 6.2,2560x1440,4,4,4,0.25
DP-5fbda2d45388c6e9,desktop,MacOS,Mac OS X 10_13_1,chrome 62.0,2880x1620,1,1,1,1.0
DP-5fbe07d18a5827c3,desktop,Windows,Windows 7,chrome 63.0,2552x1337,1,1,1,1.0
DP-5fc24a282b8750aa,mobile,LG-X240 Build/MRA58K,,chrome 61.0 for android,,2,1,1,1.0
DP-5fc8aff8ec063378,desktop,rv:48.0,Mac OS X 10.9,firefox 48.0,1280x800,3,3,3,0.3333333333333333
DP-5fca86941f3bd3a6,mobile,HUAWEI G7-L03 Build/HuaweiG7-L03,,chrome 63.0 for android,,25,12,12,0.08333333333333333
DP-5fcce2764f7ae7c3,desktop,Windows,Windows 7,chrome 61.0,1600x1200,1,1,1,1.0
DP-5fd00d53f28e1b99,desktop,Windows,Windows 7,chrome 62.0,2560x1440,3,3,3,0.3333333333333333
DP-5fd1461ee3314958,mobile,Lenovo K33b36 Build/MMB29M,,chrome generic for android,,3,3,3,0.3333333333333333
DP-5fe1036cb779e3da,mobile,5010S Build/MRA58K,,chrome 63.0 for android,,1,1,1,1.0
DP-5fe2ee2a76f04422,mobile,iOS Device,iOS 11.1.1,mobile safari 11.0,2436x1125,12,12,12,0.08333333333333333
DP-5fe91a67bbcf7645,mobile,SM-T520,Android 4.4.2,chrome 62.0 for android,2560x1600,2,2,2,0.5
DP-5fec2164c8f6133c,mobile,LG-X220 Build/LMY47I,,chrome 62.0 for android,,6,1,1,1.0
DP-5ff35f8305ee7c08,mobile,TA-1039 Build/NMF26F,,chrome 64.0 for android,,20,8,8,0.125
DP-5ff89c4a6cdf1f32,mobile,Ilium X510 Build/MRA58K,,chrome 65.0 for android,,11,4,4,0.25
DP-5ffa9d4c831f7e4a,mobile,ASUS_X00DDA,,chrome 64.0 for android,,3,1,1,1.0
DP-600234b7d73c6238,mobile,Redmi Note 4 Build/NRD90M,,chrome 64.0 for android,,6,3,3,0.3333333333333333
DP-60048b7690991633,mobile,WAS-LX1A Build/HUAWEIWAS-LX1A,,chrome 66.0 for android,,1,1,1,1.0
DP-60090c512dbda2e6,mobile,Lenovo YT3-850F Build/MMB29M,,chrome 65.0 for android,,2,1,1,1.0
DP-60098df3e42f5e47,mobile,LG-M430 Build/NRD90U,Android 7.0,chrome 63.0 for android,1280x720,1,1,1,1.0
DP-600cd24fa9438262,mobile,Moto C Build/NRD90M.057,,android webview 4.0,,1,1,1,1.0
DP-600fd0648c93a20b,mobile,Aquaris,,chrome 61.0 for android,,1,1,1,1.0
DP-601abfbe9e909e23,desktop,Windows,Windows 10,firefox 59.0,1920x1080,122,88,88,0.011363636363636364
DP-601b09ff75e6b771,mobile,4047G Build/NRD90M,,chrome 56.0 for android,,3,3,3,0.3333333333333333
DP-601b2240717b481f,mobile,KFSUWI Build/LVY48F,Android 5.1.1,chrome generic,1920x1200,9,7,7,0.14285714285714285
DP-601b985f0d45554d,desktop,Linux x86_64,Linux,firefox 59.0,1888x941,2,1,1,1.0
DP-60212db7832f4185,desktop,MacOS,Mac OS X 10_11_5,safari generic,2560x1600,10,8,8,0.125
DP-60216b61a075b0da,mobile,LG-D855 Build/LRX21R,,chrome 65.0 for android,,7,4,4,0.25
DP-6028bd2f87daa346,desktop,Windows,Windows 7,chrome generic,1680x1050,14,12,12,0.08333333333333333
DP-602f40975ee73bbb,mobile,Ilium LT510 Build/MRA58K,,chrome 65.0 for android,,1,1,1,1.0
DP-604c119a2b48ebff,mobile,SM-T700 Build/MMB29K,,chrome 65.0 for android,,1,1,1,1.0
DP-6050883e62bd4394,mobile,LG-H650 Build/LMY47V,,chrome 51.0 for android,,1,1,1,1.0
DP-6053da31663f8a87,desktop,MacOS,Mac OS X 10_11_6,chrome 63.0,1600x900,3,3,3,0.3333333333333333
DP-6055776b3671d47b,mobile,U,,chrome 64.0 for android,,1,1,1,1.0
DP-6055ca1c77d58490,desktop,Trident/7.0,Windows 7,ie 11.0 for desktop,1023x768,7,1,1,1.0
DP-6056660c423dca98,mobile,E5506 Build/29.1.A.0.101,,chrome 65.0 for android,,3,2,2,0.5
DP-605a0af7aae67e69,desktop,MacOS,Mac OS X 10_11_5,chrome 58.0,2560x1600,1,1,1,1.0
DP-606679a2a5771e87,desktop,Linux i686,Linux,firefox 47.0,1440x900,1,1,1,1.0
DP-606dde9e16957522,mobile,iOS Device,iOS 11.2.0,mobile safari 11.0,2224x1668,8,6,6,0.16666666666666666
DP-6070263b4e1a1227,desktop,Windows,Windows 10,chrome generic,2737x1825,1,1,1,1.0
DP-60782a2cfef5e0e2,mobile,XT1032 Build/LPBS23.13-56-2,,chrome 59.0 for android,,1,1,1,1.0
DP-607aba6bbee06500,mobile,SM-N920P Build/NRD90M,,chrome 66.0 for android,,1,1,1,1.0
DP-607abd7ceff45028,mobile,SAMSUNG SM-G950U Build/NRD90M,Android 7.0,samsung browser 6.4,2220x1080,4,4,4,0.25
DP-6080182e71725139,mobile,5049W Build/NRD90M,Android 7.0,chrome 56.0 for android,1280x720,1,1,1,1.0
DP-60868b79b5a08a89,mobile,47418,,chrome 65.0 for android,,1,1,1,1.0
DP-6095f536ce9fecb7,mobile,SAMSUNG SM-G891A Build/NRD90M,Android 7.0,samsung browser generic,1920x1080,5,4,4,0.25
DP-60a822641047f3ff,mobile,SAMSUNG SM-N920P Build/NRD90M,Android 7.0,samsung browser 6.2,,6,5,5,0.2
DP-60a9bf69848813f3,mobile,SM-G531H Build/LMY48B,,chrome 46.0 for android,,4,2,2,0.5
DP-60b019faf7d1a1b7,desktop,rv:52.0,Linux,firefox 52.0,1680x1050,1,1,1,1.0
DP-60bd3bf96ab42b72,mobile,LG-H918 Build/NRD90M,Android 7.0,chrome 63.0 for android,2560x1440,7,4,4,0.25
DP-60c15f754658175b,mobile,SM-G610M Build/MMB29K,,chrome 50.0 for android,,1,1,1,1.0
DP-60d6ae59a94bf77d,desktop,Windows,Windows 7,chrome 56.0,1600x900,4,3,3,0.3333333333333333
DP-60d96c884fb2a70b,mobile,iOS Device,iOS 11.0.0,mobile safari generic,2001x1125,1,1,1,1.0
DP-60e42a264974c910,mobile,Pixel,,,,2,2,2,0.5
DP-60e4675dcc8984ac,desktop,rv:54.0,,firefox,,8,7,7,0.14285714285714285
DP-60e76cf1360f28ec,desktop,SM-J105B Build/LMY47V,,chrome generic,,1,1,1,1.0
DP-60eb56541279bfad,mobile,LG-LS993 Build/NRD90U,Android 7.0,chrome 62.0 for android,2672x1440,1,1,1,1.0
DP-60eb9635196f9a4e,mobile,Hisense U963 Build/MRA58K,,chrome 54.0 for android,,3,2,2,0.5
DP-60f6e679d0419659,mobile,LG-D693n Build/LRX22G,,chrome 52.0 for android,,1,1,1,1.0
DP-60fa2809e1d2b8f6,mobile,iOS Device,iOS 11.2.1,chrome 63.0 for ios,2732x2048,6,5,5,0.2
DP-60fe2c15cdbb2da0,desktop,MacOS,Mac OS X 10_13_1,chrome 63.0,1280x800,13,10,10,0.1
DP-60ffd15edcd9d999,desktop,rv:59.0,Mac OS X 10.11,firefox 59.0,1680x1050,2,2,2,0.5
DP-610715bfd537d794,desktop,Linux x86_64,Linux,chrome 65.0,1600x900,1,1,1,1.0
DP-610959cbc6c87819,desktop,MacOS,Mac OS X 10_12_6,chrome 66.0,1920x1200,1,1,1,1.0
DP-611590e270958e36,mobile,SAMSUNG-SM-G920A Build/NRD90M,Android 7.0,chrome 63.0 for android,2560x1440,11,11,11,0.09090909090909091
DP-612ecb6cf403f7dd,desktop,M4 SS4456 Build/LMY47V,,chrome generic,,5,5,5,0.2
DP-6138b429e9c11333,mobile,BLADE A520 Build/NRD90M,,chrome 66.0 for android,,1,1,1,1.0
DP-61438ffa190fc6eb,mobile,SAMSUNG SM-G955U Build/NRD90M,Android 7.0,samsung browser 5.4,,1,1,1,1.0
DP-614e30a9159bd2e1,mobile,,other,mobile safari generic,2436x1125,1,1,1,1.0
DP-6155d03bdb788f25,mobile,Lenovo,,chrome 66.0 for android,,1,1,1,1.0
DP-6155f9edea2cbe1d,mobile,SM-N920C Build/NRD90M,,chrome 62.0 for android,,1,1,1,1.0
DP-6156b57567a29a72,mobile,SM-G930T Build/NRD90M,,chrome 65.0 for android,,2,1,1,1.0
DP-615b689933458e57,desktop,MacOS,Mac OS X 10_13_2,chrome 63.0,2400x1350,1,1,1,1.0
DP-615d3ea7cc7deed0,mobile,SM-G950U Build/R16NW,Android 8.0.0,chrome 65.0 for android,2961x1442,1,1,1,1.0
DP-615f462398bfa747,mobile,SM-G925I Build/NRD90M,,chrome 65.0 for android,,17,8,8,0.125
DP-61774eaca75fc213,mobile,LG-X180g Build/LMY47I,,chrome 51.0 for android,,1,1,1,1.0
DP-617c64f7575134e2,mobile,iOS Device,iOS 11.2.0,other,1334x750,1,1,1,1.0
DP-617cb3c983ea480d,desktop,KFFOWI Build/LVY48F,,chrome generic,,2,2,2,0.5
DP-617ef0ceb7b04c69,desktop,Windows,Windows 7,chrome 57.0,1920x1080,9,8,8,0.125
DP-6182129d4f997c58,mobile,ZTE,,chrome 63.0 for android,,2,2,2,0.5
DP-61890b1f7784b605,mobile,E5506 Build/29.1.A.0.101,,chrome 49.0 for android,,1,1,1,1.0
DP-618b4739b8113b53,mobile,iOS Device,iOS 10.1.1,mobile safari generic,1136x640,3,3,3,0.3333333333333333
DP-618b63d2eaa1f04c,mobile,Android 7.0,,,,5,4,4,0.25
DP-61934688e850c59c,desktop,,,chrome 62.0,,794,185,185,0.005405405405405406
DP-6196a0fb4aba335e,mobile,iOS Device,iOS 11.2.1,mobile safari 11.0,1334x750,1073,418,418,0.0023923444976076554
DP-61a3cd4d0ab689d2,mobile,ASTRO,,chrome 63.0 for android,,1,1,1,1.0
DP-61a9c004d3de8fc3,mobile,QTAIR7 Build/LMY47D,Android,chrome 62.0 for android,1920x1200,3,3,3,0.3333333333333333
DP-61b16e7160f72f8c,mobile,F3313 Build/37.0.A.2.108,,chrome 62.0 for android,,3,3,3,0.3333333333333333
DP-61b3e61d198d7fbc,mobile,SM-G928V Build/NRD90M,Android 7.0,chrome 62.0 for android,,5,5,5,0.2
DP-61b80714519472e9,mobile,XT1563,,chrome 63.0 for android,,2,2,2,0.5
DP-61bcfb2da56e9d48,desktop,Windows,Windows 8,ie 11.0 for desktop,1920x1080,2,2,2,0.5
DP-61bd63b5fa6dd0c0,desktop,Windows,Windows 10,chrome 66.0,2400x1350,5,5,5,0.2
DP-61c10522b27deaa8,desktop,MacOS,Mac OS X 10_13_1,chrome 62.0,2880x1800,30,25,25,0.04
DP-61c38292d88d0803,mobile,Ilium LT520 Build/NRD90M,,chrome 65.0 for android,,1,1,1,1.0
DP-61c3cefa8c8db232,mobile,iOS Device,iOS 11.1.2,chrome 63.0 for ios,2732x2048,3,3,3,0.3333333333333333
DP-61c738af91b8eaff,desktop,MacOS,Mac OS X 10_12_6,chrome 64.0,1920x1080,7,7,7,0.14285714285714285
DP-61c847053dd2010d,mobile,SM-J500M Build/LMY48B,,chrome 60.0 for android,,4,2,2,0.5
DP-61c903ee8e4c55c0,desktop,Windows,Windows 10,chrome 65.0,2160x1440,9,7,7,0.14285714285714285
DP-61cd6db8c96fc72c,mobile,ZTE BLADE A512 Build/MMB29M,,chrome 63.0 for android,,5,1,1,1.0
DP-61d715fb7fb3f018,mobile,8062 Build/MRA58K,,chrome 64.0 for android,,4,1,1,1.0
DP-61e72583545f408e,mobile,SM-S320VL,,chrome 62.0 for android,,1,1,1,1.0
DP-61ea30d6bc96d49a,mobile,SM-J110M Build/LMY48B,,chrome 49.0 for android,,1,1,1,1.0
DP-61ed9bf7f1d4e6a8,mobile,SM-J320M Build/LMY47V,,chrome 56.0 for android,,1,1,1,1.0
DP-61f2553ecd0c3069,desktop,MacOS,Mac OS X 10_13_3,chrome 64.0,5760x3240,1,1,1,1.0
DP-61fd4ab7f96c5e4c,desktop,Windows,Windows 8,firefox 58.0,1920x1080,1,1,1,1.0
DP-62019cae2d75de99,mobile,SAMSUNG SM-N950U Build/NMF26X,Android 7.1.1,samsung browser 6.2,2961x1442,4,4,4,0.25
DP-6207f5936f886b0e,desktop,Windows,Windows 10,firefox 57.0,2736x1824,6,5,5,0.2
DP-6209570abc08dd5f,mobile,LG-H810/H81022f,Android 6.0,android webview 4.0,2560x1440,1,1,1,1.0
DP-62132bbbb653f1af,desktop,Windows,Windows 8.1,chrome 59.0,1366x768,2,2,2,0.5
DP-62168ef2d53b1c6a,mobile,iOS Device,iOS 11.2.2,mobile safari uiwebview,2048x1536,1,1,1,1.0
DP-6218223247975970,mobile,SM-A300H Build/LRX22G,,chrome 62.0 for android,,7,5,5,0.2
DP-6219a6a1444505b7,desktop,,,,,3648,1011,1011,0.0009891196834817012
DP-621bacf23e29f915,desktop,Windows,Windows 7,chrome 65.0,1280x800,8,7,7,0.14285714285714285
DP-6220e43b00e80180,mobile,SAMSUNG SM-A310F Build/NRD90M,,samsung browser generic,,10,1,1,1.0
DP-62232083a1470552,mobile,LG-H500 Build/LRX21Y,,chrome 64.0 for android,,3,3,3,0.3333333333333333
DP-622b17a4df1cacf7,mobile,SM-J500M Build/MMB29M,,chrome 62.0 for android,,4,3,3,0.3333333333333333
DP-622e6abeeef23b19,mobile,LG-X180g Build/LMY47I,,chrome 62.0 for android,,3,3,3,0.3333333333333333
DP-62391473c204d51c,mobile,,Linux,samsung browser 6.2,2961x1442,1,1,1,1.0
DP-624cf7ccdab4b3d5,mobile,SM-G550T1 Build/MMB29K,,chrome 50.0 for android,,1,1,1,1.0
DP-62531cec7b52e8ee,desktop,MacOS,Mac OS X 10_12_3,safari generic,1280x800,10,9,9,0.1111111111111111
DP-6269d98ffab4dd3c,mobile,SM-A720F Build/MMB29K,,android webview 4.0,,1,1,1,1.0
DP-626d811271e90c0d,mobile,SM-J200M Build/LMY47X,,chrome 61.0 for android,,1,1,1,1.0
DP-626e5f5f100d6ec2,mobile,E2104,,chrome 63.0 for android,,2,2,2,0.5
DP-6270fe4aabb77ec1,mobile,SM-A300H Build/LRX22G,,chrome generic,,23,14,14,0.07142857142857142
DP-6272d1d104009d7f,desktop,MacOS,Mac OS X 10_13_2,chrome 63.0,5040x3150,1,1,1,1.0
DP-62733158241fe070,mobile,iOS Device,iOS 10.3.1,mobile safari 10.0,2732x2048,5,4,4,0.25
DP-6277455db1f75a9f,desktop,MacOS,Mac OS X 10_11_6,chrome 65.0,3360x2100,1,1,1,1.0
DP-628743c0708163f7,mobile,Moto G (5) Plus Build/NPN25.137-92,,chrome 66.0 for android,,46,20,20,0.05
DP-628da63d3f716105,mobile,F8331,,chrome 65.0 for android,,2,2,2,0.5
DP-62a078e42d47ade9,mobile,Z971,,chrome 61.0 for android,,2,1,1,1.0
DP-62a10a5eda975bf5,mobile,E501,,chrome 64.0 for android,,1,1,1,1.0
DP-62b09c1db0ce1cef,desktop,Windows,Windows 7,chrome,1600x900,7,5,5,0.2
DP-62b115cb88ab5f5c,mobile,SM-G900P,Android 7.1.2,chrome 63.0 for android,1920x1080,1,1,1,1.0
DP-62b41dc549763d87,mobile,HTC Desire 10 lifestyle Build/MMB29M,,chrome 51.0 for android,,7,5,5,0.2
DP-62b6dae2e3b7ff39,mobile,SM-N920T Build/NRD90M,,chrome 66.0 for android,,1,1,1,1.0
DP-62b85defd0780726,desktop,Windows,Windows 10,opera generic,1920x1080,1,1,1,1.0
DP-62b98438dfee44df,desktop,MacOS,Mac OS X 10_12,safari generic,2560x1600,12,6,6,0.16666666666666666
DP-62bfd49184281e8b,mobile,SM-T810 Build/NRD90M,Android 7.0,chrome 63.0 for android,2048x1536,7,7,7,0.14285714285714285
DP-62c130ec439a4816,mobile,SM-G920V Build/NRD90M,Android 7.0,chrome 66.0 for android,2560x1440,4,3,3,0.3333333333333333
DP-62c1d15772bf2652,desktop,rv:57.0,Mac OS X 10.11,firefox 57.0,1280x800,22,20,20,0.05
DP-62c35aa82286206f,mobile,iOS Device,iOS 10.2.0,mobile safari generic,2001x1125,5,2,2,0.5
DP-62c57cc8696ab79b,mobile,SM-G928T Build/NRD90M,Android 7.0,chrome 62.0 for android,,1,1,1,1.0
DP-62cc2f6f24f0e5cd,mobile,Fractal,,chrome 63.0 for android,,3,2,2,0.5
DP-62df9dff80a3c6a6,mobile,G8141,,chrome 55.0 for android,,1,1,1,1.0
DP-62e747f8d428a0f0,mobile,SM-G610M Build/NRD90M,,chrome 66.0 for android,,3,3,3,0.3333333333333333
DP-62ea39ac0a782c23,desktop,,Linux,chrome 63.0,1200x675,1,1,1,1.0
DP-62fddc0c4eaa4551,mobile,iOS Device,iOS 11.0.2,mobile safari 11.0,2208x1242,12,10,10,0.1
DP-630179a41869c247,mobile,SAMSUNG SM-G900T Build/MMB29M,Android 6.0.1,samsung browser 6.2,1920x1080,6,5,5,0.2
DP-6303d24345b78ff6,mobile,TREKKER-M1,,chrome 62.0 for android,,3,1,1,1.0
DP-630558014ddf2121,desktop,Windows,Windows 10,firefox,1366x768,1,1,1,1.0
DP-6310edbd2fa9b3f6,mobile,LG-D331,,chrome 63.0 for android,,3,2,2,0.5
DP-6312fb3256609825,mobile,SM-G920T Build/NRD90M,Android 7.0,chrome generic for android,2560x1440,1,1,1,1.0
DP-6319fe919dfa9c4c,mobile,SM-J700T1 Build/NMF26X,Android 7.1.1,chrome generic for android,1280x720,1,1,1,1.0
DP-6321959693040621,mobile,LG-K240 Build/MXB48T,,chrome 64.0 for android,,1,1,1,1.0
DP-6325b63db402e819,mobile,SM-J327P Build/MMB29M,,chrome 62.0 for android,,1,1,1,1.0
DP-632d707aa5e9a689,mobile,iOS Device,iOS 11.0.1,mobile safari generic,1136x640,4,3,3,0.3333333333333333
DP-632f118ab4914f79,mobile,SM-G930F Build/NRD90M,Android 7.0,chrome 63.0 for android,1920x1080,1,1,1,1.0
DP-63396ab8a8c6f34d,mobile,KFDOWI Build/LVY48F,Android 5.1.1,chrome 66.0 for android,1280x800,6,4,4,0.25
DP-63397bcd0accfda8,desktop,Windows,Windows 10,edge 15.0,1024x600,1,1,1,1.0
DP-6341ba4b5338cc90,desktop,MacOS,Mac,chrome 65.0,2880x1800,1,1,1,1.0
DP-634378056b7a0803,mobile,SAMSUNG SM-G892A Build/R16NW,Android 8.0.0,samsung browser 7.0,2220x1080,3,2,2,0.5
DP-6343799c29dbdbea,mobile,BLL-L23 Build/HUAWEIBLL-L23,,chrome 54.0 for android,,2,2,2,0.5
DP-6353c8a247f2d8a7,desktop,Windows,Windows 10,chrome 63.0,3840x2160,91,50,50,0.02
DP-635ea8bc41ed14ee,desktop,MacOS,Mac OS X 10_12_3,chrome 64.0,1366x768,3,3,3,0.3333333333333333
DP-6365aae76e1e5f81,mobile,Moto E (4) Build/NMA26.42-19,,chrome 66.0 for android,,12,6,6,0.16666666666666666
DP-6386f0479e915447,mobile,LG-X220 Build/LMY47I,,chrome 63.0 for android,,20,8,8,0.125
DP-63885ef607cf49d1,mobile,Ilium LT500 Build/LMY47O,,chrome 51.0 for android,,1,1,1,1.0
DP-638dad71b1056870,desktop,Windows,Windows 8.1,chrome 60.0,1600x900,4,1,1,1.0
DP-6396397290b50176,mobile,MotoE2 Build/LPCS23.13-56-5,,chrome 61.0 for android,,1,1,1,1.0
DP-63be007b80a4b1dd,mobile,Moto,,chrome 66.0 for android,,8,5,5,0.2
DP-63bff10172e4cfce,desktop,Windows,Windows 7,chrome,,1,1,1,1.0
DP-63c062c13fc9dec5,desktop,Windows,Windows 10,chrome 66.0,3440x1440,10,5,5,0.2
DP-63c3aa3d374e6bdc,mobile,RNE-L03 Build/HUAWEIRNE-L03,,chrome 64.0 for android,,10,3,3,0.3333333333333333
DP-63c5f23567c39dd8,mobile,8080 Build/LRX21M,,chrome 65.0 for android,,1,1,1,1.0
DP-63c94dff215498a6,mobile,LGMP260 Build/NRD90U,Android 7.0,chrome 62.0 for android,1280x720,11,8,8,0.125
DP-63c9a2a5c13cf89d,mobile,F8331,,chrome 63.0 for android,,2,2,2,0.5
DP-63d158807cb2087b,mobile,BV7000,,android webview 4.0,,3,2,2,0.5
DP-63d43886cf2e8675,mobile,HUAWEI TAG-L13 Build/HUAWEITAG-L13,,chrome 66.0 for android,,15,9,9,0.1111111111111111
DP-63d71d2388b7e2c8,mobile,XT1058 Build/LPAS23.12-21.7-1,,chrome 66.0 for android,,1,1,1,1.0
DP-63e66195294cc23b,mobile,SM-G930V Build/MMB29M,Android 6.0.1,chrome 65.0 for android,2560x1440,1,1,1,1.0
DP-63ead43271167fa8,mobile,FP2,,chrome 65.0 for android,,1,1,1,1.0
DP-63ecd2175f5f623d,mobile,Blade V6 Max Build/MRA58K,,chrome 60.0 for android,,1,1,1,1.0
DP-63ef77f7619a737a,desktop,rv:52.0,Mac OS X 10.13,firefox 52.0,1280x800,1,1,1,1.0
DP-63f474b42546edc5,desktop,Windows,Windows 7,chrome 65.0,1440x810,1,1,1,1.0
DP-63f7c12335fca788,mobile,E2306 Build/26.1.A.3.111,,chrome 66.0 for android,,2,2,2,0.5
DP-63fdbed4c8e3c5c7,mobile,Moto G (5) Plus Build/NPNS25.137-92-10,,chrome 66.0 for android,,7,3,3,0.3333333333333333
DP-63fe269577b8e3c1,desktop,Linux i686,,firefox 57.0,,3,2,2,0.5
DP-642163be9217fa66,mobile,5025G Build/LMY47I,,chrome 58.0 for android,,1,1,1,1.0
DP-64281aeb23014f17,desktop,Windows,Windows 10,chrome 55.0,1920x1080,6,4,4,0.25
DP-64289b6489891b4b,desktop,MacOS,Mac OS X 10_12_6,safari 11.0,5120x2880,2,2,2,0.5
DP-6428d817b9f8fed8,mobile,SM-J320M Build/LMY47V,,chrome 55.0 for android,,9,4,4,0.25
DP-64297e91c550cb8e,mobile,iOS Device,iOS 11.1.2,mobile safari 11.0,1136x640,243,151,151,0.006622516556291391
DP-642a2655b115d1ee,mobile,HUAWEI Y520-U03 Build/HUAWEIY520-U03,,chrome 63.0 for android,,2,2,2,0.5
DP-642c7c3592f46abf,desktop,Windows,Windows 7,chrome 63.0,1280x720,28,18,18,0.05555555555555555
DP-642d9558b6482086,mobile,Redmi Note 3 Build/MMB29M,,chrome 62.0 for android,,1,1,1,1.0
DP-643aa67853d22070,mobile,Hisense F23 Build/NRD90M,,chrome 65.0 for android,,9,6,6,0.16666666666666666
DP-643b2ddd164ce6f7,mobile,Pixel,Android 8.1.0,chrome 66.0 for android,2562x1442,1,1,1,1.0
DP-643d88cb4641f162,mobile,SM-N950U Build/NMF26X,Android 7.1.1,chrome 63.0 for android,2220x1081,1,1,1,1.0
DP-644cfadc59b05c7c,mobile,SAMSUNG SM-G935T Build/NRD90M,,samsung browser 6.2,,1,1,1,1.0
DP-644f43676b4dd944,desktop,,,safari generic,,1407,415,415,0.0024096385542168677
DP-64551a53af01ce5c,desktop,MacOS,Mac OS X 10_10_5,safari generic,3360x2100,3,3,3,0.3333333333333333
DP-645cb24fe943d154,mobile,HTC Desire 626s Build/LMY47O,,chrome 66.0 for android,,5,4,4,0.25
DP-645d9c780875a941,mobile,HTC U11 Build/NMF26X,,chrome 62.0 for android,,1,1,1,1.0
DP-645ebce4c2359b3f,mobile,SAMSUNG SM-A320Y Build/NRD90M,,samsung browser generic,,2,2,2,0.5
DP-646575877465362b,mobile,ASUS_X00ID,,chrome 65.0 for android,,1,1,1,1.0
DP-64778b923eb3d2fa,mobile,Z983 Build/NMF26F,Android 7.1.1,chrome 64.0 for android,1920x1080,1,1,1,1.0
DP-6478ea885c1e7bd8,mobile,TA-1038 Build/NMF26O,,chrome 66.0 for android,,1,1,1,1.0
DP-647a8b9cf8c68ff7,mobile,SAMSUNG SM-J327A Build/NRD90M,Android 7.0,samsung browser 6.4,1281x721,1,1,1,1.0
DP-647adb3775b5db6a,desktop,MacOS,Mac OS X 10_11_6,chrome 64.0,1280x800,7,7,7,0.14285714285714285
DP-647db4e5066d81b9,mobile,SM-A320FL Build/NRD90M,,chrome 66.0 for android,,5,3,3,0.3333333333333333
DP-648a5b2866247ca4,desktop,rv:11.0,Windows 7,ie 11.0 for desktop,1280x1024,62,50,50,0.02
DP-648a834e4fe592c1,mobile,moto x4 Build/OPWS27.57-40-6,,chrome 65.0 for android,,23,6,6,0.16666666666666666
DP-648ad959dc9ae4ba,mobile,SM-T310 Build/KOT49H,Android 4.4.2,chrome 63.0 for android,,1,1,1,1.0
DP-648b61728d6293b9,desktop,Windows,Windows 7,chrome 62.0,1280x800,11,10,10,0.1
DP-648f2ba879dc0e9f,mobile,5080A Build/MRA58K,,chrome 66.0 for android,,6,4,4,0.25
DP-6492d1bebfede9e6,mobile,Ilium L1000 Build/LRX22G,,chrome 64.0 for android,,1,1,1,1.0
DP-6496d18eca5010df,mobile,Build/OPM1.171019.011,Android 8.1.0,chrome 66.0 for android,2160x1081,1,1,1,1.0
DP-64a329766b34a975,mobile,,Android,chrome 63.0,2560x1440,42,2,2,0.5
DP-64a3c3a52ab8a448,desktop,rv:52.9,Windows 10,firefox,1920x1080,1,1,1,1.0
DP-64a4b56e9e559797,desktop,MacOS,Mac OS X 10_9_5,safari generic,1360x768,1,1,1,1.0
DP-64a6464e1baef88b,mobile,SAMSUNG SM-G900A Build/MMB29M,Android 6.0.1,samsung browser generic,1920x1080,1,1,1,1.0
DP-64c2b7422fcfdfcd,desktop,MacOS,Mac OS X 10_13_3,chrome 63.0,2560x1440,3,3,3,0.3333333333333333
DP-64c88b06560876e9,desktop,MacOS,Mac OS X 10_12_6,chrome 63.0,1600x900,2,2,2,0.5
DP-64d878689e27fa32,mobile,SM-G900P Build/MMB29M,Android 6.0.1,chrome 63.0 for android,1920x1080,1,1,1,1.0
DP-64db807cf6623e55,mobile,B3-A20,,chrome 50.0 for android,,1,1,1,1.0
DP-64de5e8ebef023d0,mobile,es-us,,chrome generic,,5,4,4,0.25
DP-64e1cfe25965e5b2,mobile,SAMSUNG SM-P580 Build/NRD90M,,samsung browser 6.4,,4,2,2,0.5
DP-64eb61f097965dd7,mobile,SM-G950F Build/R16NW,,chrome 66.0 for android,,23,14,14,0.07142857142857142
DP-64ed4a263e8ae74f,mobile,EVA-L09 Build/HUAWEIEVA-L09,,chrome 60.0 for android,,7,2,2,0.5
DP-64f25f8992c7afc5,mobile,Z833,Android 6.0.1,chrome 66.0 for android,855x480,1,1,1,1.0
DP-64f4910f099644f7,mobile,BLN-L21 Build/HONORBLN-L21,,chrome 66.0 for android,,1,1,1,1.0
DP-64f954a2fcb1f195,desktop,Linux i686,,firefox 58.0,,5,5,5,0.2
DP-64fe0025cb470aa7,desktop,MacOS,Mac OS X 10_12_5,chrome 62.0,3360x2100,1,1,1,1.0
DP-64ff0c11753c1d0e,mobile,Pixel Build/OPM1.171019.011,Android 8.1.0,chrome 63.0 for android,,21,14,14,0.07142857142857142
DP-650f787c624859cd,desktop,rv:59.0,Mac OS X 10.10,firefox 59.0,1366x768,6,3,3,0.3333333333333333
DP-650f92a2bd68a5d6,mobile,TRT-L53 Build/HUAWEITRT-L53,,chrome 66.0 for android,,16,10,10,0.1
DP-6517487fb79d98d0,mobile,SM-T827V Build/NRD90M,Android 7.0,chrome 61.0 for android,2048x1536,1,1,1,1.0
DP-6517fefb54e51695,mobile,SM-G531H Build/LMY48B,,chrome 50.0 for android,,10,3,3,0.3333333333333333
DP-651a2c43007411e0,desktop,rv:45.0,Mac OS X 10.11,firefox,1920x1080,1,1,1,1.0
DP-651a4b9eada0759e,mobile,B3-A40,,chrome 64.0 for android,,3,3,3,0.3333333333333333
DP-651fe8f9cfc4ded9,mobile,ZTE BLADE A6 Build/NMF26F,,chrome 65.0 for android,,1,1,1,1.0
DP-6528799eebcacee6,mobile,BLU,,chrome 65.0 for android,,1,1,1,1.0
DP-652d7da6214ceeb6,mobile,SAMSUNG SM-N900W8 Build/LRX21V,,chrome generic,,4,3,3,0.3333333333333333
DP-6535ed1e40d9144b,desktop,Windows NT 6.1,Windows 7,ie 11.0 for desktop,1422x889,1,1,1,1.0
DP-653c60828712477a,desktop,,,chrome 60.0,,32,17,17,0.058823529411764705
DP-653cad75f5d60229,mobile,EVA-L19 Build/HUAWEIEVA-L19,,chrome 63.0 for android,,1,1,1,1.0
DP-6547a749270948b5,mobile,D2306 Build/18.6.A.0.182,,chrome 66.0 for android,,1,1,1,1.0
DP-654f1b25d81b524d,desktop,Windows,Windows 10,firefox 58.0,1920x1080,74,51,51,0.0196078431372549
DP-65511ef17d475e38,desktop,MacOS,Mac OS X 10_13_2,chrome 63.0,1920x1200,8,6,6,0.16666666666666666
DP-655dd2742334eb7a,desktop,Trident/7.0,Windows 7,ie 11.0 for desktop,1152x720,1,1,1,1.0
DP-656017e6d71d86fe,mobile,SAMSUNG SM-G965U Build/R16NW,Android 8.0.0,samsung browser 7.0,2961x1442,1,1,1,1.0
DP-6577b9ed10183f38,mobile,SGP611,,chrome 54.0 for android,,1,1,1,1.0
DP-65787f1ea537d5ab,mobile,SM-T800,,chrome 63.0 for android,,5,3,3,0.3333333333333333
DP-6578d5eee2cfd5fc,desktop,MacOS,Mac OS X 10_12_2,chrome 61.0,1280x800,1,1,1,1.0
DP-6583cb0f3f1e4311,mobile,IdeaTabA2109A,,chrome 63.0 for android,,1,1,1,1.0
DP-6583ec1b940ced0f,mobile,LGLS992,Android 6.0.1,chrome 64.0 for android,2560x1440,1,1,1,1.0
DP-659772016aaad82a,mobile,LG-V495,Android 5.0.2,chrome 60.0 for android,,1,1,1,1.0
DP-659f91b3024af7a5,desktop,Windows,,firefox 56.0,,12,7,7,0.14285714285714285
DP-65a0efe86cca5577,mobile,LGLS992,Android 7.0,chrome 65.0 for android,2560x1440,1,1,1,1.0
DP-65a0f33fb9340a67,mobile,SM-G900M Build/LRX21T,,chrome 55.0 for android,,1,1,1,1.0
DP-65a116adbb79ad80,mobile,LG-H960,,chrome generic for android,,1,1,1,1.0
DP-65a8e2502533ca9b,desktop,MacOS,Mac OS X 10_12_5,chrome 63.0,2560x1600,1,1,1,1.0
DP-65aa4d835e78a479,mobile,SM-J700T Build/NMF26X,Android 7.1.1,chrome 62.0 for android,1280x720,3,1,1,1.0
DP-65af736a412324f4,desktop,D5306,,chrome generic,,1,1,1,1.0
DP-65b05153c815ba5e,mobile,Lenovo TB-7703X Build/S100,,chrome generic for android,,1,1,1,1.0
DP-65c30423cd5d251a,mobile,iOS Device,iOS 11.3.1,chrome 66.0 for ios,2208x1242,7,6,6,0.16666666666666666
DP-65c5ea26e20ad1eb,mobile,SAMSUNG SM-N900T Build/LRX21V,Android 5.0,other,1920x1080,1,1,1,1.0
DP-65d8f1c0ea43e3d5,mobile,Android 6.0.1,,android webview 4.0,,5,3,3,0.3333333333333333
DP-65d9734cbcee2f33,mobile,Blade V6 Build/LRX22G,,chrome 65.0 for android,,6,5,5,0.2
DP-65e2f7038eaffe13,mobile,Pixel 2 Build/OPM1.171019.019,Android 8.1.0,chrome 64.0 for android,,2,2,2,0.5
DP-65f0f90b4d2ca7d7,mobile,XT1710-02 Build/NDSS26.118-23-15,Android 7.1.1,chrome 63.0 for android,1920x1080,3,2,2,0.5
DP-65f74ce22488c3d9,mobile,iOS Device,iOS 11.4.1,mobile safari 11.0,2208x1242,1,1,1,1.0
DP-65f99ec6bbd567cf,mobile,SM-J730GM Build/NRD90M,,chrome generic for android,,38,12,12,0.08333333333333333
DP-65fada22eb3c11d2,mobile,SAMSUNG-SM-G935A Build/NRD90M,Android 7.0,chrome 65.0 for android,1921x1081,1,1,1,1.0
DP-66012748971f192b,mobile,Alcatel_4060O Build/MMB29M,Android 6.0.1,chrome generic for android,855x480,1,1,1,1.0
DP-660d65a30c729722,mobile,LG-X180g Build/LMY47I,,chrome 55.0 for android,,2,1,1,1.0
DP-661d51ef4b891bd9,mobile,GT-I9505 Build/LRX22C,,opera,,2,1,1,1.0
DP-661d5f194aef522a,mobile,iOS Device,iOS 10.3.2,mobile safari 10.0,2048x1536,92,58,58,0.017241379310344827
DP-66233a3bd3025a34,desktop,Windows,Windows 10,chrome 63.0,3843x2163,2,1,1,1.0
DP-6631a73f2291dc3c,desktop,MacOS,Mac OS X 10_13_2,chrome 62.0,1440x900,11,9,9,0.1111111111111111
DP-6632b3941e01ff39,mobile,SM-J700T Build/NMF26X,Android 7.1.1,chrome 63.0 for android,,2,1,1,1.0
DP-6632cfb19d7fbd83,mobile,TA-1039 Build/N2G47H,,chrome generic for android,,3,2,2,0.5
DP-663695a20a787e2e,mobile,WAS-LX1 Build/HUAWEIWAS-LX1,,chrome 66.0 for android,,3,2,2,0.5
DP-663f9c8f974b1c58,mobile,Z835 Build/NMF26V,Android 7.1.1,chrome,855x480,2,1,1,1.0
DP-6641dffd3444760e,mobile,Moto C Build/NRD90M.054,,chrome 62.0 for android,,4,2,2,0.5
DP-6642423e8119c0f5,mobile,Grand2c,,android webview 4.0,,1,1,1,1.0
DP-664320dce3d088eb,mobile,SM-T813 Build/NRD90M,Android 7.0,opera,2048x1536,1,1,1,1.0
DP-664a04547b4ebf04,desktop,MacOS,Mac OS X 10_11_6,chrome 62.0,1680x1050,1,1,1,1.0
DP-664aec48dae0d082,mobile,SAMSUNG SM-G531H Build/LMY48B,,samsung browser 6.4,,2,2,2,0.5
DP-664c6dbcede12ddb,mobile,iOS Device,iOS 10.3.3,chrome 64.0 for ios,2048x1536,4,3,3,0.3333333333333333
DP-66551f5e85d6a4ea,desktop,Windows,Windows 10,edge 14.0,1024x768,2,2,2,0.5
DP-665f77e96a413a11,desktop,rv:11.0,Windows 7,ie 11.0 for desktop,1920x1200,19,13,13,0.07692307692307693
DP-666eac52b624fc92,mobile,Moto X Play Build/NPD26.48-24-1,,chrome 66.0 for android,,9,8,8,0.125
DP-666fc47b8c95029c,desktop,Windows,Windows 7,,1919x1080,2,1,1,1.0
DP-667058f5cffb9e83,mobile,SAMSUNG,Android 7.0,samsung browser 6.2,1920x1080,10,8,8,0.125
DP-6672a43ffd496154,desktop,Windows,Windows 10,comodo,1920x1080,4,4,4,0.25
DP-6673a2c5eef54ebb,mobile,iOS Device,iOS 10.2.0,mobile safari generic,1136x640,1,1,1,1.0
DP-667452cda281b08e,desktop,Windows,Windows 10,chrome 63.0,1700x960,1,1,1,1.0
DP-6674d51489dc3438,desktop,Windows,Windows 8.1,chrome 63.0,1920x1080,195,132,132,0.007575757575757576
DP-6676537bcdb33375,mobile,rv:57.0,Android 7.0,Generic/Android 7.0,2560x1440,4,4,4,0.25
DP-667d23e46febb1dc,mobile,Nexus 6P Build/OPR5.170623.011,Android 8.0.0,,2562x1442,5,3,3,0.3333333333333333
DP-667f5d1783deb3ed,mobile,SM-G955U Build/R16NW,,chrome 66.0 for android,,5,3,3,0.3333333333333333
DP-668d39d74e762445,desktop,Windows,func,chrome 62.0,1920x1080,1,1,1,1.0
DP-66a27ef007b00f62,mobile,LG-D850,Android,chrome 66.0 for android,2560x1440,1,1,1,1.0
DP-66a914d868fb78a5,mobile,SM-G950F Build/NRD90M,,chrome generic for android,,12,10,10,0.1
DP-66ad3dd2bd65bb05,desktop,rv:53.0,Windows 10,firefox,1920x1080,2,2,2,0.5
DP-66b09d469aca9ae9,desktop,Northwell,Windows 7,ie 11.0 for desktop,1280x720,1,1,1,1.0
DP-66b30c5b2b24f517,mobile,LG-M700 Build/NMF26X,,chrome 61.0 for android,,2,2,2,0.5
DP-66c9672bd7a1f969,mobile,SM-N910V Build/MMB29M,,chrome 63.0 for android,,2,2,2,0.5
DP-66cf834316f78342,desktop,MacOS,Mac OS X 10_9_5,chrome 65.0,2880x1800,2,2,2,0.5
DP-66da416f37968a7a,mobile,M4,,chrome 65.0 for android,,1,1,1,1.0
DP-66e043073e83e0a3,mobile,iOS Device,iOS 11.0.1,mobile safari 11.0,2208x1242,26,19,19,0.05263157894736842
DP-66e1ab0ec1c3d068,mobile,LG-X240 Build/MRA58K,,chrome generic for android,,7,6,6,0.16666666666666666
DP-66e29009471bf3c2,desktop,MacOS,Mac OS X 10_10_5,chrome 62.0,1366x768,4,4,4,0.25
DP-66e9bd885289d4aa,desktop,MacOS,Mac OS X 10_13_3,chrome 64.0,2560x1600,22,17,17,0.058823529411764705
DP-66ede4f2eeaa9834,desktop,MacOS,Mac OS X 10_13_4,chrome 66.0,3360x2100,11,6,6,0.16666666666666666
DP-66f2c80af3dfb527,mobile,SAMSUNG-SM-J320A Build/NMF26X,Android 7.1.1,chrome 63.0 for android,1280x720,2,2,2,0.5
DP-66f6ca74932f2b46,mobile,LGLS992,Android 7.0,chrome generic for android,2560x1440,1,1,1,1.0
DP-67012738fc11b6de,mobile,Turbo C5 Build/LMY47I,,chrome 64.0 for android,,4,1,1,1.0
DP-6704133c1dd48d0f,desktop,Windows,Windows 10,chrome 65.0,2400x1350,10,7,7,0.14285714285714285
DP-6705f6e97dee1d5a,mobile,SM-T810,,chrome 65.0 for android,,1,1,1,1.0
DP-6706a8c2e40af4d6,desktop,Windows,Windows 7,chrome 66.0,1440x900,22,10,10,0.1
DP-670c7a12eab424c6,desktop,MacOS,Mac OS X 10_11_3,chrome 63.0,1280x800,2,2,2,0.5
DP-671d7a2ef3530bbe,desktop,MacOS,Mac OS X 10_9_5,chrome 59.0,2880x1800,1,1,1,1.0
DP-672ef3ac0ee17cbc,mobile,rv:57.0,Android,firefox,1920x1080,1,1,1,1.0
DP-6731247cd5af97bb,mobile,SM-T113NU Build/KTU84P,,chrome 63.0 for android,,4,3,3,0.3333333333333333
DP-6731fa99a4bf1563,desktop,Windows,Windows 10,chrome 66.0,1707x960,3,1,1,1.0
DP-67321fceacc7b07a,mobile,Lenovo A2016b30 Build/MRA58K,,chrome 59.0 for android,,1,1,1,1.0
DP-674264e4601f136a,mobile,Moto,Android 7.1.1,chrome 63.0 for android,1920x1080,1,1,1,1.0
DP-675c7d4ce9aa08ec,mobile,RCT6513W87 Build/MRA58K,Android 6.0,chrome 63.0 for android,1024x600,1,1,1,1.0
DP-675e4e3ec26ad9ed,mobile,SM-J320FN Build/LMY47V,,chrome 64.0 for android,,7,2,2,0.5
DP-67609471a640919e,mobile,SAMSUNG SM-G920F Build/NRD90M,Android 7.0,samsung browser 6.2,2560x1440,3,1,1,1.0
DP-6764add66f1b64b9,desktop,MacOS,Mac,chrome 66.0,1280x800,3,1,1,1.0
DP-67691e90e7bd17c8,desktop,rv:58.0,Mac OS X 10.11,firefox generic,1680x1050,1,1,1,1.0
DP-676fec52ff3a73e5,mobile,HTC,,chrome 66.0 for android,,1,1,1,1.0
DP-6788b121fa16edef,desktop,Windows,Windows 10,chrome 62.0,2112x1188,2,2,2,0.5
DP-6792f6e17060766c,mobile,SM-G900M Build/LRX21T,,chrome 57.0 for android,,2,1,1,1.0
DP-67956c8b94dbe8c4,mobile,iOS Device,iOS 11.3.0,mobile safari 11.0,2001x1125,50,39,39,0.02564102564102564
DP-6798f8642b81c57a,mobile,LG-K428 Build/MMB29M,Android 6.0.1,chrome 54.0 for android,1280x720,1,1,1,1.0
DP-679f1d81f762ea71,desktop,MacOS,Mac OS X 10_10_5,chrome 61.0,1366x768,4,3,3,0.3333333333333333
DP-67a599017cb9f483,desktop,,Linux,chrome 65.0,2400x1600,2,2,2,0.5
DP-67a9d911d2ba92ff,desktop,Windows,Windows 10,chrome 63.0,600x450,1,1,1,1.0
DP-67ab2b82d8aae10d,desktop,rv:57.0,Windows 10,icedragon,1920x1080,5,3,3,0.3333333333333333
DP-67b1ecb61f3599d3,desktop,Trident/7.0,Windows 7,ie 11.0 for desktop,1280x1024,318,165,165,0.006060606060606061
DP-67c2cadb60d7fc96,mobile,SM-J510MN Build/MMB29M,,chrome 60.0 for android,,2,1,1,1.0
DP-67ce5d0dece3cee7,desktop,Windows,Windows 8.1,chrome 65.0,1680x1050,1,1,1,1.0
DP-67dd7e851eaba408,mobile,hi6210sft Build/MRA58K,,chrome 62.0 for android,,2,2,2,0.5
DP-67e0867963c314d1,mobile,SAMSUNG-SM-G891A Build/NRD90M,Android 7.0,chrome generic for android,1920x1080,1,1,1,1.0
DP-67e1d9fd4d1114c2,desktop,Windows,Windows 10,chrome 58.0,1366x768,27,18,18,0.05555555555555555
DP-67e9ae6ab234ba20,mobile,VS987 Build/NRD90U,Android 7.0,chrome 55.0 for android,2560x1440,1,1,1,1.0
DP-67ee0cddb73c1563,desktop,rv:52.0,Windows 10,firefox,1920x1200,1,1,1,1.0
DP-67f1e4c9e9cb7ed6,desktop,rv:45.0,Windows 10,firefox,1920x1080,2,2,2,0.5
DP-67f6c47b23a1e92c,mobile,SM-T377T,Android 7.1.1,chrome 61.0 for android,,1,1,1,1.0
DP-680665c79ab8e77b,desktop,,Linux,chrome 62.0,3360x1890,1,1,1,1.0
DP-680a516a458607e6,desktop,rv:52.0,Windows XP,firefox 52.0,1600x900,1,1,1,1.0
DP-680d14ef8e091d56,mobile,LG-M210 Build/NRD90U,,chrome 65.0 for android,,1,1,1,1.0
DP-681007849b9f23cb,mobile,SAMSUNG-SM-G870A Build/MMB29M,Android 6.0.1,chrome 62.0 for android,1920x1080,5,5,5,0.2
DP-6822820b981df45b,desktop,Windows,Windows 10,edge 17.0,1280x1024,6,3,3,0.3333333333333333
DP-6826d58766992237,mobile,SAMSUNG SM-N950U Build/NMF26X,Android 7.1.1,samsung browser 6.2,2220x1080,3,3,3,0.3333333333333333
DP-6830ebbbf9b25420,mobile,Mi A1 Build/OPR1.170623.026,,chrome 66.0 for android,,1,1,1,1.0
DP-6837c3103eb0125b,mobile,SM-P550 Build/NMF26X,,chrome 64.0 for android,,2,2,2,0.5
DP-68404be7147906d0,mobile,LGMS550 Build/NRD90U,,chrome 66.0 for android,,2,1,1,1.0
DP-6849e646eff713da,mobile,verykools5034,,chrome 63.0 for android,,1,1,1,1.0
DP-6857b2cda1fea322,desktop,MacOS,Mac OS X 10_12_4,chrome 63.0,2560x1600,5,4,4,0.25
DP-685adb881f293e99,desktop,MacOS,Mac OS X 10_13_4,safari generic,1280x720,1,1,1,1.0
DP-6866b0cf94f32ce5,mobile,SM-G550T1 Build/MMB29K,Android 6.0.1,chrome 62.0 for android,1280x720,2,2,2,0.5
DP-68720a4cfa13b02a,mobile,Dash,,chrome 61.0 for android,,1,1,1,1.0
DP-687a63382c636192,mobile,LG-H820 Build/NRD90U,,chrome 63.0 for android,,1,1,1,1.0
DP-687cff1d81d3cedb,mobile,F3213 Build/36.1.A.1.86,,chrome generic for android,,9,7,7,0.14285714285714285
DP-6880777184deea8a,desktop,MacOS,Mac OS X 10_10_5,chrome 65.0,2560x1440,3,2,2,0.5
DP-688386476e8cf426,desktop,Windows,Windows 8,firefox 59.0,1366x768,1,1,1,1.0
DP-688716ae27df2316,mobile,SM-T560NU Build/NMF26X,,chrome 66.0 for android,,1,1,1,1.0
DP-688f18d335a9d663,mobile,SAMSUNG SM-G930R4 Build/NRD90M,Android 7.0,samsung browser 6.2,1920x1080,5,2,2,0.5
DP-689bbc8bef6f1b54,mobile,BLADE V8 SE Build/NRD90M,,chrome generic for android,,11,7,7,0.14285714285714285
DP-689c6279d7acf508,desktop,Windows,Windows 10,ie 11.0 for tablet,1920x1080,1,1,1,1.0
DP-689ce5b2d1e82f94,desktop,MacOS,Mac OS X 10_12_5,chrome 63.0,1440x900,13,8,8,0.125
DP-68a6f4d2e0ef83b4,mobile,7055A Build/KVT49L,,chrome 63.0 for android,,1,1,1,1.0
DP-68af1572f3cd3243,mobile,iOS Device,iOS 11.2.1,chrome 62.0 for ios,2048x1536,1,1,1,1.0
DP-68bd1fd1539b1759,desktop,Windows,Windows 10,edge 14.0,2736x1824,9,8,8,0.125
DP-68be33604d04b1a3,mobile,SM-N950U Build/R16NW,,chrome 66.0 for android,,1,1,1,1.0
DP-68c83c5bafa77ae2,mobile,,Linux,samsung browser 6.2,2220x1080,5,2,2,0.5
DP-68d6edd1453feeab,desktop,MacOS,Mac OS X 10_13_4,chrome 66.0,1584x990,1,1,1,1.0
DP-68d928e44234b5ed,mobile,5054S Build/LMY47V,,chrome 63.0 for android,,2,2,2,0.5
DP-68dc7ecf266acf0f,mobile,LG-TP260 Build/NRD90U,Android 7.0,chrome 58.0 for android,1280x720,3,1,1,1.0
DP-68e7e6a7e0f6f05b,mobile,SM-P355M,,chrome 60.0 for android,,1,1,1,1.0
DP-68f7521cb12bab68,mobile,iOS Device,iOS 11.3.1,mobile safari generic,2208x1242,7,5,5,0.2
DP-690949006946889c,mobile,iOS Device,iOS 11.1.2,mobile safari generic,2208x1242,145,86,86,0.011627906976744186
DP-691669ecc2586258,mobile,SM-J120H Build/LMY47V,,chrome 63.0 for android,,2,2,2,0.5
DP-6918a9c597c46da2,mobile,GT-I9500,,chrome 62.0 for android,,1,1,1,1.0
DP-69233a75885040ae,mobile,SM-G530H Build/LRX22G,,chrome 60.0 for android,,2,2,2,0.5
DP-6928998ed8e47742,desktop,Windows,Windows 8.1,chrome 63.0,3441x1440,1,1,1,1.0
DP-692b49adee1be8a3,desktop,Windows,Windows 10,chrome 65.0,1920x1080,621,299,299,0.0033444816053511705
DP-6930247b12145166,mobile,SM-T520,Android 4.4.2,chrome 63.0 for android,2560x1600,1,1,1,1.0
DP-6935f6d44531f67f,desktop,Windows,Windows 8,chrome generic,1920x1080,7,2,2,0.5
DP-693b7f5a35d190ee,mobile,iOS Device,iOS 11.3.1,chrome 66.0 for ios,2001x1125,1,1,1,1.0
DP-6941fa2bc3b2e8e6,desktop,Windows,Windows 8.1,firefox 58.0,,1,1,1,1.0
DP-695f3bb4501fed6d,mobile,Pixel,Android 8.0.0,,,2,2,2,0.5
DP-6967b8db42711e5c,mobile,LG-H650 Build/MRA58K,,chrome 65.0 for android,,1,1,1,1.0
DP-6968104f208c9d42,mobile,SM-J530F Build/NRD90M,,chrome 66.0 for android,,1,1,1,1.0
DP-6983300b29d0a73b,mobile,Moto G (4) Build/NPJS25.93-14-18,,chrome 66.0 for android,,12,5,5,0.2
DP-698496dde6aa9115,mobile,Nexus,,,,1,1,1,1.0
DP-698530dfc3d668c1,desktop,Linux,,chromium,,1,1,1,1.0
DP-6987cdeec936a443,mobile,,Android 8.0.0,android webview 4.0,2220x1080,1,1,1,1.0
DP-698d5df6e8c4a2a1,desktop,Windows,,chrome 59.0,,10,6,6,0.16666666666666666
DP-69973c649f387eaf,mobile,Moto E (4) Build/NMA26.42-69,,chrome 66.0 for android,,30,11,11,0.09090909090909091
DP-699deb530f260fbd,mobile,SM-G930T Build/NRD90M,Android 7.0,chrome 65.0 for android,1920x1080,8,5,5,0.2
DP-69a982447ef7871d,desktop,MacOS,Mac OS X 10_12_6,chrome 63.0,2048x1280,1,1,1,1.0
DP-69acef0588d9acde,mobile,SAMSUNG SM-J327A Build/NRD90M,Android 7.0,samsung browser 6.2,1280x720,1,1,1,1.0
DP-69b06aa5cd0dc45f,desktop,Windows,Windows 7,chrome 64.0,2560x1600,1,1,1,1.0
DP-69b19ea22bc3cb87,mobile,SM-G920V Build/NRD90M,Android 7.0,chrome 64.0 for android,2560x1440,7,2,2,0.5
DP-69b37322df27e846,mobile,5011A Build/NRD90M,,chrome generic for android,,4,3,3,0.3333333333333333
DP-69b6168d8d14ebaa,mobile,iOS Device,iOS 10.3.2,mobile safari 10.0,2001x1125,5,5,5,0.2
DP-69b7d032fcd16cdd,mobile,D2306 Build/18.6.A.0.182,,chrome 62.0 for android,,1,1,1,1.0
DP-69bd677e9e60638b,desktop,Windows,Windows 8.1,chrome 65.0,1440x810,1,1,1,1.0
DP-69c397aa4996a0d8,mobile,M4 SS4457 Build/MRA58K,,chrome 66.0 for android,,3,3,3,0.3333333333333333
DP-69c57a52baad1de5,mobile,,Android,chrome 66.0,1280x800,2,1,1,1.0
DP-69cc7fdd621c5a08,mobile,SAMSUNG SM-J710MN Build/MMB29K,,samsung browser 4.0,,3,2,2,0.5
DP-69d6bb32f37baad4,mobile,QTASUN1 Build/NRD90M,Android 7.0,chrome 66.0 for android,1920x1200,1,1,1,1.0
DP-69da8c3048deb790,mobile,P5026A,,chrome 58.0 for android,,1,1,1,1.0
DP-69e3ce9c2046808f,mobile,rv:58.0,,Generic/Android,,7,2,2,0.5
DP-69fe4acedf795cf8,mobile,Alcatel,Android 7.0,chrome 65.0 for android,1280x720,1,1,1,1.0
DP-6a24152168ae8f26,mobile,Blade V580 Build/LMY47D,,chrome 58.0 for android,,3,1,1,1.0
DP-6a29841b58ca8442,desktop,Windows,Windows 10,chrome 65.0,1600x900,100,71,71,0.014084507042253521
DP-6a2a356f1c808f96,desktop,Windows,Windows 10,chrome 61.0,1600x1200,9,7,7,0.14285714285714285
DP-6a2cf1b29201a737,mobile,5051A Build/MMB29M,,chrome 62.0 for android,,1,1,1,1.0
DP-6a321d61eafc6e00,mobile,XT1635-01 Build/NDNS26.118-23-12-3,Android 7.1.1,chrome 62.0 for android,,1,1,1,1.0
DP-6a341b465e0cd50e,mobile,SM-J530GM Build/NRD90M,,other,,1,1,1,1.0
DP-6a403e370f9c6026,desktop,Windows,Windows 10,edge 14.0,1920x1080,71,52,52,0.019230769230769232
DP-6a4159c860599851,mobile,MotoG3 Build/MPIS24.65-25.1-19,,chrome 63.0 for android,,1,1,1,1.0
DP-6a4182b9e56fb5e1,mobile,SAMSUNG SM-J701M Build/NRD90M,Android 7.0,samsung browser 6.2,1280x720,1,1,1,1.0
DP-6a4c38b4ca81411b,desktop,rv:58.0,Mac OS X 10.10,firefox 58.0,1280x800,5,3,3,0.3333333333333333
DP-6a55bb86cd07dafc,mobile,GT-I9060M Build/KTU84P,,chrome 61.0 for android,,3,3,3,0.3333333333333333
DP-6a62f68e846139bd,mobile,SM-G900F Build/MMB29M,,chrome generic for android,,3,1,1,1.0
DP-6a6530abba7bcead,mobile,SM-G800M Build/KOT49H,,chrome 66.0 for android,,5,2,2,0.5
DP-6a654a9e644cf015,mobile,MI,,chrome 65.0 for android,,2,1,1,1.0
DP-6a67ac8480def715,mobile,SM-J700M Build/LMY48B,,chrome 56.0 for android,,2,2,2,0.5
DP-6a685f335465dfd9,desktop,Windows,Windows 7,firefox generic,1280x720,1,1,1,1.0
DP-6a72deb253fed3f7,mobile,XT1063 Build/MPB24.65-34-3,,chrome 63.0 for android,,3,3,3,0.3333333333333333
DP-6a79ce366e7db1d8,mobile,LG-D680 Build/KOT49I,,chrome 65.0 for android,,4,3,3,0.3333333333333333
DP-6a814e80ff963970,mobile,iOS Device,iOS 11.1.2,chrome 63.0 for ios,2224x1668,4,3,3,0.3333333333333333
DP-6a84c62064fd51d8,desktop,Trident/7.0,Windows 10,ie 11.0 for desktop,1600x900,162,89,89,0.011235955056179775
DP-6a91d17342c6465b,mobile,Moto C Build/NRD90M.063,,chrome 64.0 for android,,18,13,13,0.07692307692307693
DP-6a97d42e14048157,desktop,MacOS,Mac OS X 10_11_6,safari 10.0,1440x900,1,1,1,1.0
DP-6a9858f32c0e2b36,mobile,LGLS990,Android,chrome 62.0 for android,2560x1440,1,1,1,1.0
DP-6a9f1488d93d6555,desktop,MacOS,Mac OS X 10_13_2,chrome 58.0,2880x1800,2,2,2,0.5
DP-6ab469004e95c463,mobile,Moto G (4) Build/NPJS25.93-14-13,,chrome generic,,122,34,34,0.029411764705882353
DP-6ab72ebceb2b1b6a,mobile,LG-K200 Build/MXB48T,,chrome 61.0 for android,,2,1,1,1.0
DP-6abaf89e1f3dcce1,desktop,MacOS,Mac OS X 10_10_5,chrome 65.0,2560x1600,6,6,6,0.16666666666666666
DP-6abc3cfd3b74cefb,mobile,SM-A720F Build/NRD90M,,chrome 58.0 for android,,13,9,9,0.1111111111111111
DP-6abfb4b3cfe8d543,mobile,LG-H840 Build/MMB29M,,chrome 66.0 for android,,5,4,4,0.25
DP-6ac0f19bae597d1b,desktop,Windows,Windows 10,chrome 63.0,3000x2000,28,21,21,0.047619047619047616
DP-6ac1810e0a2b160a,mobile,LG-K350,,chrome 66.0 for android,,1,1,1,1.0
DP-6ac511f25aef2a5f,desktop,Windows,Windows 8.1,chrome 65.0,1366x768,54,28,28,0.03571428571428571
DP-6ac590062af98f39,mobile,SM-G930VL Build/NRD90M,Android 7.0,chrome 66.0 for android,2560x1440,1,1,1,1.0
DP-6ac670550fd344f3,desktop,LG-H221,,chrome,,1,1,1,1.0
DP-6ac74f1dc37ee047,desktop,rv:57.0,Mac OS X 10.9,firefox 57.0,2560x1440,1,1,1,1.0
DP-6ac852b9f1004ca4,mobile,Lenovo PB2-650Y Build/MRA58K,,chrome 63.0 for android,,8,6,6,0.16666666666666666
DP-6ad76157a094d71e,mobile,SM-J200M Build/LMY47X,,chrome 43.0 for android,,1,1,1,1.0
DP-6ada4ba0acac3960,desktop,MacOS,Mac OS X 10_9_5,safari generic,1920x1080,48,38,38,0.02631578947368421
DP-6aed8d5dd3138b4f,mobile,SM-G935T Build/NRD90M,,chrome 66.0 for android,,1,1,1,1.0
DP-6b0229e0d4f725b1,mobile,SM-J710MN Build/MMB29K,,chrome 62.0 for android,,5,4,4,0.25
DP-6b02f535fb4a2084,mobile,SM-N910T Build/MMB29M,Android 6.0.1,chrome 63.0 for android,2560x1440,5,5,5,0.2
DP-6b09edec8d1ae0d8,mobile,XT1060,Android,chrome 63.0 for android,1280x720,1,1,1,1.0
DP-6b0a9dfe063c2b18,desktop,,Linux,chrome 62.0,1920x1200,1,1,1,1.0
DP-6b1312c3e593a1b2,mobile,SM-T560 Build/KTU84P,,chrome 63.0 for android,,19,8,8,0.125
DP-6b19700d70a5574b,mobile,VS986 Build/MRA58K,Android 6.0,chrome 63.0 for android,2560x1440,3,2,2,0.5
DP-6b1de609c1b75298,desktop,MacOS,Mac OS X 10_12_6,safari 11.0,2880x1800,15,10,10,0.1
DP-6b21323d78d151f7,mobile,SM-J701M Build/NRD90M,,chrome 62.0 for android,,2,2,2,0.5
DP-6b26d0f4c7dde576,desktop,MacOS,Mac OS X 10_13_5,safari 11.0,2560x1600,1,1,1,1.0
DP-6b26d32ea540e88e,desktop,Windows,Windows 10,chrome 66.0,1600x900,78,55,55,0.01818181818181818
DP-6b29d79c3df60fd7,mobile,LG-H650 Build/MRA58K,,chrome 63.0 for android,,6,4,4,0.25
DP-6b2de1c47b15d4e8,mobile,SM-J700M Build/MMB29K,,chrome 59.0 for android,,17,7,7,0.14285714285714285
DP-6b2fc40ce38743b6,desktop,,Linux,chrome generic,2961x1442,8,4,4,0.25
DP-6b3eb074b48ee4bd,desktop,Windows,Windows 10,opera 49.0,1600x900,1,1,1,1.0
DP-6b3f1ec45da5370d,desktop,rv:49.0,Windows 7,firefox,1366x768,1,1,1,1.0
DP-6b3f3b22ffea02d2,mobile,HTC Desire 10 lifestyle Build/MMB29M,,chrome 66.0 for android,,11,5,5,0.2
DP-6b4172797bf2d506,desktop,ALCATEL,,chrome generic,,1,1,1,1.0
DP-6b4722674c3b45d6,desktop,Windows,Windows Vista,firefox 52.0,1280x720,3,1,1,1.0
DP-6b48f41acd10308a,mobile,SM-G935T Build/NRD90M,Android 7.0,chrome 63.0 for android,2562x1442,1,1,1,1.0
DP-6b4db748db57e1e2,mobile,LG-K200 Build/MXB48T,,chrome 63.0 for android,,23,15,15,0.06666666666666667
DP-6b66b739d22d28fc,mobile,SM-A320Y Build/NRD90M,,chrome 63.0 for android,,6,4,4,0.25
DP-6b797c14a8182048,mobile,SAMSUNG SM-G900T Build/MMB29M,Android 6.0.1,samsung browser generic,1920x1080,1,1,1,1.0
DP-6b87ba694824e79a,desktop,rv:51.0,Windows 10,firefox,1920x1080,2,2,2,0.5
DP-6b88ff8610010461,mobile,SAMSUNG SM-G930T Build/NRD90M,Android 7.0,samsung browser 6.2,2560x1440,1,1,1,1.0
DP-6b8ae74f92e8c1ce,mobile,SM-G955U1 Build/NRD90M,,chrome 63.0 for android,,2,2,2,0.5
DP-6b8d0c44f46aba44,desktop,rv:33.0,,firefox,,2,2,2,0.5
DP-6b94582c355ff35c,desktop,MacOS,Mac OS X 10_9_5,safari 9.0,2880x1800,1,1,1,1.0
DP-6b9dbbc3ec15df3e,mobile,SM-G950U1 Build/NRD90M,Android 7.0,chrome 60.0 for android,2220x1080,1,1,1,1.0
DP-6ba0c244311cc862,mobile,D5803 Build/23.5.A.1.291,,chrome generic for android,,1,1,1,1.0
DP-6ba30c7ec2ef945d,mobile,SM-T377W,Android 6.0.1,chrome 62.0 for android,,1,1,1,1.0
DP-6bb335d15f6e1c5e,mobile,SAMSUNG,Android 5.1.1,chrome generic,2562x1442,1,1,1,1.0
DP-6bb6fd0e0e8528ab,desktop,MacOS,Mac OS X 10_12_3,chrome 59.0,1440x900,1,1,1,1.0
DP-6bbffcedefb225dc,desktop,Windows,Windows 10,chrome generic,960x640,1,1,1,1.0
DP-6bc86a8547e24b1b,mobile,SAMSUNG-SM-G928A Build/NRD90M,Android 7.0,chrome 62.0 for android,,1,1,1,1.0
DP-6bcc6d9ec3391fc9,desktop,MacOS,Mac OS X 10_12_3,chrome 64.0,2560x1440,1,1,1,1.0
DP-6bcdbd063516e24b,desktop,MacOS,Mac OS X 10_11_4,chrome 63.0,2560x1600,6,6,6,0.16666666666666666
DP-6be1745929d632e7,mobile,SM-G935F Build/MMB29K,,chrome generic for android,,2,1,1,1.0
DP-6be65445bb21345e,desktop,MacOS,Mac OS X 10_10_5,chrome 64.0,1280x800,5,4,4,0.25
DP-6c043c96ff161272,mobile,ALCATEL ONE TOUCH 7047A Build/JDQ39,,chrome,,1,1,1,1.0
DP-6c08ec339699b726,mobile,LGUS215 Build/NRD90U,Android 7.0,chrome 61.0 for android,1280x720,1,1,1,1.0
DP-6c0e1a94184c20e6,mobile,LG-H850,,chrome 59.0 for android,,1,1,1,1.0
DP-6c0e1f03f9b942f4,mobile,Moto G Play Build/MPIS24.241-15.3-7,,chrome 62.0 for android,,7,5,5,0.2
DP-6c119deb0e841bca,mobile,SM-T580 Build/NRD90M,Android 7.0,chrome 63.0 for android,,1,1,1,1.0
DP-6c1f9b30808d249d,mobile,Lenovo TB-X103F Build/LenovoTB-X103F,Android 6.0.1,chrome 59.0 for android,1280x800,2,1,1,1.0
DP-6c221d1190d20140,mobile,LGUS215 Build/NRD90U,Android 7.0,chrome generic for android,1280x720,1,1,1,1.0
DP-6c2b5aadf9d9d9df,mobile,iOS Device,iOS 11.3.0,chrome 66.0 for ios,2436x1125,4,2,2,0.5
DP-6c30b1c5c0337171,mobile,SAMSUNG,Android 5.0,chrome generic,1920x1080,5,2,2,0.5
DP-6c35aafcb7c44989,mobile,Pixel XL Build/OPM1.171019.016,Android 8.1.0,chrome generic for android,2562x1442,1,1,1,1.0
DP-6c3f17e4605309ff,mobile,Hisense F102 Build/NRD90M,,chrome 64.0 for android,,7,2,2,0.5
DP-6c4156b6074dae04,mobile,Hisense L675 PRO Build/NRD90M,,chrome 63.0 for android,,3,3,3,0.3333333333333333
DP-6c45512be2745484,mobile,SM-T713 Build/NRD90M,Android 7.0,chrome 63.0 for android,2048x1536,2,2,2,0.5
DP-6c48a171058d3f9a,desktop,GT-I8190L Build/JZO54K,,chrome generic,,4,2,2,0.5
DP-6c4a550a14612f7d,desktop,MacOS,Mac OS X 10_11_3,chrome 59.0,1440x900,1,1,1,1.0
DP-6c5a3a10da2cf4a0,desktop,rv:59.0,Mac OS X 10.11,firefox 59.0,1920x1080,3,2,2,0.5
DP-6c5b109bacab43f9,desktop,Windows,Windows 7,firefox 60.0,1600x900,5,3,3,0.3333333333333333
DP-6c693580efe2a3ff,desktop,MacOS,Mac OS X 10_11_3,chrome 60.0,1280x800,1,1,1,1.0
DP-6c6f0ef553d404f5,mobile,916,,chrome 59.0 for android,,1,1,1,1.0
DP-6c83525718b1045f,desktop,MacOS,Mac OS X 10_11_4,chrome 65.0,2560x1600,1,1,1,1.0
DP-6c8897bad8d8d2d5,desktop,Windows,Windows 10,chrome generic,3200x1800,1,1,1,1.0
DP-6c8944e926321828,mobile,SAMSUNG-SM-G900A Build/MMB29M,Android 6.0.1,chrome 60.0 for android,1920x1080,1,1,1,1.0
DP-6c9abdf6f51d57d9,mobile,E2306 Build/26.3.A.1.33,,chrome 62.0 for android,,1,1,1,1.0
DP-6ca63365933447f2,mobile,iOS Device,iOS 11.1.1,mobile safari 11.0,2732x2048,3,2,2,0.5
DP-6ca695d745112b36,mobile,SAMSUNG SM-G530T Build/LMY47X,Android 5.1.1,other,960x540,3,3,3,0.3333333333333333
DP-6cad7590c994cc3c,mobile,Blade V6 Max Build/MRA58K,,chrome 58.0 for android,,3,1,1,1.0
DP-6cb54c3a096a9eb3,mobile,5080A Build/MRA58K,,chrome 60.0 for android,,1,1,1,1.0
DP-6cb7585da1aead46,mobile,SAMSUNG-SM-G930A Build/NRD90M,Android 7.0,chrome 63.0 for android,1920x1080,32,23,23,0.043478260869565216
DP-6ccdca51a419eeb4,mobile,SM-J105B Build/LMY47V,,chrome 64.0 for android,,1,1,1,1.0
DP-6cd1ce60b10fb6e6,mobile,SM-G928T Build/NRD90M,Android 7.0,chrome generic for android,1921x1081,1,1,1,1.0
DP-6cd23511e81bb52a,desktop,Trident/7.0,Windows 10,ie 11.0 for desktop,1768x992,1,1,1,1.0
DP-6ce954f7b6ede038,mobile,SAMSUNG SM-A510F Build/NRD90M,,samsung browser 6.4,,3,1,1,1.0
DP-6cea75a9e86a73b7,desktop,rv:58.0,Windows 7,firefox 58.0,1280x1024,1,1,1,1.0
DP-6d096f47833e582a,mobile,,Android,chrome generic,1920x1080,8,2,2,0.5
DP-6d118a68d4e762bc,mobile,CPH1723,Android 7.1.1,chrome 66.0 for android,2160x1080,2,1,1,1.0
DP-6d11bc176fd7c7d3,mobile,Z983 Build/NMF26F,Android 7.1.1,chrome 63.0 for android,1920x1080,1,1,1,1.0
DP-6d26a9f21c7ace19,desktop,MacOS,Mac OS X 10_12_1,chrome 63.0,1920x1080,1,1,1,1.0
DP-6d3af844660bf8b9,desktop,Trident/7.0,Windows 8.1,ie 11.0 for desktop,1366x768,84,53,53,0.018867924528301886
DP-6d41bd7b1e544117,desktop,Windows,Windows 10,chrome 62.0,1152x864,7,4,4,0.25
DP-6d4bd484cc14b6b6,mobile,SM-T377V Build/NMF26X,Android 7.1.1,chrome 61.0 for android,,1,1,1,1.0
DP-6d5b979bd90a6f32,desktop,rv:57.0,Mac OS X 10.10,firefox 57.0,1920x1080,15,15,15,0.06666666666666667
DP-6d5eaad3d5a27b14,desktop,Windows,,chrome 58.0,,15,8,8,0.125
DP-6d6058b8f3401b68,mobile,XT1635-02,,chrome 64.0 for android,,1,1,1,1.0
DP-6d64f50ed2267aa1,desktop,MacOS,Mac OS X 10_10_5,chrome 66.0,2880x1800,2,2,2,0.5
DP-6d6f484b0abc9e3c,mobile,HTC One M9 Build/NRD90M,,chrome 64.0 for android,,4,4,4,0.25
DP-6d7d319b8920198f,mobile,SM-N950U Build/R16NW,Android 8.0.0,chrome 65.0 for android,2961x1442,1,1,1,1.0
DP-6d815cdc2a8dcc21,mobile,SM-G935T Build/NRD90M,,chrome 65.0 for android,,2,2,2,0.5
DP-6d8ccb43045b4371,desktop,MacOS,Mac OS X 10_11_6,safari generic,2560x1600,194,119,119,0.008403361344537815
DP-6d9282e53d7caeee,mobile,HTCD100LVWPP,Android,chrome 65.0 for android,960x540,4,1,1,1.0
DP-6d92e1979299b83b,mobile,FIG-LX3 Build/HUAWEIFIG-LX3,,chrome 66.0 for android,,8,7,7,0.14285714285714285
DP-6d9586cbe45f4332,mobile,VTR-L29,,chrome 63.0 for android,,2,2,2,0.5
DP-6d979ce9ebe1d69a,desktop,rv:58.0,Windows 10,firefox,1440x900,1,1,1,1.0
DP-6d9d513f2074bfab,mobile,LG-H840 Build/MMB29M,,chrome 65.0 for android,,8,7,7,0.14285714285714285
DP-6dbdd449590852fe,mobile,LG-K428 Build/NRD90U,Android 7.0,chrome 63.0 for android,1280x720,2,2,2,0.5
DP-6dc00c566bf71452,mobile,AERIAL,,chrome 60.0 for android,,1,1,1,1.0
DP-6dc8a0654ee22369,mobile,X78,,chrome 66.0 for android,,1,1,1,1.0
DP-6dd4a813dfbac4fc,mobile,SM-J327T1 Build/NRD90M,,chrome 63.0 for android,,2,2,2,0.5
DP-6dd95b2bfc0d0a34,mobile,831C,Android 6.0,chrome 63.0 for android,1920x1080,1,1,1,1.0
DP-6dfce1ca8aff0988,desktop,MDDRJS,Windows 7,ie 11.0 for desktop,1024x768,31,22,22,0.045454545454545456
DP-6dfd9c910d0f7976,desktop,MacOS,Mac,chrome 63.0,1920x1080,6,6,6,0.16666666666666666
DP-6e054eb4e04a59c0,mobile,ASUS_Z017D,,,,2,1,1,1.0
DP-6e09e7167d91ae6d,mobile,SM-G530H Build/KTU84P,,chrome 64.0 for android,,4,3,3,0.3333333333333333
DP-6e0c252097b7ba91,mobile,SM-J510MN Build/MMB29M,,chrome generic for android,,5,3,3,0.3333333333333333
DP-6e127abc7d12155a,mobile,ONE A2003 Build/MMB29M,,chrome 63.0 for android,,2,1,1,1.0
DP-6e244347eef8c48d,desktop,MacOS,Mac OS X 10_10_5,chrome 62.0,1152x720,1,1,1,1.0
DP-6e28b0303231656a,desktop,Trident/7.0,Windows 10,ie 11.0 for tablet,3440x1440,1,1,1,1.0
DP-6e32bb87b794fe51,mobile,rv:57.0,Android 7.1.1,Generic/Android,1280x720,4,2,2,0.5
DP-6e3416a1d1ff8bc3,mobile,verykool,,chrome 64.0 for android,,1,1,1,1.0
DP-6e34d67ea6278814,desktop,Windows,Windows 7,firefox 57.0,1920x1200,21,13,13,0.07692307692307693
DP-6e3974bbd5a925ac,mobile,SM-G928G Build/NRD90M,,chrome 63.0 for android,,12,5,5,0.2
DP-6e3bd378979a4fa4,mobile,Moto G (5) Plus Build/NPNS25.137-92-4,,chrome 66.0 for android,,3,1,1,1.0
DP-6e4539d7f3eaad4f,mobile,SMART,,chrome 55.0 for android,,1,1,1,1.0
DP-6e45897111b3044e,desktop,rv:58.0,Mac OS X 10.11,firefox 58.0,3440x1440,1,1,1,1.0
DP-6e56d6d8c30cdc75,mobile,ASUS_X00DD,,chrome 64.0 for android,,1,1,1,1.0
DP-6e5fe631d10e8381,desktop,rv:60.0,Windows 10,firefox 60.0,1366x768,1,1,1,1.0
DP-6e6664675a091b0b,mobile,SAMSUNG-SM-J320A Build/MMB29K,Android 6.0.1,chrome 62.0 for android,1280x720,3,2,2,0.5
DP-6e673e75748b3f40,mobile,LG-H810/H81021z,Android 6.0,android webview 4.0,2560x1440,1,1,1,1.0
DP-6e6770b1ab4af336,mobile,HTC 10 Build/NRD90M,,chrome generic for android,,1,1,1,1.0
DP-6e6c57ae17f3c4a5,desktop,MacOS,Mac OS X 10_13_1,chrome 63.0,,1,1,1,1.0
DP-6e715afe03475af3,mobile,LG-H320 Build/LRX21Y,,chrome 63.0 for android,,1,1,1,1.0
DP-6e73580b0fa0a07c,mobile,SM-T530 Build/LRX22G,,chrome,,1,1,1,1.0
DP-6e7b5ae76e66ddf9,mobile,Moto C Plus Build/NRD90M.05.034,,chrome 65.0 for android,,3,2,2,0.5
DP-6e7ef37ac9d08d7e,mobile,SM-P580 Build/NRD90M,Android 7.0,chrome 66.0 for android,1920x1200,1,1,1,1.0
DP-6e8262fd06fdabf4,mobile,FP2,,chrome 66.0 for android,,1,1,1,1.0
DP-6e8ff9c35876604b,mobile,LG-K200 Build/MXB48T,,chrome 64.0 for android,,14,9,9,0.1111111111111111
DP-6e93caa50ba7c0f9,mobile,SM-T813 Build/NRD90M,,chrome 63.0 for android,,3,3,3,0.3333333333333333
DP-6ea3d07c43ef9706,mobile,SM-A300H,,chrome 55.0 for android,,1,1,1,1.0
DP-6ec008f1749c51f3,desktop,Trident/7.0,Windows 8.1,ie 11.0 for desktop,1359x768,1,1,1,1.0
DP-6ec2d774734598a2,desktop,MacOS,Mac OS X 10_10_5,chrome 65.0,1680x1050,2,2,2,0.5
DP-6ec32b1e3fdcf35d,mobile,SM-A320Y Build/NRD90M,,chrome 64.0 for android,,5,4,4,0.25
DP-6ee081b04a1dab8b,desktop,Windows,Windows 7,chrome generic,1280x800,5,5,5,0.2
DP-6ee2a99b7cf4195f,mobile,SM-G935T Build/NRD90M,Android 7.0,chrome 66.0 for android,1921x1081,1,1,1,1.0
DP-6ee32db9d4393ca5,mobile,,,chrome 65.0 for ios,,43,29,29,0.034482758620689655
DP-6ef388b460fe0221,mobile,S57 Build/KTU84P,,chrome 63.0 for android,,1,1,1,1.0
DP-6ef6b1abec052654,mobile,RS988,Android 7.0,chrome generic for android,2560x1440,1,1,1,1.0
DP-6f1021123905e13c,desktop,Trident/7.0,Windows 10,ie 11.0 for tablet,1920x1080,225,142,142,0.007042253521126761
DP-6f1c4619e826e182,mobile,SAMSUNG-SM-J327A Build/NRD90M,Android 7.0,chrome 65.0 for android,,1,1,1,1.0
DP-6f1d4b8c00db5106,mobile,P008 Build/NRD90M,Android 7.0,chrome 63.0 for android,,1,1,1,1.0
DP-6f2087889d7876af,desktop,Windows,Windows 10,chrome 62.0,1280x768,3,3,3,0.3333333333333333
DP-6f2d0295f8ab83ef,desktop,MacOS,Mac OS X 10_10_5,safari generic,5120x2880,16,12,12,0.08333333333333333
DP-6f4882a0d8bf0e27,mobile,SM-A530F Build/NMF26X,,chrome 65.0 for android,,10,7,7,0.14285714285714285
DP-6f492beb31b463ef,mobile,SM-G900F Build/LRX21T,,chrome 63.0 for android,,2,1,1,1.0
DP-6f4bbf13025b2c61,mobile,SAMSUNG SM-G532M Build/MMB29T,,samsung browser generic,,1,1,1,1.0
DP-6f56caeb56551564,mobile,LG-K220 Build/MXB48T,,chrome generic for android,,1,1,1,1.0
DP-6f57c8496415e0a6,desktop,MacOS,Mac OS X 10_11_6,chrome 63.0,1366x768,13,13,13,0.07692307692307693
DP-6f5f28b5fac9a03d,desktop,Windows,Windows 8.1,chrome 62.0,1440x900,4,4,4,0.25
DP-6f5fa3d457919027,desktop,MacOS,Mac OS X 10_13_1,chrome 62.0,1920x1080,26,24,24,0.041666666666666664
DP-6f64a09117274e3a,mobile,LG-H540,,chrome 56.0 for android,,1,1,1,1.0
DP-6f65b48d7fb0dea5,mobile,N9136,Android 6.0.1,chrome 63.0 for android,855x480,1,1,1,1.0
DP-6f6a9e382e717cbe,desktop,MacOS,Mac OS X 10_13_4,chrome 65.0,2560x1600,25,16,16,0.0625
DP-6f6ca8627a93dd95,desktop,Windows,Windows 10,chrome 63.0,1440x900,117,79,79,0.012658227848101266
DP-6f6e1e6409e11fe2,mobile,Moto Z2 Play Build/NPSS26.118-19-14,,chrome 65.0 for android,,27,16,16,0.0625
DP-6f6ec438dae43b55,desktop,MDDRJS,Windows 7,ie 11.0 for desktop,1280x1024,2,2,2,0.5
DP-6f711c239e88105a,mobile,SAMSUNG-SM-G935A Build/NRD90M,,chrome generic for android,,2,2,2,0.5
DP-6f798c908ba08153,mobile,,Android,samsung browser 6.2,801x480,2,1,1,1.0
DP-6f81770ce15a107d,desktop,,Linux,chrome 65.0,1920x1080,59,15,15,0.06666666666666667
DP-6f9953c6514a1529,mobile,G3223,,chrome 65.0 for android,,2,2,2,0.5
DP-6f9c53919ea081c7,desktop,Windows,Windows 10,chrome 63.0,2400x1350,14,11,11,0.09090909090909091
DP-6fa00bfb7b8ae4a7,mobile,5025G Build/LMY47I,,chrome 60.0 for android,,4,3,3,0.3333333333333333
DP-6fa443a8039ba9b5,desktop,MacOS,Mac OS X 10_11_6,chrome generic,1440x900,2,2,2,0.5
DP-6fa53b7e220c8e36,desktop,Windows,Windows 7,chrome 58.0,1680x1050,1,1,1,1.0
DP-6fadfece69214e01,desktop,Windows,Windows 7,chrome 66.0,1400x1050,1,1,1,1.0
DP-6fae8afb216c7ff4,desktop,Windows,Windows 8.1,chrome 62.0,1280x720,3,3,3,0.3333333333333333
DP-6fb124cc20455594,mobile,iOS Device,iOS 10.2.1,mobile safari generic,1334x750,33,28,28,0.03571428571428571
DP-6fb7ab31e36b129b,mobile,Alcatel_4060O Build/MMB29M,Android 6.0.1,chrome 50.0 for android,855x480,5,3,3,0.3333333333333333
DP-6fbbc17bca7456a6,mobile,B1-750,,chrome 66.0 for android,,1,1,1,1.0
DP-6fc061dad0899130,mobile,SM-G928V Build/NRD90M,Android 7.0,chrome 65.0 for android,1921x1081,3,2,2,0.5
DP-6fc26f72b94c25cf,mobile,Le X520 Build/IEXCNFN5902303111S,,chrome 65.0 for android,,2,2,2,0.5
DP-6fc65ea2467da295,mobile,STUDIO_G_HD,,chrome 52.0 for android,,1,1,1,1.0
DP-6fc80d2d8ce66f91,mobile,iOS Device,iOS 9.3.5,mobile safari generic,2048x1536,33,26,26,0.038461538461538464
DP-6fcba4ebafb01185,desktop,MacOS,Mac OS X 10_10_5,chrome 60.0,1280x800,2,2,2,0.5
DP-6ff2ee396f69ceb1,mobile,Blade L5 Build/LMY47I,,chrome 43.0 for android,,1,1,1,1.0
DP-6ff98cede6ebaac0,mobile,SM-T560NU Build/NMF26X,Android 7.1.1,chrome 63.0 for android,1280x800,2,1,1,1.0
DP-6ff994f69fe73582,mobile,DUK-AL20,,chrome 62.0 for android,,1,1,1,1.0
DP-6ffe63ab44dcc75e,mobile,Pixel,Android 8.1.0,chrome 63.0 for android,,1,1,1,1.0
DP-7004c9ab71387e4c,desktop,rv:56.0,Mac OS X 10.13,firefox 56.0,1366x768,1,1,1,1.0
DP-70156cde05b94d9b,desktop,rv:56.0,Mac OS X 10.11,firefox 56.0,1440x900,1,1,1,1.0
DP-701691e754cb1c07,desktop,Windows,Windows 7,chrome 60.0,1024x768,3,2,2,0.5
DP-701a95a7a3c67c2e,desktop,Windows,Windows 10,edge 15.0,1919x1080,6,1,1,1.0
DP-7021ff82a4dcc6de,desktop,Windows,Windows 7,chrome 61.0,1280x1024,6,6,6,0.16666666666666666
DP-70267931f35e3e5a,mobile,SM-G925T Build/NRD90M,Android 7.0,chrome 65.0 for android,2560x1440,3,2,2,0.5
DP-7028c00ab07e6c0e,mobile,XT1094,Android,chrome 63.0 for android,1920x1080,1,1,1,1.0
DP-702cbca2f91a9d62,mobile,SM-G950F Build/NRD90M,,chrome 63.0 for android,,48,26,26,0.038461538461538464
DP-70390a49e93d91e4,desktop,MacOS,Mac OS X 10_10_5,chrome 62.0,2048x1152,2,1,1,1.0
DP-70394e13c5e50bcd,desktop,Windows,Windows 7,firefox 58.0,1600x900,11,10,10,0.1
DP-703a00706b3653e6,mobile,iOS Device,iOS 11.2.0,mobile safari generic,2048x1536,22,16,16,0.0625
DP-70452b28d90378d9,mobile,SM-G920V Build/NRD90M,Android 7.0,chrome 63.0 for android,,1,1,1,1.0
DP-7045700d53c9d89d,mobile,SM-G930W8 Build/NRD90M,Android 7.0,chrome generic for android,1920x1080,3,1,1,1.0
DP-704a3470972bf732,mobile,iOS Device,iOS 11.2.1,mobile safari 11.0,2436x1125,295,151,151,0.006622516556291391
DP-706646211710de1c,desktop,MacOS,Mac OS X 10_12_6,chrome 59.0,1440x900,2,1,1,1.0
DP-70683583eaf9df7e,desktop,MacOS,Mac OS X 10_12_4,chrome 65.0,2560x1600,1,1,1,1.0
DP-7074ce73614c8826,mobile,LG-X180g Build/LMY47I,,chrome 64.0 for android,,15,7,7,0.14285714285714285
DP-707766f5ac5cf5b4,mobile,SM-A510F Build/NRD90M,,chrome 63.0 for android,,4,3,3,0.3333333333333333
DP-707b623882c64f06,desktop,MacOS,Mac OS X 10_11_6,chrome 63.0,1152x864,1,1,1,1.0
DP-707f6cd555fc5666,mobile,Moto G (5S,,chrome generic,,19,12,12,0.08333333333333333
DP-708ec3d43754616c,desktop,rv:39.0,Windows 10,firefox,1366x768,1,1,1,1.0
DP-708fbb1b061b0ab1,mobile,SM-G925R4,,chrome 65.0 for android,,1,1,1,1.0
DP-709d13b638028ff3,mobile,4047G Build/NRD90M,,chrome 64.0 for android,,7,1,1,1.0
DP-709dda04024f212f,mobile,iOS Device,iOS 11.0.3,chrome,2048x1536,1,1,1,1.0
DP-70a152dca6244fc3,desktop,,Linux,chrome 65.0,2560x1440,10,8,8,0.125
DP-70a556f3dc67dde5,mobile,Le,Android,chrome 62.0 for android,1024x768,1,1,1,1.0
DP-70b3d3a60626d2eb,mobile,LG-V522,Android 7.0,chrome 65.0 for android,1920x1200,1,1,1,1.0
DP-70b5905da0345656,mobile,SM-T705,,chrome 63.0 for android,,1,1,1,1.0
DP-70bdff8246843c56,mobile,SAMSUNG,Android 7.1.1,samsung browser 6.2,1280x720,1,1,1,1.0
DP-70bea87daec5a530,mobile,SAMSUNG SM-G935A Build/NRD90M,Android 7.0,samsung browser 6.2,1920x1080,11,8,8,0.125
DP-70bf7214b1dfe281,mobile,LG-H840 Build/MMB29M,,chrome 64.0 for android,,1,1,1,1.0
DP-70c62f293eefe59a,mobile,SM-J330FN Build/NRD90M,,chrome 64.0 for android,,1,1,1,1.0
DP-70c758f62d471ea6,desktop,Windows,Windows 7,chrome 65.0,1280x1024,63,44,44,0.022727272727272728
DP-70c7dadca90187d6,desktop,,Linux,,1920x1080,4,3,3,0.3333333333333333
DP-70c8d30051654666,mobile,ONE A2005 Build/MMB29M,Android 6.0.1,chrome 62.0 for android,1920x1080,1,1,1,1.0
DP-70cb569311752331,desktop,Trident/7.0,Windows 10,ie 11.0 for desktop,2560x1080,1,1,1,1.0
DP-70cc1ead25cbb392,mobile,LGLS770,,chrome 60.0 for android,,1,1,1,1.0
DP-70cf3a177c474177,mobile,Z798BL Build/MMB29M,Android 6.0.1,chrome 53.0 for android,855x480,1,1,1,1.0
DP-70d02f161ed84acb,mobile,Ilium L910 Build/MRA58K,,chrome generic for android,,2,1,1,1.0
DP-70d18110f49498b7,mobile,HTC U11 Build/NMF26X,,chrome 64.0 for android,,1,1,1,1.0
DP-70d20de4ce9c16d6,desktop,Windows,Windows 7,chrome 51.0,1920x1080,2,2,2,0.5
DP-70d39b5dfea3eed7,mobile,HUAWEI CUN-L03 Build/HUAWEICUN-L03,,chrome 63.0 for android,,10,6,6,0.16666666666666666
DP-70d893652e701b0c,mobile,XT1058 Build/LPAS23.12-21.7-1,,chrome 64.0 for android,,1,1,1,1.0
DP-70d8b3dbf61b98f2,mobile,P4526A Build/NRD90M,,chrome 58.0 for android,,2,2,2,0.5
DP-70de52240d19d6ee,mobile,LGLS992,Android 7.0,chrome 64.0 for android,,1,1,1,1.0
DP-70df449df0332c70,desktop,rv:52.0,Mac OS X 10.13,firefox 52.0,2880x1800,1,1,1,1.0
DP-70e406c4b4d79485,desktop,Windows,Windows 10,chrome 61.0,1728x972,1,1,1,1.0
DP-70eab21a0e926341,mobile,XT1580,,chrome 64.0 for android,,1,1,1,1.0
DP-70edd9fc7236bfd8,mobile,ZTE BLADE V8 MINI Build/NRD90M,,chrome 66.0 for android,,1,1,1,1.0
DP-710c32baabed2b8b,desktop,Windows,Windows 7,chrome 65.0,1280x768,2,2,2,0.5
DP-710d2aedab86e9a0,mobile,iOS Device,iOS 11.1.0,mobile safari generic,2436x1125,1,1,1,1.0
DP-7110099b66658846,mobile,5010G Build/MRA58K,,chrome 50.0 for android,,1,1,1,1.0
DP-71228a87b070eb0e,mobile,SM-G930F Build/NRD90M,,chrome 62.0 for android,,9,8,8,0.125
DP-7125fdacaa36117a,mobile,SAMSUNG SM-A730F Build/NMF26X,,samsung browser generic,,1,1,1,1.0
DP-712c81d02ad9c336,mobile,iOS Device,iOS 11.2.6,mobile safari 11.0,2732x2048,10,4,4,0.25
DP-71446e903c5f8d0d,desktop,Windows,,chrome,,13,2,2,0.5
DP-71456cb6282452b1,mobile,Lenovo A2016b30 Build/MRA58K,,chrome 60.0 for android,,1,1,1,1.0
DP-71557d32cd596e25,mobile,BLADE A520 Build/NRD90M,,chrome 62.0 for android,,2,2,2,0.5
DP-715a034ddc58b3b6,desktop,Windows,Windows 8.1,firefox 57.0,1600x900,15,13,13,0.07692307692307693
DP-715bb051ca62bb4d,desktop,MacOS,Mac OS X 10_13_3,safari 11.0,1280x800,2,2,2,0.5
DP-715c1fb714dbee8a,desktop,,Linux,chrome generic,1280x720,3,2,2,0.5
DP-715e515ef7e7dc58,desktop,MacOS,Mac OS X 10_8_5,safari generic,2560x1440,1,1,1,1.0
DP-715e53a31ff627ac,desktop,Trident/7.0,Windows 10,ie 11.0 for tablet,1919x1079,3,3,3,0.3333333333333333
DP-715e678902260ec5,desktop,MacOS,Mac OS X 10_12_6,chrome 55.0,2560x1600,1,1,1,1.0
DP-715f5d9b05686e36,desktop,Windows,,ie 11.0 for desktop,,19,14,14,0.07142857142857142
DP-7162c3af4d48ff47,mobile,LG-D851,Android 6.0,android webview 4.0,2560x1440,1,1,1,1.0
DP-7165d06e5450828d,mobile,SAMSUNG SM-G900M Build/LRX21T,,chrome generic,,13,4,4,0.25
DP-716a57f666699231,desktop,SM-G925I Build/LMY47X,,chrome generic,,1,1,1,1.0
DP-7175023ef169dd9d,mobile,SAMSUNG-SM-G920AZ,Android 6.0.1,chrome 55.0 for android,2560x1440,1,1,1,1.0
DP-71822bcb6bdcb5bd,mobile,SAMSUNG SM-T810 Build/NRD90M,,samsung browser generic,,3,2,2,0.5
DP-71843ff4510ac696,desktop,MacOS,Mac OS X 10_13_3,chrome 65.0,1440x900,18,13,13,0.07692307692307693
DP-718ef5ae62a96b85,desktop,Windows,Windows 7,chrome 49.0,1920x1080,1,1,1,1.0
DP-718fca0e6b56a123,desktop,rv:59.0,Windows 10,firefox,1360x768,1,1,1,1.0
DP-719968e60111fffb,mobile,LG-K500 Build/MMB29M,,chrome 50.0 for android,,2,2,2,0.5
DP-71a6917ab0bc484c,mobile,SM-G955U Build/R16NW,Android 8.0.0,chrome 65.0 for android,2961x1442,3,3,3,0.3333333333333333
DP-71a89a4e44d4a7ec,mobile,BLADE V8 SE Build/NRD90M,,chrome 66.0 for android,,8,4,4,0.25
DP-71a958e7f3576e2d,mobile,LG-K200 Build/MXB48T,,chrome 58.0 for android,,1,1,1,1.0
DP-71b390141ad0478e,desktop,rv:57.0,Mac OS X 10.12,firefox 57.0,2880x1800,14,12,12,0.08333333333333333
DP-71b63e6571b3cd74,desktop,Windows,Windows 8.1,chrome 65.0,1600x900,16,12,12,0.08333333333333333
DP-71b6f6c6732a18d8,mobile,2PYB2,Android 7.0,chrome 63.0 for android,1920x1080,1,1,1,1.0
DP-71cab62308645ac3,desktop,MacOS,Mac OS X 10_11_6,safari generic,2048x1280,4,2,2,0.5
DP-71f986397de193d0,mobile,Lenovo A6020l37 Build/LMY47V,,chrome 62.0 for android,,1,1,1,1.0
DP-71fe734168f7b199,mobile,SM-N920T Build/NRD90M,Android 7.0,chrome 63.0 for android,1920x1080,1,1,1,1.0
DP-720ddb4608723d87,desktop,MacOS,Mac OS X 10_10_5,opera 49.0,1280x800,1,1,1,1.0
DP-720e25e273d23b2d,desktop,Windows,Windows 10,chrome 63.0,2880x1800,2,2,2,0.5
DP-720e518e634c35e3,mobile,rv:59.0,,Generic/Android 7.0,,20,13,13,0.07692307692307693
DP-7212645ce5511432,desktop,Windows,Windows 7,chrome 62.0,1024x768,27,19,19,0.05263157894736842
DP-721df5fa0fa56617,mobile,SAMSUNG SM-G930A Build/NRD90M,Android 7.0,samsung browser 6.2,,1,1,1,1.0
DP-72287764bb085a3c,desktop,Windows,Windows 7,chrome 62.0,1536x864,1,1,1,1.0
DP-7229560f353f8649,mobile,SM-G903F Build/MMB29K,,chrome generic for android,,1,1,1,1.0
DP-72319900f404b5b1,desktop,Windows,Windows 8,chrome 60.0,1920x1080,2,2,2,0.5
DP-7240105c7fc247fd,mobile,5010G Build/MRA58K,,chrome 64.0 for android,,3,3,3,0.3333333333333333
DP-724d57a0193c4ec2,mobile,SM-G925I Build/NRD90M,,chrome 66.0 for android,,6,3,3,0.3333333333333333
DP-725300feab65a053,mobile,LG-LS997 Build/NRD90M,Android 7.0,chrome 63.0 for android,,3,1,1,1.0
DP-726469c9817cbb05,mobile,SAMSUNG SM-J320F Build/LMY47V,,chrome generic,,1,1,1,1.0
DP-728982c9265cd981,mobile,Mi A1 Build/N2G47H,,chrome generic for android,,1,1,1,1.0
DP-728c1d744774e4bd,mobile,XT1032 Build/LPBS23.13-56-2,,chrome 55.0 for android,,1,1,1,1.0
DP-72b4dd767f0cdac3,mobile,SM-G935P Build/NRD90M,Android 7.0,chrome 63.0 for android,1281x721,1,1,1,1.0
DP-72b4e028505833bb,desktop,MacOS,Mac OS X 10_12_6,chrome 62.0,3360x1890,1,1,1,1.0
DP-72bd9081076ed13e,desktop,MacOS,Mac OS X 10_13_2,chrome 64.0,1440x900,4,4,4,0.25
DP-72c19c13b9762be0,mobile,VTR-L09 Build/HUAWEIVTR-L09,,chrome 65.0 for android,,1,1,1,1.0
DP-72c8211ddd6a81b9,mobile,iOS Device,iOS 11.1.0,mobile safari 11.0,2436x1125,35,23,23,0.043478260869565216
DP-72d0c9c48a2c4203,mobile,LG-X240 Build/MRA58K,,chrome 65.0 for android,,8,7,7,0.14285714285714285
DP-72d124ee3cbeac43,mobile,SM-G928V Build/NRD90M,Android 7.0,chrome 63.0 for android,1920x1080,1,1,1,1.0
DP-72d61dadaa14a7d3,mobile,SM-G935F Build/NRD90M,Android 7.0,chrome 64.0 for android,2560x1440,1,1,1,1.0
DP-72db23afab0e8a8d,mobile,moto x4 Build/OPW27.57-40,,chrome generic for android,,5,4,4,0.25
DP-72e1ddd30732c4d4,mobile,SM-G920F Build/NRD90M,,chrome 55.0 for android,,2,1,1,1.0
DP-72e89376a75e8380,mobile,SM-N950U1 Build/NMF26X,Android 7.1.1,chrome 65.0 for android,2961x1442,1,1,1,1.0
DP-72eec116e0f6e59c,mobile,SM-T710 Build/NRD90M,Android 7.0,chrome 62.0 for android,2048x1536,1,1,1,1.0
DP-72f4bbb489fa8887,desktop,MacOS,Mac OS X 10_12_6,chrome 64.0,3360x2100,2,2,2,0.5
DP-72f6d119163398f0,mobile,SAMSUNG-SM-G920A Build/MMB29K,Android 6.0.1,chrome 65.0 for android,2560x1440,4,2,2,0.5
DP-72f8c330322c628e,desktop,Windows,Windows 7,chrome 63.0,1400x900,1,1,1,1.0
DP-72fce1e157397d44,mobile,HTC One M9 Build/NRD90M,,chrome 61.0 for android,,1,1,1,1.0
DP-7304fe85bc824e19,desktop,MacOS,Mac OS X 10_11_5,safari generic,1366x768,5,4,4,0.25
DP-7306334552646e46,mobile,SM-A300H Build/LRX22G,,chrome 61.0 for android,,1,1,1,1.0
DP-731209310965b0c4,mobile,SAMSUNG-SM-T377A,Android 7.1.1,chrome 65.0 for android,1280x800,1,1,1,1.0
DP-73127d898a0cc99e,mobile,5015A Build/LMY47I,,chrome 63.0 for android,,13,7,7,0.14285714285714285
DP-731a2fbd7851b4d2,mobile,Lenovo PB1-750M Build/S100,,chrome 65.0 for android,,1,1,1,1.0
DP-731e30793b2f2e4e,desktop,SM-T330NU Build/LMY47X,,chrome generic,,1,1,1,1.0
DP-73233b05fd242bbf,desktop,Windows,Windows 10,chrome generic,2160x1440,4,4,4,0.25
DP-73273007aebd0a8e,mobile,SAMSUNG-SM-G928A Build/NRD90M,,chrome 61.0 for android,,2,2,2,0.5
DP-732860265143f0d2,desktop,Windows,Windows 8.1,chrome 65.0,1152x864,1,1,1,1.0
DP-732b7c8a648fac23,desktop,MacOS,Mac OS X 10_11_6,safari 11.0,2560x1600,17,16,16,0.0625
DP-732ec2367eb70ea0,mobile,REX,,chrome 63.0 for android,,1,1,1,1.0
DP-733249a7a8ab4daf,desktop,,Linux,chrome 63.0,2560x1700,1,1,1,1.0
DP-733d52aff7b2a58b,desktop,Trident/7.0,Windows 10,ie 11.0 for desktop,1280x960,1,1,1,1.0
DP-7342263d68df4e22,desktop,Windows,Windows 8,firefox 57.0,,3,2,2,0.5
DP-734998b4db53c37f,mobile,SAMSUNG-SM-J320AZ Build/MMB29K,Android 6.0.1,chrome 59.0 for android,1280x720,1,1,1,1.0
DP-73510f6f9e8dd2e9,mobile,LGLS676 Build/MXB48T,Android 6.0.1,chrome 55.0 for android,1280x720,3,2,2,0.5
DP-735c326ab6ff258c,desktop,Windows,Windows 10,chrome 63.0,1760x990,1,1,1,1.0
DP-735ecf6249bdea05,mobile,iOS Device,iOS 10.3.1,mobile safari 10.0,2001x1125,5,3,3,0.3333333333333333
DP-73634ed7de2ca399,mobile,Pixel,Android 8.1.0,chrome 63.0 for android,2560x1800,1,1,1,1.0
DP-7363d1902d28d2c8,mobile,iOS Device,iOS 11.1.0,mobile safari 11.0,1334x750,66,49,49,0.02040816326530612
DP-7367df76a09220c2,mobile,SAMSUNG-SM-G891A Build/NRD90M,Android 7.0,chrome 63.0 for android,1920x1080,8,8,8,0.125
DP-7370300b8abf4aba,mobile,iOS Device,iOS 9.3.5,mobile safari 9.0,1334x750,8,7,7,0.14285714285714285
DP-737240474a188368,mobile,SM-G920F Build/NRD90M,,chrome 62.0 for android,,2,2,2,0.5
DP-73799cf954d815e5,desktop,,Linux,chrome generic,2220x1081,3,2,2,0.5
DP-737b1c6ae7dd8880,desktop,Windows,Windows 10,edge 16.0,1920x1279,1,1,1,1.0
DP-737e12258bcf8687,mobile,LG-H830 Build/NRD90U,,chrome 63.0 for android,,1,1,1,1.0
DP-738e4b9c6d2d607f,desktop,MacOS,Mac OS X 10_12_6,chrome 59.0,3360x2100,1,1,1,1.0
DP-739e5aa366042a28,mobile,Pixel,Android 8.1.0,chrome generic for android,,2,2,2,0.5
DP-73a01afd29c6f982,desktop,Windows,Windows 10,edge 14.0,1366x768,54,42,42,0.023809523809523808
DP-73a10cb9f765cd9a,desktop,Windows,Windows 7,chrome 65.0,2400x1350,1,1,1,1.0
DP-73a1b6ebab8923d0,desktop,MacOS,Mac OS X 10_9_5,chrome 62.0,2560x1600,7,6,6,0.16666666666666666
DP-73a45e2e3e4c5fb1,mobile,SM-G930V Build/NRD90M,Android 7.0,chrome 60.0 for android,2560x1440,1,1,1,1.0
DP-73b0038abbfa927d,mobile,SM-J700T1 Build/NMF26X,,chrome 60.0 for android,,1,1,1,1.0
DP-73b62dc7abeeefd9,desktop,MacOS,Mac OS X 10_12_2,chrome 65.0,1440x900,1,1,1,1.0
DP-73c08a6ef26915f7,mobile,SM-G920T Build/NRD90M,Android 7.0,chrome 63.0 for android,2560x1440,7,7,7,0.14285714285714285
DP-73c37e2ae0afeb21,desktop,MacOS,Mac OS X 10_11_6,safari generic,5120x2880,38,28,28,0.03571428571428571
DP-73c94f50cdfed780,mobile,rv:60.0,,firefox,,10,6,6,0.16666666666666666
DP-73cf70a161d5b8e7,desktop,MacOS,Mac OS X 10_12_6,chrome generic,1280x800,4,3,3,0.3333333333333333
DP-73d18df391f5f47e,mobile,SM-S920L,Android 5.0.2,chrome 62.0 for android,960x540,1,1,1,1.0
DP-73ecd53b355f2af2,mobile,SM-N950U Build/NMF26X,Android 7.1.1,chrome 62.0 for android,,27,20,20,0.05
DP-73efd4cdf003d394,mobile,SM-J100VPP Build/LMY48B,Android 5.1.1,chrome 43.0 for android,801x480,2,1,1,1.0
DP-73f22f17c4050394,mobile,rv:57.0,Android 7.0,Generic/Android 7.0,,3,3,3,0.3333333333333333
DP-73f98124141439df,mobile,SM-T587P,Android 6.0.1,chrome 63.0 for android,1920x1200,1,1,1,1.0
DP-73fc7afd99cc35eb,mobile,SAMSUNG-SM-G935A Build/NRD90M,Android 7.0,chrome 63.0 for android,,1,1,1,1.0
DP-74084859988a3297,mobile,M4 SS4453 Build/MMB29M,,chrome generic for android,,2,2,2,0.5
DP-74150ca8e88135be,mobile,SM-G925I Build/MMB29K,,chrome 63.0 for android,,1,1,1,1.0
DP-741e574085f7cb31,desktop,Windows,Windows 7,chrome 59.0,1440x900,5,4,4,0.25
DP-7420f6788d22b884,desktop,Windows,,chrome 57.0,,5,4,4,0.25
DP-74216a4c070b5910,mobile,RNE-L21 Build/HUAWEIRNE-L21,,chrome 66.0 for android,,7,1,1,1.0
DP-74245d6d54ea3be1,desktop,Windows,Windows 10,chrome generic,1920x1200,8,7,7,0.14285714285714285
DP-742befec1e4ad82e,mobile,SAMSUNG SM-A510M Build/NRD90M,,samsung browser 6.2,,4,2,2,0.5
DP-742c4c76b92cea81,mobile,SM-T560 Build/KTU84P,,chrome 58.0 for android,,1,1,1,1.0
DP-74313d07be41aaa2,desktop,rv:52.0,Mac OS X 10.13,firefox 52.0,1920x1080,1,1,1,1.0
DP-7431eed0633f1387,mobile,SM-T560NU Build/MMB29M,Android 6.0.1,chrome 59.0 for android,1280x800,1,1,1,1.0
DP-74335145b69eddd9,mobile,HTC6545LVW,Android 7.0,chrome 63.0 for android,2560x1440,3,3,3,0.3333333333333333
DP-74368108eecf7d2e,mobile,A574BL Build/NMF26F,Android 7.1.1,chrome 55.0 for android,855x480,2,2,2,0.5
DP-7436efb819e966cd,mobile,SM-G920I Build/NRD90M,,chrome 63.0 for android,,4,4,4,0.25
DP-7437f8e92b6bb6ed,mobile,,Android,chrome 65.0,1280x800,10,3,3,0.3333333333333333
DP-743a5867fea445e9,desktop,Windows,Windows 10,chrome 65.0,1360x768,13,7,7,0.14285714285714285
DP-743d3d08e3dd3872,desktop,MacOS,Mac OS X 10_11_6,safari generic,1600x900,11,10,10,0.1
DP-744188594de8c3ed,desktop,Windows,Windows 10,firefox 57.0,1680x1050,39,32,32,0.03125
DP-7443a99f50bfe6d9,mobile,BBB100-2,Android 7.1.1,chrome 63.0 for android,,1,1,1,1.0
DP-744ba89871d9d93c,desktop,rv:58.0,Windows 7,firefox 58.0,1600x900,1,1,1,1.0
DP-744bf6c75e1e8dcb,mobile,SM-G928T Build/NRD90M,,chrome 58.0 for android,,1,1,1,1.0
DP-7456ecfa17191abf,mobile,iOS Device,iOS 11.1.2,mobile safari generic,2436x1125,33,23,23,0.043478260869565216
DP-74653452927d0380,desktop,MacOS,Mac OS X 10_13_3,safari 11.0,3360x2100,1,1,1,1.0
DP-7466c0c9297d91a0,mobile,iOS Device,iOS 10.3.2,mobile safari generic,2208x1242,30,21,21,0.047619047619047616
DP-747078c123aca355,desktop,MacOS,Mac OS X 10_13_3,safari generic,4096x2304,21,15,15,0.06666666666666667
DP-7470c996e8e0b650,mobile,LG-M700 Build/NMF26X,,chrome 64.0 for android,,21,9,9,0.1111111111111111
DP-747763626d7528d9,desktop,MacOS,Mac OS X 10_11_5,chrome 64.0,1280x800,2,2,2,0.5
DP-747b1f7d1fdc3ef2,mobile,SM-T810 Build/NRD90M,Android 7.0,chrome 65.0 for android,2048x1536,1,1,1,1.0
DP-747f4933ec8f9235,mobile,iOS Device,iOS 11.2.5,mobile safari uiwebview,1334x750,1,1,1,1.0
DP-748316ac3f60b2ac,mobile,5010G Build/MRA58K,,chrome 59.0 for android,,6,3,3,0.3333333333333333
DP-748e040c4b6fc67f,mobile,HTC Desire 530 Build/MMB29M,,chrome generic for android,,2,1,1,1.0
DP-748e0a7550f4fdcc,mobile,SM-J320FN Build/LMY47V,,chrome 62.0 for android,,1,1,1,1.0
DP-74b9523dca9d88e3,mobile,SKY_5.0LM,,chrome 62.0 for android,,1,1,1,1.0
DP-74b99bfe4aab711c,desktop,MacOS,Mac OS X 10_12_6,chrome 64.0,3840x2400,2,1,1,1.0
DP-74b9e92a98560c53,mobile,Lenovo A2016b30 Build/MRA58K,,chrome 50.0 for android,,6,4,4,0.25
DP-74cef26c9d390f7d,desktop,MacOS,Mac OS X 10_7_5,safari generic,1600x900,1,1,1,1.0
DP-74d33befd5973e39,desktop,rv:39.0,,firefox,,6,1,1,1.0
DP-74d416dd71c24ead,desktop,MacOS,Mac OS X 10_12_6,chrome 61.0,1280x800,2,2,2,0.5
DP-74e0ddc55c3c782d,mobile,2PZC5,Android 7.1.1,chrome 63.0 for android,2560x1440,1,1,1,1.0
DP-74e32b3088561649,mobile,SM-A710M Build/NRD90M,,chrome 66.0 for android,,10,6,6,0.16666666666666666
DP-74ec15c17c731a03,mobile,GT-N8010,,chrome 65.0 for android,,1,1,1,1.0
DP-74ede20ae1b34745,mobile,SM-G930U Build/NRD90M,Android 7.0,chrome 63.0 for android,1920x1080,1,1,1,1.0
DP-74ef01927c493065,mobile,LGMP260 Build/NRD90U,Android 7.0,chrome 66.0 for android,1280x720,1,1,1,1.0
DP-74f7912dd3847682,mobile,SM-J727VPP Build/NRD90M,Android 7.0,chrome 65.0 for android,1280x720,1,1,1,1.0
DP-74fefb031b57772e,desktop,Windows,Windows Vista,chrome 49.0,1152x864,6,6,6,0.16666666666666666
DP-75034826550a4ac7,mobile,P008 Build/NRD90M,Android 7.0,chrome generic for android,,1,1,1,1.0
DP-7505c3a7820e8f7f,mobile,SM-J120H Build/LMY47V,,chrome 56.0 for android,,1,1,1,1.0
DP-7506c401ec9b076d,mobile,P027,Android 7.0,chrome 63.0 for android,2048x1536,1,1,1,1.0
DP-751abcd478fd687d,mobile,G3223 Build/42.0.A.4.167,,chrome 66.0 for android,,3,2,2,0.5
DP-751b17ee77f40cf7,mobile,LG-K220 Build/MXB48T,,chrome 65.0 for android,,3,3,3,0.3333333333333333
DP-751d3c55851fceca,desktop,MacOS,Mac OS X 10_12_6,chrome 63.0,1680x1050,1,1,1,1.0
DP-752935993aa99f5e,desktop,rv:37.0,,firefox,,1,1,1,1.0
DP-7529aade9aa047da,mobile,Moto G Play Build/NPIS26.48-36-5,,chrome 66.0 for android,,5,4,4,0.25
DP-752a0757c1c38457,desktop,Windows,Windows 10,edge 16.0,2160x1439,1,1,1,1.0
DP-7539e92be1f4b4d6,mobile,SM-G920I Build/NRD90M,,chrome generic for android,,3,3,3,0.3333333333333333
DP-753d840f4a525d4d,mobile,Alumini3Plus,,android webview 4.0,,1,1,1,1.0
DP-7554927f2ecdfb9d,mobile,ALCATEL,,chrome 63.0 for android,,1,1,1,1.0
DP-7556d7640a81c20f,desktop,MacOS,Mac OS X 10_11_3,safari generic,1440x900,3,2,2,0.5
DP-755cd950ce939029,mobile,SAMSUNG-SGH-I537,,chrome 64.0 for android,,1,1,1,1.0
DP-7561f9cad6882176,desktop,Windows,Windows 10,chrome 62.0,2304x1440,1,1,1,1.0
DP-75669341b84ebf48,mobile,Moto E (4) Plus Build/NMA26.42-11-3,,chrome generic,,4,3,3,0.3333333333333333
DP-7577a650b2aea13a,mobile,Tab2A7-10F,,chrome 63.0 for android,,1,1,1,1.0
DP-757c499083717849,desktop,MacOS,Mac OS X 10_11_6,chrome 63.0,1920x1080,44,30,30,0.03333333333333333
DP-7580849751e2ccc2,mobile,SM-G920P Build/NRD90M,,chrome 66.0 for android,,16,7,7,0.14285714285714285
DP-7580e7cfa354caf3,mobile,F3313,,chrome 63.0 for android,,1,1,1,1.0
DP-75816deb54516ff8,desktop,Windows,Windows 8.1,firefox 57.0,1600x1200,1,1,1,1.0
DP-7581769cbd6b5e5b,mobile,rv:59.0,Android 8.1.0,firefox,2710x1440,1,1,1,1.0
DP-7582ff796caf4857,desktop,rv:59.0,Mac OS X 10.10,firefox 59.0,1920x1080,2,2,2,0.5
DP-7595394fbc0cb7e7,mobile,SM-G900V Build/LRX21T,Android 5.0,chrome 61.0 for android,1920x1080,1,1,1,1.0
DP-759614476fed9fab,mobile,SM-G900H Build/MMB29K,,chrome 60.0 for android,,1,1,1,1.0
DP-75998f49dcfd6d68,mobile,Moto G (5) Build/NPP25.137-82,,chrome 66.0 for android,,9,7,7,0.14285714285714285
DP-75999b9ce4b9fd82,desktop,MacOS,Mac OS X 10_11_6,chrome 51.0,2880x1800,1,1,1,1.0
DP-759ba0a9e9687016,desktop,Windows,Windows 8,ie 11.0 for desktop,1366x768,2,2,2,0.5
DP-759ce40b40d95284,mobile,SM-N920V Build/NRD90M,Android 7.0,chrome 61.0 for android,2562x1442,1,1,1,1.0
DP-759d6f6cfe38fbed,mobile,XT1068,,chrome 62.0 for android,,1,1,1,1.0
DP-75a1351f65b5f780,mobile,2PYB2,Android 7.0,chrome 63.0 for android,2560x1440,1,1,1,1.0
DP-75a5aa5d7961b23b,mobile,LG-D680 Build/KOT49I,,chrome 61.0 for android,,1,1,1,1.0
DP-75a99bb373c3736a,mobile,M4 SS4456 Build/LMY47V,,chrome 64.0 for android,,6,3,3,0.3333333333333333
DP-75b07c4d411aa8d5,desktop,MacOS,Mac OS X 10_13_2,chrome 65.0,2520x1575,1,1,1,1.0
DP-75d42f6743f0c018,desktop,rv:52.0,Windows 8.1,firefox 52.0,1600x900,1,1,1,1.0
DP-75da3db5ca128184,mobile,SM-G900M Build/KOT49H,,chrome,,1,1,1,1.0
DP-7607782fa97ef37c,desktop,,Linux,chrome 63.0,1920x1080,46,21,21,0.047619047619047616
DP-7615c98f7b1391e1,mobile,SAMSUNG SM-G920P Build/NRD90M,Android 7.0,samsung browser generic,,1,1,1,1.0
DP-7616670118844295,desktop,Windows,Windows 10,chrome 63.0,2560x1440,49,34,34,0.029411764705882353
DP-763016368d73bb02,desktop,MacOS,Mac OS X 10_13_1,chrome 62.0,5120x2880,4,4,4,0.25
DP-7631b5756c558547,desktop,Windows,Windows 7,chrome 63.0,1024x600,1,1,1,1.0
DP-763cfd65a2e7af13,mobile,M4 SS4458 Build/MMB29M,,chrome 64.0 for android,,1,1,1,1.0
DP-76428bc4ca433390,mobile,Android,,chrome generic,,1,1,1,1.0
DP-764805ff021921c6,mobile,SM-G950F Build/NRD90M,,chrome 58.0 for android,,5,2,2,0.5
DP-764971480c0fae81,mobile,SM-G930V Build/NRD90M,,android webview 4.0,,1,1,1,1.0
DP-7649d59bdb95a135,mobile,P008 Build/NRD90M,Android 7.0,chrome 66.0 for android,2049x1536,1,1,1,1.0
DP-764a590d7f94fb6a,mobile,HUAWEI TAG-L13 Build/HUAWEITAG-L13,,chrome 60.0 for android,,3,3,3,0.3333333333333333
DP-76515c3e5ee210c4,desktop,rv:58.0,Mac OS X 10.11,firefox generic,2560x1600,1,1,1,1.0
DP-7654098af82f32df,mobile,SM-T713 Build/NRD90M,,chrome 66.0 for android,,4,2,2,0.5
DP-765cacc588c3b911,mobile,QTASUN1 Build/NRD90M,Android 7.0,chrome 62.0 for android,1920x1200,1,1,1,1.0
DP-765eb8b71fd689f3,mobile,iOS Device,iOS 11.0.3,mobile safari generic,2048x1536,50,29,29,0.034482758620689655
DP-7669748cdca47601,desktop,MacOS,Mac,chrome 64.0,2560x1600,1,1,1,1.0
DP-7677736cb76926b7,mobile,LG-H542 Build/MRA58K,,chrome 52.0 for android,,22,1,1,1.0
DP-7679309ce786116c,mobile,P4526A Build/NRD90M,,chrome 62.0 for android,,1,1,1,1.0
DP-7689907dd77756b8,mobile,LG-H872 Build/NRD90U,Android 7.0,chrome 62.0 for android,2672x1440,4,4,4,0.25
DP-768add84a628e749,mobile,SM-T230NU Build/KOT49H,,chrome 63.0 for android,,2,2,2,0.5
DP-7691bbb11427c5cf,mobile,BLADE V8 Build/NRD90M,,chrome 55.0 for android,,1,1,1,1.0
DP-769a9da27560fc88,desktop,Windows,Windows 10,edge 16.0,3838x2160,1,1,1,1.0
DP-76ae6dc004d2b501,mobile,LG-H918 Build/NRD90M,,chrome 63.0 for android,,1,1,1,1.0
DP-76ba59a723c10151,mobile,C1904,,chrome 60.0 for android,,2,1,1,1.0
DP-76c82cb74ba0a248,mobile,iOS Device,iOS 11.1.0,mobile safari 11.0,2732x2048,1,1,1,1.0
DP-76c948d107ebeb19,desktop,KFASWI Build/LVY48F,,chrome generic,,1,1,1,1.0
DP-76ca68227ee19a3d,mobile,SM-J320M Build/LMY47V,,chrome 46.0 for android,,1,1,1,1.0
DP-76cb3009cd5c3221,desktop,MacOS,Mac OS X 10_11_5,chrome 63.0,1440x900,9,5,5,0.2
DP-76cc420b67e94d32,mobile,SAMSUNG SM-J327P Build/MMB29M,Android 6.0.1,samsung browser generic,1280x720,1,1,1,1.0
DP-76d0821dbcdee4c2,mobile,SM-J110M Build/LMY48B,,chrome 66.0 for android,,1,1,1,1.0
DP-76e71edeb0c6cb1e,desktop,Windows,Windows 7,firefox 56.0,1600x900,2,2,2,0.5
DP-76ec95ae318870b5,mobile,ALE-L23 Build/HuaweiALE-L23,,chrome 61.0 for android,,4,2,2,0.5
DP-76ee2d066d4a3590,desktop,rv:48.0,Mac OS X 10.6,firefox 48.0,1280x1024,1,1,1,1.0
DP-76ef746c2cbd6ed7,mobile,iOS Device,iOS 11.0.1,chrome 62.0 for ios,2048x1536,1,1,1,1.0
DP-76efa4f8e7df078c,mobile,BLU,,opera,,2,2,2,0.5
DP-76f73e1bd12e37f4,mobile,PLUS,,chrome 63.0 for android,,1,1,1,1.0
DP-76f7a1010b5cb4c7,desktop,rv:57.0,Mac OS X 10.13,firefox 57.0,1280x720,1,1,1,1.0
DP-76f959e0828c794b,mobile,SM-J727T Build/NRD90M,Android 7.0,chrome 63.0 for android,1280x720,4,4,4,0.25
DP-7700cbf70f93ef8d,desktop,Windows,Windows 10,chrome 63.0,3240x2160,2,2,2,0.5
DP-7704b1c5b2cd2a39,mobile,Lenovo TB3-710F Build/LRX21M,,chrome 55.0 for android,,1,1,1,1.0
DP-770ac8058c22a3e9,mobile,GT-I9060M Build/KTU84P,,chrome 66.0 for android,,2,1,1,1.0
DP-770cfd8ffa6b016e,desktop,Trident/7.0,Windows 7,ie 11.0 for desktop,3360x1050,1,1,1,1.0
DP-770d6118969d06f9,mobile,LG-TP450 Build/NRD90U,,chrome 60.0 for android,,1,1,1,1.0
DP-770f3dda794c499b,desktop,Windows,Windows 10,chrome generic,1024x768,2,2,2,0.5
DP-7711516efe86c2e5,mobile,ONE TOUCH 4033A Build/JDQ39,,chrome 62.0 for android,,2,2,2,0.5
DP-77149aebe128b7ed,mobile,SM-J727T1 Build/NRD90M,,chrome 63.0 for android,,2,2,2,0.5
DP-7719b84426b8b334,desktop,Trident/7.0,Windows 10,ie 11.0 for desktop,1024x768,22,12,12,0.08333333333333333
DP-771e1f2783bd30e7,mobile,5025G Build/LMY47I,,chrome 64.0 for android,,3,2,2,0.5
DP-77280287e761adca,desktop,MacOS,Mac OS X 10_11_3,chrome 61.0,2560x1600,1,1,1,1.0
DP-772940d024b08a77,mobile,LGMP260 Build/NRD90U,Android 7.0,chrome 63.0 for android,1280x720,18,10,10,0.1
DP-773ef7ce3537ffe4,mobile,SM-G935T Build/NRD90M,,chrome 63.0 for android,,2,2,2,0.5
DP-77400c35f82bf0b6,mobile,Vivo,Android 6.0,chrome 63.0 for android,1280x720,1,1,1,1.0
DP-7743898f9211c97b,mobile,iOS Device,iOS 11.0.1,mobile safari 11.0,1334x750,21,19,19,0.05263157894736842
DP-77466937b3486de5,mobile,HTC Desire 626s Build/LMY47O,Android,chrome generic,1184x720,4,1,1,1.0
DP-77526c24489453e7,mobile,LG-V410/V41020c,Android 5.0.2,chrome generic,1280x740,1,1,1,1.0
DP-775ee2ac50f4f26d,mobile,E2306 Build/26.1.A.3.111,,chrome 65.0 for android,,3,2,2,0.5
DP-776a7ab2a8ca5314,mobile,SAMSUNG SM-J320M Build/LMY47V,,other,,1,1,1,1.0
DP-7774f3dd60793d11,desktop,MacOS,Mac OS X 10_9_5,safari generic,1024x640,1,1,1,1.0
DP-777b2c008c9a8950,desktop,rv:38.0,Linux,firefox,1366x768,2,1,1,1.0
DP-7783dfea9afd2c51,desktop,MacOS,Mac OS X 10_12_3,safari generic,2560x1600,6,5,5,0.2
DP-778f118444500781,mobile,SM-G800M Build/KOT49H,,chrome 64.0 for android,,3,1,1,1.0
DP-77911f255c09b6dd,mobile,LG-H542 Build/MRA58K,,chrome 66.0 for android,,1,1,1,1.0
DP-77918751027a8aa3,mobile,XT1063 Build/MPB24.65-34,,chrome 63.0 for android,,2,2,2,0.5
DP-7791eafa223a3852,desktop,Windows,Windows XP,chrome 49.0,,1,1,1,1.0
DP-779bb30597e5b12b,mobile,LG-K430 Build/MRA58K,,chrome 65.0 for android,,2,2,2,0.5
DP-77a399c8f2e75e07,mobile,SM-G9250,,chrome 63.0 for android,,1,1,1,1.0
DP-77b4dda1f3c9be1a,desktop,Trident/7.0,Windows 10,ie 11.0 for tablet,1365x768,3,3,3,0.3333333333333333
DP-77b6c5c8057fa14b,mobile,,Android,chrome 65.0,2560x1440,33,2,2,0.5
DP-77b9c7cb45d70859,desktop,Windows,Windows 7,chrome 65.0,1441x901,1,1,1,1.0
DP-77c3b70c69e49d71,mobile,SM-S327VL,Android 6.0.1,chrome 64.0 for android,1280x720,1,1,1,1.0
DP-77cb85220c60da0a,desktop,Windows,Windows 8.1,chrome 66.0,1920x1080,23,15,15,0.06666666666666667
DP-77d1623628ef9de0,mobile,SM-G610M Build/MMB29K,,chrome 66.0 for android,,45,19,19,0.05263157894736842
DP-77d592f8ffa84ee9,mobile,Z981 Build/MMB29M,Android 6.0.1,chrome 63.0 for android,1920x1080,11,5,5,0.2
DP-77dad7f129e4af63,desktop,Windows,Windows 8.1,firefox 59.0,1366x768,9,6,6,0.16666666666666666
DP-77de56a043d7634c,mobile,ILIUM,,chrome 60.0 for android,,1,1,1,1.0
DP-77de8b15b6d2e176,mobile,Y550-L02,,chrome 66.0 for android,,1,1,1,1.0
DP-77e1eba2fb54c565,mobile,SGP621 Build/23.5.A.1.291,,chrome 63.0 for android,,1,1,1,1.0
DP-77e897b996c07268,mobile,LG-LS997 Build/NRD90M,Android 7.0,chrome 56.0 for android,2560x1440,1,1,1,1.0
DP-77f9e8f2f6963ea6,desktop,Windows,Windows 10,chrome 64.0,1920x1080,460,225,225,0.0044444444444444444
DP-77faddfe373c6ace,desktop,Windows,Windows 10,edge 16.0,1599x899,1,1,1,1.0
DP-780c9c1eec615c71,desktop,Windows,Windows 8,ie 11.0 for desktop,1600x900,1,1,1,1.0
DP-780e2379ccc830ad,mobile,LG-K371,Android 7.0,firefox,1188x720,1,1,1,1.0
DP-780e75df8d69172d,mobile,SAMSUNG SM-G9600 Build/R16NW,,other,,1,1,1,1.0
DP-7816357d2d893445,mobile,F3313 Build/37.0.A.2.248,,chrome 66.0 for android,,2,2,2,0.5
DP-782423abc6b0d31a,mobile,SM-G955F Build/NRD90M,,chrome 58.0 for android,,4,4,4,0.25
DP-7826aa08b7ee7317,mobile,iOS Device,iOS 11.1.1,mobile safari 11.0,2001x1125,44,34,34,0.029411764705882353
DP-7827c0bc84942a2d,mobile,rv:57.0,Android 6.0.1,firefox,2560x1440,2,2,2,0.5
DP-782ad8ffb7be67bb,desktop,MacOS,Mac OS X 10_9_5,chrome 63.0,1600x900,1,1,1,1.0
DP-782d0694f1d6b541,mobile,SM-G955U Build/NRD90M,,chrome 64.0 for android,,9,4,4,0.25
DP-783aaed191059731,desktop,MacOS,Mac OS X 10_9_5,chrome 65.0,1280x800,14,3,3,0.3333333333333333
DP-783b7db449bfe170,mobile,MHA-L09 Build/HUAWEIMHA-L09,,chrome 66.0 for android,,1,1,1,1.0
DP-783dad8b67f19ebe,mobile,ALE-L23 Build/HuaweiALE-L23,,chrome 62.0 for android,,34,10,10,0.1
DP-784b9bf94e53a596,mobile,E5823 Build/32.4.A.1.54,,chrome 65.0 for android,,2,2,2,0.5
DP-784e48f261a808fb,desktop,MacOS,Mac OS X 10_12_6,safari generic,1600x1000,2,2,2,0.5
DP-785406316af1bc09,desktop,MacOS,Mac OS X 10_13_3,chrome 59.0,2560x1440,1,1,1,1.0
DP-785444fb5ce2276b,mobile,5054S Build/LMY47V,,chrome 56.0 for android,,2,2,2,0.5
DP-7863920cce105a39,desktop,Windows,Windows Vista,chrome 49.0,1280x1024,24,11,11,0.09090909090909091
DP-7866ffe1a3bc69c3,mobile,E5506 Build/29.2.A.0.166,,chrome generic for android,,1,1,1,1.0
DP-786ce22cfd0f0d72,mobile,iOS Device,iOS 11.2.0,mobile safari 11.0,2732x2048,20,16,16,0.0625
DP-7874dc4ef8f061db,mobile,RNE-L03 Build/HUAWEIRNE-L03,,chrome 63.0 for android,,3,2,2,0.5
DP-7884c5ec9cccd9f5,mobile,5015A Build/LMY47I,,chrome 59.0 for android,,2,1,1,1.0
DP-78a424fbee4ed0a6,mobile,LG-X180g Build/LMY47I,,chrome 46.0 for android,,3,3,3,0.3333333333333333
DP-78aa6deb32bb34d5,mobile,SAMSUNG SM-G935A Build/NRD90M,Android 7.0,samsung browser 6.4,1920x1080,3,2,2,0.5
DP-78b322e5c005045f,mobile,SM-G935F Build/MMB29K,,chrome 63.0 for android,,8,7,7,0.14285714285714285
DP-78c3af5d083d355a,mobile,iOS Device,iOS 11.2.1,mobile safari 11.0,2208x1242,871,374,374,0.00267379679144385
DP-78d09612d1d3b638,mobile,SM-G930P Build/NRD90M,Android 7.0,chrome 66.0 for android,1920x1080,2,2,2,0.5
DP-78df28daa8f38e8a,desktop,MacOS,Mac OS X 10_12_3,chrome 66.0,2880x1800,1,1,1,1.0
DP-78e0c847c7774554,desktop,rv:52.0,Mac OS X 10.12,firefox 52.0,1280x1024,6,1,1,1.0
DP-78e447169e0ea5a5,desktop,rv:55.0,Mac OS X 10.13,firefox 55.0,1920x1080,1,1,1,1.0
DP-78e89dfd73a4025a,desktop,Windows,Windows 10,firefox generic,3840x2160,1,1,1,1.0
DP-78e8e908f0f78878,mobile,iOS Device,iOS 10.2.1,mobile safari 10.0,1136x640,27,22,22,0.045454545454545456
DP-78e9315ea2784dba,mobile,SAMSUNG SM-A510M Build/NRD90M,,samsung browser generic,,2,2,2,0.5
DP-78f63f07379d1754,mobile,Studio,Android 6.0,chrome 63.0 for android,1280x720,4,1,1,1.0
DP-78fd1a252d948361,mobile,E6853 Build/32.4.A.1.54,,chrome 65.0 for android,,2,2,2,0.5
DP-790f5cedf39b235d,mobile,Pixel 2 Build/OPM2.171019.016,Android 8.1.0,chrome 64.0 for android,,1,1,1,1.0
DP-79147037fa3280f0,mobile,FRD-L09 Build/HUAWEIFRD-L09,,chrome 64.0 for android,,6,2,2,0.5
DP-791bc98b79f709fd,mobile,iOS Device,iOS 10.2.1,mobile safari 10.0,2732x2048,3,3,3,0.3333333333333333
DP-79295ca4b9006060,desktop,Windows,Windows 8,chrome 62.0,,2,2,2,0.5
DP-793df95a77902c75,desktop,MacOS,Mac OS X 10_11_6,chrome 62.0,1920x1200,6,5,5,0.2
DP-7945e035c8eef2e4,desktop,MacOS,Mac OS X 10_12,safari generic,2560x1440,1,1,1,1.0
DP-794a9880f87cdf54,mobile,SM-J100VPP Build/LMY48B,Android 5.1.1,chrome 63.0 for android,801x480,1,1,1,1.0
DP-79561582397f3834,mobile,SM-G900T Build/MMB29M,Android 6.0.1,chrome 62.0 for android,1920x1080,2,2,2,0.5
DP-7959785a3792b33e,mobile,TA-1004,,,,1,1,1,1.0
DP-79601bddf3521c63,desktop,,,chrome 59.0,,23,15,15,0.06666666666666667
DP-7964ed7cfa380e76,desktop,Windows,Windows 7,ie 11.0 for desktop,1280x720,2,1,1,1.0
DP-7980f43253c98e8a,mobile,ASUS_Z01BDA,,chrome 63.0 for android,,1,1,1,1.0
DP-7983c24c693a30fc,desktop,rv:48.0,Mac,firefox 48.0,2560x1600,2,2,2,0.5
DP-7984801eaee97cee,mobile,F8131,,chrome 65.0 for android,,1,1,1,1.0
DP-798b54b14a03617b,mobile,SM-G900V Build/MMB29M,Android 6.0.1,chrome generic for android,1920x1080,2,2,2,0.5
DP-798f2c32a4941ac0,mobile,Lenovo,Android 5.1.1,chrome 63.0 for android,,1,1,1,1.0
DP-799db7061f39d3ea,mobile,Moto E (4) Build/NDQS26.69-23-2-3,Android 7.1.1,chrome generic,1280x720,5,3,3,0.3333333333333333
DP-79a0d99c46f71e08,mobile,SM-G930T Build/NRD90M,,android webview 4.0,,1,1,1,1.0
DP-79a3700cedf2fc8b,mobile,SAMSUNG SM-A300H Build/LRX22G,,samsung browser 3.3,,2,1,1,1.0
DP-79ab51266094fa53,desktop,,Linux,chrome 65.0,1366x768,51,24,24,0.041666666666666664
DP-79c1e6c653f079c4,mobile,,Android,chrome 64.0,1920x1080,7,2,2,0.5
DP-79c6faa13cc19bb8,mobile,HTC Desire 650 Build/MMB29M,,chrome 66.0 for android,,10,4,4,0.25
DP-79cead45b99ebcfd,desktop,Windows,Windows XP,firefox 52.0,,1,1,1,1.0
DP-79d481b80a41c37e,mobile,SM-T537V,,chrome 50.0 for android,,1,1,1,1.0
DP-79d61383445c020e,desktop,Windows,Windows 7,chrome generic,1366x768,35,31,31,0.03225806451612903
DP-79d6ec5ae2a5fb07,mobile,SAMSUNG SM-N920T Build/NRD90M,Android 7.0,samsung browser 5.4,,1,1,1,1.0
DP-79d8af9f0262f994,mobile,iOS Device,iOS 11.2.5,mobile safari generic,2048x1536,108,68,68,0.014705882352941176
DP-79d99dd4765330f4,mobile,SM-G920W8,,chrome 65.0 for android,,1,1,1,1.0
DP-79ddb741cd8c5da2,mobile,Moto G (5) Build/NPPS25.137-93-8,,chrome 66.0 for android,,3,2,2,0.5
DP-79e563bd1b57805b,mobile,Blade V580 Build/LMY47D,,chrome 65.0 for android,,2,2,2,0.5
DP-79ea75d5317bcca8,mobile,SAMSUNG SM-J500M Build/MMB29M,,samsung browser 6.4,,1,1,1,1.0
DP-79f958315babfd9e,desktop,rv:49.0,Mac OS X 10.11,firefox,1920x1080,1,1,1,1.0
DP-79fa0ec35b792f0a,mobile,G3223 Build/42.0.A.4.167,,chrome 64.0 for android,,1,1,1,1.0
DP-7a16227d01a728d5,mobile,1016S,,chrome generic,,1,1,1,1.0
DP-7a1b98157971a97c,mobile,E6833,,chrome 64.0 for android,,1,1,1,1.0
DP-7a21a45d772724c5,desktop,MacOS,Mac OS X 10_13_4,chrome 66.0,5120x2880,3,3,3,0.3333333333333333
DP-7a22600900a91ddb,desktop,XT1003,,chrome generic,,1,1,1,1.0
DP-7a235bc458373c6c,desktop,MacOS,Mac OS X 10_11_4,chrome 65.0,1280x800,1,1,1,1.0
DP-7a2d5e29a740d849,desktop,Windows,Windows 10,firefox 58.0,1680x1050,4,4,4,0.25
DP-7a317f3c72965aba,desktop,Moto G (4) Build/NPJS25.93-14-8.1-4,,chrome generic,,12,9,9,0.1111111111111111
DP-7a38cfb4fd5f6e15,mobile,VS501 Build/NRD90U,Android 7.0,chrome 64.0 for android,1280x720,2,2,2,0.5
DP-7a3a27b9049e1242,desktop,MacOS,Mac OS X 10_13_3,chrome 49.0,1440x900,2,2,2,0.5
DP-7a4642025184932f,desktop,Trident/7.0,Windows 10,ie 11.0 for tablet,2100x1312,1,1,1,1.0
DP-7a48d5a6b586f435,mobile,moto x4 Build/OPW27.57-40,,chrome 66.0 for android,,2,1,1,1.0
DP-7a4ce4e4d5dccaaf,mobile,iOS Device,iOS 10.0.2,mobile safari 10.0,1334x750,21,18,18,0.05555555555555555
DP-7a6c98a000204062,mobile,VS987 Build/NRD90U,Android 7.0,chrome 62.0 for android,2560x1440,6,6,6,0.16666666666666666
DP-7a71fe5edb5df89a,mobile,iOS Device,iOS 11.2.1,mobile safari generic,1334x750,251,135,135,0.007407407407407408
DP-7a76bffe6bff43ae,mobile,iOS Device,iOS 11.2.2,mobile safari uiwebview,1334x750,2,2,2,0.5
DP-7a7cd0903615518a,mobile,LG-TP450 Build/NRD90U,Android 7.0,chrome 58.0 for android,1920x1080,1,1,1,1.0
DP-7a97ca6c8f2a6821,mobile,SM-G530T,Android 5.1.1,chrome 63.0 for android,960x540,1,1,1,1.0
DP-7a9bf111e5bea1bd,mobile,SM-G360V Build/LMY48B,Android 5.1.1,chrome 51.0 for android,801x480,1,1,1,1.0
DP-7a9c5b55b2fb9e73,mobile,SAMSUNG,Android 6.0.1,samsung browser 6.2,2562x1442,1,1,1,1.0
DP-7a9e2f51309c6083,mobile,moto,,chrome 58.0 for android,,2,2,2,0.5
DP-7aa7f43a37993a3b,desktop,Windows,Windows 10,chrome 66.0,1680x1050,22,21,21,0.047619047619047616
DP-7aaac2c9ec5ffab6,desktop,MacOS,Mac OS X 10_12_6,chrome 66.0,5120x2880,2,2,2,0.5
DP-7aae6e830bbb431a,desktop,Windows,Windows 10,chrome 66.0,2560x1440,21,14,14,0.07142857142857142
DP-7aaf81fcb40d6c6f,mobile,SAMSUNG,,samsung browser 5.4,,2,2,2,0.5
DP-7aaff41f71ff8677,mobile,ONE A2003 Build/MMB29M,,chrome 65.0 for android,,1,1,1,1.0
DP-7ab6ffefd8883941,desktop,Windows,Windows 10,firefox generic,1600x900,2,2,2,0.5
DP-7ac005210e8fd246,mobile,Moto G (5) Build/NPP25.137-93,,chrome 66.0 for android,,18,9,9,0.1111111111111111
DP-7ac2b4723500df29,mobile,iOS Device,iOS 11.2.1,mobile safari 11.0,2001x1125,202,138,138,0.007246376811594203
DP-7ad07f3b2575e545,mobile,SM-G955U1 Build/NRD90M,,chrome generic for android,,1,1,1,1.0
DP-7ad941ec32939fba,mobile,7055A Build/KVT49L,,chrome 64.0 for android,,2,1,1,1.0
DP-7ae3bbe8a7bcb216,mobile,SM-G570M Build/MMB29K,,chrome 63.0 for android,,61,17,17,0.058823529411764705
DP-7af3f94e5518c72b,mobile,LG-X165g Build/LRX21M,,chrome 65.0 for android,,7,2,2,0.5
DP-7b16d1b659a9c787,mobile,LGMP260 Build/NRD90U,,chrome generic for android,,5,3,3,0.3333333333333333
DP-7b18607af991cdd5,desktop,Windows,Windows 7,,,1,1,1,1.0
DP-7b20c3caf52e4ec8,desktop,,Linux,chrome 64.0,2960x1440,1,1,1,1.0
DP-7b30b447f9661e5b,mobile,SM-G955U Build/R16NW,Android 8.0.0,chrome 66.0 for android,2961x1442,2,2,2,0.5
DP-7b345c34efdecd64,mobile,HUAWEI Y625-U13 Build/HUAWEIY625-U13,,chrome 62.0 for android,,1,1,1,1.0
DP-7b35b5409ac38bd9,mobile,SM-G955U Build/NRD90M,Android 7.0,chrome 62.0 for android,2220x1080,8,8,8,0.125
DP-7b3801889be376ab,mobile,STV100-2 Build/MMB29M,,chrome 64.0 for android,,1,1,1,1.0
DP-7b393c92c7082942,desktop,MacOS,Mac OS X 10_13_3,chrome generic,1440x900,7,5,5,0.2
DP-7b4706cd80703e60,desktop,Windows,Windows 7,chrome 65.0,1920x1200,20,17,17,0.058823529411764705
DP-7b485f1f2d63cb7e,mobile,TA-1025 Build/NMF26F,,chrome 64.0 for android,,4,2,2,0.5
DP-7b494b39a8599518,mobile,P5006A Build/NRD90M,,chrome 65.0 for android,,1,1,1,1.0
DP-7b49f70ed203d1a7,desktop,Windows,Windows 10,chrome generic,2400x1350,4,2,2,0.5
DP-7b4d247fb3d3fcd8,mobile,5010G Build/MRA58K,,chrome 61.0 for android,,1,1,1,1.0
DP-7b59b5707193f842,mobile,P008 Build/NRD90M,Android 7.0,chrome 64.0 for android,,1,1,1,1.0
DP-7b5b98ea6683a9b8,desktop,Windows,Windows 8.1,chrome 63.0,1024x768,7,6,6,0.16666666666666666
DP-7b5f31af69496b9d,mobile,F5121,,chrome 63.0 for android,,3,2,2,0.5
DP-7b5fcbb12a270bb7,mobile,SM-J730GM Build/NRD90M,,chrome 65.0 for android,,22,13,13,0.07692307692307693
DP-7b6cc71e5e9abe37,desktop,Windows,Windows 8.1,firefox 58.0,1280x720,1,1,1,1.0
DP-7b6eae118486204c,desktop,rv:58.0,Mac OS X 10.9,firefox 58.0,2560x1440,1,1,1,1.0
DP-7b6fff900da32759,mobile,E6810 Build/5.320VZ.03.r,Android 7.1.2,chrome 58.0 for android,1920x1080,1,1,1,1.0
DP-7b774f76dbe81f9f,mobile,SM-G960F Build/R16NW,,chrome generic for android,,2,1,1,1.0
DP-7b80ed52d8b62697,mobile,G8141,,chrome 65.0 for android,,2,2,2,0.5
DP-7b8209c0a4d9969b,mobile,Blade V580 Build/LMY47D,,chrome 63.0 for android,,8,6,6,0.16666666666666666
DP-7b8a69a2c9d37f28,desktop,,Linux,chrome 60.0,1366x768,6,5,5,0.2
DP-7b8e292d11b8eec2,desktop,MacOS,Mac OS X 10_11_6,chrome 61.0,1440x900,9,8,8,0.125
DP-7b95a18b879b830f,mobile,LIMIT,,chrome 64.0 for android,,1,1,1,1.0
DP-7ba5b437e04ab0ae,desktop,Trident/7.0,Windows 7,ie 11.0 for desktop,1920x1018,1,1,1,1.0
DP-7bac82ccd8dd98a3,desktop,rv:57.0,Mac OS X 10.10,firefox 57.0,1280x720,1,1,1,1.0
DP-7bb4850d488be303,mobile,SM-G955U Build/NRD90M,Android 7.0,chrome 62.0 for android,2960x1440,1,1,1,1.0
DP-7bb5e62a92c9d98c,desktop,Windows,Windows 7,opera 51.0,1920x1080,2,2,2,0.5
DP-7bb61c218cbce803,mobile,XT1572 Build/NPHS25.200-15-8,,chrome 64.0 for android,,1,1,1,1.0
DP-7bdb5c8636bac10e,mobile,VS980 4G Build/LRX22G,Android 5.0.2,chrome 63.0 for android,1920x1080,6,2,2,0.5
DP-7bdb5fcd0732f006,mobile,A463BG,Android 4.4.2,chrome 56.0 for android,480x320,1,1,1,1.0
DP-7bdbeb814e90b2b4,desktop,Windows,Windows 8.1,chrome 58.0,1600x900,1,1,1,1.0
DP-7bed03a3735835df,mobile,LG-E980h,,chrome 64.0 for android,,1,1,1,1.0
DP-7bf4ccf243adecd4,desktop,Windows,Windows 8.1,chrome 62.0,1024x768,1,1,1,1.0
DP-7bf9b15a534ea0ab,mobile,PRA-LX3 Build/HUAWEIPRA-LX3,,chrome 59.0 for android,,5,2,2,0.5
DP-7c0c997e16d34ae4,desktop,MacOS,Mac OS X 10_13_2,chrome 65.0,4096x2304,1,1,1,1.0
DP-7c1be140a8132194,mobile,LG-V521,,chrome 63.0 for android,,1,1,1,1.0
DP-7c1d932bf2ae9284,desktop,MAMI,,ie 11.0 for desktop,,2,1,1,1.0
DP-7c2dad57375158ab,mobile,XT1032 Build/LPBS23.13-56-2,,chrome 61.0 for android,,2,2,2,0.5
DP-7c31a951c5a4ba14,mobile,SM-N950U Build/NMF26X,Android 7.1.1,chrome 63.0 for android,2220x1080,4,4,4,0.25
DP-7c3c4b7c64a9cf3b,mobile,HP,,chrome 63.0 for android,,1,1,1,1.0
DP-7c3c886fb1c0eccf,mobile,LG-K410 Build/LRX22G,,other,,5,3,3,0.3333333333333333
DP-7c451e529d441762,mobile,SM-J510FN Build/NMF26X,,chrome 64.0 for android,,2,1,1,1.0
DP-7c489a41d4f7be44,desktop,MacOS,Mac OS X 10_11_6,safari 11.0,1024x640,2,1,1,1.0
DP-7c5ace37dc02344e,mobile,SM-A510M Build/MMB29K,,chrome 66.0 for android,,2,2,2,0.5
DP-7c5d83f911705694,mobile,SAMSUNG SM-G900I Build/MMB29M,,samsung browser 4.0,,1,1,1,1.0
DP-7c6c0f49c5cc9e23,mobile,SM-T555,,chrome 59.0 for android,,1,1,1,1.0
DP-7c6c244d96efbee1,mobile,SM-A510F Build/NRD90M,,chrome generic for android,,1,1,1,1.0
DP-7c7be6ff7a3269a3,mobile,iOS Device,iOS 11.4.0,mobile safari 11.0,2208x1242,1,1,1,1.0
DP-7c7d9b7a243c76f5,mobile,F3113 Build/33.3.A.1.97,,chrome 64.0 for android,,12,8,8,0.125
DP-7c80c02258f37b8e,desktop,rv:59.0,Windows 7,firefox 59.0,1440x900,1,1,1,1.0
DP-7c837f47efeb7ade,mobile,M10/Q1010,,chrome 65.0 for android,,1,1,1,1.0
DP-7c849a1b1b9a1385,mobile,LG-K330,Android 5.1.1,chrome 52.0 for android,855x480,2,1,1,1.0
DP-7c865c6a1abd0e2e,mobile,LGMS550 Build/NRD90U,Android 7.0,chrome 58.0 for android,1280x720,1,1,1,1.0
DP-7c8cb550f5faadd0,mobile,Moto Z2 Play Build/NPS26.118-19,,chrome 64.0 for android,,1,1,1,1.0
DP-7c9856d9dcfd01b3,mobile,SM-N920A Build/MMB29K,,chrome 63.0 for android,,3,3,3,0.3333333333333333
DP-7c998bf1b0b2884d,mobile,SM-G925F Build/NRD90M,,chrome 65.0 for android,,2,2,2,0.5
DP-7ca5325bea8e4a58,mobile,SAMSUNG SM-J530F Build/NRD90M,,samsung browser 6.2,,1,1,1,1.0
DP-7ca5f8ed52f85440,mobile,5056A Build/MMB29M,,chrome 63.0 for android,,14,5,5,0.2
DP-7caa8792cb48700c,desktop,MacOS,Mac,chrome 64.0,1280x800,2,1,1,1.0
DP-7caea5668c0508de,desktop,Windows,Windows 10,chrome 65.0,1920x1281,9,5,5,0.2
DP-7cb4331fc21a587f,desktop,MacOS,Mac OS X 10_12_4,safari generic,1920x1200,2,1,1,1.0
DP-7cbb439ee60342e7,mobile,TA-1038 Build/NMF26O,,chrome 64.0 for android,,2,2,2,0.5
DP-7cc6fd936c87791e,mobile,G3223 Build/42.0.A.4.167,,chrome generic for android,,3,3,3,0.3333333333333333
DP-7cd80263b36cb352,mobile,SM-J330F,,chrome 64.0 for android,,1,1,1,1.0
DP-7cd971b7c26d2d2a,desktop,rv:44.0,Windows 7,firefox,1366x768,2,2,2,0.5
DP-7cdd9d03dd7335e9,mobile,G3313,,chrome 63.0 for android,,1,1,1,1.0
DP-7cddd2fad4f65226,mobile,SM-G950U Build/NRD90M,Android 7.0,chrome 63.0 for android,,8,8,8,0.125
DP-7ce13711cb2472d9,desktop,MacOS,Mac OS X 10_13_3,chrome 62.0,2880x1800,1,1,1,1.0
DP-7ce19ee7ab831bdb,desktop,SM-N910T Build/LMY47X,,chrome generic,,3,1,1,1.0
DP-7ce3647b22206d70,desktop,MacOS,Mac OS X 10_10_5,safari 10.0,2560x1600,10,9,9,0.1111111111111111
DP-7ce85b5ca87e8d33,mobile,SM-G930V Build/NRD90M,Android 7.0,chrome 66.0 for android,1920x1080,9,8,8,0.125
DP-7ce93b50f51cfd9b,mobile,KFSUWI Build/LVY48F,,chrome generic,,1,1,1,1.0
DP-7cecd6052199befd,desktop,rv:52.9,Windows 7,palemoon,1280x1024,1,1,1,1.0
DP-7d074c8c301300a4,mobile,SM-T280 Build/LMY47V,,chrome 62.0 for android,,5,1,1,1.0
DP-7d07bd70f39d87c8,desktop,rv:52.0,Mac OS X 10.11,firefox 52.0,1280x800,1,1,1,1.0
DP-7d179d9fca0adb95,mobile,SM-G390W,,chrome 63.0 for android,,1,1,1,1.0
DP-7d3264ce36a7ab8a,mobile,SM-N950U Build/NMF26X,Android 7.1.1,chrome 65.0 for android,2220x1081,9,7,7,0.14285714285714285
DP-7d3279e12bc50f04,mobile,iOS Device,iOS,mobile safari 8.0,1024x768,10,9,9,0.1111111111111111
DP-7d50897e509b36d4,mobile,ONE TOUCH 4016A Build/JDQ39,,chrome 63.0 for android,,1,1,1,1.0
DP-7d50fdc656faa1d7,desktop,Windows,Windows 10,chrome 65.0,3441x1440,1,1,1,1.0
DP-7d778b4e9d3cead0,desktop,rv:57.0,Mac OS X 10.13,firefox 57.0,2880x1800,23,21,21,0.047619047619047616
DP-7d7e203f4dfa55a1,mobile,XT1575 Build/NPHS25.200-23-1,,chrome 63.0 for android,,1,1,1,1.0
DP-7d853ef684e66dfa,mobile,SAMSUNG SM-G891A Build/NRD90M,Android 7.0,samsung browser 6.2,1920x1080,16,14,14,0.07142857142857142
DP-7d8fbdfabb0291c5,mobile,iOS Device,iOS 11.3.0,mobile safari 11.0,2224x1668,16,9,9,0.1111111111111111
DP-7d92dbc0b1e80fb7,desktop,MacOS,Mac OS X 10_11_6,chrome generic,2880x1800,3,3,3,0.3333333333333333
DP-7d9837a992885577,desktop,Windows,Windows 7,ie 11.0 for desktop,,42,26,26,0.038461538461538464
DP-7da9864d57879733,mobile,ALCATEL ONE TOUCH 7042A Build/JDQ39,,chrome 64.0 for android,,1,1,1,1.0
DP-7dadbe35ac27b3a6,mobile,Moto G (5) Plus Build/NPNS25.137-92-8,,chrome 66.0 for android,,1,1,1,1.0
DP-7daebdc903a9413d,desktop,Windows,Windows 10,firefox 57.0,1920x1200,13,12,12,0.08333333333333333
DP-7dafc6cbf520e282,mobile,NEM-L51 Build/HONORNEM-L51,,chrome 63.0 for android,,1,1,1,1.0
DP-7db050f64ea01440,mobile,SLA-L02,,chrome 63.0 for android,,1,1,1,1.0
DP-7db0b0c232d22ac6,mobile,SAMSUNG-SM-G530AZ Build/LMY48B,,chrome 62.0 for android,,1,1,1,1.0
DP-7db590f62a893516,mobile,LG-K200 Build/MXB48T,,chrome 59.0 for android,,1,1,1,1.0
DP-7dbb48381be2a9cf,mobile,SM-T813 Build/NRD90M,Android 7.0,chrome 66.0 for android,2048x1536,1,1,1,1.0
DP-7dbee15974afd665,mobile,SM-G900V Build/MMB29M,Android 6.0.1,chrome 58.0 for android,1920x1080,1,1,1,1.0
DP-7dc3a284836b9ffb,desktop,Windows,Windows XP,chrome generic,1920x1080,1,1,1,1.0
DP-7dc97bba4efd7816,mobile,BND-L21 Build/HONORBND-L21,,chrome 63.0 for android,,1,1,1,1.0
DP-7dd109e5f7f01ef1,mobile,SM-J120H Build/LMY47V,,chrome 59.0 for android,,1,1,1,1.0
DP-7dd4a0e2fd2b9859,mobile,,,mobile safari 11.0,,3244,600,600,0.0016666666666666668
DP-7de5c2398ed3d1f0,mobile,ONE TOUCH 4033A Build/JDQ39,,chrome 51.0 for android,,2,1,1,1.0
DP-7de7b2cc7c9d7dfd,desktop,Windows,Windows 10,opera 49.0,1920x1080,8,6,6,0.16666666666666666
DP-7ded89f590c00534,mobile,iOS Device,iOS 11.0.3,chrome 65.0 for ios,2048x1536,2,2,2,0.5
DP-7e0cc168b059dd0c,mobile,TA-1039 Build/NMF26F,,chrome 62.0 for android,,1,1,1,1.0
DP-7e0cc5080f492e87,desktop,MacOS,Mac OS X 10_13_1,chrome 62.0,2560x1600,31,18,18,0.05555555555555555
DP-7e0d1f88c73e8a1a,mobile,BLL-L23 Build/HUAWEIBLL-L23,,chrome 65.0 for android,,14,8,8,0.125
DP-7e15ba2ebe3f3d2a,desktop,Trident/7.0,Windows 7,ie 11.0 for desktop,1280x960,6,4,4,0.25
DP-7e19418d0d620a95,mobile,SM-G920I Build/NRD90M,,chrome 64.0 for android,,1,1,1,1.0
DP-7e208fbf2274f517,desktop,MacOS,Mac OS X 10_11_6,chrome 63.0,1280x1024,1,1,1,1.0
DP-7e25dec3b2cd82fc,mobile,SM-T380,,chrome 65.0 for android,,1,1,1,1.0
DP-7e39d1bcd99180d7,mobile,SM-J200M Build/LMY47X,,chrome 62.0 for android,,2,2,2,0.5
DP-7e46f05d12711509,desktop,Windows,Windows 8.1,firefox 57.0,1440x900,1,1,1,1.0
DP-7e4e553f1d466920,mobile,iOS Device,iOS 11.0.1,mobile safari uiwebview,2048x1536,1,1,1,1.0
DP-7e58015b2458bd6f,mobile,VS990 Build/MRA58K,Android 6.0,chrome 64.0 for android,2560x1440,2,2,2,0.5
DP-7e5b0f15849f41d5,mobile,SM-G935T Build/NRD90M,Android 7.0,chrome 62.0 for android,1920x1080,10,9,9,0.1111111111111111
DP-7e5e15852f51a77b,desktop,MacOS,Mac OS X 10_13_2,chrome 62.0,2560x1440,5,3,3,0.3333333333333333
DP-7e60e944b220beb4,mobile,MAGNO,,chrome 63.0 for android,,1,1,1,1.0
DP-7e67bac53653bb37,desktop,Windows,Windows 7,firefox 57.0,2560x1080,1,1,1,1.0
DP-7e69f9244c7b356e,mobile,CPH1607,,chrome 66.0 for android,,1,1,1,1.0
DP-7e6b52fa6d9294f2,desktop,Windows,Windows 7,chrome generic,1280x1025,1,1,1,1.0
DP-7e6e168f05b70859,desktop,rv:54.0,Windows 7,firefox,1366x768,2,2,2,0.5
DP-7e7216dea03a0787,mobile,XT1092,,chrome 63.0 for android,,3,2,2,0.5
DP-7e754ffa5bf97376,mobile,SAMSUNG SM-A510M Build/MMB29K,,samsung browser 6.2,,1,1,1,1.0
DP-7e7ae19952dd938e,mobile,SAMSUNG SM-G955F Build/R16NW,,samsung browser 6.4,,1,1,1,1.0
DP-7e8cb5a3df23a9d0,desktop,Windows,func,chrome 63.0,1600x900,1,1,1,1.0
DP-7ea1b2e1f652b8c0,desktop,rv:59.0,Mac OS X 10.11,firefox 59.0,2560x1440,1,1,1,1.0
DP-7ea5cfe079033ced,mobile,VS5012 Build/NRD90M,,chrome 64.0 for android,,23,17,17,0.058823529411764705
DP-7eab10593a5bb669,desktop,Trident/7.0,Windows 8.1,ie 11.0 for desktop,1024x767,1,1,1,1.0
DP-7eb20ea1465208ad,desktop,Windows,Windows 8.1,chrome generic,1366x768,11,10,10,0.1
DP-7eb9b3d29c8b3698,desktop,Windows,Windows XP,chrome 49.0,1680x1050,2,2,2,0.5
DP-7ebc0f9ec464ddd3,mobile,SM-N950U Build/NMF26X,,chrome 65.0 for android,,2,2,2,0.5
DP-7ec3655cf06c68b2,mobile,Redmi,,chrome 62.0 for android,,2,1,1,1.0
DP-7ec61fa897c57cd1,mobile,Blade V580 Build/LMY47D,,chrome 43.0 for android,,1,1,1,1.0
DP-7ec9cccdfa1f5abb,desktop,Windows NT 6.1,Windows 7,ie,1371x857,1,1,1,1.0
DP-7ed2b4118113204c,mobile,SAMSUNG SM-G920P Build/NRD90M,,samsung browser generic,,2,2,2,0.5
DP-7ed5a22914b1d53c,desktop,MacOS,Mac,safari generic,1440x900,23,19,19,0.05263157894736842
DP-7ed70776b82618fe,mobile,SM-G530H Build/LRX22G,,chrome,,1,1,1,1.0
DP-7eda18b76c809e54,mobile,SM-J100VPP Build/LMY48B,Android 5.1.1,chrome 61.0 for android,801x480,1,1,1,1.0
DP-7edbb80264106eec,mobile,Android 6.0.1,,,,3,1,1,1.0
DP-7eea1c60b6990a50,mobile,iOS Device,iOS 10.3.1,mobile safari generic,2208x1242,7,6,6,0.16666666666666666
DP-7ef1687cb48f46a3,mobile,Lenovo K33b36 Build/MMB29M,,chrome 58.0 for android,,1,1,1,1.0
DP-7ef20cb39a4a5350,desktop,rv:57.0,Windows 10,firefox,1024x768,1,1,1,1.0
DP-7ef4124be88dbe45,mobile,MotoG3 Build/MPIS24.65-33.1-2-16,,chrome generic for android,,7,5,5,0.2
DP-7ef7cc6afac4f288,desktop,rv:47.0,Mac OS X 10.10,firefox 47.0,2560x1600,1,1,1,1.0
DP-7ef9c32a221a59d7,mobile,Blade V580 Build/LMY47D,,chrome 55.0 for android,,1,1,1,1.0
DP-7efa0bae8e9c7b5d,mobile,SM-G920P Build/NRD90M,,chrome 63.0 for android,,1,1,1,1.0
DP-7f0268fe971d5f41,mobile,Ilium L910 Build/MRA58K,,chrome 46.0 for android,,1,1,1,1.0
DP-7f028f3525a4d4a0,mobile,Z956 Build/MMB29M,,chrome 62.0 for android,,1,1,1,1.0
DP-7f03cd37e69b3e84,desktop,Windows,Windows 7,chrome 62.0,,40,31,31,0.03225806451612903
DP-7f04fe1575f08c28,desktop,MacOS,Mac OS X 10_13_4,chrome 65.0,5120x2880,2,2,2,0.5
DP-7f13155e8ab16e5d,mobile,GT-I9300,,chrome 63.0 for android,,1,1,1,1.0
DP-7f1552cf2df5734a,mobile,Ilium LT520 Build/NRD90M,,chrome 56.0 for android,,4,1,1,1.0
DP-7f26269485dcb514,mobile,LG-M700 Build/NMF26X,,chrome 56.0 for android,,5,2,2,0.5
DP-7f26c0b62579f9bb,mobile,REVVLPLUS,Android 7.1.1,chrome 58.0 for android,1920x1080,1,1,1,1.0
DP-7f27027e34dc70bf,mobile,iOS Device,iOS 11.1.2,chrome 62.0 for ios,2732x2048,3,3,3,0.3333333333333333
DP-7f2a3d79abc8098f,mobile,SM-J110M Build/LMY48B,,chrome 63.0 for android,,1,1,1,1.0
DP-7f4371cf4a3b9971,desktop,,,chrome 51.0,,27,17,17,0.058823529411764705
DP-7f45858b8fa50e1a,mobile,Ilium,,chrome 62.0 for android,,1,1,1,1.0
DP-7f49d873933cf6e3,desktop,MacOS,Mac OS X 10_10_5,safari 10.0,1680x1050,2,2,2,0.5
DP-7f4c54eff69eae53,mobile,KFGIWI Build/LVY48F,Android 5.1.1,chrome generic,,18,14,14,0.07142857142857142
DP-7f57bbdd6bb8eb69,desktop,Windows,Windows 10,firefox 60.0,1360x768,1,1,1,1.0
DP-7f5de672eb2497db,mobile,LGMS428,,chrome 65.0 for android,,1,1,1,1.0
DP-7f6f6511eb079df9,mobile,SM-T520,Android 4.4.2,chrome 65.0 for android,2560x1600,1,1,1,1.0
DP-7f79563b57c73f0a,desktop,rv:56.0,Windows 7,firefox 56.0,1920x1080,4,4,4,0.25
DP-7f7a2938538e0c0b,mobile,E5606 Build/30.2.A.1.21,,chrome 62.0 for android,,2,2,2,0.5
DP-7f7d982687002c28,desktop,Windows,Windows 10,firefox 60.0,1280x1024,3,2,2,0.5
DP-7f8184f50af2c9fd,desktop,Windows,Windows 7,firefox 47.0,1280x800,1,1,1,1.0
DP-7f8fa66f6a8386d0,mobile,Ilium L620 Build/NRD90M,,chrome 63.0 for android,,7,4,4,0.25
DP-7fb255f7c92c6578,mobile,SAMSUNG-SM-G530AZ Build/LMY48B,,chrome 65.0 for android,,2,2,2,0.5
DP-7fb8f1f0e41aec43,desktop,MacOS,Mac OS X 10_13_4,chrome 65.0,3200x1800,2,1,1,1.0
DP-7fbc6fa3417b380c,mobile,Redmi Note 4 Build/NRD90M,,chrome 61.0 for android,,12,5,5,0.2
DP-7fc32d49af619696,mobile,Mi A1 Build/N2G47H,,chrome 65.0 for android,,2,2,2,0.5
DP-7fc6c17d40cdd107,desktop,Windows,Windows 7,chrome 55.0,1920x1080,9,6,6,0.16666666666666666
DP-7fc850159d9c5fbd,mobile,SAMSUNG-SM-G935A Build/NRD90M,Android 7.0,chrome 63.0 for android,1920x1080,16,16,16,0.0625
DP-7fce319d92e79cec,mobile,iOS Device,iOS 11.3.0,mobile safari 11.0,2208x1242,320,176,176,0.005681818181818182
DP-7fd1b5a9013c6d28,mobile,LG-D331 Build/LRX22G,,chrome generic,,4,3,3,0.3333333333333333
DP-7fdabdf202939500,desktop,rv:54.0,Windows 8.1,firefox,1366x768,2,1,1,1.0
DP-7fde283424c3ddb3,desktop,Windows,Windows 10,chrome 64.0,1280x1024,33,28,28,0.03571428571428571
DP-7fe45a83bdd40f5a,mobile,LG-V410,,chrome 65.0 for android,,1,1,1,1.0
DP-7fe66e4d93f71ed3,mobile,VS988 Build/NRD90U,Android 7.0,chrome 65.0 for android,2672x1440,2,1,1,1.0
DP-7fe9e9307a9e4746,mobile,SM-G965U Build/R16NW,Android 8.0.0,chrome generic for android,2220x1081,3,2,2,0.5
DP-7ff2e152a7e99467,mobile,ASUS_X008DC Build/NRD90M,,chrome 65.0 for android,,1,1,1,1.0
DP-7ff494a42db29fb9,mobile,SM-N920T Build/NRD90M,Android 7.0,chrome 62.0 for android,,7,5,5,0.2
DP-7ffb6b7c2801dd6e,mobile,iOS Device,iOS 11.1.2,mobile safari generic,1334x750,216,139,139,0.007194244604316547
DP-800c0be653de8f24,mobile,iOS Device,iOS 11.3.0,mobile safari 11.0,1334x750,366,183,183,0.00546448087431694
DP-80173d986cbd3d4d,mobile,LG-M400 Build/NRD90U,,chrome 65.0 for android,,4,3,3,0.3333333333333333
DP-8017fb55c281e36c,mobile,SM-J200M Build/LMY47X,,chrome 59.0 for android,,2,2,2,0.5
DP-8018acbcc2007011,desktop,rv:42.0,,firefox,,5,5,5,0.2
DP-801ea1935eb85a81,mobile,SM-T580 Build/NRD90M,,chrome 56.0 for android,,1,1,1,1.0
DP-802389d51ac21da0,mobile,Nexus 6P Build/OPR5.170623.014,,,,5,2,2,0.5
DP-803a0fd77d01a372,desktop,Windows,Windows 10,edge 14.0,1919x1079,1,1,1,1.0
DP-803c0d27e9e050a6,mobile,iOS Device,iOS 11.2.6,mobile safari uiwebview,2436x1125,2,1,1,1.0
DP-804ee84bb6174184,desktop,SM-J110M Build/LMY48B,,chrome generic,,1,1,1,1.0
DP-80514ffc31dd1472,desktop,MacOS,Mac OS X 10_11_5,safari generic,1440x900,6,5,5,0.2
DP-80551404a6bacd31,mobile,Moto G (4) Build/NPJS25.93-14-13,,chrome 66.0 for android,,24,2,2,0.5
DP-8067bc6cb5e2f2ce,mobile,LG-K530 Build/NRD90U,,chrome 53.0 for android,,1,1,1,1.0
DP-806801d78a23645f,mobile,SM-G900V Build/MMB29M,Android 6.0.1,chrome 56.0 for android,1920x1080,3,3,3,0.3333333333333333
DP-806efd24f6de8219,desktop,MacOS,Mac OS X 10_10_5,safari 10.0,1920x1080,11,8,8,0.125
DP-80841fea9704844c,mobile,Mi A1 Build/N2G47H,,chrome 62.0 for android,,1,1,1,1.0
DP-8090d7713890454f,mobile,SM-J510MN Build/MMB29M,,chrome 55.0 for android,,1,1,1,1.0
DP-80977c9f1f92d9a8,mobile,iOS Device,iOS 11.3.1,google search application 49.0,2732x2048,1,1,1,1.0
DP-809c79e76376118a,desktop,rv:55.0,Mac OS X 10.10,firefox 55.0,1920x1080,1,1,1,1.0
DP-809ca115451088b5,mobile,LG-H831 Build/NRD90U,Android 7.0,chrome 65.0 for android,2560x1440,1,1,1,1.0
DP-80ac552acb3ece42,mobile,SM-T280 Build/LMY47V,Android 5.1.1,chrome 64.0 for android,,1,1,1,1.0
DP-80b06c5941b2bf08,mobile,iOS Device,iOS 10.2.1,mobile safari generic,2732x2048,1,1,1,1.0
DP-80b0e21f1efbc2c1,mobile,SAMSUNG,Android 5.1.1,chrome generic,1920x1080,5,4,4,0.25
DP-80b84877213a48cf,desktop,Windows,Windows 7,ie 11.0 for desktop,1536x864,14,1,1,1.0
DP-80bc9306f6ffa0fd,desktop,,Linux,chrome 57.0,1366x768,2,2,2,0.5
DP-80c1db93608b6ea8,mobile,Hisense U963 Build/MRA58K,,android webview 4.0,,2,2,2,0.5
DP-80c384586675abfe,desktop,,Linux,chrome 62.0,2562x1442,4,3,3,0.3333333333333333
DP-80c5229f55319550,mobile,LG-D320,,chrome 61.0 for android,,1,1,1,1.0
DP-80d2a5d39513c09d,mobile,SM-T560 Build/KTU84P,,chrome 56.0 for android,,1,1,1,1.0
DP-80dafe855e47b9f1,mobile,MHA-L09 Build/HUAWEIMHA-L09,,chrome 65.0 for android,,1,1,1,1.0
DP-80dd6ebd9cdec62c,mobile,Blade A465 Build/LMY47D,,chrome 61.0 for android,,1,1,1,1.0
DP-80e5fd0315cab962,desktop,MacOS,Mac OS X 10_11_3,chrome 63.0,1440x900,13,10,10,0.1
DP-80f45a2e53b554ea,mobile,SM-G550T1 Build/MMB29K,,chrome 63.0 for android,,1,1,1,1.0
DP-80fde44758c2dc1a,mobile,Lenovo K33b36 Build/NRD90N,,chrome 55.0 for android,,1,1,1,1.0
DP-80fdfe39952b994f,desktop,Trident/7.0,Windows 7,ie 11.0 for desktop,1440x899,1,1,1,1.0
DP-80ff8f851920b57b,mobile,4027A Build/KOT49H,,chrome 64.0 for android,,1,1,1,1.0
DP-810c21352b448c52,desktop,Trident/7.0,Windows 10,ie 11.0 for tablet,3000x2000,8,5,5,0.2
DP-810dcd491f5acb7d,desktop,WOW64,Windows 8.1,ie 11.0 for desktop,1440x900,2,2,2,0.5
DP-81105218269d21dc,desktop,MacOS,Mac OS X 10_9_5,chrome 63.0,1024x640,4,1,1,1.0
DP-81193b1aaee5ed78,desktop,Windows,Windows 7,firefox 57.0,1440x900,42,34,34,0.029411764705882353
DP-81193bf1916f9d62,desktop,MacOS,Mac OS X 10_9_5,chrome 62.0,,3,2,2,0.5
DP-811eac570b35cf20,desktop,rv:60.0,Mac OS X 10.12,firefox 60.0,2560x1440,3,1,1,1.0
DP-812c728b0cc85aff,mobile,LG-X210 Build/LMY47I,,chrome 46.0 for android,,1,1,1,1.0
DP-8138cddf1cd39363,desktop,MacOS,Mac OS X 10_13_1,safari generic,2560x1440,37,30,30,0.03333333333333333
DP-813af59e41b364dd,mobile,Trident/7.0,Windows 8.1,Microsoft/Windows,1920x1080,4,4,4,0.25
DP-813c6febfd97b9a0,mobile,LG-H901,,chrome 63.0 for android,,1,1,1,1.0
DP-813ebdb35e9aa5ed,desktop,Windows,Windows 7,firefox 59.0,1920x1200,10,5,5,0.2
DP-81405310b39c3fbe,mobile,Lenovo K33b36 Build/NRD90N,,chrome 66.0 for android,,1,1,1,1.0
DP-8140d40a86dcda9c,mobile,Pixel 2 XL Build/OPM1.171019.013,Android 8.1.0,chrome generic for android,,2,2,2,0.5
DP-814aaf5942747e30,mobile,SM-N950U Build/NMF26X,Android 7.1.1,chrome 64.0 for android,2960x1440,1,1,1,1.0
DP-814fba754e4d08f0,desktop,Windows,Windows 10,firefox 59.0,2560x1080,4,4,4,0.25
DP-815055478da1ba47,mobile,SAMSUNG SM-G965U Build/R16NW,Android 8.0.0,other,2220x1081,1,1,1,1.0
DP-8158563023a6198f,mobile,QTAQZ3 Build/LMY47V,Android 5.1.1,chrome 66.0 for android,1280x800,5,1,1,1.0
DP-815d6d531b1e1c24,desktop,Windows,Windows 10,edge 15.0,1440x900,19,14,14,0.07142857142857142
DP-815de1a69ff695f0,mobile,SAMSUNG SM-A510M Build/MMB29K,,samsung browser generic,,3,1,1,1.0
DP-816cd39a2f752779,desktop,MacOS,Mac OS X 10_7_5,chrome 49.0,1920x1080,12,8,8,0.125
DP-816e1d2479e37722,mobile,rv:58.0,Android 7.0,Generic/Android 7.0,1920x1080,1,1,1,1.0
DP-816ee4a4d9da7728,mobile,,,google search application 49.0,,16,10,10,0.1
DP-81718bb38dbea07b,mobile,iOS Device,iOS 10.3.3,mobile safari generic,1334x750,89,56,56,0.017857142857142856
DP-817e3715f24e617a,mobile,SM-G930T,Android 6.0.1,chrome 63.0 for android,2560x1440,1,1,1,1.0
DP-81852266c4cbf0d8,mobile,XT1254 Build/MCG24.251-5-5,Android 6.0.1,chrome generic for android,2560x1440,2,2,2,0.5
DP-818d7f5f4dc8ff91,mobile,SM-J500H,,chrome 63.0 for android,,1,1,1,1.0
DP-819f78b423cf9c2d,mobile,iOS Device,iOS 11.3.1,google search application 49.0,1334x750,6,5,5,0.2
DP-81a22449d5eaf970,desktop,,Linux,chrome 60.0,1360x768,1,1,1,1.0
DP-81a2f1e82d3f4a86,mobile,SM-T280 Build/LMY47V,,chrome 64.0 for android,,1,1,1,1.0
DP-81ad0aad08014493,mobile,SAMSUNG SM-G903F Build/MMB29K,,samsung browser 6.2,,2,2,2,0.5
DP-81aff51942802a16,desktop,Windows,Windows 10,edge 15.0,1920x1079,1,1,1,1.0
DP-81b2f20c10df9714,mobile,0PM92,Android 6.0.1,chrome 56.0 for android,1280x720,1,1,1,1.0
DP-81b8da73e20aece3,mobile,SAMSUNG SM-J701M Build/NRD90M,,samsung browser 5.2,,15,2,2,0.5
DP-81d1b146e280a803,desktop,MacOS,Mac OS X 10_12_6,chrome 62.0,1366x768,8,7,7,0.14285714285714285
DP-81d44cb7348954e1,mobile,Moto G Play Build/MPIS24.241-15.3-7,,chrome 59.0 for android,,1,1,1,1.0
DP-81d622f5479fdb08,mobile,Moto,,chrome 63.0 for android,,9,5,5,0.2
DP-81d8a10a0b68381e,mobile,SM-G532M Build/MMB29T,,chrome 52.0 for android,,1,1,1,1.0
DP-81e344bfe13158f3,mobile,iOS Device,iOS 11.2.6,mobile safari 11.0,2208x1242,21,19,19,0.05263157894736842
DP-81e3ff5577fd4072,mobile,REX,,chrome 61.0 for android,,1,1,1,1.0
DP-81e966f8198de573,mobile,Nexus,Android 5.1.1,chrome 63.0 for android,2560x1600,1,1,1,1.0
DP-81e97b9a36a39a55,desktop,MacOS,Mac OS X 10_13_5,safari generic,2560x1440,1,1,1,1.0
DP-81f774efabc3f214,mobile,HTC Desire 650 Build/MMB29M,,chrome 61.0 for android,,2,2,2,0.5
DP-81fd6791a19848c5,desktop,Windows,Windows 10,chrome 65.0,1511x944,1,1,1,1.0
DP-81ff844789d9b5af,desktop,Windows,Windows 7,firefox 56.0,1366x768,2,2,2,0.5
DP-8205e85ae65aac04,mobile,SM-J120M,,chrome 64.0 for android,,1,1,1,1.0
DP-8206bea0287c35e4,desktop,Windows,Windows 8.1,chrome 64.0,1440x900,5,5,5,0.2
DP-821cde91b4a328ca,mobile,D5316,,chrome 62.0 for android,,2,2,2,0.5
DP-82256ee4454c4740,mobile,5011A Build/NRD90M,,chrome 63.0 for android,,2,2,2,0.5
DP-822f49c82877a821,mobile,HTC_D10i,,,,1,1,1,1.0
DP-8231950c88be4171,mobile,G25524K,,chrome generic for android,,1,1,1,1.0
DP-823e2dca822fa4b2,desktop,MacOS,Mac OS X 10_11_5,chrome 61.0,2560x1600,1,1,1,1.0
DP-823e7557c15adf00,mobile,MYA-L03 Build/HUAWEIMYA-L03,,chrome generic for android,,2,1,1,1.0
DP-824546033d75b3ac,desktop,Windows,Windows 8.1,chrome 63.0,1920x1281,2,1,1,1.0
DP-8249be547d397dea,mobile,QTAIR7 Build/LMY47D,Android,chrome 63.0 for android,1920x1200,1,1,1,1.0
DP-8249e16fe19f2ff7,desktop,MacOS,Mac OS X 10_13_4,safari 11.0,1920x1080,43,32,32,0.03125
DP-824c3648e0074756,desktop,MacOS,Mac OS X 10_12_2,chrome 65.0,1920x1080,1,1,1,1.0
DP-824e44cbaa864b4d,desktop,MacOS,Mac OS X 10_13_2,chrome 63.0,2560x1440,24,17,17,0.058823529411764705
DP-824e657d62e9863d,mobile,ZUR70016,,chrome 65.0 for android,,2,1,1,1.0
DP-825127e51534e069,mobile,SM-T377V Build/NMF26X,Android 7.1.1,chrome 62.0 for android,,5,1,1,1.0
DP-8257a0efb98bcab4,mobile,,,chrome 63.0 for ios,,90,29,29,0.034482758620689655
DP-825b60d7ab1891b4,mobile,LG-K240 Build/MXB48T,,chrome 63.0 for android,,3,3,3,0.3333333333333333
DP-82662f883e2608ae,desktop,rv:54.0,Mac OS X 10.9,firefox,1280x800,1,1,1,1.0
DP-826818055dd6ba49,mobile,Lenovo,Android 6.0,chrome 63.0 for android,1920x1200,1,1,1,1.0
DP-826c73fe7ee7e304,desktop,rv:56.0,Mac OS X 10.11,firefox 56.0,1920x1080,2,2,2,0.5
DP-826ea58557559ddb,mobile,SM-A520F Build/NRD90M,,chrome 58.0 for android,,1,1,1,1.0
DP-827efe856a5b8b47,mobile,SM-A310M,,chrome 62.0 for android,,2,2,2,0.5
DP-828063eff6791156,desktop,Windows,Windows 10,chrome 65.0,3001x2000,1,1,1,1.0
DP-828a368f21d0fbbd,desktop,Windows,Windows 8.1,firefox 58.0,1366x768,1,1,1,1.0
DP-828f9ca43b9c4058,desktop,Windows,Windows 10,chrome 62.0,,68,42,42,0.023809523809523808
DP-829211ba8a258839,desktop,MacOS,Mac OS X 10_13_1,chrome 62.0,1440x900,43,31,31,0.03225806451612903
DP-8296271d4a0ddb8c,mobile,HUAWEI VNS-L23 Build/HUAWEIVNS-L23,,chrome 65.0 for android,,16,9,9,0.1111111111111111
DP-82972b06df83c980,mobile,SM-G920P Build/NRD90M,Android 7.0,chrome 65.0 for android,2560x1440,2,2,2,0.5
DP-829af12a2e3bd461,mobile,HUAWEI VNS-L53 Build/HUAWEIVNS-L53,,chrome generic for android,,2,2,2,0.5
DP-829b720319c370cf,mobile,LG-H831 Build/NRD90U,,chrome 63.0 for android,,2,2,2,0.5
DP-82b1cece69e74285,mobile,iOS Device,iOS 11.1.1,mobile safari 11.0,2224x1668,5,5,5,0.2
DP-82b3b428d8a34109,mobile,LG-H872 Build/NRD90U,Android 7.0,chrome 65.0 for android,2672x1440,1,1,1,1.0
DP-82d29467b96dba91,mobile,SM-G930T Build/NRD90M,Android 7.0,chrome 62.0 for android,1920x1080,12,12,12,0.08333333333333333
DP-82d6d3ce109eee4b,desktop,MacOS,Mac OS X 10_11_6,chrome 65.0,1366x768,6,5,5,0.2
DP-82d86907f53e8979,mobile,Y635-L03 Build/HuaweiY635-L03,,chrome 66.0 for android,,2,2,2,0.5
DP-82dbf2597b01c8db,mobile,Hisense L675 Build/MRA58K,,chrome 65.0 for android,,31,7,7,0.14285714285714285
DP-82e6560192275a8c,mobile,SAMSUNG SM-T813 Build/NRD90M,Android 7.0,samsung browser 6.2,2048x1536,2,1,1,1.0
DP-82e88f2228d51101,mobile,SAMSUNG SM-G610M Build/MMB29K,,samsung browser generic,,6,3,3,0.3333333333333333
DP-82fd91f416cd6364,mobile,AX1060,,chrome 65.0 for android,,1,1,1,1.0
DP-8301d59b578e9894,mobile,MYA-L03 Build/HUAWEIMYA-L03,,chrome 64.0 for android,,4,3,3,0.3333333333333333
DP-8309efd2e316e0db,mobile,LG-D693n Build/LRX22G,,chrome 59.0 for android,,14,4,4,0.25
DP-83137c8f1a975cdf,mobile,FEVER,,chrome 66.0 for android,,1,1,1,1.0
DP-8318d41acfaadc08,desktop,Windows,Windows 7,chrome 63.0,1536x864,1,1,1,1.0
DP-831d0344f6fd24be,mobile,E5823 Build/32.4.A.1.54,,chrome 66.0 for android,,1,1,1,1.0
DP-8327f870dc0b3eb8,desktop,Windows,Windows 10,chrome,1920x1080,15,9,9,0.1111111111111111
DP-832a7336cb33ed42,mobile,SM-N950U1 Build/NMF26X,Android 7.1.1,chrome 63.0 for android,2961x1440,1,1,1,1.0
DP-832f13ec1be8558a,mobile,VS5012 Build/NRD90M,,chrome 65.0 for android,,10,5,5,0.2
DP-8336957999b7b658,mobile,SM-G930V Build/NRD90M,Android 7.0,chrome 64.0 for android,,1,1,1,1.0
DP-833a1678790d97d7,mobile,hi6210sft Build/MRA58K,,chrome 64.0 for android,,123,3,3,0.3333333333333333
DP-833eccf3a8741fb1,desktop,Linux i686,,firefox 56.0,,1,1,1,1.0
DP-834190273c895e76,desktop,MacOS,Mac OS X 10_13_4,chrome 66.0,2560x1600,24,19,19,0.05263157894736842
DP-83482424014126fa,mobile,E8QP,,chrome generic,,1,1,1,1.0
DP-8354614e45a98ac6,desktop,MacOS,Mac,safari generic,1920x1200,1,1,1,1.0
DP-8354946efad6ab23,mobile,P00A,Android 7.0,chrome 65.0 for android,1280x800,1,1,1,1.0
DP-83579b497d211a61,mobile,TA-1028 Build/NMF26O,,chrome 66.0 for android,,2,2,2,0.5
DP-835abd92c359071b,desktop,rv:42.0,Windows 7,firefox,1366x768,1,1,1,1.0
DP-835c33fedbf05ef3,mobile,HUAWEI NXT-L09 Build/HUAWEINXT-L09,,chrome 66.0 for android,,3,3,3,0.3333333333333333
DP-83641c2fcdd3df0b,mobile,Moto C Build/NRD90M.046,,chrome 56.0 for android,,1,1,1,1.0
DP-836a7f5f6be7aa0e,mobile,HTC One M9 Build/NRD90M,,chrome 63.0 for android,,4,3,3,0.3333333333333333
DP-83745aaf304e5423,desktop,Windows,Windows 10,chrome 58.0,1280x1024,1,1,1,1.0
DP-8374791ef7c49883,mobile,SM-G530FZ,,chrome 64.0 for android,,1,1,1,1.0
DP-8374956beb422b1d,mobile,F3313 Build/37.0.A.2.248,,chrome 64.0 for android,,5,4,4,0.25
DP-8374bef8912dcaa2,desktop,rv:58.0,Mac OS X 10.10,firefox 58.0,1280x1024,1,1,1,1.0
DP-83866fa1e845bd3d,mobile,XT1635-01 Build/NDNS26.118-23-12-3,Android 7.1.1,chrome 62.0 for android,1920x1080,3,3,3,0.3333333333333333
DP-838b3e319c8b0d37,desktop,MacOS,Mac OS X 10_11_6,chrome 63.0,1280x800,45,33,33,0.030303030303030304
DP-838e1fe449b1cf08,mobile,GT-N5110,Android 4.4.2,chrome 61.0 for android,,1,1,1,1.0
DP-838ebdfa0dd3c738,mobile,XT1032 Build/KXB21.14-L1.40,,chrome 63.0 for android,,1,1,1,1.0
DP-8392c243ce440088,desktop,Windows,Windows XP,chrome 49.0,1600x900,2,2,2,0.5
DP-8394e0428374d22f,mobile,SM-G955U1 Build/NRD90M,Android 7.0,chrome 63.0 for android,,3,3,3,0.3333333333333333
DP-839b5fe310793290,mobile,LGLS991,Android 6.0,chrome 62.0 for android,2560x1440,2,1,1,1.0
DP-839f6818bf7f0120,mobile,LG-H340AR,,chrome 63.0 for android,,1,1,1,1.0
DP-83c0761bcddc36dd,mobile,iOS Device,iOS 10.3.3,chrome 63.0 for ios,2048x1536,16,12,12,0.08333333333333333
DP-83d6609abd12d712,mobile,SM-J320M Build/LMY47V,,chrome 63.0 for android,,57,14,14,0.07142857142857142
DP-83e58778fc02ae71,mobile,SM-T230NU Build/KOT49H,Android 4.4.2,chrome 62.0 for android,,2,2,2,0.5
DP-83e5e27a8632d361,desktop,Windows,Windows 10,edge 16.0,1600x900,163,113,113,0.008849557522123894
DP-83e6c676d0bbc837,mobile,SAMSUNG SM-G532M Build/MMB29T,,Samsung/SM-G532M,,37,10,10,0.1
DP-83e932fb09d1541f,mobile,SM-A510M Build/NRD90M,,chrome 64.0 for android,,6,4,4,0.25
DP-83eaa06351c5af61,mobile,LG-K540 Build/MMB29M,Android 6.0.1,chrome 63.0 for android,1280x720,2,2,2,0.5
DP-83f7e97fa1138d1a,mobile,M4 SS4450 Build/MRA58K,,chrome 58.0 for android,,1,1,1,1.0
DP-83ffeee691bc6016,mobile,LGMS550 Build/MXB48T,,chrome 62.0 for android,,1,1,1,1.0
DP-84039bba39357f80,mobile,SM-G900F Build/KOT49H,,chrome 63.0 for android,,1,1,1,1.0
DP-84053b0f47411f5d,desktop,Windows,Windows 10,edge 17.0,1360x768,1,1,1,1.0
DP-840b67c4920e7b76,desktop,MacOS,Mac OS X 10_13_1,chrome 61.0,3360x2100,2,2,2,0.5
DP-8412107e62200c9a,mobile,Alcatel_5044R Build/NRD90M,Android 7.0,chrome 66.0 for android,855x480,3,3,3,0.3333333333333333
DP-8416acda3c753d03,mobile,SM-S975L,Android,chrome 63.0 for android,1920x1080,1,1,1,1.0
DP-841e4c42f1d774a3,mobile,SM-N920V,,chrome generic for android,,1,1,1,1.0
DP-842208ac38c772b1,desktop,,Linux,,1366x768,1,1,1,1.0
DP-842410fa674d75c9,mobile,TA-1038 Build/O00623,,chrome 65.0 for android,,2,2,2,0.5
DP-84244243a38d7c99,desktop,rv:57.0,Mac OS X 10.9,firefox 57.0,2880x1800,2,2,2,0.5
DP-842c90adf7070f74,mobile,Moto G (5) Build/NPP25.137-33,,chrome 66.0 for android,,6,1,1,1.0
DP-8433029dfb46a41e,mobile,SM-S903VL,Android 6.0.1,chrome 62.0 for android,1920x1080,2,2,2,0.5
DP-84375025ee166c5a,mobile,iOS Device,iOS 11.2.1,chrome 63.0 for ios,2224x1668,1,1,1,1.0
DP-843a2e06d9978ad8,desktop,MacOS,Mac OS X 10_7_5,chrome 49.0,1280x768,2,2,2,0.5
DP-843ee0590f4693c5,desktop,MacOS,Mac OS X 10_13_4,safari generic,1440x900,38,27,27,0.037037037037037035
DP-844777ca05e2bddb,mobile,VS995 Build/NRD90M,,chrome 66.0 for android,,1,1,1,1.0
DP-844b652163a04358,desktop,Trident/7.0,Windows 7,ie 11.0 for desktop,1366x768,357,195,195,0.005128205128205128
DP-8452a6dc4c2283ac,mobile,SM-J120W,,chrome 66.0 for android,,1,1,1,1.0
DP-8453e9ae96f96c19,desktop,Linux x86_64,Linux,firefox 58.0,1440x900,1,1,1,1.0
DP-8457e6864fc5f7c2,desktop,Windows,Windows 7,chrome 49.0,1440x900,1,1,1,1.0
DP-84592decd444463e,mobile,SM-N920G Build/NRD90M,,chrome 66.0 for android,,1,1,1,1.0
DP-8459985ffd02b1d4,desktop,MacOS,Mac OS X 10_12_6,chrome 61.0,1152x720,1,1,1,1.0
DP-846006ada81d7309,mobile,SM-G920T Build/NRD90M,Android 7.0,chrome 60.0 for android,2560x1440,1,1,1,1.0
DP-8463da7d2e116332,mobile,Moto G (4) Build/NPJS25.93-14-8,,chrome 65.0 for android,,1,1,1,1.0
DP-847cb3621a2cc9f4,desktop,Windows,Windows 10,chrome 66.0,1360x768,3,2,2,0.5
DP-8489e743e9e1f231,desktop,Windows,,chrome 61.0,,80,35,35,0.02857142857142857
DP-8491e7b57e8c7847,mobile,iOS Device,iOS 11.3.0,chrome 66.0 for ios,2048x1536,1,1,1,1.0
DP-849290157ecba02a,mobile,SM-G920P Build/NRD90M,Android 7.0,chrome 66.0 for android,2560x1440,2,2,2,0.5
DP-849519fe3047573f,desktop,,Linux,chrome 63.0,,34,11,11,0.09090909090909091
DP-8495e7b1e4f6ecd2,mobile,,Android,chrome 56.0,855x480,3,3,3,0.3333333333333333
DP-84993a420e9ea2e6,mobile,Blade L2 Plus Build/KOT49H,,chrome 64.0 for android,,3,2,2,0.5
DP-84a9ed85c573119d,desktop,Windows,Windows 8.1,ie 11.0 for desktop,,18,15,15,0.06666666666666667
DP-84b000c445659ba5,mobile,BLN-L24 Build/HONORBLN-L24,,chrome 64.0 for android,,2,2,2,0.5
DP-84bcc52f10df731a,mobile,iOS Device,iOS 11.2.0,other,2732x2048,1,1,1,1.0
DP-84c6af47be351571,mobile,SM-G570M Build/MMB29K,,chrome 59.0 for android,,4,2,2,0.5
DP-84ca2d3570392924,mobile,rv:57.0,,Generic/Android 7.0,,13,6,6,0.16666666666666666
DP-84d1a64908487da8,mobile,SM-N950U1 Build/R16NW,Android 8.0.0,chrome 65.0 for android,2220x1081,5,1,1,1.0
DP-84d858bcd31a3f90,mobile,LGMS330 Build/LMY47V,,chrome 63.0 for android,,2,2,2,0.5
DP-84db5e83d0c4fe95,mobile,iOS Device,iOS 11.2.6,chrome 66.0 for ios,2208x1242,2,1,1,1.0
DP-84e34bdb64f57e11,desktop,rv:51.0,Windows 8.1,firefox,1366x768,1,1,1,1.0
DP-84e54071ded5aa11,desktop,Trident/7.0,Windows 8.1,ie 11.0 for tablet,1366x768,1,1,1,1.0
DP-84ed1627310ac16f,desktop,MacOS,Mac OS X 10_12_5,safari generic,2880x1800,11,10,10,0.1
DP-84fa6775284de95b,desktop,,Linux,chrome 60.0,1536x864,1,1,1,1.0
DP-8505b27e082062e7,mobile,rv:59.0,Android 8.0.0,firefox,2220x1080,1,1,1,1.0
DP-85090463f9477675,mobile,HTC Desire 626s Build/LMY47O,Android,chrome 61.0 for android,1280x720,1,1,1,1.0
DP-850c4b674cd32058,desktop,MacOS,Mac OS X 10_13_4,safari generic,2560x1600,28,21,21,0.047619047619047616
DP-85114dbc4331db88,mobile,iOS Device,iOS 10.3.3,google search application 48.0,2048x1536,3,2,2,0.5
DP-85167426b4621969,desktop,Windows,Windows 7,firefox 60.0,1680x1050,4,1,1,1.0
DP-8517bec88772bb9a,mobile,LGMS631 Build/MRA58K,,chrome 62.0 for android,,1,1,1,1.0
DP-85220530bfc852a6,desktop,Windows,Windows XP,chrome 49.0,1280x1024,10,8,8,0.125
DP-8522e088bcb980cd,mobile,ALE-L23 Build/HuaweiALE-L23,,chrome 52.0 for android,,1,1,1,1.0
DP-85300b42195fe3e7,mobile,Moto G Play Build/NPIS26.48-36-2,,chrome 65.0 for android,,8,6,6,0.16666666666666666
DP-8533abfdaecd5168,mobile,rv:57.0,Android 7.0,Generic/Android 7.0,2392x1440,1,1,1,1.0
DP-85382679adc9aa24,desktop,,,firefox 52.0,,65,32,32,0.03125
DP-853905a621734dbf,desktop,Windows,Windows 8.1,chrome 60.0,1366x768,3,3,3,0.3333333333333333
DP-85481af698aded5b,desktop,Windows,Windows 8.1,chrome,1920x1080,1,1,1,1.0
DP-854b098c85515d17,desktop,Windows,Windows 7,chrome 61.0,1280x800,1,1,1,1.0
DP-85587cdb5d232238,desktop,Trident/7.0,Windows 7,ie 11.0 for desktop,1360x768,18,11,11,0.09090909090909091
DP-856469c5876225a9,mobile,E5506 Build/29.2.A.0.166,,chrome 66.0 for android,,11,1,1,1.0
DP-856f33d6c84bf967,mobile,E2306 Build/26.3.A.1.33,,chrome 64.0 for android,,4,4,4,0.25
DP-8577915e1335f75d,mobile,SM-J700M Build/LMY48B,,chrome 43.0 for android,,1,1,1,1.0
DP-858757de84cfc1de,mobile,SM-J727VPP Build/NRD90M,Android 7.0,chrome 63.0 for android,1280x720,5,2,2,0.5
DP-859063035eff0768,desktop,MacOS,Mac OS X 10_13_4,safari generic,4096x2304,10,6,6,0.16666666666666666
DP-8593abbd82c1459e,desktop,,Linux,chrome generic,2220x1080,4,3,3,0.3333333333333333
DP-859a0ecccafd907a,desktop,MacOS,Mac OS X 10_13_4,chrome 65.0,3360x1890,1,1,1,1.0
DP-859a9993a3671fa3,mobile,LG-M257,,chrome 66.0 for android,,1,1,1,1.0
DP-859e3ab20eda3727,desktop,Windows,Windows 10,chrome 62.0,1280x800,9,6,6,0.16666666666666666
DP-859f5fd03b4b6227,mobile,LG-K580 Build/MRA58K,,chrome 53.0 for android,,1,1,1,1.0
DP-85a500117f5de2ec,desktop,Trident/7.0,Windows 8.1,ie 11.0 for tablet,1366x767,1,1,1,1.0
DP-85a662bab949f0ae,mobile,HTC Desire 626s Build/LMY47O,,chrome 59.0 for android,,3,2,2,0.5
DP-85a930d88a32b199,mobile,,,mobile safari 8.0,,7,5,5,0.2
DP-85acdfeec95878e8,mobile,ALUMINI,,chrome 43.0 for android,,2,1,1,1.0
DP-85b2a233ff049e94,mobile,iOS Device,iOS 11.2.2,mobile safari generic,2732x2048,8,7,7,0.14285714285714285
DP-85c78d8293315a25,desktop,MacOS,Mac OS X 10_12,safari generic,5120x2880,1,1,1,1.0
DP-85cb4932b7313620,desktop,Windows,Windows 7,chrome 62.0,1152x864,1,1,1,1.0
DP-85cb7f0e0bef794a,mobile,SAMSUNG SM-G925I Build/NRD90M,,samsung browser 6.2,,3,3,3,0.3333333333333333
DP-85d0adf9845fe55d,mobile,SAMSUNG SM-J500M Build/LMY48B,,chrome generic,,2,2,2,0.5
DP-8600b186ea3cdd43,desktop,MacOS,Mac OS X 10_13_3,chrome 66.0,1600x900,1,1,1,1.0
DP-86153fdab71d92f2,desktop,Windows,Windows 7,chrome,1024x768,1,1,1,1.0
DP-86163704478bb054,desktop,Windows,Windows 10,edge 15.0,1680x1050,29,23,23,0.043478260869565216
DP-861c2942614dc6dd,desktop,rv:60.0,Mac OS X 10.13,firefox 60.0,2880x1800,1,1,1,1.0
DP-861e7f87b6076f6a,desktop,Windows,Windows 8.1,firefox 56.0,1366x768,1,1,1,1.0
DP-86205318b3307f88,desktop,rv:50.0,Mac OS X 10.10,firefox,1440x900,2,1,1,1.0
DP-862b95359a557aca,mobile,iOS Device,iOS 11.2.0,mobile safari 11.0,2436x1125,61,37,37,0.02702702702702703
DP-86312912181d6e6c,desktop,GT-N5110 Build/JDQ39,,chrome generic,,1,1,1,1.0
DP-8645858935eec7d5,desktop,rv:52.0,Windows 7,firefox 52.0,1920x1080,31,23,23,0.043478260869565216
DP-864c4ca5f300f641,mobile,H3321,,chrome 66.0 for android,,1,1,1,1.0
DP-8655d5cd0ff08bc1,mobile,P5526A Build/NRD90M,,chrome 56.0 for android,,1,1,1,1.0
DP-86612e90071776a4,desktop,Windows,Windows 7,chrome 66.0,2560x1440,2,2,2,0.5
DP-866eaca6e0520dfc,mobile,LGL163BL,Android 7.0,chrome 63.0 for android,1280x720,1,1,1,1.0
DP-8670ea12ee9ffbad,mobile,LG-D625,,chrome 62.0 for android,,3,1,1,1.0
DP-867a4f36b70a8209,desktop,MacOS,Mac OS X 10_12_6,chrome 62.0,2560x1440,10,8,8,0.125
DP-868b8636aca79e26,desktop,MacOS,Mac OS X 10_12_6,chrome 62.0,2880x1800,64,38,38,0.02631578947368421
DP-8691f14dd5f39a5c,desktop,MacOS,Mac OS X 10_13_4,safari 11.0,1366x768,6,2,2,0.5
DP-869b60598afe0386,mobile,iOS Device,iOS 11.0.1,mobile safari 11.0,2048x1536,29,22,22,0.045454545454545456
DP-869c7395d66f30d8,desktop,rv:57.0,Mac OS X 10.10,firefox 57.0,1280x800,21,15,15,0.06666666666666667
DP-86a374607f445206,mobile,SAMSUNG-SM-G935A Build/NRD90M,Android 7.0,chrome 60.0 for android,1920x1080,1,1,1,1.0
DP-86a9238aac20763c,mobile,5015A Build/LMY47I,,chrome 55.0 for android,,4,2,2,0.5
DP-86af891667a82bed,desktop,Trident/7.0,Windows 10,ie 11.0 for desktop,1599x900,1,1,1,1.0
DP-86b417b4ab1bb4bc,mobile,Z839,Android 7.1.1,chrome 63.0 for android,855x480,1,1,1,1.0
DP-86b5b35fa51b6e13,desktop,,,maxthon,,6,4,4,0.25
DP-86b97c1e08dec113,mobile,KFTBWI Build/LVY48F,Android 5.1.1,chrome generic,1280x800,12,7,7,0.14285714285714285
DP-86c612c9fef65772,mobile,iOS Device,iOS,mobile safari 9.0,1024x768,7,7,7,0.14285714285714285
DP-86c99624a127513f,mobile,LGLS676 Build/MXB48T,Android 6.0.1,chrome generic for android,1280x720,3,1,1,1.0
DP-86ce0b591e29ab59,mobile,Alumini3Plus,,chrome 66.0 for android,,1,1,1,1.0
DP-86cf89cfc6765fac,desktop,Windows,Windows 8.1,chrome generic,2560x1440,1,1,1,1.0
DP-86d2f96ea5678dee,mobile,Ilium X710 Build/MRA58K,,chrome 62.0 for android,,6,4,4,0.25
DP-86da3a3573db2589,mobile,iOS Device,iOS 11.1.2,mobile safari 11.0,2048x1536,472,227,227,0.004405286343612335
DP-86da6548122de23c,mobile,SM-G935V Build/NRD90M,Android 7.0,chrome 62.0 for android,2560x1440,4,4,4,0.25
DP-86e0cf6960033ec7,mobile,iOS Device,iOS 10.2.0,mobile safari 10.0,1334x750,39,31,31,0.03225806451612903
DP-86e54bead0175792,desktop,Windows,Windows 7,chrome 63.0,3072x1728,1,1,1,1.0
DP-86e75fbe43ecef03,desktop,MacOS,Mac OS X 10_11_3,chrome 62.0,1440x900,1,1,1,1.0
DP-86e9b4c6d90f7459,desktop,Windows,Windows 10,chrome 65.0,3840x2160,10,8,8,0.125
DP-86eef4ee51706028,mobile,Moto,Android 7.0,chrome 66.0 for android,1920x1080,1,1,1,1.0
DP-86f32446114dd781,desktop,rv:45.0,Mac OS X 10.10,firefox,1280x800,1,1,1,1.0
DP-86fe76fe01539bf4,mobile,Aquaris X5 Plus Build/NMF26F,,chrome 66.0 for android,,1,1,1,1.0
DP-87092a9cc1c4d333,desktop,,,safari 9.0,,11,8,8,0.125
DP-870b4fd5e3f44879,mobile,SM-T113NU Build/KTU84P,,chrome 65.0 for android,,9,6,6,0.16666666666666666
DP-870d283d828aee6b,desktop,Windows,Windows 7,chrome 62.0,1264x924,1,1,1,1.0
DP-871dae831b9713f6,mobile,Moto C Plus Build/NRD90M.05.034,,chrome 62.0 for android,,5,3,3,0.3333333333333333
DP-8727a2219dda38b5,desktop,MacOS,Mac OS X 10_13_4,safari 11.0,2880x1800,37,34,34,0.029411764705882353
DP-87294c5b4bf8cffe,mobile,LG-K220 Build/MXB48T,,chrome 64.0 for android,,7,3,3,0.3333333333333333
DP-87389cfeba51fadd,desktop,Windows,Windows 7,firefox 58.0,,3,3,3,0.3333333333333333
DP-8740970ceed4fc04,mobile,iOS Device,iOS 11.1.2,mobile safari generic,2732x2048,7,6,6,0.16666666666666666
DP-8741aa3a0b8bd497,mobile,Alcatel_5056O,,chrome 64.0 for android,,1,1,1,1.0
DP-874bfdb6486339ac,desktop,rv:47.0,Windows 7,firefox 47.0,1920x1080,2,2,2,0.5
DP-8750b7e221ec394f,mobile,KFGIWI Build/LVY48F,Android 5.1.1,chrome generic,1280x800,3,3,3,0.3333333333333333
DP-8752c32038244e38,mobile,,other,mobile safari 10.0,1136x640,1,1,1,1.0
DP-876c25629144d2de,desktop,MacOS,Mac OS X 10_12_4,chrome 65.0,1920x1080,1,1,1,1.0
DP-87715f0c83dd9de6,mobile,SAMSUNG SM-G955U Build/NRD90M,Android 7.0,samsung browser 6.2,,53,38,38,0.02631578947368421
DP-87759d63fa202598,mobile,Redmi 4A Build/MMB29M,,chrome 62.0 for android,,1,1,1,1.0
DP-87760ae9900f9b91,desktop,Windows,Windows Vista,opera,1440x900,1,1,1,1.0
DP-877adc6c4d102fdf,mobile,SM-G570F,,chrome 65.0 for android,,1,1,1,1.0
DP-877c082abaf3c0ff,mobile,SM-J700T1,,chrome 65.0 for android,,1,1,1,1.0
DP-87a2a1d029ad8190,mobile,iOS Device,iOS 10.0.2,mobile safari 10.0,2048x1536,25,20,20,0.05
DP-87a74a5ba66f29e6,mobile,SAMSUNG SM-J111M Build/LMY47V,,chrome generic,,1,1,1,1.0
DP-87a8f41a22cc76f7,desktop,MacOS,Mac OS X 10_11_6,chrome 63.0,4096x2304,4,4,4,0.25
DP-87aa522552399e2b,mobile,SAMSUNG SM-J730GM Build/NRD90M,,samsung browser 6.4,,23,9,9,0.1111111111111111
DP-87ab2c45f10d93f9,mobile,,Linux,samsung browser 6.2,2960x1440,2,2,2,0.5
DP-87b403c8f51553a0,mobile,XT1072,,chrome 64.0 for android,,1,1,1,1.0
DP-87c27d6db124f3c3,mobile,5010G Build/MRA58K,,chrome generic for android,,2,2,2,0.5
DP-87ccb15b108ed749,desktop,rv:57.0,Mac OS X 10.12,firefox 57.0,5120x2880,3,3,3,0.3333333333333333
DP-87cf8da710c0d3dd,mobile,SM-J320V Build/NMF26X,Android 7.1.1,chrome 66.0 for android,1280x720,1,1,1,1.0
DP-87d8e9c59163ba43,mobile,E6853 Build/32.4.A.1.54,,chrome 64.0 for android,,4,2,2,0.5
DP-87e663455f9e3a2c,mobile,5056A Build/MMB29M,,chrome 65.0 for android,,4,4,4,0.25
DP-87f8fabe721458bd,mobile,LG-K550 Build/NRD90U,Android 7.0,chrome 60.0 for android,1280x720,1,1,1,1.0
DP-8802fdba08b7db43,mobile,SM-G532M Build/MMB29T,,chrome 64.0 for android,,28,11,11,0.09090909090909091
DP-8805d9e5ac8ef733,desktop,MacOS,Mac OS X 10_13_1,chrome 61.0,2880x1800,1,1,1,1.0
DP-8806c70b1d9cc8e3,desktop,MacOS,Mac OS X 10_6_8,chrome 49.0,1440x900,1,1,1,1.0
DP-881b767ec8437d6a,desktop,MacOS,Mac OS X 10_13_1,chrome 62.0,2560x1440,5,4,4,0.25
DP-881f1eceb2c294d0,mobile,SAMSUNG SM-G935W8 Build/NRD90M,,samsung browser 6.4,,8,2,2,0.5
DP-88279593d3639e8b,desktop,rv:11.0,Windows 10,ie 11.0 for desktop,1600x900,2,2,2,0.5
DP-882ed21e1ecdb31d,mobile,Lenovo A6020l37 Build/LMY47V,,chrome 64.0 for android,,1,1,1,1.0
DP-88321ed1f3ad6217,mobile,SM-G720AX,,chrome 63.0 for android,,2,2,2,0.5
DP-883444f11c89c863,mobile,LG-K410 Build/LRX22G,,chrome 65.0 for android,,16,10,10,0.1
DP-883a1ab116fd1349,mobile,LG-H840 Build/NRD90U,,chrome 63.0 for android,,9,6,6,0.16666666666666666
DP-8840c2cc0a8eb191,mobile,ALE-L23 Build/HuaweiALE-L23,,chrome 43.0 for android,,5,4,4,0.25
DP-88431b444fb3a166,mobile,SM-J530GM Build/NRD90M,,chrome 58.0 for android,,1,1,1,1.0
DP-88524db47f2b5013,desktop,Windows,Windows 10,chrome 64.0,2304x1440,1,1,1,1.0
DP-88556509a002ddf1,desktop,Windows,,opera 53.0,,44,3,3,0.3333333333333333
DP-886102c69002f359,mobile,XT1063,,chrome 62.0 for android,,1,1,1,1.0
DP-88698ca6783c2fa8,mobile,SAMSUNG SM-A310F/A310FXXU4CRB1 Build/NRD90M,,samsung browser 6.4,,4,1,1,1.0
DP-8871eb982ddf72bb,mobile,LG-H910 Build/NRD90M,Android 7.0,chrome 66.0 for android,2560x1440,1,1,1,1.0
DP-887371b4fe5f34e5,mobile,iris50,,chrome 66.0 for android,,2,2,2,0.5
DP-8875bbe365a5989b,mobile,SM-A530F Build/NMF26X,,chrome 66.0 for android,,2,2,2,0.5
DP-8877af0d13224973,mobile,Moto X Play Build/NPD26.48-24-1,,chrome generic for android,,12,7,7,0.14285714285714285
DP-8880485b0fdfe34b,mobile,SM-N920T Build/NRD90M,Android 7.0,chrome 64.0 for android,,2,2,2,0.5
DP-888088ac9cbc284f,mobile,SM-N920T Build/NRD90M,Android 7.0,chrome 63.0 for android,,9,7,7,0.14285714285714285
DP-8882dfce852fc805,mobile,SM-N910P,Android 6.0.1,chrome 65.0 for android,2560x1440,1,1,1,1.0
DP-889cc4af073afb3b,desktop,MacOS,Mac,safari,1440x900,1,1,1,1.0
DP-88aa0da3747e58b1,mobile,iOS Device,iOS 11.0.0,mobile safari 11.0,2732x2048,2,2,2,0.5
DP-88b509afd0ced18c,mobile,rv:57.0,Android 6.0,Generic/Android,1776x1080,1,1,1,1.0
DP-88be2d17e8882ed6,mobile,SAMSUNG SM-G955U Build/NRD90M,,samsung browser 6.4,,1,1,1,1.0
DP-88c49af1cd03f18c,mobile,SM-G900R4,Android 6.0.1,chrome 63.0 for android,1920x1080,1,1,1,1.0
DP-88c776cbc0e7f986,mobile,SM-G960U Build/R16NW,Android 8.0.0,chrome 66.0 for android,2960x1440,1,1,1,1.0
DP-88ca6b78e5a197ff,mobile,ALE-L23 Build/HuaweiALE-L23,,chrome 60.0 for android,,1,1,1,1.0
DP-88d1a563882f8462,desktop,,Linux,chrome 62.0,1366x768,182,112,112,0.008928571428571428
DP-88d2976c492a2742,desktop,MacOS,Mac OS X 10_10_5,safari generic,1280x800,135,83,83,0.012048192771084338
DP-88d861bc13762361,mobile,Z831,Android 6.0.1,chrome 59.0 for android,855x480,1,1,1,1.0
DP-88e42c85b6d148ad,mobile,SM-G950U Build/NRD90M,Android 7.0,chrome 63.0 for android,2220x1080,146,90,90,0.011111111111111112
DP-88e9df286d564717,mobile,E5506 Build/29.1.A.0.101,,chrome 64.0 for android,,6,2,2,0.5
DP-88ec3d12d97cf9e2,mobile,CHC-U03 Build/HuaweiCHC-U03,,chrome 63.0 for android,,12,7,7,0.14285714285714285
DP-88ee611478f914ab,desktop,Trident/7.0,Windows 10,ie 11.0 for desktop,1600x899,1,1,1,1.0
DP-88ee7ab79b052e16,mobile,XT1650 Build/NCLS26.118-23-13-6-5,Android 7.1.1,chrome 65.0 for android,2560x1440,5,4,4,0.25
DP-88f58e6a6fe990cb,mobile,iOS Device,iOS 10.2.0,mobile safari generic,2208x1242,9,7,7,0.14285714285714285
DP-8904b42ff4bc9202,desktop,rv:57.0,Windows 7,firefox 57.0,1280x800,1,1,1,1.0
DP-8913ef274d928b80,desktop,rv:44.0,Windows 7,firefox,1680x1050,1,1,1,1.0
DP-8914f37f315bee7d,desktop,Touch,Windows 8.1,ie 11.0 for desktop,1280x800,2,2,2,0.5
DP-8917e6e067e6aa1e,desktop,rv:57.0,Mac OS X 10.13,firefox 57.0,1024x768,1,1,1,1.0
DP-8920cc5eeface7ef,mobile,Z798BL Build/MMB29M,Android 6.0.1,android webview 4.0,855x480,1,1,1,1.0
DP-893254bf391e3cc7,mobile,AX1070,,chrome 62.0 for android,,1,1,1,1.0
DP-89384bb386483538,desktop,Windows,Windows 10,chrome 64.0,1280x768,1,1,1,1.0
DP-893c571e12196bc3,mobile,SAMSUNG SM-G920T Build/NRD90M,,samsung browser 6.2,,1,1,1,1.0
DP-895870d39648be63,desktop,,Linux,,,1,1,1,1.0
DP-895a4a4310ce9171,mobile,Hisense U963 Build/MRA58K,,chrome generic for android,,1,1,1,1.0
DP-895c7393c560a111,desktop,MacOS,Mac OS X 10_11_6,safari generic,1366x768,51,32,32,0.03125
DP-8963c16563690f67,mobile,Redmi 4A Build/MMB29M,Android 6.0.1,chrome 63.0 for android,1280x720,2,2,2,0.5
DP-896bfea72e3d06ea,desktop,MI,,chrome generic,,1,1,1,1.0
DP-896d4612d3c70de0,mobile,SAMSUNG-SM-J327A Build/NRD90M,Android 7.0,chrome 64.0 for android,1280x720,1,1,1,1.0
DP-89718a17477a1c1a,desktop,Windows,Windows 7,firefox 59.0,2560x1080,2,1,1,1.0
DP-8979ef51b818e2f4,desktop,Windows,Windows 7,firefox 60.0,1280x1023,2,1,1,1.0
DP-897b756156385461,desktop,Windows,Windows 8,firefox 57.0,1920x1080,8,5,5,0.2
DP-8983545dfd2254cf,mobile,Y635-L03 Build/HuaweiY635-L03,,chrome 63.0 for android,,4,3,3,0.3333333333333333
DP-898839bb1d8c3a4d,desktop,Windows,,chrome 67.0,,9,8,8,0.125
DP-8993578fa11c83a2,mobile,COVET Build/NRD90M,,android webview 4.0,,1,1,1,1.0
DP-8996886592518bcd,mobile,SAMSUNG-SM-G890A Build/NRD90M,Android 7.0,chrome 63.0 for android,,1,1,1,1.0
DP-899957dcbc38a8cb,mobile,LG-D693n Build/LRX22G,,chrome 55.0 for android,,11,2,2,0.5
DP-899d42854c548e71,mobile,SAMSUNG-SM-G925A,,chrome 63.0 for android,,1,1,1,1.0
DP-89a3055241ee556a,mobile,XT1063 Build/MPB24.65-34,,chrome generic for android,,1,1,1,1.0
DP-89a35af628b9f3bd,desktop,,,firefox 56.0,,6,5,5,0.2
DP-89a480e0f856e9e4,mobile,Nexus,Android,chrome 62.0 for android,1920x1200,1,1,1,1.0
DP-89b962884211f547,mobile,SM-J510F,,chrome 64.0 for android,,4,1,1,1.0
DP-89c0488d6c10ca48,mobile,LGL33L/V100,Android,other,855x480,1,1,1,1.0
DP-89d90fb209618838,mobile,MotoG3 Build/MPIS24.107-55-2-17,,chrome generic for android,,1,1,1,1.0
DP-89dc98d7d0f1cc3f,mobile,Ilium X220 Build/MRA58K,,chrome 64.0 for android,,1,1,1,1.0
DP-89f7c87f553804c6,desktop,rv:47.0,Windows 8.1,firefox 47.0,1366x768,1,1,1,1.0
DP-89f903b908f4ee94,mobile,SLA-L03 Build/HUAWEISLA-L03,,chrome 63.0 for android,,15,4,4,0.25
DP-8a037984dd0ec500,mobile,SAMSUNG SM-G955U Build/R16NW,Android 8.0.0,samsung browser 7.0,2220x1080,1,1,1,1.0
DP-8a11b4c235c694c2,desktop,XT1040,,chrome,,1,1,1,1.0
DP-8a12a5ff52ba7e43,mobile,XT1021 Build/KXC21.5-40,,chrome 57.0 for android,,2,1,1,1.0
DP-8a2e6870f8e8fa52,mobile,Lenovo TB3-710F Build/LRX21M,,chrome 46.0 for android,,3,2,2,0.5
DP-8a2eea96cb72bd1a,mobile,G3313 Build/43.0.A.7.25,,android webview 4.0,,1,1,1,1.0
DP-8a30832cdbc80392,mobile,5010G Build/MRA58K,,chrome 62.0 for android,,1,1,1,1.0
DP-8a35e456e81e460b,mobile,SM-G928G Build/NRD90M,,chrome 62.0 for android,,1,1,1,1.0
DP-8a3695d8c1cce774,desktop,,Linux,chrome 55.0,1366x768,9,6,6,0.16666666666666666
DP-8a4bf0de289f327b,desktop,MacOS,Mac,safari generic,2560x1440,5,5,5,0.2
DP-8a5265aacd15314d,desktop,Windows,Windows 10,edge 13.0,1680x1050,2,2,2,0.5
DP-8a5c0bcd660e5dfb,mobile,VS988 Build/NRD90U,Android 7.0,chrome 66.0 for android,2672x1440,2,2,2,0.5
DP-8a5dceb0dc63136a,mobile,iOS Device,iOS 11.2.5,chrome 65.0 for ios,2048x1536,5,2,2,0.5
DP-8a6753e1a17d9215,mobile,Blade L2 Plus Build/KOT49H,,ZTE/Blade,,4,4,4,0.25
DP-8a6c0744ebcb4791,desktop,MacOS,Mac OS X 10_13_1,safari generic,4096x2304,13,11,11,0.09090909090909091
DP-8a6e2efe72c33c04,desktop,Windows,Windows 7,,1280x800,1,1,1,1.0
DP-8a715091fee78eb3,mobile,SM-G530T,Android 5.1.1,chrome 62.0 for android,960x540,1,1,1,1.0
DP-8a729329249bf302,mobile,SAMSUNG-SM-J320A Build/NMF26X,,chrome 65.0 for android,,1,1,1,1.0
DP-8a793eca8338f386,mobile,Nexus 6 Build/MOB30M,,chrome 65.0 for android,,11,6,6,0.16666666666666666
DP-8a7bb100b2aafc80,desktop,MacOS,Mac OS X 10_13_2,safari 11.0,2560x1600,6,3,3,0.3333333333333333
DP-8a88bd19ae7ef7c2,mobile,Pixel 2 XL Build/OPM2.171019.029,Android 8.1.0,chrome generic for android,2882x1442,1,1,1,1.0
DP-8a8a89700d3f5aa6,desktop,MacOS,Mac OS X 10_12_6,safari 11.0,4096x2304,3,3,3,0.3333333333333333
DP-8a93db2a4749801e,mobile,RNE-L21 Build/HUAWEIRNE-L21,,chrome 65.0 for android,,1,1,1,1.0
DP-8a990375ce9d95b6,mobile,SM-G930V Build/MMB29M,Android 6.0.1,chrome 53.0 for android,2560x1440,1,1,1,1.0
DP-8a9982ecac7a1af7,mobile,SM-A500W,,chrome 63.0 for android,,1,1,1,1.0
DP-8a9cc7edad153e4f,mobile,Hisense F23 Build/NRD90M,,chrome generic for android,,1,1,1,1.0
DP-8aac05b7748849f3,mobile,LG-V496,Android 5.0.2,chrome 62.0 for android,,1,1,1,1.0
DP-8aae403bc84ae72a,mobile,SAMSUNG SM-J701M Build/NRD90M,,samsung browser generic,,8,4,4,0.25
DP-8abee6ede4597741,mobile,HUAWEI Y560-L03 Build/HUAWEIY560-L03,,chrome 43.0 for android,,2,1,1,1.0
DP-8ac02455800730e2,mobile,SAMSUNG,Android 5.1.1,chrome generic,2560x1600,2,2,2,0.5
DP-8accc6b92c49839c,mobile,SM-P550,,chrome 66.0 for android,,1,1,1,1.0
DP-8ad823b87540d9da,mobile,5025G Build/LMY47I,,chrome 55.0 for android,,1,1,1,1.0
DP-8ad9e97d468ea8c5,mobile,DOMOS,,chrome 65.0 for android,,1,1,1,1.0
DP-8adc7bb11975a8c2,mobile,LG-M430 Build/NRD90U,Android 7.0,chrome generic for android,1280x720,2,1,1,1.0
DP-8ade358c8761f51c,mobile,BLL-L23 Build/HUAWEIBLL-L23,,chrome 63.0 for android,,11,10,10,0.1
DP-8aee97f09242b2a5,desktop,Windows,Windows 10,chrome 66.0,1092x614,1,1,1,1.0
DP-8af1dd8d7f2fe44d,mobile,rv:55.0,Android 6.0,Generic/Android,1280x720,1,1,1,1.0
DP-8af821afab4e5553,desktop,MacOS,Mac OS X 10_12_6,chrome 63.0,1920x1200,8,5,5,0.2
DP-8b0b75b42f401352,mobile,LG-M700 Build/NMF26X,,chrome 63.0 for android,,22,10,10,0.1
DP-8b1834e540cbef41,desktop,MacOS,Mac OS X 10_12_6,chrome 62.0,1280x800,35,23,23,0.043478260869565216
DP-8b1d8724ea5929d6,mobile,Z2,,android webview 4.0,,1,1,1,1.0
DP-8b327fa8bc5fde7c,mobile,Z837VL,,android webview 4.0,,1,1,1,1.0
DP-8b3a305514e5f547,mobile,ASUS_Z00AD Build/LRX21V,,chrome generic,,1,1,1,1.0
DP-8b3d6aded8ec2369,mobile,SM-J120H Build/LMY47V,,chrome 66.0 for android,,1,1,1,1.0
DP-8b4668123ec51f72,desktop,rv:48.0,Mac OS X 10.6,firefox 48.0,1280x800,14,12,12,0.08333333333333333
DP-8b483d8af6e4c012,desktop,MacOS,Mac,chrome 66.0,1920x1080,1,1,1,1.0
DP-8b5abdc60e84254a,mobile,SM-G935T Build/NRD90M,Android 7.0,chrome generic for android,1920x1080,3,2,2,0.5
DP-8b5b5701fe4ffe54,desktop,Windows,Windows 8.1,chrome 63.0,1366x768,225,116,116,0.008620689655172414
DP-8b5cad2e4878bbac,desktop,MacOS,Mac OS X 10_12_4,chrome 62.0,1440x900,4,3,3,0.3333333333333333
DP-8b6345eaad197f11,mobile,BLU,,BLU/Dash,,1,1,1,1.0
DP-8b6e5e131b9c6921,mobile,SM-G530H Build/LRX22G,,chrome 65.0 for android,,4,3,3,0.3333333333333333
DP-8b6f9ac3655e75a2,desktop,Windows,Windows 10,chrome 63.0,1824x1026,1,1,1,1.0
DP-8b78d9ad049178b4,mobile,SM-G800F Build/MMB29K,,chrome 65.0 for android,,10,5,5,0.2
DP-8b79c062454e3ccc,desktop,MacOS,Mac OS X 10_11_3,safari generic,2560x1600,2,2,2,0.5
DP-8b7a6bd5dabcd234,mobile,SM-E500M Build/KTU84P,,chrome 62.0 for android,,2,2,2,0.5
DP-8b90c337ee721635,mobile,SM-G950F Build/R16NW,,chrome 64.0 for android,,6,2,2,0.5
DP-8b930e32218c21dd,desktop,rv:52.0,Windows 7,firefox 52.0,1680x1050,21,14,14,0.07142857142857142
DP-8b9879d8b631f53c,desktop,Windows,Windows 10,firefox 57.0,1280x1024,27,21,21,0.047619047619047616
DP-8b9f26b0e30d7ce3,desktop,Windows,Windows 10,firefox 52.0,1366x768,2,2,2,0.5
DP-8ba1306d0c014dac,desktop,MacOS,Mac OS X 10_13_4,chrome 66.0,2560x1440,18,11,11,0.09090909090909091
DP-8ba5902afd565d61,mobile,SM-N920A Build/MMB29K,,chrome 61.0 for android,,11,6,6,0.16666666666666666
DP-8bbea3574503584a,desktop,Windows,Windows 8,chrome 64.0,1920x1080,6,3,3,0.3333333333333333
DP-8bbfffa47e42925c,mobile,SM-N920V Build/NRD90M,Android 7.0,chrome 63.0 for android,1920x1080,2,2,2,0.5
DP-8bc05366d9253c4b,mobile,SM-A300FU Build/MMB29M,,chrome 65.0 for android,,2,2,2,0.5
DP-8bc32ca4cac15e04,mobile,0PAJ5,Android 6.0.1,chrome 63.0 for android,1920x1080,1,1,1,1.0
DP-8bcd17f6074e55c0,mobile,SAMSUNG-SM-G870A,Android 5.1.1,chrome generic,1920x1080,1,1,1,1.0
DP-8bcdc4fbace9a705,mobile,SM-N920V Build/NRD90M,,chrome 62.0 for android,,1,1,1,1.0
DP-8bd20a56629d25cc,mobile,Lenovo YT3-850M Build/MMB29M,,chrome generic for android,,1,1,1,1.0
DP-8bfd1c9e8b52b4d7,mobile,SM-G9650 Build/R16NW,,chrome 66.0 for android,,1,1,1,1.0
DP-8bfee2ca76661a7a,desktop,rv:57.0,Mac OS X 10.11,firefox 57.0,1920x1080,22,17,17,0.058823529411764705
DP-8c03e070dbeecc6b,mobile,Moto G (5) Build/NPP25.137-93,,chrome generic,,91,24,24,0.041666666666666664
DP-8c09de40402e4e0e,desktop,Windows,Windows 8.1,firefox 57.0,1024x768,2,2,2,0.5
DP-8c0a58fcdc0da47b,mobile,Edison,,chrome 62.0 for android,,2,1,1,1.0
DP-8c0b84789df776e7,desktop,,,firefox 59.0,,67,25,25,0.04
DP-8c12e367b50bac6a,mobile,SM-G800F Build/MMB29K,,chrome 56.0 for android,,1,1,1,1.0
DP-8c23fec6274dc9b4,mobile,SM-T350 Build/NMF26X,Android 7.1.1,chrome 60.0 for android,1024x768,1,1,1,1.0
DP-8c3092041c220ec2,mobile,SM-J700T Build/NMF26X,,chrome 65.0 for android,,1,1,1,1.0
DP-8c345302b902b804,mobile,SM-T377P Build/NMF26X,Android 7.1.1,chrome 66.0 for android,1280x800,6,1,1,1.0
DP-8c36ff1fb89e6045,desktop,rv:59.0,Windows 7,firefox 59.0,1920x1080,2,2,2,0.5
DP-8c4ce4e906dc8888,mobile,SM-P580 Build/NRD90M,,chrome 56.0 for android,,3,1,1,1.0
DP-8c4e94cac3132058,mobile,SM-G930U Build/NRD90M,,chrome 62.0 for android,,3,1,1,1.0
DP-8c58deb2016f5970,mobile,G3123,,chrome 66.0 for android,,5,4,4,0.25
DP-8c5ea3cd0caee453,desktop,MacOS,Mac OS X 10_10_5,chrome,1440x900,2,2,2,0.5
DP-8c64eebf92fcf530,mobile,SAMSUNG SM-J700T1 Build/NMF26X,Android 7.1.1,samsung browser generic,1280x720,3,1,1,1.0
DP-8c65d6a8b3741bd9,desktop,MacOS,Mac OS X 10_11_6,chrome 64.0,1152x648,1,1,1,1.0
DP-8c6bc6966be95254,desktop,Windows,Windows 8.1,chrome 63.0,2880x1620,1,1,1,1.0
DP-8c7543a1d54d3286,mobile,SGH-I317M,,chrome 63.0 for android,,5,2,2,0.5
DP-8c7d79023537ff5b,desktop,Windows,Windows 8.1,ie 11.0 for desktop,2160x1440,2,2,2,0.5
DP-8c7dc4a9dbdfd411,mobile,BLU,Android 6.0,chrome 65.0 for android,1280x720,1,1,1,1.0
DP-8c84df86a39af044,desktop,MacOS,Mac OS X 10_13_1,safari generic,3360x2100,33,22,22,0.045454545454545456
DP-8c8f63e3aeec2256,mobile,MotoG3 Build/MPIS24.65-33.1-2-16,,chrome 64.0 for android,,10,5,5,0.2
DP-8c930a9b54b247ae,mobile,SAMSUNG SM-G930T Build/NRD90M,Android 7.0,samsung browser 6.4,1920x1080,1,1,1,1.0
DP-8c961762a2f81db7,mobile,Hisense,,chrome 65.0 for android,,1,1,1,1.0
DP-8ca45af42159ec48,desktop,Windows,Windows 10,chrome 60.0,1680x1050,3,3,3,0.3333333333333333
DP-8ca9963fc792e968,mobile,SAMSUNG-SM-G930A Build/NRD90M,Android 7.0,chrome 63.0 for android,1280x720,1,1,1,1.0
DP-8cadbd8568332071,mobile,SM-N900T Build/LRX21V,,chrome 64.0 for android,,3,1,1,1.0
DP-8cb485dd937d56b9,mobile,LG-X180g Build/LMY47I,,chrome 60.0 for android,,3,2,2,0.5
DP-8cb86f850c5ec045,mobile,XT1030 Build/SU6-7.7,Android,chrome 62.0 for android,1280x720,1,1,1,1.0
DP-8cd0814d9212e7ef,desktop,Windows,Windows 7,chrome 63.0,1366x768,549,287,287,0.003484320557491289
DP-8cdf4a8501aa1835,mobile,SAMSUNG SM-N920T Build/NRD90M,Android 7.0,samsung browser 5.2,,1,1,1,1.0
DP-8ce336d2320388e7,mobile,E5506,,chrome 56.0 for android,,1,1,1,1.0
DP-8cf4180b84de9a71,mobile,E5606 Build/30.2.A.1.21,,chrome 63.0 for android,,15,8,8,0.125
DP-8cfa2d1339a6d424,mobile,iOS Device,iOS 11.2.0,mobile safari 11.0,2048x1536,126,84,84,0.011904761904761904
DP-8d1154ee038cae9d,desktop,MacOS,Mac OS X 10_6_8,chrome,1280x800,1,1,1,1.0
DP-8d17f8d3aede9995,mobile,iOS Device,iOS 11.2.0,mobile safari generic,2208x1242,41,28,28,0.03571428571428571
DP-8d29acd2a5ac32c5,desktop,MacOS,Mac OS X 10_11_6,chrome 61.0,1920x1080,5,5,5,0.2
DP-8d29cbd7397b5a36,mobile,LG-X230 Build/MRA58K,,chrome 61.0 for android,,6,3,3,0.3333333333333333
DP-8d2f562f54d9c513,desktop,Windows,Windows 10,edge 16.0,3199x1800,1,1,1,1.0
DP-8d31aafcbec071d3,mobile,SM-N900W8 Build/LRX21V,,chrome 64.0 for android,,3,3,3,0.3333333333333333
DP-8d31bb32d9d9ed40,desktop,MacOS,Mac OS X 10_9_5,safari generic,1152x648,3,2,2,0.5
DP-8d34ea0fb7d3b05d,desktop,MacOS,Mac OS X 10_12_5,chrome 59.0,1440x900,1,1,1,1.0
DP-8d4a5cd382d3f54c,mobile,LG-LS993 Build/NRD90U,,chrome 64.0 for android,,1,1,1,1.0
DP-8d550ce6271dfac8,mobile,Lenovo PB2-650Y Build/MRA58K,,chrome 52.0 for android,,1,1,1,1.0
DP-8d609cbac4dd304d,desktop,Windows,Windows 10,chrome 62.0,1624x1080,2,2,2,0.5
DP-8d6881d4f567ce9b,mobile,MacOS,Mac OS X 10_11_6,other,2560x1440,1,1,1,1.0
DP-8d7131f321f93938,mobile,Le X520 Build/IEXCNFN5902303111S,,chrome 62.0 for android,,1,1,1,1.0
DP-8d79df2da1781210,mobile,H550,,android webview 4.0,,1,1,1,1.0
DP-8d7f74a980ec06a8,desktop,MacOS,Mac OS X 10_13_4,safari 11.0,2560x1600,40,26,26,0.038461538461538464
DP-8d80e598a2010f12,desktop,S70V,,chrome generic,,2,1,1,1.0
DP-8d83a6def4190e28,mobile,XT1650 Build/NPLS26.118-20-5-11,,chrome 65.0 for android,,3,2,2,0.5
DP-8d9f38e2b13b778d,mobile,SM-N900W8 Build/LRX21V,,chrome 62.0 for android,,3,3,3,0.3333333333333333
DP-8da0c8c7e0a2d795,mobile,SM-G955U1 Build/R16NW,,chrome 66.0 for android,,3,2,2,0.5
DP-8da14d0c4a8edb92,mobile,KYOCERA-C6742A Build/LMY47V,Android 5.1.1,chrome 62.0 for android,960x540,1,1,1,1.0
DP-8da57bd31aa7ad99,mobile,Ilium L1120 Build/NRD90M,,chrome 63.0 for android,,2,2,2,0.5
DP-8da63fc712e2aa6b,desktop,MacOS,Mac OS X 10_12_6,safari generic,3840x2400,8,4,4,0.25
DP-8db05a09de94ff2c,desktop,rv:48.0,Mac,firefox 48.0,1680x1050,1,1,1,1.0
DP-8db4355629cec4b2,desktop,MacOS,Mac OS X 10_12_6,chrome 63.0,,4,3,3,0.3333333333333333
DP-8dc2054ccddd0e4e,desktop,rv:59.0,Windows 7,firefox 59.0,1366x768,1,1,1,1.0
DP-8dc335b7c5c58041,mobile,iOS Device,iOS 10.2.0,google search application 48.0,2048x1536,1,1,1,1.0
DP-8dc3411e7a58059b,mobile,BLADE L7 Build/MRA58K,,chrome 63.0 for android,,3,2,2,0.5
DP-8dc6fd7790510bf2,mobile,SM-G532M Build/MMB29T,,chrome 55.0 for android,,34,12,12,0.08333333333333333
DP-8dcbcb01037da5df,mobile,LGUS215 Build/NRD90U,Android 7.0,chrome 65.0 for android,1280x720,2,1,1,1.0
DP-8dd0e8d7e3770fc2,mobile,LG-H650 Build/MRA58K,,chrome 66.0 for android,,1,1,1,1.0
DP-8dd37559335af9de,desktop,rv:35.0,,firefox,,5,3,3,0.3333333333333333
DP-8dd57907e4905525,mobile,HTC,,chrome 63.0 for android,,3,3,3,0.3333333333333333
DP-8dd715e9e4aec309,mobile,SM-P550 Build/NMF26X,Android 7.1.1,chrome 63.0 for android,1024x768,1,1,1,1.0
DP-8dd888fa5ef0a139,mobile,SM-T560NU Build/NMF26X,,other,,1,1,1,1.0
DP-8dd9248ac18fe879,desktop,rv:53.0,Mac OS X 10.11,firefox,2560x1600,1,1,1,1.0
DP-8dda5cc0e7ad9c7e,desktop,Windows,Windows 10,chrome 66.0,3840x2160,8,7,7,0.14285714285714285
DP-8de99e16e3fc381d,mobile,ASUS,Android 5.1.1,android browser 4.0,,1,1,1,1.0
DP-8dea0933487988a1,desktop,MacOS,Mac OS X 10_13_2,chrome 63.0,1680x1050,5,5,5,0.2
DP-8dea45b5e88ef8f2,mobile,Minion_Tab,,Inco/Minion,,1,1,1,1.0
DP-8dea5c92ea0ce888,mobile,F3111 Build/33.3.A.1.97,,chrome 66.0 for android,,12,2,2,0.5
DP-8df049977dbb62e1,mobile,RCT6223W87,,chrome generic for android,,3,1,1,1.0
DP-8df3b61f23621a3a,mobile,Ilium L620 Build/NRD90M,,chrome 64.0 for android,,2,2,2,0.5
DP-8dfb03f63084fa65,mobile,G3223 Build/42.0.A.4.101,,chrome 63.0 for android,,11,7,7,0.14285714285714285
DP-8dfe9ac0f95231ce,mobile,STV100-1,,chrome 65.0 for android,,1,1,1,1.0
DP-8e07b4397ba54920,desktop,,Linux,chrome 61.0,1920x1080,4,4,4,0.25
DP-8e155b9343aa5736,mobile,E6810,Android 7.1.2,chrome generic for android,1920x1080,1,1,1,1.0
DP-8e2074ef1b107192,desktop,MacOS,Mac OS X 10_12_5,chrome 62.0,1366x768,1,1,1,1.0
DP-8e20c2e0ce7bd12a,desktop,Windows,Windows 10,edge 15.0,1280x1024,37,30,30,0.03333333333333333
DP-8e27b408b85edc9e,mobile,KFAUWI Build/LVY48F,Android 5.1.1,chrome generic,1024x600,9,8,8,0.125
DP-8e286f32fa3be298,desktop,,Linux,chrome 62.0,3200x1800,4,3,3,0.3333333333333333
DP-8e2cf4f1f31efca7,mobile,SM-G900T Build/MMB29M,,chrome 62.0 for android,,2,2,2,0.5
DP-8e36fc53854a6fdb,desktop,Windows,Windows 7,chrome 63.0,3441x1440,2,2,2,0.5
DP-8e56124b325551bc,mobile,MotoG3 Build/MPIS24.65-33.1-2-16,,chrome 66.0 for android,,27,17,17,0.058823529411764705
DP-8e569ec16411665d,mobile,SAMSUNG SM-N950U1 Build/R16NW,Android 8.0.0,samsung browser 7.0,2220x1081,1,1,1,1.0
DP-8e5b3dbc2d8ee6aa,desktop,MacOS,Mac OS X 10_10_5,chrome 67.0,1920x1200,4,2,2,0.5
DP-8e5c4bee111c1b77,mobile,HTC Desire 650 Build/MMB29M,,chrome 64.0 for android,,10,8,8,0.125
DP-8e5f283f8a614b31,desktop,MacOS,Mac OS X 10_9_5,chrome 64.0,1920x1080,2,2,2,0.5
DP-8e5fa884c3454ea1,desktop,rv:57.0,Mac OS X 10.9,firefox 57.0,1920x1080,11,8,8,0.125
DP-8e6c70172f0b1845,mobile,SM-G935V Build/NRD90M,,chrome 66.0 for android,,11,3,3,0.3333333333333333
DP-8e725de77406be67,desktop,,Linux,chrome 55.0,,1,1,1,1.0
DP-8e870e5e54164e71,desktop,MacOS,Mac OS X 10_13_4,safari 11.0,3840x2160,1,1,1,1.0
DP-8e90423eefe1cf08,mobile,,Android,chrome 62.0,,1,1,1,1.0
DP-8e90dcce01573d54,mobile,Moto G (4) Build/NPJ25.93-14.7,,samsung browser generic,,2,1,1,1.0
DP-8e96caa0766ce6e3,desktop,Windows,Windows 10,,1600x900,2,2,2,0.5
DP-8eb18d5f86ce7cbe,mobile,SM-G530H Build/LRX22G,,chrome 66.0 for android,,1,1,1,1.0
DP-8eb8b9fc44bab06e,desktop,MacOS,Mac OS X 10_9_5,chrome 64.0,1280x800,6,1,1,1.0
DP-8ebad82a865f6731,mobile,HTC One A9s Build/MRA58K,,chrome 52.0 for android,,1,1,1,1.0
DP-8ec3edc4070c6988,mobile,SM-T817V Build/NRD90M,Android 7.0,chrome 62.0 for android,2048x1536,1,1,1,1.0
DP-8ec3f9dc78f463ef,mobile,TA-1044,,chrome 64.0 for android,,2,1,1,1.0
DP-8ed2acc7c9196b85,mobile,SM-N950U1 Build/NMF26X,Android 7.1.1,chrome 65.0 for android,,1,1,1,1.0
DP-8edb7ba14de6bc59,mobile,iOS Device,iOS 10.3.1,chrome 63.0 for ios,2048x1536,1,1,1,1.0
DP-8ede1a271e9c37aa,mobile,iOS Device,iOS 11.0.3,mobile safari 11.0,1334x750,142,92,92,0.010869565217391304
DP-8ef083222a3a6f24,mobile,SM-G531H Build/LMY48B,,chrome 58.0 for android,,3,2,2,0.5
DP-8ef15d3ef78e9283,mobile,LG-H320 Build/LRX21Y,,chrome,,4,2,2,0.5
DP-8efe57c8e4ae12dc,desktop,rv:56.0,Mac OS X 10.11,firefox 56.0,2560x1600,3,3,3,0.3333333333333333
DP-8f05c0a732707990,mobile,SM-J710MN Build/MMB29K,,chrome 64.0 for android,,6,4,4,0.25
DP-8f09e535727269b4,desktop,rv:56.0,Windows 8.1,firefox 56.0,1920x1080,1,1,1,1.0
DP-8f114e8f8b03dd85,desktop,Windows,Windows 10,,1365x768,1,1,1,1.0
DP-8f1c731ccb67beec,desktop,MacOS,Mac OS X 10_12_1,chrome 60.0,1280x800,1,1,1,1.0
DP-8f1d9e835a582b0b,mobile,PRA-LX3 Build/HUAWEIPRA-LX3,,chrome 65.0 for android,,32,13,13,0.07692307692307693
DP-8f25f30bbbc4a719,mobile,iOS Device,iOS 10.2.0,mobile safari 10.0,1136x640,14,9,9,0.1111111111111111
DP-8f289dc3877f49a4,mobile,iOS Device,iOS 11.2.5,chrome 66.0 for ios,2436x1125,1,1,1,1.0
DP-8f2aaa82f3c7da13,mobile,iOS Device,iOS 11.3.1,google,2001x1125,1,1,1,1.0
DP-8f2eec683709a759,desktop,Windows,Windows 10,chrome,1920x1200,1,1,1,1.0
DP-8f33e7dbef4fb559,mobile,Z981 Build/MMB29M,Android 6.0.1,chrome 62.0 for android,1920x1080,5,4,4,0.25
DP-8f3c6e6897e9ada3,mobile,iOS Device,iOS 10.2.1,mobile safari generic,2208x1242,28,21,21,0.047619047619047616
DP-8f403cf19ce2e5ca,desktop,MacOS,Mac OS X 10_13_2,chrome 63.0,2560x1080,3,2,2,0.5
DP-8f53ad53d78e299c,mobile,SM-G532M Build/MMB29T,,chrome 63.0 for android,,53,17,17,0.058823529411764705
DP-8f5b755c0e0740dd,desktop,MacOS,Mac OS X 10_11_6,safari generic,1920x1080,183,103,103,0.009708737864077669
DP-8f5e224d86d7d524,desktop,MacOS,Mac,chrome 61.0,1920x1080,1,1,1,1.0
DP-8f5e9b92d4106a76,mobile,iOS Device,iOS 11.0.3,mobile safari 11.0,2001x1125,25,21,21,0.047619047619047616
DP-8f70696039e2d911,desktop,rv:41.0,Mac OS X 10.10,firefox,1280x800,1,1,1,1.0
DP-8f72e2f1100b867c,desktop,Windows,other,chrome 61.0,1280x720,5,5,5,0.2
DP-8f75db98a1f18ef8,mobile,Moto Z (2,Android 7.1.1,chrome generic,,1,1,1,1.0
DP-8f777a913f1c851a,mobile,F5121 Build/34.3.A.0.238,,android webview 4.0,,1,1,1,1.0
DP-8f8466fd8e9f101e,mobile,MYA-L03 Build/HUAWEIMYA-L03,,chrome 52.0 for android,,1,1,1,1.0
DP-8f873cfa2b154349,mobile,SM-J700M Build/MMB29K,Android 6.0.1,chrome 62.0 for android,1280x720,1,1,1,1.0
DP-8f87bc261b1c47c0,desktop,Windows,Windows 10,firefox 57.0,3000x2000,2,2,2,0.5
DP-8f940ff66b3af03a,mobile,iOS Device,iOS 11.2.5,mobile safari generic,1334x750,329,174,174,0.005747126436781609
DP-8f95312dbbd2c003,desktop,SM-T310 Build/KOT49H,,chrome generic,,1,1,1,1.0
DP-8fa16ca0c0b2d4dd,mobile,,,samsung browser 7.0,,3,2,2,0.5
DP-8fa9e6349a29c4f9,mobile,SM-G935F Build/MMB29K,,chrome 66.0 for android,,2,2,2,0.5
DP-8fb08e34085788a5,desktop,rv:52.0,Windows 7,firefox 52.0,1366x768,5,5,5,0.2
DP-8fba587bb23a576e,mobile,Moto Z2 Play Build/NPSS26.118-19-4,,chrome generic for android,,1,1,1,1.0
DP-8fc37e72fd84f3b7,desktop,MacOS,Mac OS X 10_10_5,chrome 61.0,1440x900,4,4,4,0.25
DP-8fc5ebc6f33d43f7,mobile,SAMSUNG SM-G930F Build/NRD90M,Android 7.0,samsung browser 6.2,1920x1080,5,2,2,0.5
DP-8fc730045eb097b1,desktop,MacOS,Mac OS X 10_9_5,safari 9.0,1280x800,2,2,2,0.5
DP-8fc73f6b1bc12c53,mobile,VS995 Build/NRD90M,,chrome 64.0 for android,,1,1,1,1.0
DP-8fcde11b15aa671a,desktop,MacOS,Mac OS X 10_11_3,chrome 63.0,1920x1080,2,2,2,0.5
DP-8fd63076490bc099,mobile,XT1021 Build/KXC21.5-40,,chrome 63.0 for android,,1,1,1,1.0
DP-8fd690f1f89d2ea7,mobile,SM-N910T Build/MMB29M,Android 6.0.1,chrome 62.0 for android,2560x1440,2,2,2,0.5
DP-8fdb86bd2b1c9384,mobile,R2,,chrome 65.0 for android,,3,1,1,1.0
DP-8fde26596f209160,mobile,SAMSUNG SM-G935F Build/NRD90M,,samsung browser 6.2,,57,18,18,0.05555555555555555
DP-8fe63c4ea268bd4d,desktop,MacOS,Mac OS X 10_13_2,chrome 63.0,1360x768,1,1,1,1.0
DP-8fe9fd6821fe3d78,mobile,SAMSUNG SM-G930T Build/NRD90M,Android 7.0,samsung browser generic,1920x1080,5,2,2,0.5
DP-8feb7fa95b772c31,mobile,SM-A310M Build/LMY47X,,chrome 65.0 for android,,9,4,4,0.25
DP-8ffe7d78ef6d588d,mobile,MI,,chrome 63.0 for android,,2,2,2,0.5
DP-9005872d4ef22ba5,mobile,XT1254 Build/MCG24.251-5-5,Android 6.0.1,chrome 63.0 for android,2560x1440,11,11,11,0.09090909090909091
DP-90067048b5f938b4,mobile,SM-G900V Build/MMB29M,Android 6.0.1,chrome 60.0 for android,1920x1080,3,1,1,1.0
DP-900753e7abd1e78e,mobile,SM-N950U Build/NMF26X,Android 7.1.1,chrome 65.0 for android,2961x1442,5,5,5,0.2
DP-90112c81ae51d78e,mobile,BLADE A520 Build/NRD90M,,chrome 55.0 for android,,6,5,5,0.2
DP-901951a1483c9a52,desktop,MacOS,Mac OS X 10_13_3,chrome 65.0,2560x1600,18,12,12,0.08333333333333333
DP-901d47adaa282711,mobile,SM-G935F Build/NRD90M,Android 7.0,chrome 65.0 for android,1920x1080,1,1,1,1.0
DP-9023d37ad7be471f,mobile,Moto Z (2,Android 7.1.1,chrome generic,2560x1440,13,10,10,0.1
DP-9026370d67a27a59,mobile,LG-H933,,chrome generic for android,,1,1,1,1.0
DP-904013ea9bf24a42,mobile,SAMSUNG,Android 5.0,other,1920x1080,1,1,1,1.0
DP-905c88db0398ca4d,mobile,SM-A500M Build/KTU84P,,chrome 66.0 for android,,11,2,2,0.5
DP-9066f3a90b4fa82c,mobile,vivo,,android webview 4.0,,4,2,2,0.5
DP-90678d987e26319f,mobile,BLADE A520 Build/NRD90M,,chrome 61.0 for android,,1,1,1,1.0
DP-9067a2437c63b57d,desktop,MacOS,Mac OS X 10_13_2,chrome 65.0,2560x1600,1,1,1,1.0
DP-906898287989b913,mobile,Pixel XL Build/OPM1.171019.016,Android 8.1.0,chrome 64.0 for android,2562x1442,3,2,2,0.5
DP-90693f0353a40692,mobile,LGMP450 Build/NRD90U,Android 7.0,chrome 64.0 for android,1920x1080,4,2,2,0.5
DP-9069dfae433c9531,mobile,Moto G (5) Plus Build/NPN25.137-72,,android webview 4.0,,1,1,1,1.0
DP-908144f079899bc3,mobile,SAMSUNG-SM-G890A Build/MMB29K,Android 6.0.1,chrome 63.0 for android,2560x1440,2,1,1,1.0
DP-9085cea794629263,mobile,Pixel XL Build/OPM1.171019.011,Android 8.1.0,chrome 63.0 for android,,10,8,8,0.125
DP-908ae17af55861ba,desktop,rv:58.0,Mac OS X 10.11,firefox 58.0,2560x1440,2,2,2,0.5
DP-9092e326ffb62035,desktop,rv:52.0,Windows 10,firefox,2560x1440,1,1,1,1.0
DP-909b092d23b766c7,desktop,rv:11.0,Windows 7,ie 11.0 for desktop,1599x899,1,1,1,1.0
DP-90a2e124ab4c6189,mobile,F3313 Build/37.0.A.2.108,,chrome 55.0 for android,,1,1,1,1.0
DP-90a48c1685242355,desktop,Windows,Windows 10,chrome generic,,1,1,1,1.0
DP-90afe4e9b87b0438,mobile,XT1650,Android 7.1.1,chrome generic for android,2560x1440,1,1,1,1.0
DP-90b14654852cee97,desktop,Windows,Windows 8.1,firefox 59.0,1680x1050,1,1,1,1.0
DP-90b8ed5da6ab0a96,mobile,rv:60.0,Android 7.0,firefox,1920x1080,1,1,1,1.0
DP-90b9a61261327aa2,mobile,SM-G550T Build/MMB29K,,chrome 64.0 for android,,2,2,2,0.5
DP-90bd3f3825ea7ae4,desktop,Windows,Windows 10,chrome 65.0,1707x960,1,1,1,1.0
DP-90c2c94da0a9c369,mobile,SM-G935P Build/NRD90M,Android 7.0,chrome 61.0 for android,1920x1080,3,2,2,0.5
DP-90c5398b8dcfe833,mobile,G3313 Build/43.0.A.5.79,,chrome 65.0 for android,,5,5,5,0.2
DP-90c66766238e7dba,mobile,BLU LIFE XL Build/L050U,,chrome 62.0 for android,,2,2,2,0.5
DP-90c6f441256a362f,mobile,XT1585 Build/NCK25.118-10.5,Android 7.0,chrome 63.0 for android,,1,1,1,1.0
DP-90cf2b8c41b4252f,mobile,SM-T350 Build/NMF26X,Android 7.1.1,chrome 65.0 for android,1024x768,7,3,3,0.3333333333333333
DP-90ea5f72f0f00255,mobile,Moto G Play Build/MPIS24.241-15.3-26,,chrome 64.0 for android,,4,4,4,0.25
DP-90eecbeaa556a5d8,mobile,SM-A310M Build/LMY47X,,chrome 62.0 for android,,3,3,3,0.3333333333333333
DP-90f5ea63fac46577,mobile,SM-P350 Build/MMB29M,,chrome 64.0 for android,,2,1,1,1.0
DP-90fe6f493257a04f,mobile,LGMS631 Build/MRA58K,Android 6.0,chrome 66.0 for android,1280x720,1,1,1,1.0
DP-9102ce80000694ec,mobile,Aquaris_A4.5,,chrome 63.0 for android,,1,1,1,1.0
DP-9102d5810626c040,desktop,Windows,Windows 10,chrome 61.0,2160x1440,1,1,1,1.0
DP-911759bf89e35217,desktop,,,chrome 49.0,,302,113,113,0.008849557522123894
DP-911a62a6074506f6,mobile,LG-H343,Android 5.1.1,chrome 58.0 for android,855x480,1,1,1,1.0
DP-912c95b2f6a5062e,mobile,SM-N920V Build/NRD90M,Android 7.0,chrome 63.0 for android,2562x1442,1,1,1,1.0
DP-913f46964760a7ea,mobile,iris 820 Build/MRA58K,,android webview 4.0,,4,4,4,0.25
DP-914d08dc88a16d4e,mobile,CAM-L03 Build/HUAWEICAM-L03,,chrome 63.0 for android,,60,23,23,0.043478260869565216
DP-915069db0ecbe486,desktop,MacOS,Mac OS X 10_13_1,safari generic,1680x1050,6,5,5,0.2
DP-9154b2f92829caf5,mobile,Moto G Play Build/MPIS24.241-15.3-7,,chrome 63.0 for android,,29,9,9,0.1111111111111111
DP-9158799ee590db02,mobile,iOS Device,iOS 11.1.2,mobile safari 11.0,2436x1125,162,103,103,0.009708737864077669
DP-915ca122388b0a2b,mobile,Redmi Note 4 Build/MMB29M,,chrome 54.0 for android,,3,1,1,1.0
DP-915db8f963dab45e,mobile,Z410,,chrome 51.0 for android,,1,1,1,1.0
DP-916642ddc26f16a7,desktop,Windows,Windows 7,safari generic,1680x1050,1,1,1,1.0
DP-9169d34c1cd2f4ea,mobile,FP2,,chrome 63.0 for android,,1,1,1,1.0
DP-917c090157ec606e,mobile,iOS Device,iOS 11.2.1,mobile safari 9.0,2208x1242,2,1,1,1.0
DP-9183db5b51bbc4a5,mobile,LG-H918 Build/NRD90M,Android 7.0,chrome 61.0 for android,2560x1440,1,1,1,1.0
DP-918650ca99250170,mobile,,Android,chrome 59.0,1366x768,3,3,3,0.3333333333333333
DP-9187d5b9998f40e4,desktop,MacOS,Mac OS X 10_11_3,chrome 62.0,1366x768,2,1,1,1.0
DP-918ac74658cc77b6,mobile,SM-G318ML,,chrome 60.0 for android,,1,1,1,1.0
DP-918b15cb4ea3ddce,desktop,Trident/7.0,Windows 10,ie 11.0 for tablet,2735x1825,1,1,1,1.0
DP-918bc5d0a1aab794,desktop,Windows,Windows 7,opera 49.0,1024x768,1,1,1,1.0
DP-918d250af819f8c6,mobile,VTR-L09 Build/HUAWEIVTR-L09,,chrome generic for android,,1,1,1,1.0
DP-918f66e26d981fa8,mobile,E5606,,chrome 65.0 for android,,1,1,1,1.0
DP-9193291a078cbf3e,mobile,SM-G570M Build/MMB29K,,chrome 61.0 for android,,1,1,1,1.0
DP-91a009cc2e606ba5,desktop,Windows,Windows 10,edge 16.0,1439x899,2,1,1,1.0
DP-91a04f0876e25512,desktop,rv:56.0,Mac OS X 10.9,firefox 56.0,1440x900,1,1,1,1.0
DP-91ac61c4b4068b89,desktop,Windows,Windows 10,edge 14.0,2560x1440,1,1,1,1.0
DP-91b0c48f414b325c,mobile,F3213 Build/36.0.A.2.146,,chrome 62.0 for android,,6,3,3,0.3333333333333333
DP-91bc7fa5ffeea6e6,mobile,SAMSUNG-SM-G530AZ Build/LMY48B,Android 5.1.1,chrome 63.0 for android,960x540,2,2,2,0.5
DP-91d8538209d490cd,mobile,iOS Device,iOS 11.2.2,chrome 63.0 for ios,2048x1536,10,4,4,0.25
DP-91d886f9393371cd,mobile,E5803 Build/32.4.A.1.54,,chrome 64.0 for android,,2,2,2,0.5
DP-91d8db8053ea1211,mobile,BLADE V8 Build/NRD90M,,chrome 65.0 for android,,1,1,1,1.0
DP-91e276408ab4fb40,mobile,SM-T230 Build/KOT49H,,chrome 64.0 for android,,1,1,1,1.0
DP-91e5e9571b0ec01f,mobile,LG-H812,,chrome 64.0 for android,,1,1,1,1.0
DP-91ea25a73bda8aa9,desktop,Windows,Windows 7,opera generic,1364x768,1,1,1,1.0
DP-91f1761997350cbd,mobile,SM-G925T Build/NRD90M,Android 7.0,chrome 63.0 for android,2560x1440,4,3,3,0.3333333333333333
DP-92017f60df191547,desktop,Windows,Windows 8,chrome 63.0,1440x900,2,2,2,0.5
DP-92043b09ca639231,mobile,SM-G920V Build/NRD90M,Android 7.0,chrome 56.0 for android,2560x1440,2,2,2,0.5
DP-920453fbcb05b56c,desktop,Trident/7.0,Windows 7,ie 11.0 for desktop,1440x960,1,1,1,1.0
DP-92110a2b3c3d5752,mobile,XT1650 Build/NPLS26.118-20-5-11,,chrome 64.0 for android,,5,3,3,0.3333333333333333
DP-9217a8d6019e19d7,mobile,Redmi Note 4 Build/MMB29M,Android 6.0.1,chrome 54.0 for android,1920x1080,2,1,1,1.0
DP-9232be06876774e3,mobile,SAMSUNG SM-N910V Build/MMB29M,Android 6.0.1,samsung browser 6.4,2560x1440,1,1,1,1.0
DP-9238739aaad4fa53,mobile,7055A Build/KVT49L,,chrome 62.0 for android,,1,1,1,1.0
DP-924425c73dbe7f98,mobile,SM-G950U Build/NRD90M,Android 7.0,chrome 56.0 for android,2220x1080,1,1,1,1.0
DP-92447981084faf44,mobile,SM-T530NU Build/LRX22G,,chrome 54.0 for android,,1,1,1,1.0
DP-92473827cd5d3798,desktop,Windows,Windows 7,chrome 63.0,2560x1440,26,9,9,0.1111111111111111
DP-9254e029acfde0ec,mobile,SM-G570M Build/MMB29K,,chrome 65.0 for android,,37,15,15,0.06666666666666667
DP-9258270e433cc0ed,mobile,5049W Build/NRD90M,Android 7.0,chrome 63.0 for android,,1,1,1,1.0
DP-92582eb4ccac0df5,desktop,MacOS,Mac OS X 10_10_5,safari 10.0,2880x1800,8,6,6,0.16666666666666666
DP-9263abd50c64e124,mobile,LG-H500 Build/LRX21Y,,other,,1,1,1,1.0
DP-926be2c3ec32a1df,mobile,SAMSUNG SM-G890A Build/NRD90M,Android 7.0,samsung browser 6.4,2560x1440,1,1,1,1.0
DP-92764c8574b45d7a,mobile,SM-T110 Build/JDQ39,Android,chrome 63.0 for android,1024x600,2,2,2,0.5
DP-92784b00932bb18d,mobile,LGLS770,Android 6.0,chrome 61.0 for android,1280x720,1,1,1,1.0
DP-927de3dbadfb4b96,desktop,Windows,Windows 10,opera 49.0,1280x1025,1,1,1,1.0
DP-92854bc8478436e5,mobile,Redmi Note 4X Build/MRA58K,,chrome 66.0 for android,,6,2,2,0.5
DP-928fda77e442aa32,mobile,Moto Z2 Play Build/NPS26.118-19,,chrome generic for android,,2,1,1,1.0
DP-9294bb129305cb95,desktop,MacOS,Mac OS X 10_13_1,chrome 56.0,1280x800,1,1,1,1.0
DP-92971bc123fa7528,mobile,SM-G925P Build/NRD90M,,chrome 56.0 for android,,1,1,1,1.0
DP-92976de7bcf4ce37,mobile,SM-G900V,,chrome 64.0 for android,,1,1,1,1.0
DP-92a277fea8ccc796,mobile,VS988 Build/NRD90U,Android 7.0,chrome 64.0 for android,2672x1440,1,1,1,1.0
DP-92a5c052d96a2aa0,desktop,rv:59.0,Mac OS X 10.13,firefox 59.0,2560x1600,11,10,10,0.1
DP-92a5e0131da1256a,desktop,rv:31.0,Windows 7,firefox,1920x1080,1,1,1,1.0
DP-92a93c69be666dbf,mobile,LG-H443/H44312g,Android 5.1.1,android browser 4.0,1280x720,2,1,1,1.0
DP-92aedfe14455fd42,desktop,Windows,Windows 10,chrome 64.0,2000x1125,1,1,1,1.0
DP-92b0642b21f89e30,desktop,,Linux,chrome 63.0,1920x1280,1,1,1,1.0
DP-92ba108116254bb9,desktop,Windows,,chrome 63.0,,6353,627,627,0.001594896331738437
DP-92bd0c79fae9bb20,mobile,V.40R,,chrome 62.0 for android,,1,1,1,1.0
DP-92bfd69ba3986abe,mobile,SM-N950U1 Build/NMF26X,Android 7.1.1,chrome 63.0 for android,,1,1,1,1.0
DP-92c7cadbb61e8b47,mobile,SM-G935P Build/NRD90M,Android 7.0,chrome 63.0 for android,,3,3,3,0.3333333333333333
DP-92cc9dfcfb2695c1,mobile,SM-P605V,Android 5.1.1,chrome 65.0 for android,2560x1600,1,1,1,1.0
DP-92d04b60e69b1357,mobile,SM-N920G Build/NRD90M,,chrome 64.0 for android,,1,1,1,1.0
DP-92d05ab54dc18cf4,mobile,iOS Device,iOS,mobile safari 8.0,2048x1536,22,20,20,0.05
DP-92d5727515a83e3d,mobile,SAMSUNG-SM-G900A Build/LRX21T,Android 5.0,chrome 63.0 for android,1920x1080,2,2,2,0.5
DP-92de1aed8a04ba3a,mobile,CRO-L03 Build/HUAWEICRO-L03,,chrome 52.0 for android,,54,5,5,0.2
DP-92f611d579f3b7ab,mobile,B1-810,,chrome 61.0 for android,,1,1,1,1.0
DP-9300db47ac591ae7,desktop,Windows,Windows 10,edge 16.0,1920x1080,860,394,394,0.0025380710659898475
DP-930694a47db4ae1e,mobile,SM-N950U Build/NMF26X,,chrome 64.0 for android,,5,3,3,0.3333333333333333
DP-930a1a21294870f5,desktop,MacOS,Mac OS X 10_12_6,chrome 64.0,1280x800,9,8,8,0.125
DP-9316091edc04b64b,mobile,Moto E (4) Plus Build/NMA26.42-142,,chrome 56.0 for android,,2,2,2,0.5
DP-933b144fdc785147,desktop,Blade V580 Build/LMY47D,,chrome generic,,2,1,1,1.0
DP-935263badcac4296,mobile,BLN-L24 Build/HONORBLN-L24,Android 7.0,chrome 63.0 for android,1920x1080,1,1,1,1.0
DP-93581cca5ea1ecb7,desktop,Windows,Windows 10,firefox 57.0,1680x945,1,1,1,1.0
DP-935b9d908899479e,mobile,N9560 Build/NMF26F,Android 7.1.1,chrome 65.0 for android,1920x1080,1,1,1,1.0
DP-935cd659373b6288,desktop,Trident/7.0,Windows 7,ie 11.0 for desktop,1366x767,11,10,10,0.1
DP-937a1d2564daa6e4,mobile,XT1055,Android,chrome 60.0 for android,1280x720,1,1,1,1.0
DP-937d14aafe62f7f2,desktop,Windows,Windows 7,chrome 66.0,1920x1080,214,125,125,0.008
DP-93800a521dcb29a6,mobile,SAMSUNG SM-J510MN Build/MMB29M,,other,,1,1,1,1.0
DP-939826c5b92aca25,desktop,Windows,Windows 8,,1920x1080,1,1,1,1.0
DP-93b0a4ca9b18527b,mobile,SM-G955F Build/R16NW,,chrome generic for android,,2,2,2,0.5
DP-93b144163eb11895,mobile,SM-G355M Build/KOT49H,,chrome 63.0 for android,,3,2,2,0.5
DP-93c0a7a7bafcd61e,desktop,,Linux,chrome 63.0,2400x1350,4,3,3,0.3333333333333333
DP-93c25bbcd7189015,mobile,Lenovo TB3-710F Build/LRX21M,,opera,,1,1,1,1.0
DP-93cb6d939132f822,desktop,rv:57.0,Mac OS X 10.11,firefox 57.0,2560x1600,14,9,9,0.1111111111111111
DP-93cd323c09c02925,mobile,Blade A465 Build/LMY47D,,chrome 66.0 for android,,6,1,1,1.0
DP-93d0fae8537e0072,mobile,SM-T807V,Android 6.0.1,chrome 62.0 for android,2560x1600,1,1,1,1.0
DP-93e359a68c1ca3b9,desktop,Windows,Windows 8.1,chrome 66.0,1280x720,2,1,1,1.0
DP-93f38a8fc67a08c4,desktop,SAMSUNG SM-T530NU Build/LRX22G,,chrome generic,,1,1,1,1.0
DP-93f66250d614e9c2,mobile,iOS Device,iOS 11.2.6,mobile safari 11.0,2436x1125,12,9,9,0.1111111111111111
DP-93fa7be7f6632975,mobile,Blade V580 Build/LMY47D,,chrome 61.0 for android,,1,1,1,1.0
DP-940109629c29e968,mobile,iOS Device,iOS 11.1.0,mobile safari 11.0,1136x640,8,6,6,0.16666666666666666
DP-940dc2eb5531c09b,mobile,SM-G955F Build/NRD90M,,chrome 66.0 for android,,5,5,5,0.2
DP-941ccb66c0fbb942,mobile,SM-G531H Build/LMY48B,,android browser 4.0,,1,1,1,1.0
DP-942bcf368c0abb69,desktop,MacOS,Mac OS X 10_11_6,chrome 62.0,4096x2304,2,2,2,0.5
DP-942eb7c3d9f53ffc,mobile,LG-X165g Build/LRX21M,,chrome 53.0 for android,,1,1,1,1.0
DP-94317e70b6d4a564,mobile,SAMSUNG SM-G920F Build/NRD90M,,samsung browser 6.4,,1,1,1,1.0
DP-943212502d5358e0,desktop,Windows,Windows 7,firefox generic,1366x768,2,1,1,1.0
DP-943420d301f58a9d,mobile,SM-T550 Build/NMF26X,Android 7.1.1,chrome 66.0 for android,1024x768,3,3,3,0.3333333333333333
DP-943bdee009c8a3e8,desktop,MacOS,Mac OS X 10_12_6,chrome 62.0,3840x2400,2,2,2,0.5
DP-9447836cd525cc81,desktop,Windows,Windows 10,edge 14.0,1920x1200,2,1,1,1.0
DP-94479aad3c717c8c,mobile,iris50,,chrome 65.0 for android,,1,1,1,1.0
DP-9449ab0fd4f5315c,desktop,Windows,Windows 10,firefox 58.0,3000x2000,2,2,2,0.5
DP-944d2221e0c5b77e,desktop,MacOS,Mac OS X 10_12_5,chrome 66.0,1440x900,1,1,1,1.0
DP-944d5cb5330f6565,desktop,MacOS,Mac OS X 10_11_6,safari generic,2560x1080,1,1,1,1.0
DP-94579da6d5c7e219,desktop,Trident/7.0,Windows 8.1,ie 11.0 for tablet,2160x1440,1,1,1,1.0
DP-94726192a88c010f,mobile,SM-N950U Build/R16NW,Android 8.0.0,chrome 65.0 for android,2220x1080,19,5,5,0.2
DP-94729c1b1bb7ed40,mobile,SAMSUNG SM-N920P Build/NRD90M,Android 7.0,samsung browser generic,2560x1440,1,1,1,1.0
DP-9473f19dd33f7bb0,mobile,SM-G900M Build/LRX21T,,chrome 64.0 for android,,17,11,11,0.09090909090909091
DP-947a040472084d1e,mobile,SM-N910T Build/MMB29M,Android 6.0.1,chrome 49.0 for android,2560x1440,1,1,1,1.0
DP-947d0740299275ef,desktop,Windows,Windows 10,chrome 64.0,1024x768,3,3,3,0.3333333333333333
DP-948898b6b1bba031,mobile,SM-T810 Build/NRD90M,,chrome generic for android,,4,1,1,1.0
DP-949177a8551d50b8,desktop,Windows,Windows 10,chrome 65.0,3440x1440,2,2,2,0.5
DP-949631093d5aa815,mobile,SM-T800 Build/MMB29K,Android 6.0.1,chrome 64.0 for android,2560x1600,1,1,1,1.0
DP-9499e12b7480fcd2,desktop,MacOS,Mac OS X 10_13_5,chrome 65.0,1440x900,1,1,1,1.0
DP-949ea11d9173e828,mobile,SM-G925F Build/NRD90M,,chrome 64.0 for android,,1,1,1,1.0
DP-94b63ccb771127ad,desktop,rv:11.0,Windows 10,ie 11.0 for desktop,1366x768,4,1,1,1.0
DP-94ba1c075684413e,mobile,SAMSUNG-SM-N900A Build/LRX21V,,chrome 66.0 for android,,1,1,1,1.0
DP-94c7a8dc4d43356e,desktop,Windows,Windows 10,chrome 65.0,1229x691,1,1,1,1.0
DP-94c81336e4d1c990,desktop,rv:11.0,Windows 7,ie 11.0 for desktop,1600x1200,2,2,2,0.5
DP-94dae788c9923275,mobile,Pixel Build/OPM4.171019.016.B1,Android 8.1.0,chrome 66.0 for android,1921x1081,7,3,3,0.3333333333333333
DP-94e4cb8857bc6d92,mobile,VS987 Build/NRD90U,,chrome 63.0 for android,,1,1,1,1.0
DP-94e705e2f289bcbe,mobile,SM-G928G Build/MMB29K,,chrome 64.0 for android,,1,1,1,1.0
DP-94ec5b75ca0e62b1,desktop,MacOS,Mac OS X 10_10_5,chrome 63.0,2560x1440,12,9,9,0.1111111111111111
DP-94ef0aa5f4e9bfb9,mobile,iOS Device,iOS 10.2.0,mobile safari generic,1334x750,10,10,10,0.1
DP-94fcb2cda343724e,mobile,SM-T800,,chrome 64.0 for android,,1,1,1,1.0
DP-9502829957dd8dda,desktop,Windows,Windows 10,firefox 56.0,1280x768,2,2,2,0.5
DP-951cce7cd8465d4b,desktop,BOIE9,,ie 11.0 for desktop,,2,2,2,0.5
DP-953baeaafccbde62,mobile,SM-G550T Build/MMB29K,Android 6.0.1,chrome 64.0 for android,1280x720,2,1,1,1.0
DP-953c249d8833aa69,mobile,SM-G610F Build/NRD90M,,chrome 66.0 for android,,4,4,4,0.25
DP-9540699d68d543f6,desktop,rv:52.0,Windows 8.1,firefox 52.0,1440x900,1,1,1,1.0
DP-9540817b6c629fa7,mobile,Blade,,chrome 62.0 for android,,3,1,1,1.0
DP-95441a464e1753b6,mobile,SM-N920P Build/NRD90M,Android 7.0,chrome 65.0 for android,1921x1081,1,1,1,1.0
DP-9546132aa0f23874,mobile,C6906,,chrome 63.0 for android,,1,1,1,1.0
DP-95470d6c8d7f4f19,desktop,Windows,Windows 10,chrome 59.0,1366x768,2,2,2,0.5
DP-954a2f2d4001e8ce,mobile,Moto Z2 Play Build/NPSS26.118-19-6,,chrome 57.0 for android,,2,1,1,1.0
DP-9555cab781e2f436,mobile,LGLS751,,chrome 43.0 for android,,1,1,1,1.0
DP-955735bc523dc246,desktop,MacOS,Mac OS X 10_13_2,safari generic,1920x1080,114,70,70,0.014285714285714285
DP-95602230097eeb6b,mobile,,,mobile safari generic,2208x1242,1,1,1,1.0
DP-956cb3a583c81dec,mobile,SAMSUNG-SGH-I337 Build/KOT49H,,chrome 62.0 for android,,8,1,1,1.0
DP-9579599d3e27fc23,mobile,iOS Device,iOS 11.0.1,mobile safari generic,2048x1536,2,2,2,0.5
DP-958773ed387c99b1,desktop,Windows,Windows 10,chrome 64.0,1229x691,1,1,1,1.0
DP-95908f66a1b33c42,mobile,HUAWEI TAG-L13 Build/HUAWEITAG-L13,,chrome 61.0 for android,,13,9,9,0.1111111111111111
DP-95a0bf6c8fde0788,desktop,rv:58.0,Mac OS X 10.11,firefox 58.0,1680x1050,1,1,1,1.0
DP-95a49eda4c60127e,desktop,Windows,Windows 8.1,chrome,1366x768,1,1,1,1.0
DP-95ad21220ca688a1,desktop,MacOS,Mac OS X 10_10_5,chrome 63.0,1920x1080,34,27,27,0.037037037037037035
DP-95af82b17e7b7039,mobile,BLU LIFE XL Build/L050U,,chrome 66.0 for android,,1,1,1,1.0
DP-95b45e67f51aed42,desktop,MacOS,Mac OS X 10_11_4,safari 9.0,1920x1080,1,1,1,1.0
DP-95b55d11be75df8f,desktop,MacOS,Mac OS X 10_13_1,chrome 64.0,3360x1890,2,1,1,1.0
DP-95b6d2cda3ffc875,desktop,Windows,Windows 7,chrome 65.0,1680x1050,30,27,27,0.037037037037037035
DP-95b6f034eb52c663,mobile,ZTE A2017U Build/NRD90M,Android 7.0,chrome 63.0 for android,2560x1440,5,2,2,0.5
DP-95c3362861e20cf6,mobile,AX820 Build/MRA58K,,chrome 54.0 for android,,1,1,1,1.0
DP-95c9a50807d51273,desktop,MacOS,Mac OS X 10_12,safari generic,2880x1800,3,2,2,0.5
DP-95c9b34d9a4bad02,mobile,GT-P5210 Build/JDQ39,,chrome 52.0 for android,,1,1,1,1.0
DP-95cad6ab2c3c836a,desktop,MacOS,Mac OS X 10_12_3,safari generic,1440x800,1,1,1,1.0
DP-95d039c25572ab9c,desktop,MacOS,Mac OS X 10_10_5,safari generic,1280x720,2,2,2,0.5
DP-95d20ccc7495086e,mobile,iOS Device,iOS 11.2.5,mobile safari 11.0,2048x1536,3,3,3,0.3333333333333333
DP-95d52de682445f75,desktop,MacOS,Mac OS X 10_6_8,safari,1280x800,3,3,3,0.3333333333333333
DP-95dc2f1c276c8f01,desktop,Windows,Windows 10,chrome 67.0,1024x768,1,1,1,1.0
DP-95e28f139f835c6c,mobile,BLU ENERGY X PLUS Build/LRX21M,,chrome 65.0 for android,,2,1,1,1.0
DP-95ed8706d3984cc8,mobile,Fusion5_u7,,chrome generic for android,,1,1,1,1.0
DP-95f4dcca3a71f9ce,desktop,MacOS,Mac OS X 10_12_4,chrome 62.0,5120x2880,1,1,1,1.0
DP-95f9c16e98d56cc4,desktop,Windows,Windows 7,firefox 60.0,1440x900,1,1,1,1.0
DP-95fc67ef67747ba2,mobile,Ilium,,chrome 66.0 for android,,2,2,2,0.5
DP-960cbfa5fde218ed,mobile,BLU,,android webview 4.0,,1,1,1,1.0
DP-960ce5e4a96b492a,mobile,VS820,Android 5.1.1,chrome 61.0 for android,855x480,2,1,1,1.0
DP-96125d967f37751b,mobile,Moto G (5) Build/NPP25.137-38,,chrome generic,,28,7,7,0.14285714285714285
DP-9615af5d2268e0be,mobile,Pixel 2 XL Build/OPM2.171019.029,Android 8.1.0,chrome 66.0 for android,2880x1442,1,1,1,1.0
DP-962800e3cd5042cf,desktop,Linux x86_64,Linux,firefox 59.0,1280x800,3,1,1,1.0
DP-962af7dfc577c5a2,mobile,XT1609 Build/MPIS24.241-2.35-1-17,Android 6.0.1,chrome 62.0 for android,1280x720,1,1,1,1.0
DP-962ca6d2f4bfc5b9,mobile,SM-G928T Build/NRD90M,,chrome 63.0 for android,,1,1,1,1.0
DP-9649da5e09735290,mobile,Alcatel_5098O Build/MMB29M,,chrome 61.0 for android,,3,1,1,1.0
DP-964b7f47ec3198c5,mobile,SAMSUNG-SM-J320AZ Build/MMB29K,,chrome 62.0 for android,,2,1,1,1.0
DP-964df9cfe8dfa3ec,desktop,Windows,Windows 10,chrome generic,1280x1024,14,10,10,0.1
DP-964edcfc44c38691,mobile,Blade V6 Max Build/MRA58K,,chrome 62.0 for android,,9,6,6,0.16666666666666666
DP-964fbb387aaa1bad,mobile,HUAWEI VNS-L23 Build/HUAWEIVNS-L23,,chrome 60.0 for android,,3,1,1,1.0
DP-9658f5dd3fc1857f,mobile,SM-J730GM Build/NRD90M,,chrome 61.0 for android,,1,1,1,1.0
DP-966a56b033973698,desktop,MacOS,Mac OS X 10_11_6,opera 49.0,1280x800,1,1,1,1.0
DP-9670eba4290b229c,desktop,rv:48.0,Mac,firefox 48.0,1280x800,11,9,9,0.1111111111111111
DP-96788b1d78ed6151,mobile,9003A Build/MRA58K,,chrome 60.0 for android,,1,1,1,1.0
DP-968163eb9e81673f,desktop,MacOS,Mac OS X 10_10_5,safari generic,1680x1050,21,13,13,0.07692307692307693
DP-9683b765171fea29,mobile,BLN-L24 Build/HONORBLN-L24,,chrome 63.0 for android,,1,1,1,1.0
DP-968b4da3c78d06a1,mobile,Pixel 2 Build/OPM1.171019.021,Android 8.1.0,chrome 65.0 for android,1921x1081,2,2,2,0.5
DP-9690ad8aa62f7717,mobile,TRT-L53 Build/HUAWEITRT-L53,,chrome 64.0 for android,,35,14,14,0.07142857142857142
DP-96a065304d5a1a7d,desktop,MacOS,Mac OS X 10_13_2,chrome 63.0,,1,1,1,1.0
DP-96a270cb1d363a1b,mobile,LG-K450 Build/MXB48T,Android 6.0.1,chrome 63.0 for android,1280x720,2,2,2,0.5
DP-96a77d38de141fcd,mobile,MHA-L29 Build/HUAWEIMHA-L29,Android 8.0.0,chrome generic for android,1920x1080,1,1,1,1.0
DP-96ab920845b62fd6,desktop,Windows,Windows 8,chrome 66.0,1920x1080,10,4,4,0.25
DP-96b8008318e6037c,desktop,Windows,Windows 8.1,chrome 63.0,1920x1200,2,2,2,0.5
DP-96b8f2c7deda9f5c,mobile,SAMSUNG SM-G955U Build/NRD90M,Android 7.0,samsung browser generic,,5,4,4,0.25
DP-96c1cd4f27a9df59,mobile,LG-D331 Build/LRX22G,,chrome 59.0 for android,,1,1,1,1.0
DP-96cbf834397b3019,desktop,MacOS,Mac OS X 10_11_4,chrome 62.0,1280x800,2,2,2,0.5
DP-96d324f6cb57df9a,mobile,Moto G (4) Build/NPJ25.93-14.7,Android 7.0,chrome generic,1920x1080,3,3,3,0.3333333333333333
DP-96dc636b9d32b085,mobile,GT-I9300,,chrome 64.0 for android,,1,1,1,1.0
DP-96eb3cb96ae05136,mobile,SAMSUNG SM-G935F Build/NRD90M,,samsung browser generic,,8,5,5,0.2
DP-96eb71da1f2f8d39,mobile,,Android,chrome 63.0,855x480,54,5,5,0.2
DP-96ed39d78f5567fc,mobile,Lenovo PB2-670Y Build/MRA58K,,chrome 64.0 for android,,2,2,2,0.5
DP-96eeaeaf0e411abe,desktop,Windows,Windows 7,chrome 65.0,1152x864,1,1,1,1.0
DP-96f864e392499ef9,mobile,SM-J320V Build/NMF26X,Android 7.1.1,chrome 62.0 for android,1280x720,2,2,2,0.5
DP-96f99f70b6dcbf35,mobile,Moto Z2 Play Build/NPSS26.118-19-6,,chrome 62.0 for android,,2,2,2,0.5
DP-970318ffd185023b,mobile,,Android,chrome,1280x720,2,1,1,1.0
DP-970ce7137e69670f,desktop,ATT,Windows 7,ie 11.0 for desktop,,1,1,1,1.0
DP-970d3221587064d5,mobile,SM-P355M Build/MMB29M,,chrome 61.0 for android,,1,1,1,1.0
DP-971b936935a83703,desktop,Windows,Windows 10,chrome 64.0,1680x1050,32,22,22,0.045454545454545456
DP-97282d15ef68a4ff,mobile,BLADE V8 SE Build/NRD90M,,chrome 65.0 for android,,24,11,11,0.09090909090909091
DP-972a0487d24e9d69,mobile,XT1635-02,Android 7.1.1,chrome generic for android,1920x1080,2,1,1,1.0
DP-972e6ecca4ac02be,mobile,SAMSUNG-SM-G930A Build/NRD90M,Android 7.0,chrome 62.0 for android,1920x1080,8,8,8,0.125
DP-97300023bcddb68a,mobile,,Android,chrome 63.0,1280x720,145,20,20,0.05
DP-9747191aa3b020dd,mobile,ASUS_Z017D,,chrome 66.0 for android,,2,1,1,1.0
DP-974d2e451f01d167,mobile,SM-E500M Build/KTU84P,,chrome 65.0 for android,,4,4,4,0.25
DP-975008fb0814d00b,mobile,LG-M700 Build/NMF26X,,chrome 58.0 for android,,5,4,4,0.25
DP-97517cf41cc4549a,mobile,SM-A310F Build/MMB29K,,chrome 65.0 for android,,3,1,1,1.0
DP-97633dffeeed4465,mobile,7048A Build/LRX22G,,chrome 66.0 for android,,3,1,1,1.0
DP-97638a5b00eeeac4,desktop,,Linux,chrome 66.0,2961x1442,4,2,2,0.5
DP-9765b66523404c81,mobile,LG-H820 Build/NRD90U,Android 7.0,chrome 63.0 for android,2560x1440,3,3,3,0.3333333333333333
DP-9766d0e60f89ffed,desktop,Trident/7.0,Windows 10,ie 11.0 for desktop,1152x864,4,2,2,0.5
DP-976b9d7303ef5b4e,mobile,SCH-I545 Build/LRX22C,,chrome 64.0 for android,,2,1,1,1.0
DP-976d2eda32cb696b,desktop,MacOS,Mac OS X 10_13_4,chrome 66.0,2880x1800,26,17,17,0.058823529411764705
DP-977167cb2054ef3c,mobile,K88 Build/MMB29M,Android 6.0.1,android webview 4.0,,1,1,1,1.0
DP-977ab3350a311788,desktop,Windows,Windows 10,ie 11.0 for desktop,1600x900,1,1,1,1.0
DP-977f78318422c0c0,mobile,Z837VL,Android 6.0.1,other,855x480,1,1,1,1.0
DP-977ffd36d078ec31,desktop,MacOS,Mac OS X 10_13_3,chrome 64.0,1440x900,17,15,15,0.06666666666666667
DP-978ccc8855654872,mobile,Hisense L675 Build/MRA58K,,chrome 55.0 for android,,1,1,1,1.0
DP-978fb9b47a651e4a,desktop,Windows,Windows 10,firefox 60.0,1360x767,1,1,1,1.0
DP-979538563003f115,mobile,XT1064 Build/MPB24.65-34-3,,chrome 65.0 for android,,8,7,7,0.14285714285714285
DP-97976a65366a3fcb,mobile,XT1650 Build/NCLS26.118-23-13-3,Android 7.1.1,chrome 58.0 for android,2560x1440,2,1,1,1.0
DP-97a26c2893cf68a5,mobile,SM-T530,,chrome 63.0 for android,,1,1,1,1.0
DP-97a3b57388008ded,mobile,Build/OPM1.171019.011,,chrome generic for android,,2,2,2,0.5
DP-97a6e76f794f1e16,desktop,Windows,Windows 10,chrome 62.0,1440x900,28,23,23,0.043478260869565216
DP-97ae17c826fcc454,mobile,SM-G900M Build/MMB29M,,chrome generic for android,,1,1,1,1.0
DP-97b334ffbf33dd8c,mobile,VS995 Build/NRD90M,,chrome 62.0 for android,,1,1,1,1.0
DP-97b8480b036b69ce,mobile,HTC,Android 6.0.1,chrome 62.0 for android,1280x720,1,1,1,1.0
DP-97bb51a1dc9b0732,mobile,LG-D331,,chrome 65.0 for android,,1,1,1,1.0
DP-97c6a3c3743c37a6,mobile,Moto G Play Build/NPIS26.48-36-5,,chrome 65.0 for android,,4,2,2,0.5
DP-97d0649b02311572,mobile,SAMSUNG-SM-T817A,Android 7.0,chrome 63.0 for android,2048x1536,1,1,1,1.0
DP-97d0bb02cf703ce8,mobile,Android 4.4.2,,chrome generic,,9,6,6,0.16666666666666666
DP-97d738948c4c0ce6,mobile,XT1585 Build/NCK25.118-10.5,Android 7.0,chrome generic for android,2560x1440,1,1,1,1.0
DP-97dc3365e078d588,desktop,Trident/7.0,,ie 11.0 for desktop,,1215,244,244,0.004098360655737705
DP-97dca0f0d504bd9c,desktop,,,chrome 58.0,,76,28,28,0.03571428571428571
DP-97e0b29b1afa67de,mobile,SM-N950F Build/NMF26X,,chrome generic for android,,2,2,2,0.5
DP-97e6bc5e6683c7b7,mobile,VS995 Build/NRD90M,Android 7.0,chrome 62.0 for android,2560x1440,3,3,3,0.3333333333333333
DP-97ef0961eedb3f39,mobile,LG-LS997 Build/NRD90M,Android 7.0,chrome 63.0 for android,2560x1440,4,4,4,0.25
DP-97f12197da63128b,desktop,rv:58.0,Windows 10,firefox,1680x1050,5,2,2,0.5
DP-97f82cada37a1113,mobile,SAMSUNG,,samsung browser generic,,14,12,12,0.08333333333333333
DP-97ff15191a87b093,desktop,Windows,Windows 7,firefox 59.0,1280x960,1,1,1,1.0
DP-97ffb9041fcbef9c,mobile,8050G Build/LMY47I,,chrome 61.0 for android,,8,1,1,1.0
DP-9800e606b64c13f9,mobile,Z798BL Build/MMB29M,Android 6.0.1,chrome,855x480,3,2,2,0.5
DP-9801785cff0f6d9b,mobile,SM-J700T Build/NMF26X,,chrome 66.0 for android,,1,1,1,1.0
DP-980999053a31ba1d,desktop,MacOS,Mac OS X 10_12_6,chrome 65.0,2560x1600,10,6,6,0.16666666666666666
DP-980d2b849763efd7,mobile,SM-T350 Build/NMF26X,Android 7.1.1,chrome 62.0 for android,1024x768,4,3,3,0.3333333333333333
DP-981114069855cb67,mobile,SM-G900P Build/MMB29M,,chrome 63.0 for android,,1,1,1,1.0
DP-98111431291f85a4,mobile,SM-J105B Build/LMY47V,,chrome 62.0 for android,,3,3,3,0.3333333333333333
DP-9811659fb2b45e3d,mobile,SM-G900F Build/LRX21T,,chrome 62.0 for android,,1,1,1,1.0
DP-9823650bc86322a1,mobile,EVA-L19 Build/HUAWEIEVA-L19,,chrome 66.0 for android,,4,1,1,1.0
DP-9823e3b8faffb77f,desktop,MacOS,Mac OS X 10_13_1,chrome 62.0,1344x756,1,1,1,1.0
DP-9830921fc5386a7b,desktop,rv:48.0,Mac,firefox 48.0,1600x900,8,5,5,0.2
DP-983593789dea9575,mobile,,Linux,samsung browser 6.4,2560x1440,1,1,1,1.0
DP-9838dd9c7c854395,desktop,Windows,Windows 8,firefox 57.0,1366x768,4,4,4,0.25
DP-98394e03255b9564,desktop,rv:57.0,Mac OS X 10.11,firefox 57.0,5120x2880,5,2,2,0.5
DP-983ca86621078585,mobile,LG-H932,Android 7.1.2,chrome 65.0 for android,2880x1440,1,1,1,1.0
DP-984d8f4bb68aea6a,desktop,MacOS,Mac OS X 10_12_3,safari generic,5120x2880,1,1,1,1.0
DP-98504483b41f8183,mobile,Ilium L1120 Build/NRD90M,,chrome 64.0 for android,,3,2,2,0.5
DP-9853b31321076424,mobile,HTC Desire 530 Build/MMB29M,,chrome 60.0 for android,,9,3,3,0.3333333333333333
DP-985490ca09a28d2d,mobile,SM-G900M Build/LRX21T,,chrome 66.0 for android,,22,7,7,0.14285714285714285
DP-9870c1e58821dda8,desktop,MacOS,Mac OS X 10_11_6,chrome generic,1680x1050,1,1,1,1.0
DP-9875cfe1e76fda8b,desktop,rv:59.0,Mac OS X 10.11,firefox 59.0,2880x1800,2,1,1,1.0
DP-98a3d73dcff07460,mobile,SAMSUNG SM-G950U Build/NRD90M,Android 7.0,samsung browser 5.4,2220x1080,2,1,1,1.0
DP-98a3dfddf9dacd08,desktop,MacOS,Mac OS X 10_12_3,safari generic,1366x768,4,4,4,0.25
DP-98a8d19859a8378c,mobile,SAMSUNG,Android 7.0,samsung browser 5.2,1280x720,1,1,1,1.0
DP-98a909aee27e20e0,mobile,iOS Device,iOS 11.2.1,mobile safari 11.0,2224x1668,20,18,18,0.05555555555555555
DP-98ac02f9f51e6f7e,mobile,GT-I8190N,,chrome 65.0 for android,,1,1,1,1.0
DP-98add746d0f536c7,desktop,MacOS,Mac OS X 10_12_5,chrome 62.0,3840x2400,1,1,1,1.0
DP-98ae12dd870d7cc6,desktop,MacOS,Mac OS X 10_12_6,chrome 60.0,1366x768,1,1,1,1.0
DP-98b21da8b5ef38ab,mobile,SM-T710 Build/NRD90M,Android 7.0,chrome 63.0 for android,2048x1536,2,2,2,0.5
DP-98c0d1936b72e8e9,mobile,SM-J320M Build/LMY47V,,chrome 57.0 for android,,10,2,2,0.5
DP-98c3c873075a8177,mobile,E6633,,chrome 65.0 for android,,1,1,1,1.0
DP-98cda8c83fae8627,mobile,SM-A320Y,,chrome 61.0 for android,,1,1,1,1.0
DP-98cdab99bbd62033,desktop,Windows,Windows 10,edge,1280x720,1,1,1,1.0
DP-98d19467ac8f87e0,mobile,Moto G Play Build/MPIS24.241-15.3-7,,chrome generic for android,,10,6,6,0.16666666666666666
DP-98d66783e55b2d3c,mobile,F5121 Build/34.3.A.0.238,,chrome generic for android,,1,1,1,1.0
DP-98de6354642bc840,desktop,MacOS,Mac OS X 10_13_3,safari 11.0,2560x1440,2,2,2,0.5
DP-98e093217c76bb60,mobile,SM-G930V Build/NRD90M,Android 7.0,android webview 4.0,1920x1080,4,4,4,0.25
DP-98e2462970869325,mobile,SAMSUNG-SM-N910A,Android,chrome 63.0 for android,2560x1440,1,1,1,1.0
DP-98eca18d68476199,desktop,MacOS,Mac OS X 10_10_5,chrome generic,,1,1,1,1.0
DP-98ef02b31144303a,mobile,E6853 Build/32.4.A.1.54,,chrome 66.0 for android,,2,1,1,1.0
DP-98f397d9e7256715,mobile,Ilium X510 Build/MRA58K,,chrome 61.0 for android,,2,2,2,0.5
DP-99005130c6be9922,mobile,SM-G550T Build/MMB29K,Android 6.0.1,chrome 62.0 for android,1280x720,1,1,1,1.0
DP-9905087a77734cbe,mobile,SM-T110 Build/JDQ39,,chrome 63.0 for android,,1,1,1,1.0
DP-99125a8cd283311a,desktop,MacOS,Mac OS X 10_13_2,chrome 64.0,2560x1600,2,2,2,0.5
DP-992c68115d7d3acf,mobile,GT-N8000,,chrome 59.0 for android,,1,1,1,1.0
DP-993a6af855f3bc7b,mobile,SM-J500M Build/LMY48B,,chrome 43.0 for android,,1,1,1,1.0
DP-993b4c15b8c5b922,mobile,SM-G920T Build/NRD90M,,chrome 65.0 for android,,2,1,1,1.0
DP-994aa8aad00593c9,mobile,SM-G920V Build/NRD90M,Android 7.0,chrome 62.0 for android,2560x1440,29,18,18,0.05555555555555555
DP-9955998154c15612,desktop,rv:57.0,Mac OS X 10.13,firefox 57.0,1440x900,21,16,16,0.0625
DP-995728a525a60019,mobile,SM-A300H Build/LRX22G,,chrome 55.0 for android,,6,1,1,1.0
DP-995ed936b9f59f0c,desktop,rv:57.0,Mac OS X 10.12,firefox 57.0,1600x1200,1,1,1,1.0
DP-99635d1c6aa6e586,mobile,HUAWEI LUA-U23 Build/HUAWEILUA-U23,,chrome 63.0 for android,,1,1,1,1.0
DP-996ca82bfcdb1689,mobile,GT-N5110 Build/JDQ39,,chrome 65.0 for android,,4,2,2,0.5
DP-997f20f288b168c7,desktop,,Linux,chrome 64.0,,6,4,4,0.25
DP-9996880d0d52659f,desktop,Windows,Windows 7,chrome 59.0,2560x1600,5,1,1,1.0
DP-99adb848b36b0585,desktop,Windows,Windows 7,ie 11.0 for desktop,1600x900,2,2,2,0.5
DP-99adbd1925b890ac,mobile,Z982 Build/NMF26V,,chrome 66.0 for android,,4,1,1,1.0
DP-99ae371823d919da,desktop,MacOS,Mac OS X 10_13_1,safari generic,2880x1800,123,76,76,0.013157894736842105
DP-99b75fe4e0d0cb1f,desktop,Windows,Windows 10,edge 15.0,1365x767,1,1,1,1.0
DP-99b7662b3794fa1a,mobile,MotoE2(4G-LTE,,chrome 63.0 for android,,1,1,1,1.0
DP-99ba9c18d907ec73,mobile,5056A Build/MMB29M,,chrome 60.0 for android,,2,2,2,0.5
DP-99d9d849a9849bb3,mobile,HUAWEI,Android,chrome generic,1184x720,1,1,1,1.0
DP-99d9f17df0fe4602,mobile,,Android,chrome 62.0,1536x864,1,1,1,1.0
DP-99dda7ead93fb3da,desktop,Windows,Windows 10,chrome 63.0,4500x3000,1,1,1,1.0
DP-99ddcc4e3178674e,mobile,SM-G570M Build/NRD90M,,android webview 4.0,,1,1,1,1.0
DP-99deabec2057d241,desktop,Windows,Windows 10,edge 15.0,2736x1824,24,16,16,0.0625
DP-99e056f8cd94fb81,mobile,TOMMY2,,chrome 65.0 for android,,2,1,1,1.0
DP-99e0d602a0022d58,mobile,SM-G355M Build/KOT49H,,chrome 64.0 for android,,4,2,2,0.5
DP-99e12ae11219f28b,mobile,T1,,chrome 64.0 for android,,1,1,1,1.0
DP-99e90868f42aa1d9,desktop,Windows,Windows 7,firefox 58.0,1280x1024,8,7,7,0.14285714285714285
DP-99e961c814a1d55e,mobile,SM-G960U Build/R16NW,Android 8.0.0,chrome generic for android,2220x1080,4,2,2,0.5
DP-99eed641051afc36,mobile,F3213,,chrome 64.0 for android,,1,1,1,1.0
DP-99f14e00af1904ef,mobile,SAMSUNG SM-G950U1 Build/R16NW,Android 8.0.0,samsung browser 7.0,2220x1080,1,1,1,1.0
DP-99f538dd2329339d,mobile,HTC Desire 650 Build/MMB29M,,chrome 65.0 for android,,5,4,4,0.25
DP-99f606d8f9bb5448,mobile,moto,Android 8.0.0,chrome 65.0 for android,1920x1080,1,1,1,1.0
DP-9a0043fa9de4dac6,mobile,iOS Device,iOS 9.3.5,chrome 63.0 for ios,1024x768,6,6,6,0.16666666666666666
DP-9a0253d2c76b0b96,desktop,Windows,Windows 7,chrome 64.0,1360x768,2,2,2,0.5
DP-9a042b7d67c806a3,mobile,SM-G950U Build/R16NW,Android 8.0.0,chrome 66.0 for android,2960x1440,3,2,2,0.5
DP-9a04fab7c21560d6,mobile,BLA-L29 Build/HUAWEIBLA-L29,,chrome 63.0 for android,,5,3,3,0.3333333333333333
DP-9a051c45b269b5bd,desktop,Windows,Windows 8.1,chrome generic,1680x1050,1,1,1,1.0
DP-9a18dcbd33ab8759,mobile,SM-E500M Build/KTU84P,,chrome 64.0 for android,,6,4,4,0.25
DP-9a21339324f8fe5b,mobile,SM-T550,Android 6.0.1,chrome 62.0 for android,1024x768,1,1,1,1.0
DP-9a2f9ec0c3e8a344,mobile,SM-G920P Build/NRD90M,Android 7.0,chrome 64.0 for android,2560x1440,1,1,1,1.0
DP-9a323751430f44fe,mobile,SM-G610M Build/MMB29K,,chrome 56.0 for android,,1,1,1,1.0
DP-9a33424d2798e3b1,mobile,SM-G920I,,chrome 63.0 for android,,1,1,1,1.0
DP-9a3487a06c508dd5,mobile,CHC-U03 Build/HuaweiCHC-U03,,chrome 59.0 for android,,1,1,1,1.0
DP-9a3712d03d1b5510,desktop,Windows,Windows 7,chrome 64.0,1680x1050,49,36,36,0.027777777777777776
DP-9a376b1fa70ea256,desktop,,,opera 49.0,,30,14,14,0.07142857142857142
DP-9a4934cd7ff901b8,desktop,MacOS,Mac OS X 10_11_3,chrome 63.0,2880x1800,3,2,2,0.5
DP-9a4df0bcff193fbc,desktop,Windows,Windows 10,firefox 56.0,1600x900,2,2,2,0.5
DP-9a5b4639c2f2c7ed,mobile,LG-V521,Android 7.0,chrome 59.0 for android,1920x1200,1,1,1,1.0
DP-9a5f84611e12dc76,mobile,5085B Build/MRA58K,,chrome 63.0 for android,,6,1,1,1.0
DP-9a5fd688b4ac1cdc,mobile,SAMSUNG SM-G950U Build/R16NW,Android 8.0.0,samsung browser 7.0,2960x1440,1,1,1,1.0
DP-9a682f8729c1ca99,desktop,Linux i686,,firefox,,3,2,2,0.5
DP-9a6c06e054daacd5,desktop,Trident/7.0,Windows 7,ie 11.0 for desktop,1919x1080,14,9,9,0.1111111111111111
DP-9a7133e00ced3508,mobile,HUAWEI GRA-L09 Build/HUAWEIGRA-L09,,chrome 63.0 for android,,2,2,2,0.5
DP-9a744c053cdfc9b6,mobile,SM-G935F Build/NRD90M,,chrome 63.0 for android,,98,32,32,0.03125
DP-9a77cec6c1240413,mobile,GT-I9060L Build/JDQ39,,chrome 62.0 for android,,2,2,2,0.5
DP-9a78b649c995056b,mobile,Redmi,,chrome generic for android,,4,2,2,0.5
DP-9a7be0936a6d5730,desktop,Windows,Windows 10,chrome 66.0,1920x1081,1,1,1,1.0
DP-9a7e18d75448e879,desktop,MacOS,Mac OS X 10_12_5,chrome 57.0,2880x1800,2,1,1,1.0
DP-9a8193c855957e55,mobile,E2104 Build/24.0.A.5.14,,chrome generic,,4,4,4,0.25
DP-9a8281fff07d0b23,mobile,ALP-L09 Build/HUAWEIALP-L09S,,chrome 66.0 for android,,3,3,3,0.3333333333333333
DP-9a8840db53cce368,mobile,iOS Device,iOS,mobile safari 8.0,1136x640,9,5,5,0.2
DP-9a8918b2ac139c6f,mobile,Blade A475 Build/LMY47D,,chrome 56.0 for android,,1,1,1,1.0
DP-9a8be36d512025c3,mobile,RNE-L21 Build/HUAWEIRNE-L21,,chrome generic for android,,1,1,1,1.0
DP-9a9a356a1f1022b2,mobile,5049W Build/NRD90M,Android 7.0,chrome 62.0 for android,1280x720,6,5,5,0.2
DP-9a9a6ddbc1a5ad1c,desktop,MacOS,Mac OS X 10_12_6,chrome 61.0,1440x900,19,17,17,0.058823529411764705
DP-9a9afdac2484a3ea,desktop,MacOS,Mac OS X 10_11_6,chrome 58.0,1280x800,1,1,1,1.0
DP-9a9e8fb650f1b247,mobile,Android,,,,3,2,2,0.5
DP-9a9eb8a984182d88,desktop,MacOS,Mac OS X 10_12_4,safari generic,4096x2304,1,1,1,1.0
DP-9aab7ef299e9ee43,desktop,Windows,Windows 10,chrome 65.0,1921x1081,3,3,3,0.3333333333333333
DP-9aad11023bba5545,desktop,MacOS,Mac OS X 10_12_4,safari generic,1366x768,2,2,2,0.5
DP-9ab1689bbd122297,mobile,LG-LS997 Build/NRD90M,Android 7.0,chrome 64.0 for android,2560x1440,2,2,2,0.5
DP-9ab79fc066b72039,desktop,rv:56.0,Mac OS X 10.9,firefox 56.0,2560x1600,1,1,1,1.0
DP-9ac4a84ccf5de9b5,mobile,LG-H700 Build/NRD90U,Android 7.0,chrome 65.0 for android,1920x1080,1,1,1,1.0
DP-9acbe2b0499b6e80,mobile,SM-T310 Build/KOT49H,,chrome 65.0 for android,,1,1,1,1.0
DP-9ad6a7bbf5402092,mobile,SAMSUNG-SM-G930AZ,,chrome 63.0 for android,,1,1,1,1.0
DP-9add7cad080d8907,mobile,Lenovo,Android 6.0.1,chrome 66.0 for android,2560x1600,1,1,1,1.0
DP-9adffe8647bfd13e,mobile,SM-G935F Build/NRD90M,,chrome 64.0 for android,,55,23,23,0.043478260869565216
DP-9aedc420b91882a9,mobile,iOS Device,iOS 11.3.1,google,2048x1536,5,3,3,0.3333333333333333
DP-9af14bec180e48d8,desktop,MacOS,Mac OS X 10_11_4,chrome,1440x900,1,1,1,1.0
DP-9af9a6577d039726,mobile,XT1650,Android 6.0.1,chrome generic for android,2560x1440,1,1,1,1.0
DP-9b05eff6e3470624,desktop,MacOS,Mac OS X 10_12_6,chrome 64.0,,1,1,1,1.0
DP-9b09ff9b80e9b808,mobile,VS988 Build/NRD90U,Android 7.0,chrome 56.0 for android,2672x1440,1,1,1,1.0
DP-9b16eec7eba3fd05,mobile,SM-G570M Build/MMB29K,,chrome 66.0 for android,,14,7,7,0.14285714285714285
DP-9b1c4927ccedf3fb,desktop,Windows,Windows 7,chrome 61.0,1600x900,9,7,7,0.14285714285714285
DP-9b2054c96b3a3381,desktop,MacOS,Mac OS X 10_12_5,safari 10.0,2880x1800,1,1,1,1.0
DP-9b269600f8e3cd59,mobile,XT1635-02 Build/NPN26.118-22-2,,chrome generic for android,,8,5,5,0.2
DP-9b4f0cee21b30861,mobile,SM-A530F Build/NMF26X,,chrome 64.0 for android,,2,1,1,1.0
DP-9b6f29f663feac40,desktop,,Linux,chrome 62.0,,13,7,7,0.14285714285714285
DP-9b7684015a6e2646,desktop,Windows,Windows 7,chrome 56.0,1366x768,13,8,8,0.125
DP-9b7d802f1c8eac06,mobile,SM-T550 Build/NMF26X,Android 7.1.1,chrome 61.0 for android,1024x768,2,1,1,1.0
DP-9b7f70f7adb57005,desktop,ALCATEL ONE TOUCH 7040A Build/JDQ39,,chrome generic,,5,2,2,0.5
DP-9b8b1c6d5af3f23a,desktop,Windows,Windows 7,firefox 60.0,1920x1200,1,1,1,1.0
DP-9b8cdae9a0a7aa6a,mobile,ASUS_X008D Build/NRD90M,,android webview 4.0,,1,1,1,1.0
DP-9b8dbc98d7cb0eb0,mobile,R8106,,chrome 62.0 for android,,1,1,1,1.0
DP-9b9a410491e70808,mobile,iOS Device,iOS 11.3.1,chrome 66.0 for ios,1136x640,1,1,1,1.0
DP-9b9ef7851258d3f7,mobile,LG-V410,Android 5.0.2,chrome 61.0 for android,,1,1,1,1.0
DP-9ba23e195ce69f00,mobile,SAMSUNG SM-G532M Build/MMB29T,,samsung browser 6.4,,28,11,11,0.09090909090909091
DP-9ba288bddfec5220,mobile,SM-T113NU Build/KTU84P,,chrome 55.0 for android,,1,1,1,1.0
DP-9bb3178d162d8c9b,desktop,rv:56.0,Mac OS X 10.13,firefox 56.0,4096x2304,1,1,1,1.0
DP-9bca9f8d5a9239ee,desktop,,Linux,chrome 61.0,2672x1440,1,1,1,1.0
DP-9bcbab2836c36a09,mobile,LG-H420 Build/LRX21Y,,chrome 66.0 for android,,1,1,1,1.0
DP-9bd5eb4690a91c6e,desktop,Windows,Windows 10,chrome 62.0,1024x768,15,14,14,0.07142857142857142
DP-9be0a2c7f92453c9,mobile,LG-H542 Build/MRA58K,,chrome 54.0 for android,,1,1,1,1.0
DP-9be0ff837aed7ae8,mobile,iOS Device,iOS 11.0.1,chrome 63.0 for ios,2048x1536,1,1,1,1.0
DP-9bea20a95d4add1a,mobile,LG-H815 Build/MRA58K,,other,,2,1,1,1.0
DP-9beeb476ff261f3a,mobile,Tmovi Build/Vision,,chrome 65.0 for android,,3,1,1,1.0
DP-9bfb824152a8c4e5,desktop,Windows,Windows 10,chrome 59.0,,1,1,1,1.0
DP-9c0190dc6d17d3e4,mobile,E2104 Build/24.0.A.5.14,,chrome 57.0 for android,,1,1,1,1.0
DP-9c05b904d41a75ff,mobile,Blade A475 Build/LMY47D,,chrome 52.0 for android,,1,1,1,1.0
DP-9c0edf7a0c24dafc,desktop,MacOS,Mac OS X 10_9_5,safari generic,2048x1152,1,1,1,1.0
DP-9c16a88882364032,mobile,SM-G920I Build/NRD90M,,chrome 65.0 for android,,9,7,7,0.14285714285714285
DP-9c1a0f4b0ede24ca,mobile,FRD-L14 Build/HUAWEIFRD-L14,,chrome 63.0 for android,,3,2,2,0.5
DP-9c1afd1fa0b1fbe5,mobile,LG-M257,,chrome 64.0 for android,,1,1,1,1.0
DP-9c1ee1308bb70e30,mobile,MHA-L09 Build/HUAWEIMHA-L09,,chrome 62.0 for android,,1,1,1,1.0
DP-9c2103607ecbed58,desktop,Windows NT 6.1,Windows 7,ie,1280x720,1,1,1,1.0
DP-9c28ac524f0d0c05,desktop,rv:57.0,Mac OS X 10.11,firefox 57.0,1680x1050,4,4,4,0.25
DP-9c30c74d80ac0237,mobile,LG-K500 Build/MMB29M,,chrome 54.0 for android,,2,1,1,1.0
DP-9c38b44fde7674bf,mobile,E5803 Build/32.4.A.1.54,,chrome 63.0 for android,,3,3,3,0.3333333333333333
DP-9c3b19b52d9d392a,mobile,LGLS676 Build/MXB48T,,chrome 66.0 for android,,1,1,1,1.0
DP-9c3c4eece1366ad8,desktop,rv:11.0,Windows 7,ie 11.0 for desktop,,78,62,62,0.016129032258064516
DP-9c40cd7f093203cc,desktop,MacOS,Mac OS X 10_13_2,chrome 62.0,1366x768,1,1,1,1.0
DP-9c5711b89f36ef1b,mobile,MTT,,chrome generic for android,,2,1,1,1.0
DP-9c619e68034e4e24,desktop,MacOS,Mac OS X 10_13_1,safari generic,1440x900,158,97,97,0.010309278350515464
DP-9c6891eb641f0707,mobile,iOS Device,iOS 11.3.0,chrome 63.0 for ios,1334x750,1,1,1,1.0
DP-9c899745555efb78,desktop,Windows,Windows 8.1,chrome 55.0,1366x768,1,1,1,1.0
DP-9c93d51dec469bec,mobile,LG-K410 Build/LRX22G,,chrome 60.0 for android,,2,1,1,1.0
DP-9c9662426897d07d,mobile,SAMSUNG SM-N950F Build/NMF26X,,samsung browser generic,,3,2,2,0.5
DP-9c9d34203a20e8b8,desktop,MacOS,Mac OS X 10_11_6,safari 9.0,1280x800,1,1,1,1.0
DP-9cb58e79d9af5806,desktop,Windows,Windows 7,chrome 61.0,1920x1200,2,2,2,0.5
DP-9cbf4590b1e578bd,mobile,iOS Device,iOS,other,1024x768,1,1,1,1.0
DP-9cce82e3825f7c9d,mobile,GT-P5110,,chrome generic for android,,1,1,1,1.0
DP-9cd3a56df271f188,mobile,G8141,,chrome 64.0 for android,,4,4,4,0.25
DP-9cda92581f39f51f,desktop,MacOS,Mac OS X 10_13_2,safari generic,1920x1200,17,7,7,0.14285714285714285
DP-9cde2bacc14aa2c8,desktop,Windows,Windows 7,chrome 64.0,1280x1025,7,4,4,0.25
DP-9ce54c1e031578a3,mobile,ZTE-Z835,Android 7.1.1,other,855x480,3,1,1,1.0
DP-9ce9606058411197,mobile,LG-M150,,chrome 62.0 for android,,1,1,1,1.0
DP-9cf01c4008a1b90c,mobile,LGMS330 Build/LMY47V,,chrome 50.0 for android,,2,1,1,1.0
DP-9cfad2ff3154c188,mobile,SM-G935F Build/NRD90M,Android 7.0,chrome 62.0 for android,1920x1080,114,52,52,0.019230769230769232
DP-9d0e706ee7d15bf6,mobile,iOS Device,iOS 9.3.5,mobile safari 9.0,960x640,6,6,6,0.16666666666666666
DP-9d12255a8f94861b,desktop,Windows,Windows 7,chrome 63.0,3840x2160,2,2,2,0.5
DP-9d1871dc39ac7621,mobile,SM-A710M Build/LMY47X,,chrome 63.0 for android,,7,4,4,0.25
DP-9d2487caf6d68a74,desktop,Windows,Windows XP,chrome 49.0,1440x900,2,2,2,0.5
DP-9d29231dc510716d,desktop,rv:45.0,,firefox,,13,11,11,0.09090909090909091
DP-9d353adc64e1bd1c,desktop,rv:58.0,Mac OS X 10.9,firefox 58.0,1366x768,1,1,1,1.0
DP-9d3cc95c3120b68c,mobile,SAMSUNG SM-G920T Build/NRD90M,Android 7.0,samsung browser 6.4,2560x1440,2,1,1,1.0
DP-9d41eb10b4bed656,desktop,MacOS,Mac OS X 10_10_5,chrome 61.0,1920x1080,5,3,3,0.3333333333333333
DP-9d47eb5d114866a5,mobile,SAMSUNG SM-J500FN Build/MMB29M,,samsung browser 6.2,,6,2,2,0.5
DP-9d494e4bffd8a157,desktop,rv:51.0,Windows XP,firefox,1600x900,1,1,1,1.0
DP-9d54e638bcbeb82c,desktop,MacOS,Mac OS X 10_13_2,chrome 62.0,1280x800,3,2,2,0.5
DP-9d659c24065755e7,mobile,TA-1052,Android 8.1.0,,2562x1442,4,2,2,0.5
DP-9d67a1573086972d,mobile,iOS Device,iOS 11.2.2,mobile safari generic,2001x1125,24,17,17,0.058823529411764705
DP-9d6a68c2f052e85b,mobile,Infinix,,chrome 65.0 for android,,1,1,1,1.0
DP-9d7666a9583b6b36,desktop,MacOS,Mac OS X 10_10_5,chrome 59.0,1280x800,1,1,1,1.0
DP-9d88141d361a6ec6,mobile,LG-D331 Build/LRX22G,,chrome 63.0 for android,,2,2,2,0.5
DP-9d8b03feded15713,mobile,SM-G935T Build/NRD90M,Android 7.0,chrome 63.0 for android,,2,2,2,0.5
DP-9d928340dc3d59d6,mobile,STELLAR,,chrome 65.0 for android,,1,1,1,1.0
DP-9d92ba8fb23f020a,desktop,MacOS,Mac OS X 10_6_8,chrome 49.0,1920x1200,2,2,2,0.5
DP-9d9fa63bca398446,mobile,SM-G360F,,chrome 63.0 for android,,1,1,1,1.0
DP-9da33d8479242d8b,desktop,MacOS,Mac OS X 10_11_6,chrome 65.0,1280x800,8,8,8,0.125
DP-9da8d33b9c8b4040,desktop,Windows,Windows 7,chrome 64.0,1280x1024,48,38,38,0.02631578947368421
DP-9daedfa493d085f2,mobile,VKY-L09 Build/HUAWEIVKY-L09,,chrome 65.0 for android,,1,1,1,1.0
DP-9db2ab7f5324ebeb,desktop,MacOS,Mac OS X 10_13_1,safari generic,1280x800,56,44,44,0.022727272727272728
DP-9db6d4cff5e8af2a,desktop,Windows,Windows 10,chrome 65.0,2560x1080,7,6,6,0.16666666666666666
DP-9dcaed5abedd77c2,mobile,LG-K428 Build/MMB29M,Android 6.0.1,chrome 59.0 for android,1280x720,2,1,1,1.0
DP-9dcc9f1b2db73dc8,desktop,,,chrome 63.0,,3137,436,436,0.0022935779816513763
DP-9dcda9331882b100,desktop,Windows,Windows 7,chrome 63.0,1280x800,34,29,29,0.034482758620689655
DP-9dcdbdf819d98f0a,mobile,Z799VL,Android 6.0.1,chrome,855x480,1,1,1,1.0
DP-9dce63c241c48c5f,mobile,SM-G960U Build/R16NW,Android 8.0.0,chrome 66.0 for android,2220x1080,5,5,5,0.2
DP-9dd2d4b7aa8bed71,mobile,Lenovo TB3-710I Build/LMY47I,,chrome 46.0 for android,,2,1,1,1.0
DP-9dd3934dc11e62cf,mobile,SM-G720AX,,chrome 65.0 for android,,1,1,1,1.0
DP-9dd669907408120d,desktop,MacOS,Mac OS X 10_13_2,chrome 65.0,2880x1800,13,4,4,0.25
DP-9de5d0c944dd549e,mobile,QTAQZ3 Build/KOT49H,Android 4.4.2,chrome 56.0 for android,,5,2,2,0.5
DP-9dec16337ad7a65d,mobile,LG-D373 Build/KOT49I.V10a,,chrome 65.0 for android,,3,1,1,1.0
DP-9df544a789a42f6b,mobile,gxq6580_weg_l Build/LMY47I,,chrome 63.0 for android,,1,1,1,1.0
DP-9df623ce9d65dcad,mobile,FRD-L04 Build/HUAWEIFRD-L04,,chrome 63.0 for android,,1,1,1,1.0
DP-9dfbef0fecaab18a,desktop,MacOS,Mac OS X 10_13_4,chrome generic,1920x1080,9,6,6,0.16666666666666666
DP-9e03a80c12075bbc,desktop,MacOS,Mac OS X 10_10_5,chrome 63.0,1280x1024,5,4,4,0.25
DP-9e077ca048301777,desktop,rv:37.0,Windows 7,firefox,1920x1080,1,1,1,1.0
DP-9e2800d0df1d61a4,desktop,,,firefox 47.0,,8,6,6,0.16666666666666666
DP-9e31cc953e02edad,mobile,SM-T800 Build/MMB29K,,chrome 55.0 for android,,6,1,1,1.0
DP-9e38ea270e0ada29,mobile,LG-H500 Build/LRX21Y,,chrome 66.0 for android,,3,2,2,0.5
DP-9e3c9ec64d3ab9c7,mobile,iOS Device,iOS 11.2.5,mobile safari 11.0,2224x1668,4,3,3,0.3333333333333333
DP-9e58c40536ce411b,mobile,Hisense F102 Build/NRD90M,,chrome 54.0 for android,,2,2,2,0.5
DP-9e58d2cbb9bfcc9d,mobile,SM-G950U Build/NRD90M,Android 7.0,android webview 4.0,2220x1080,3,2,2,0.5
DP-9e5d0f1f94196be3,mobile,SAMSUNG-SM-G900A Build/LMY47X,Android 5.1.1,chrome 62.0 for android,1920x1080,1,1,1,1.0
DP-9e68dd3052e3883c,mobile,moto x4 Build/OPWS27.57-40-6,,chrome generic for android,,4,4,4,0.25
DP-9e72b6109f4f13cc,mobile,LG-H320 Build/LRX21Y,,chrome 51.0 for android,,1,1,1,1.0
DP-9e764569f160d0cb,mobile,Hisense F20 Build/MMB29M,,chrome 62.0 for android,,2,2,2,0.5
DP-9e7b812f43caf134,mobile,SM-G930T1,Android 7.0,chrome 64.0 for android,1920x1080,1,1,1,1.0
DP-9e7f84378463cf52,desktop,Windows NT 6.1,Windows 7,ie,1536x864,1,1,1,1.0
DP-9e8dffaff61a8ae2,desktop,MacOS,Mac OS X 10_8_5,chrome 49.0,1280x800,24,14,14,0.07142857142857142
DP-9e932fb164b04dfa,mobile,E6810 Build/5.320VZ.03.r,Android 7.1.2,chrome 62.0 for android,1920x1080,1,1,1,1.0
DP-9e94dae6528aadd6,desktop,Windows,Windows 10,chrome 66.0,3200x1800,7,5,5,0.2
DP-9e95ee21d82e7505,mobile,5011A Build/NRD90M,,chrome 66.0 for android,,3,3,3,0.3333333333333333
DP-9e96085a50990074,mobile,SAMSUNG-SM-G935A,,chrome 65.0 for android,,1,1,1,1.0
DP-9e9cc2eb336b0de5,desktop,Windows,Windows 10,edge 16.0,3440x1440,5,2,2,0.5
DP-9eb9dd4e67f9927d,desktop,Trident/7.0,Windows 7,ie 11.0 for desktop,2560x1080,3,2,2,0.5
DP-9ebf5541b8da259d,mobile,Build/KOT49H,,chrome 66.0 for android,,1,1,1,1.0
DP-9ec0a744133e22f0,desktop,rv:11.0,Windows 7,ie 11.0 for desktop,1679x1049,1,1,1,1.0
DP-9ec888dadcbb2add,mobile,F5121 Build/34.3.A.0.252,,chrome generic for android,,5,3,3,0.3333333333333333
DP-9ecc3a3bd96386b1,mobile,5017A,,chrome 65.0 for android,,1,1,1,1.0
DP-9ecf9259bc84cdac,mobile,B1-750,,chrome 60.0 for android,,1,1,1,1.0
DP-9ed220d6f4c0dfbc,mobile,Pixel 2 XL Build/OPM1.171019.021,Android 8.1.0,chrome 65.0 for android,,1,1,1,1.0
DP-9ed497d475f8bdf7,mobile,SM-G615F,,android webview 4.0,,2,1,1,1.0
DP-9eeb74827b0ba330,mobile,SM-G800F Build/MMB29K,,chrome generic for android,,1,1,1,1.0
DP-9ef7434802c6da6c,mobile,ALE-L23 Build/HuaweiALE-L23,,chrome 65.0 for android,,50,18,18,0.05555555555555555
DP-9ef926582d01584b,mobile,BLADE V8 SE Build/NRD90M,,chrome 64.0 for android,,32,10,10,0.1
DP-9f0051334e32de88,desktop,Linux i686,Linux,firefox,1280x800,1,1,1,1.0
DP-9f09539214420ab6,mobile,iOS Device,iOS 10.1.1,mobile safari 10.0,2208x1242,11,10,10,0.1
DP-9f098748bfdb77c7,desktop,rv:52.0,Mac OS X 10.12,firefox 52.0,2560x1440,5,4,4,0.25
DP-9f0c336df07736e0,desktop,MacOS,Mac OS X 10_11_6,safari generic,1600x1000,1,1,1,1.0
DP-9f12327c908387de,desktop,MacOS,Mac OS X 10_11_6,chrome 61.0,1366x768,3,3,3,0.3333333333333333
DP-9f22231930da86fe,mobile,iOS Device,iOS 11.3.1,google search application 48.0,2436x1125,3,2,2,0.5
DP-9f317e407762f469,mobile,E2104,,chrome 64.0 for android,,1,1,1,1.0
DP-9f4aca4ca1b9d63e,mobile,SM-G532M Build/MMB29T,,chrome 58.0 for android,,5,2,2,0.5
DP-9f516465d978f195,desktop,rv:56.0,Mac OS X 10.12,firefox 56.0,2880x1800,4,4,4,0.25
DP-9f5d1e57f740c721,desktop,rv:51.0,Windows 7,seamonkey,1440x900,1,1,1,1.0
DP-9f5f2ceefa62401c,desktop,Trident/7.0,Windows 10,ie 11.0 for desktop,1365x768,6,5,5,0.2
DP-9f60ef73a6705318,mobile,Moto E (4) Build/NMA26.42-11-3,,chrome generic,,5,4,4,0.25
DP-9f62359d2ea7b764,mobile,rv:57.0,Android,firefox,976x600,1,1,1,1.0
DP-9f626b355e379456,mobile,Hisense F32 Build/NMF26F,,chrome 64.0 for android,,2,2,2,0.5
DP-9f6a5582e2bc997a,desktop,Windows,Windows 10,opera 49.0,2560x1080,2,1,1,1.0
DP-9f76bdd8f0619ee0,mobile,Moto G Play Build/MPIS24.241-15.3-26,,chrome 62.0 for android,,12,8,8,0.125
DP-9f79392bea481200,mobile,Z982 Build/NMF26V,,chrome 63.0 for android,,1,1,1,1.0
DP-9f7e80ead762c912,desktop,MacOS,Mac OS X 10_6_8,chrome 49.0,1360x768,1,1,1,1.0
DP-9f7f3dc5d9444892,mobile,Lenovo A2016b30 Build/MRA58K,,chrome 61.0 for android,,2,2,2,0.5
DP-9f7f90d8e3a816ff,mobile,SM-N950U Build/NMF26X,Android 7.1.1,chrome 64.0 for android,,23,18,18,0.05555555555555555
DP-9f7fefb7a054a463,desktop,C6903,,chrome generic,,2,1,1,1.0
DP-9f815c5bb3dbcd1f,desktop,MacOS,Mac OS X 10_12_6,safari 11.0,2560x1600,15,14,14,0.07142857142857142
DP-9f87fbe5093c8c92,mobile,SAMSUNG SM-G955U Build/NRD90M,Android 7.0,samsung browser generic,2220x1080,1,1,1,1.0
DP-9f8ab98290cc5248,mobile,SM-G532M Build/MMB29T,,chrome 62.0 for android,,11,7,7,0.14285714285714285
DP-9f91b6ca1480484a,desktop,,Linux,chrome generic,,8,5,5,0.2
DP-9f9291a1185cae54,desktop,MacOS,Mac OS X 10_12_5,chrome 63.0,2880x1800,12,8,8,0.125
DP-9f9662b1a1aad815,desktop,Windows,Windows 8.1,chrome 66.0,2049x1152,1,1,1,1.0
DP-9f9853b2a03c510b,mobile,ALCATEL ONE TOUCH 7047A Build/JDQ39,,chrome 51.0 for android,,1,1,1,1.0
DP-9f9ac1509ea0c50d,desktop,Trident/7.0,Windows 10,ie 11.0 for tablet,1599x900,3,2,2,0.5
DP-9fa47ce8e0eb1f9f,desktop,ILIUM,,chrome generic,,1,1,1,1.0
DP-9fbf531f826a628a,mobile,iOS Device,iOS 11.2.6,mobile safari generic,1136x640,147,86,86,0.011627906976744186
DP-9fc00c7239a267f6,desktop,Trident/7.0,Windows 7,ie 11.0 for desktop,1280x768,6,6,6,0.16666666666666666
DP-9fcecaa4fa6a540e,mobile,LG-H735 Build/LMY47V,,chrome 64.0 for android,,1,1,1,1.0
DP-9fd7e00c40c302e5,mobile,SAMSUNG SM-G930R4 Build/NRD90M,Android 7.0,samsung browser 6.4,1920x1080,2,1,1,1.0
DP-9fde7808ab4d11cc,mobile,Blade A475 Build/LMY47D,,chrome 61.0 for android,,2,2,2,0.5
DP-9fe7991e2432f984,desktop,MacOS,Mac OS X 10_11_6,safari 11.0,2880x1800,5,5,5,0.2
DP-9fefbfc4bdf2a774,mobile,SM-N900P Build/LRX21V,Android 5.0,chrome 63.0 for android,1920x1080,1,1,1,1.0
DP-a009755cbfc9f9e3,mobile,Ilium LT510 Build/MRA58K,,chrome 60.0 for android,,28,5,5,0.2
DP-a0166dd022a59ed3,desktop,MacOS,Mac OS X 10_11_6,chrome 64.0,5120x2880,2,2,2,0.5
DP-a01b5c30436a6025,mobile,HTC Desire 510 Build/KOT49H,Android 4.4.2,chrome 62.0 for android,855x480,2,1,1,1.0
DP-a01f1e3da780efc1,mobile,BV8000Pro,,chrome 65.0 for android,,1,1,1,1.0
DP-a025c64b9c752f30,mobile,PH-1,,chrome 65.0 for android,,2,1,1,1.0
DP-a02ff5805b05821b,desktop,Windows,Windows 8,chrome 63.0,1920x1080,17,12,12,0.08333333333333333
DP-a0300403a40e1abf,desktop,rv:47.0,Mac OS X 10.6,firefox 47.0,1920x1200,1,1,1,1.0
DP-a038f8fb58c99190,mobile,SAMSUNG SM-G955U Build/NRD90M,,samsung browser 6.2,,9,9,9,0.1111111111111111
DP-a03c1d78b9abf8d2,mobile,SM-G925T Build/NRD90M,Android 7.0,chrome 61.0 for android,2560x1440,4,2,2,0.5
DP-a03c8b33da623e38,desktop,Windows,Windows 7,chrome 63.0,800x600,1,1,1,1.0
DP-a03f8ad60fc6ae8f,desktop,,Linux,chrome 65.0,2220x1080,4,3,3,0.3333333333333333
DP-a048e4b9b3010b5c,mobile,MYA-L13 Build/HUAWEIMYA-L13,,chrome 65.0 for android,,15,9,9,0.1111111111111111
DP-a048f929076d03e2,desktop,MacOS,Mac OS X 10_10_5,safari 10.0,1440x900,10,7,7,0.14285714285714285
DP-a04f319dd6fb1ede,desktop,rv:57.0,Mac OS X 10.13,firefox 57.0,1680x1050,1,1,1,1.0
DP-a0547433327c9ffd,mobile,iOS Device,iOS 11.2.1,mobile safari generic,2224x1668,7,7,7,0.14285714285714285
DP-a055bc52b7e783ad,desktop,Windows,Windows 10,chrome 63.0,2160x1440,62,45,45,0.022222222222222223
DP-a0578cf38cb83dbf,desktop,MacOS,Mac,chrome 63.0,5120x2880,2,2,2,0.5
DP-a05d827ed70ac399,desktop,MacOS,Mac OS X 10_13_3,chrome generic,2560x1600,4,4,4,0.25
DP-a05eb88fb1cc1668,mobile,SM-G930F Build/NRD90M,,chrome 58.0 for android,,6,3,3,0.3333333333333333
DP-a062e5993af96b53,desktop,MacOS,Mac OS X 10_11_6,chrome 62.0,2048x1152,2,2,2,0.5
DP-a0641d3f32a3dc5e,mobile,AX820 Build/MRA58K,,chrome 64.0 for android,,1,1,1,1.0
DP-a072f9f28a44ce7c,desktop,MacOS,Mac OS X 10_6_8,chrome 49.0,1680x1050,3,3,3,0.3333333333333333
DP-a0b08eb63639fb5c,mobile,HUAWEI VNS-L23 Build/HUAWEIVNS-L23,,opera,,1,1,1,1.0
DP-a0b3a8ad7633939a,desktop,MacOS,Mac OS X 10_6_8,chrome 49.0,1366x768,2,2,2,0.5
DP-a0ba0ee84315a94d,mobile,LG-D850,,chrome 58.0 for android,,1,1,1,1.0
DP-a0c2ae6312553645,desktop,MacOS,Mac OS X 10_10_5,chrome 62.0,2560x1440,16,8,8,0.125
DP-a0cb5105827069a1,mobile,LG-M320 Build/NRD90U,,chrome 55.0 for android,,1,1,1,1.0
DP-a0ce04a3196a4756,desktop,MacOS,Mac OS X 10_11_6,safari 11.0,5120x2880,1,1,1,1.0
DP-a0d3eb4528c11af3,mobile,SM-J327T1 Build/NRD90M,Android 7.0,chrome generic for android,1280x720,2,2,2,0.5
DP-a0d566458b2b4f4a,mobile,UL40,Android 7.1.1,chrome generic for android,801x480,2,1,1,1.0
DP-a0d93008a42565e3,mobile,Aquaris,,chrome 66.0 for android,,1,1,1,1.0
DP-a0dcefbad54b5aab,mobile,LG-H850 Build/MMB29M,,chrome 59.0 for android,,13,4,4,0.25
DP-a0e34c6a87963576,desktop,MacOS,Mac OS X 10_13_4,chrome 66.0,1366x768,3,2,2,0.5
DP-a0e3b932b6214806,desktop,MacOS,Mac OS X 10_13_1,chrome,1366x768,1,1,1,1.0
DP-a0e68aaf702a5343,desktop,Windows,Windows 10,chrome,1600x900,2,2,2,0.5
DP-a0ebabe68929e7e6,mobile,G3223 Build/42.0.A.4.167,,chrome 65.0 for android,,1,1,1,1.0
DP-a0f0a5fd31b0c4a6,desktop,rv:53.0,,firefox,,4,3,3,0.3333333333333333
DP-a0f2993bd381c913,mobile,HUAWEI RIO-L03 Build/HUAWEIRIO-L03,,chrome generic,,5,4,4,0.25
DP-a0fa9a9b454b2d36,desktop,Windows,Windows 8.1,chrome 65.0,1280x768,1,1,1,1.0
DP-a101a81bae3b6123,mobile,F3213 Build/36.1.A.1.86,,chrome 65.0 for android,,19,12,12,0.08333333333333333
DP-a10bed2b16f5baaf,desktop,Windows,Windows 10,edge 16.0,3839x2159,1,1,1,1.0
DP-a1123ff2a0600e19,mobile,ASUS_X00DD,,chrome 63.0 for android,,1,1,1,1.0
DP-a126e28605c8117c,mobile,F8332,,chrome generic for android,,1,1,1,1.0
DP-a12cb47160402cb7,desktop,Windows,Windows 10,chrome 61.0,1280x1025,1,1,1,1.0
DP-a1331ec004183ed0,mobile,iOS Device,iOS 11.2.5,chrome 64.0 for ios,2048x1536,6,4,4,0.25
DP-a1334ee1d5325345,desktop,rv:48.0,Windows 10,firefox 48.0,1920x1080,2,1,1,1.0
DP-a13d979a832c5a97,desktop,MacOS,Mac OS X 10_13_1,chrome 58.0,1280x800,1,1,1,1.0
DP-a145187115bb81c0,desktop,Windows,Windows 7,firefox 56.0,1680x1050,4,2,2,0.5
DP-a15394a0b87dc7ba,mobile,,Android,chrome generic,855x480,4,4,4,0.25
DP-a15dc5e5ca44d9ee,desktop,rv:58.0,Windows 7,firefox 58.0,,3,1,1,1.0
DP-a160038fa69b050f,desktop,MacOS,Mac OS X 10_12_6,chrome 65.0,2400x1350,2,1,1,1.0
DP-a165791527a5964c,mobile,iOS Device,iOS 11.2.5,mobile safari uiwebview,2048x1536,1,1,1,1.0
DP-a1729c35bcf05523,mobile,KFASWI Build/LVY48F,Android 5.1.1,chrome generic,,5,4,4,0.25
DP-a17e02baa65e3e08,mobile,Blade A510 Build/MRA58K,,chrome 63.0 for android,,4,4,4,0.25
DP-a17e3a567ad6d54c,desktop,HTC One mini Build/KOT49H,,chrome generic,,2,1,1,1.0
DP-a1825c737665c8de,mobile,SM-G920F Build/MMB29K,,chrome 62.0 for android,,1,1,1,1.0
DP-a1847d11f567c945,mobile,iOS Device,iOS 11.0.0,mobile safari 11.0,2048x1536,16,12,12,0.08333333333333333
DP-a18ca91a5ee8d73f,mobile,HTC One_M8 Build/MRA58K,,chrome 61.0 for android,,1,1,1,1.0
DP-a1956c1ba9661ff4,mobile,iOS Device,iOS,mobile safari 9.0,2048x1536,28,21,21,0.047619047619047616
DP-a1961932295bd796,desktop,MacOS,Mac OS X 10_12_6,chrome generic,1920x1080,1,1,1,1.0
DP-a1976fc8a6439905,mobile,5045I,,chrome generic for android,,1,1,1,1.0
DP-a1a1f3bc1df1fa91,desktop,Windows,Windows 7,ie 11.0 for desktop,1920x1080,34,25,25,0.04
DP-a1c211e37f5cc00d,mobile,SAMSUNG SM-N950F Build/NMF26X,,samsung browser 6.2,,12,8,8,0.125
DP-a1cb1cb4e2067fc1,desktop,MacOS,Mac OS X 10_9_5,safari 9.0,1366x768,1,1,1,1.0
DP-a1d10ba0bdf2fef5,desktop,8050G Build/LMY47I,,chrome generic,,2,2,2,0.5
DP-a1d259c5c0f56689,mobile,LG-H900/H90022b,Android 6.0,android webview 4.0,2560x1440,2,2,2,0.5
DP-a1d3c8b25b29f86b,desktop,MacOS,Mac OS X 10_11_6,safari 9.0,2560x1600,2,2,2,0.5
DP-a1d46986fa131e47,mobile,HUAWEI TAG-L13 Build/HUAWEITAG-L13,,chrome 43.0 for android,,2,2,2,0.5
DP-a1d669a52682e236,mobile,XT1008 Build/LPBS23.13-56-2,,chrome 63.0 for android,,2,2,2,0.5
DP-a1d9969726e94d65,mobile,TA-1032,,chrome 56.0 for android,,1,1,1,1.0
DP-a1dd38a71e51e28a,desktop,rv:52.0,Windows XP,firefox 52.0,,1,1,1,1.0
DP-a1f2b3c2ad813376,desktop,MacOS,Mac OS X 10_13_4,safari generic,6016x3384,1,1,1,1.0
DP-a20594aeed25e78b,mobile,iOS Device,iOS 11.2.2,mobile safari uiwebview,2001x1125,1,1,1,1.0
DP-a207fb2a455f8453,desktop,MacOS,Mac OS X 10_13_1,chrome 63.0,2560x1600,23,22,22,0.045454545454545456
DP-a209b8c939209229,mobile,SAMSUNG-SM-T377A Build/MMB29K,Android 6.0.1,chrome 63.0 for android,,1,1,1,1.0
DP-a20fcb712eeeab43,desktop,MDDRJS,Windows 7,ie 11.0 for desktop,1920x1080,3,3,3,0.3333333333333333
DP-a2111c1c2fba4bd5,mobile,SM-G930U Build/NRD90M,,chrome generic for android,,1,1,1,1.0
DP-a2219cd55a48a1a0,desktop,MacOS,Mac OS X 10_11_4,chrome 62.0,1920x1080,1,1,1,1.0
DP-a226c77e451383a9,mobile,E5823 Build/32.4.A.1.54,,chrome generic for android,,2,2,2,0.5
DP-a22d03070481c76c,mobile,GT-P5210 Build/JDQ39,,chrome 63.0 for android,,4,1,1,1.0
DP-a231fc7d3096bf86,desktop,rv:58.0,Mac OS X 10.13,firefox 58.0,5120x2880,1,1,1,1.0
DP-a233044b20e9007c,mobile,SM-G925I Build/NRD90M,,chrome 59.0 for android,,1,1,1,1.0
DP-a238cb46950ca155,desktop,MacOS,Mac OS X 10_12_6,safari 10.0,2880x1800,1,1,1,1.0
DP-a24bf334d9685a4d,mobile,SM-G928T Build/NRD90M,Android 7.0,chrome 64.0 for android,,3,1,1,1.0
DP-a25792677c801236,mobile,SM-J700M Build/LMY48B,,chrome 55.0 for android,,11,2,2,0.5
DP-a26059622047dc66,desktop,,,chrome 67.0,,8,6,6,0.16666666666666666
DP-a26195c04377bce5,mobile,LG-M700 Build/NMF26X,,chrome 62.0 for android,,2,2,2,0.5
DP-a26a0fa9c9f9c46c,mobile,,,google search application 48.0,,3,3,3,0.3333333333333333
DP-a26ad1a2bcb15917,desktop,MacOS,Mac OS X 10_12_6,chrome 63.0,2560x1440,25,20,20,0.05
DP-a26e38478ba305c8,desktop,Trident/7.0,Windows 10,ie 11.0 for tablet,2160x1440,7,7,7,0.14285714285714285
DP-a27215d7fd42b25a,mobile,P5046A,,chrome 65.0 for android,,4,2,2,0.5
DP-a27c89d0778b0b4b,mobile,5056A Build/MMB29M,,chrome 64.0 for android,,8,7,7,0.14285714285714285
DP-a2815b38637cd77e,mobile,Ilium X710 Build/MRA58K,,chrome 63.0 for android,,2,2,2,0.5
DP-a2869a943eb46259,desktop,Windows,Windows XP,chrome 49.0,1280x768,6,6,6,0.16666666666666666
DP-a286a55cd36dd53d,desktop,Windows,Windows 7,chrome 63.0,1600x900,440,235,235,0.00425531914893617
DP-a28ce5321cc09392,mobile,P5026A,,chrome 63.0 for android,,1,1,1,1.0
DP-a2a6a8d5235906dd,mobile,EML-L29 Build/HUAWEIEML-L29,,chrome 66.0 for android,,2,1,1,1.0
DP-a2a9989630984770,mobile,Turbo C5 Build/LMY47I,,chrome 59.0 for android,,1,1,1,1.0
DP-a2ab01726c7ca227,desktop,Windows,Windows 8.1,chrome 61.0,1920x1080,3,2,2,0.5
DP-a2afa77f11d12a11,desktop,MacOS,Mac OS X 10_13_1,chrome 62.0,1920x1200,1,1,1,1.0
DP-a2b0080a83f4124f,mobile,SAMSUNG-SM-T337A Build/LMY47X,Android 5.1.1,chrome 62.0 for android,,2,2,2,0.5
DP-a2b11063733b0fd7,mobile,A0001,,chrome 66.0 for android,,1,1,1,1.0
DP-a2b5f81fbea00c2b,mobile,LG-K450 Build/MXB48T,Android 6.0.1,chrome 64.0 for android,1280x720,1,1,1,1.0
DP-a2b7507c30a08794,desktop,MacOS,Mac OS X 10_12,safari generic,1366x768,3,2,2,0.5
DP-a2c2eb879bcf57e0,desktop,Windows,Windows 7,chrome 59.0,1366x768,3,3,3,0.3333333333333333
DP-a2c6bb256c1339f7,mobile,5054N,,chrome 61.0 for android,,3,1,1,1.0
DP-a2c6dca34d1ec132,mobile,EVA-L09 Build/HUAWEIEVA-L09,,chrome 62.0 for android,,8,4,4,0.25
DP-a2d8a9ce7aaac354,desktop,Windows,Windows 7,firefox 59.0,1280x1024,18,11,11,0.09090909090909091
DP-a2dab512668eb4b8,mobile,E5606 Build/30.2.A.1.21,,chrome 64.0 for android,,3,3,3,0.3333333333333333
DP-a2dac27f365e10d6,mobile,Hisense U963 Build/MRA58K,,chrome 66.0 for android,,1,1,1,1.0
DP-a2daf340534529e3,desktop,Windows,Windows 10,firefox 57.0,1440x900,33,20,20,0.05
DP-a2def67785e9f5fa,mobile,SM-T377V Build/NMF26X,Android 7.1.1,chrome 64.0 for android,,1,1,1,1.0
DP-a2df47f4e59de96f,desktop,ZUUM_ZEN_I Build/LRX21M,,chrome generic,,4,1,1,1.0
DP-a2e105ae7fdeb07b,mobile,XT1064 Build/MPB24.65-34-3,,chrome 66.0 for android,,1,1,1,1.0
DP-a2e45a072d09012c,mobile,SM-J730F,,chrome 62.0 for android,,1,1,1,1.0
DP-a2eb3bfa2f16281f,desktop,Windows,Windows 8.1,chrome,1920x1200,1,1,1,1.0
DP-a2ed330e9998a6b4,mobile,en-us,Android 4.4.2,other,960x540,2,2,2,0.5
DP-a2f2e88e4979ac56,mobile,SM-A320FL Build/NRD90M,,chrome 63.0 for android,,3,3,3,0.3333333333333333
DP-a30c02d92477ef6c,mobile,SM-N920V,,chrome 63.0 for android,,1,1,1,1.0
DP-a30fcebc40a4274a,desktop,Trident/7.0,Windows 10,ie 11.0 for desktop,3840x2160,2,2,2,0.5
DP-a31e7cc9248a76ff,mobile,Ilium LT510 Build/MRA58K,,chrome 64.0 for android,,3,3,3,0.3333333333333333
DP-a320a84e03b4a654,desktop,Windows,Windows 8,chrome 63.0,1366x768,22,15,15,0.06666666666666667
DP-a3222e20690eeb7f,mobile,SM-G350M,,chrome 63.0 for android,,1,1,1,1.0
DP-a322ad9e324c09ae,desktop,MacOS,Mac OS X 10_10_5,safari generic,1600x900,6,6,6,0.16666666666666666
DP-a32fbfdf49eea91d,desktop,SM-G530H Build/KTU84P,,chrome generic,,3,3,3,0.3333333333333333
DP-a33c2766601cfa9e,desktop,rv:52.0,Mac OS X 10.12,firefox 52.0,3360x2100,1,1,1,1.0
DP-a33f58a96c293937,mobile,M4 SS4457 Build/MRA58K,,chrome 65.0 for android,,2,1,1,1.0
DP-a346a8b4ffe0c310,mobile,SAMSUNG SM-G935F Build/NRD90M,Android 7.0,samsung browser 6.2,1920x1080,1,1,1,1.0
DP-a37653fb300a4cb2,mobile,SAMSUNG SM-N920P Build/NRD90M,Android 7.0,samsung browser generic,,1,1,1,1.0
DP-a378715017b66f0d,desktop,Windows,Windows 7,chrome,1600x1200,1,1,1,1.0
DP-a3853a2b4845457e,mobile,moto x4 Build/NPW26.83-18-2-0-4,,chrome 65.0 for android,,2,2,2,0.5
DP-a3906e8d1bc93e9b,mobile,rv:57.0,Android 7.1.1,Generic/Android,,7,3,3,0.3333333333333333
DP-a396814e02e5a373,desktop,MacOS,Mac OS X 10_13_3,safari generic,1366x768,15,13,13,0.07692307692307693
DP-a3abf966c392d693,mobile,SM-G900F Build/MMB29M,,chrome 63.0 for android,,8,6,6,0.16666666666666666
DP-a3b1cc29b6429972,mobile,SM-J500M Build/LMY48B,,chrome 63.0 for android,,11,6,6,0.16666666666666666
DP-a3b31dedcadbdd16,desktop,MacOS,Mac OS X 10_13_1,chrome 63.0,2560x1440,6,6,6,0.16666666666666666
DP-a3c7ebab7f3b5665,mobile,SAMSUNG SM-G930P Build/NRD90M,Android 7.0,samsung browser 6.4,1920x1080,2,2,2,0.5
DP-a3d081dca7a1ded9,desktop,MacOS,Mac OS X 10_12_1,safari generic,1280x800,4,4,4,0.25
DP-a3db1df1d0b93659,mobile,GT-I9195L,,chrome 65.0 for android,,1,1,1,1.0
DP-a3db51c706aef020,mobile,rv:58.0,,firefox,,21,21,21,0.047619047619047616
DP-a3de099549a8c5d9,desktop,Windows,Windows 8.1,chrome 58.0,,1,1,1,1.0
DP-a3dfec56baca7809,mobile,SM-G955F Build/NRD90M,,chrome 63.0 for android,,29,15,15,0.06666666666666667
DP-a3e26c35565f593b,mobile,SM-G531H Build/LMY48B,,chrome 56.0 for android,,2,2,2,0.5
DP-a3e582d408cd8333,mobile,SM-T580,Android 6.0.1,chrome 64.0 for android,1920x1200,1,1,1,1.0
DP-a3eac6d99257b539,mobile,iOS Device,iOS,mobile safari generic,2048x1536,20,15,15,0.06666666666666667
DP-a3f020289c00e74c,mobile,SM-N900T Build/LRX21V,Android 5.0,chrome 62.0 for android,1920x1080,1,1,1,1.0
DP-a3f62ae560fa53ab,mobile,Z832 Build/MMB29M,Android 6.0.1,chrome 63.0 for android,855x480,1,1,1,1.0
DP-a3f70bfb61221137,mobile,,Android,chrome 63.0,2560x1600,3,2,2,0.5
DP-a3f86da1703e35ac,desktop,rv:51.0,Windows 10,firefox,,1,1,1,1.0
DP-a401d9b33ad1b95c,mobile,EVA-L19 Build/HUAWEIEVA-L19,,android webview 4.0,,1,1,1,1.0
DP-a40237d1ed16969a,mobile,iOS Device,iOS 10.3.1,mobile safari generic,2048x1536,5,5,5,0.2
DP-a4042cecc51a1569,mobile,XT1609 Build/MPIS24.241-2.35-1-17,,chrome 65.0 for android,,1,1,1,1.0
DP-a407d7190966d602,mobile,HUAWEI NXT-L09 Build/HUAWEINXT-L09,,chrome generic for android,,2,2,2,0.5
DP-a415216a3ba79ad8,mobile,LGMS210 Build/NRD90U,Android 7.0,chrome 62.0 for android,,1,1,1,1.0
DP-a41c8e913977f095,mobile,SM-J327P Build/MMB29M,Android 6.0.1,chrome generic for android,1280x720,1,1,1,1.0
DP-a41d2b086f18eaf9,mobile,SAMSUNG-SM-N920A Build/NRD90M,Android 7.0,chrome 64.0 for android,2562x1442,1,1,1,1.0
DP-a424bdc7c2e9ba69,desktop,MacOS,Mac OS X 10_13_2,safari generic,1280x800,65,45,45,0.022222222222222223
DP-a426bd0fdf371b6e,desktop,Windows,Windows 7,chrome 66.0,1280x768,8,3,3,0.3333333333333333
DP-a43a0fc2fc286407,mobile,Lenovo TB-X103F Build/LenovoTB-X103F,Android 6.0.1,chrome 63.0 for android,1280x800,1,1,1,1.0
DP-a4429b5e65669bca,mobile,SM-G930V Build/NRD90M,Android 7.0,chrome 63.0 for android,,7,6,6,0.16666666666666666
DP-a44bc2ba2d21b243,desktop,Windows,Windows Vista,firefox 52.0,1920x1080,3,3,3,0.3333333333333333
DP-a4532051cdc67cf4,mobile,XT1575,Android 7.0,chrome 63.0 for android,2562x1442,1,1,1,1.0
DP-a458f25233888aa3,mobile,LG-X180g Build/LMY47I,,chrome 53.0 for android,,2,1,1,1.0
DP-a4606dfa1fa9bef1,desktop,MacOS,Mac OS X 10_12_6,chrome 61.0,2560x1600,8,6,6,0.16666666666666666
DP-a463d8496f551ede,mobile,BLADE L7 Build/MRA58K,,chrome 53.0 for android,,5,3,3,0.3333333333333333
DP-a467a56876c8c3e9,desktop,rv:52.0,Windows 7,firefox 52.0,1280x1024,7,5,5,0.2
DP-a46cb45e7f9d49ba,mobile,SM-G930P Build/NRD90M,Android 7.0,android webview 4.0,1920x1080,1,1,1,1.0
DP-a47a8947169079bf,mobile,SM-T350 Build/MMB29M,,chrome 64.0 for android,,2,2,2,0.5
DP-a47fc2b272be4608,mobile,QTASUN1 Build/NRD90M,Android 7.0,chrome 56.0 for android,1920x1200,3,1,1,1.0
DP-a48179383e134fe0,mobile,SAMSUNG SM-J700M Build/MMB29K,,samsung browser 4.0,,4,4,4,0.25
DP-a48555f6d0d1ec3e,mobile,XT1650 Build/NCLS26.118-23-13-3,Android 7.1.1,chrome 63.0 for android,2560x1440,17,16,16,0.0625
DP-a48713db6548c185,desktop,rv:59.0,Mac OS X 10.13,firefox 59.0,3360x2100,4,4,4,0.25
DP-a48887616beec9b5,desktop,MacOS,Mac OS X 10_13_2,safari generic,3200x1800,1,1,1,1.0
DP-a489a6671790be85,mobile,HUAWEI CAN-L11 Build/HUAWEICAN-L11,,chrome 65.0 for android,,2,1,1,1.0
DP-a498722e0d62d11d,mobile,SAMSUNG SM-A320Y Build/NRD90M,,samsung browser 6.2,,1,1,1,1.0
DP-a4989ecfd92f2fa0,mobile,SM-A510F Build/NRD90M,,chrome 66.0 for android,,7,3,3,0.3333333333333333
DP-a49b8957baa8e454,mobile,Lenovo,,opera,,1,1,1,1.0
DP-a4af487e2fd2e895,desktop,Windows,Windows 7,firefox 58.0,1680x1050,4,4,4,0.25
DP-a4b16cfc571b0b49,desktop,Trident/7.0,Windows 10,ie 11.0 for tablet,1366x767,5,5,5,0.2
DP-a4b191cfc795fa83,desktop,Trident/7.0,Windows 10,ie 11.0 for tablet,3200x1800,2,2,2,0.5
DP-a4b323738c71df77,mobile,LG-LS995,Android 4.4.2,chrome 63.0 for android,1280x720,1,1,1,1.0
DP-a4b343fc5e78453d,desktop,MacOS,Mac OS X 10_13_1,chrome 63.0,1366x768,3,3,3,0.3333333333333333
DP-a4b380d4ad0d5afe,mobile,A9,,android webview 4.0,,1,1,1,1.0
DP-a4c22c90242f7806,mobile,TRT-L53 Build/HUAWEITRT-L53,,chrome 59.0 for android,,2,2,2,0.5
DP-a4c81feb38004deb,desktop,MacOS,Mac OS X 10_13_4,chrome 66.0,1680x1050,1,1,1,1.0
DP-a4cc77b32f0448e1,mobile,SM-G930V Build/NRD90M,Android 7.0,opera,2560x1440,1,1,1,1.0
DP-a4ce7aeebd7f00ed,mobile,2PYB2,,chrome 63.0 for android,,1,1,1,1.0
DP-a4cfb408f606af79,desktop,Linux x86_64,Linux,firefox,1600x900,1,1,1,1.0
DP-a4d5cc363d3c78d2,mobile,HTC,,chrome 60.0 for android,,1,1,1,1.0
DP-a4dba5910b03b0fc,mobile,SAMSUNG SM-J710MN Build/NRD90M,,samsung browser 6.4,,1,1,1,1.0
DP-a4e2110346994361,mobile,Microsoft,Windows,edge,2560x1440,2,2,2,0.5
DP-a4e417d72fad17c4,mobile,iOS Device,iOS 9.3.5,chrome 62.0 for ios,1024x768,1,1,1,1.0
DP-a4e963eb2ed44e0b,mobile,SM-J510MN Build/MMB29M,,chrome 64.0 for android,,32,11,11,0.09090909090909091
DP-a4ed6f30b1fff0fe,mobile,Tornado,,chrome 62.0 for android,,1,1,1,1.0
DP-a4f2e3b0889a0ec5,mobile,SM-A300FU Build/MMB29M,,chrome 63.0 for android,,1,1,1,1.0
DP-a4fe27ef0b0eb69c,desktop,MacOS,Mac OS X 10_13_1,chrome 63.0,1920x1200,1,1,1,1.0
DP-a5071c79261445c2,desktop,Windows,Windows 8.1,chrome 64.0,1920x1200,1,1,1,1.0
DP-a52421000c58a627,desktop,Windows,Windows 7,chrome 64.0,1440x900,28,22,22,0.045454545454545456
DP-a52703fe646d08c8,mobile,SM-T285M,,chrome 64.0 for android,,1,1,1,1.0
DP-a530c07c56bddeef,mobile,SM-A730F Build/NMF26X,,chrome 66.0 for android,,5,4,4,0.25
DP-a534124cab8e2c54,mobile,SAMSUNG SM-J327T Build/NRD90M,Android 7.0,samsung browser 6.2,1280x720,7,5,5,0.2
DP-a53905f08502174a,mobile,LG-K220 Build/MXB48T,,chrome 62.0 for android,,7,4,4,0.25
DP-a53b7945228317eb,mobile,SAMSUNG SM-G950U1 Build/NRD90M,,samsung browser 5.4,,2,1,1,1.0
DP-a53ce83318005a65,desktop,MacOS,Mac OS X 10_12_1,chrome 64.0,1280x800,4,1,1,1.0
DP-a544a4cf1cf4c4ad,mobile,SM-G930T Build/NRD90M,Android 7.0,chrome 66.0 for android,2560x1440,3,1,1,1.0
DP-a54b23b4c5d7d176,mobile,SAMSUNG SM-G950U Build/NRD90M,Android 7.0,samsung browser 6.2,2960x1440,8,6,6,0.16666666666666666
DP-a5504fac614a1fd2,desktop,MacOS,Mac OS X 10_13_3,chrome 65.0,1280x800,14,7,7,0.14285714285714285
DP-a555f870a01ba96d,desktop,MacOS,Mac OS X 10_13_4,chrome 65.0,3440x1440,2,2,2,0.5
DP-a561327b0700ed84,mobile,SM-T330NU Build/LMY47X,,chrome 65.0 for android,,1,1,1,1.0
DP-a569509cd5b0042f,mobile,SM-T550 Build/NMF26X,Android 7.1.1,chrome 65.0 for android,1024x768,1,1,1,1.0
DP-a5753b5112a08c92,mobile,iOS Device,iOS 9.3.5,mobile safari 9.0,1024x768,168,112,112,0.008928571428571428
DP-a57bee5ba734b325,mobile,LG-E450f,,chrome 62.0 for android,,2,1,1,1.0
DP-a57c31163c2cf7e5,mobile,Blade L2 Plus Build/KOT49H,,chrome 61.0 for android,,5,3,3,0.3333333333333333
DP-a58ea747d9863647,desktop,rv:45.0,Windows 10,firefox,2160x1350,1,1,1,1.0
DP-a590053c852573b4,mobile,iOS Device,iOS,mobile safari generic,1136x640,18,8,8,0.125
DP-a5968809549d1ff9,mobile,iOS Device,iOS 10.3.3,chrome 66.0 for ios,2001x1125,1,1,1,1.0
DP-a597dcf39a12f061,desktop,MacOS,Mac OS X 10_12_6,safari generic,1600x900,9,7,7,0.14285714285714285
DP-a5a29fa4c0d58d22,mobile,Aquaris_A4.5,,chrome generic for android,,1,1,1,1.0
DP-a5b1058a9d067431,mobile,XT1575,Android 7.0,chrome 58.0 for android,2562x1442,1,1,1,1.0
DP-a5b954e770c757cf,mobile,Moto Z (2,Android 8.0.0,android webview 4.0,2560x1440,1,1,1,1.0
DP-a5be5c580eeb0a65,mobile,SM-G900T1,Android 6.0.1,chrome 66.0 for android,1920x1080,1,1,1,1.0
DP-a5beaaa88f5dd294,mobile,SLA-L03 Build/HUAWEISLA-L03,,chrome 66.0 for android,,5,4,4,0.25
DP-a5c56ea9032adae9,mobile,MotoG3 Build/MPIS24.107-55-2-17,,chrome 62.0 for android,,1,1,1,1.0
DP-a5c840a200933ac5,desktop,Windows,Windows 10,edge 15.0,1360x768,7,6,6,0.16666666666666666
DP-a5c9632fc9a78628,mobile,HUAWEI NXT-L09 Build/HUAWEINXT-L09,,chrome 64.0 for android,,9,4,4,0.25
DP-a5d717321be2c937,mobile,5054S Build/LMY47V,,chrome 43.0 for android,,3,3,3,0.3333333333333333
DP-a5d85daed7ec5ebb,mobile,M4,,chrome 64.0 for android,,1,1,1,1.0
DP-a5dce07d78b27e27,mobile,Moto,Android 6.0.1,chrome 59.0 for android,1280x720,1,1,1,1.0
DP-a5e6292e6a7c5e96,desktop,Windows,Windows 7,chrome 59.0,1680x1050,2,2,2,0.5
DP-a5eb13c033818170,mobile,Z982 Build/NMF26V,Android 7.1.1,chrome 63.0 for android,1920x1080,3,3,3,0.3333333333333333
DP-a5f4159c00649661,mobile,SAMSUNG SM-G550T1 Build/MMB29K,Android 6.0.1,samsung browser 5.4,1280x720,1,1,1,1.0
DP-a5fe2c2fb52a0663,mobile,SAMSUNG SM-N900T Build/LRX21V,Android 5.0,chrome generic,1920x1080,1,1,1,1.0
DP-a6008801eab8ebdd,mobile,SM-G531H Build/LMY48B,,chrome 61.0 for android,,22,8,8,0.125
DP-a60cc8b837df1138,mobile,Moto G (5) Build/NPP25.137-38,,chrome 66.0 for android,,1,1,1,1.0
DP-a617d89bb8358782,mobile,PRA-LX3 Build/HUAWEIPRA-LX3,,chrome 66.0 for android,,18,11,11,0.09090909090909091
DP-a619102212213f25,mobile,gxq6580_weg_l Build/LMY47I,,chrome 66.0 for android,,14,2,2,0.5
DP-a61f6e0a3d7edd4d,mobile,SM-G355M Build/KOT49H,,chrome 60.0 for android,,3,2,2,0.5
DP-a636d5f630a23cca,mobile,SM-T820 Build/NRD90M,Android 7.0,chrome 63.0 for android,2048x1536,1,1,1,1.0
DP-a639f3be8e1417a5,mobile,SM-P605V,,chrome 62.0 for android,,1,1,1,1.0
DP-a63d200690abdf35,mobile,iOS Device,iOS 11.3.0,mobile safari uiwebview,1136x640,5,1,1,1.0
DP-a63fd1e250a03f1b,desktop,Linux x86_64,,firefox 58.0,,3,3,3,0.3333333333333333
DP-a6485d43a47a1e2c,mobile,MHA-L09 Build/HUAWEIMHA-L09,,chrome 64.0 for android,,5,5,5,0.2
DP-a65207df8536ba70,mobile,iOS Device,iOS 11.2.2,chrome,2732x2048,1,1,1,1.0
DP-a65a5c20c5483afc,mobile,LG-X180g Build/LMY47I,,android browser 4.0,,1,1,1,1.0
DP-a65f4c75d6d499b6,desktop,Windows,Windows 7,chrome 51.0,1600x900,10,2,2,0.5
DP-a665f587968d295a,mobile,Z,,chrome 43.0 for android,,2,2,2,0.5
DP-a66c3194905bf76d,mobile,5025G Build/LMY47I,,chrome 43.0 for android,,10,8,8,0.125
DP-a67d8839cf99047d,desktop,MacOS,Mac OS X 10_11_6,chrome 62.0,3200x1800,1,1,1,1.0
DP-a68493e74d7c62b7,desktop,,Linux,chrome 66.0,2220x1081,5,4,4,0.25
DP-a68f709d520176ec,desktop,Trident/7.0,Windows 8.1,ie 11.0 for desktop,1024x768,6,5,5,0.2
DP-a690a1687e7485a3,mobile,iOS Device,iOS 11.2.5,google,1334x750,1,1,1,1.0
DP-a6980a0ae76cb660,mobile,SAMSUNG SM-T580 Build/NRD90M,Android 7.0,samsung browser 6.2,1920x1200,3,3,3,0.3333333333333333
DP-a6a242d6e255e68d,mobile,SM-G355M Build/KOT49H,,chrome,,1,1,1,1.0
DP-a6a41475d198b68e,mobile,DLI-L22 Build/HONORDLI-L22,,chrome 66.0 for android,,2,1,1,1.0
DP-a6a6f5ef06c0d0d9,mobile,XT1032 Build/LPBS23.13-57-2,,chrome 63.0 for android,,4,1,1,1.0
DP-a6b60d9df3dc4523,mobile,Lenovo,Android 4.4.2,chrome 62.0 for android,1280x800,1,1,1,1.0
DP-a6c446de25532b29,mobile,iOS Device,iOS 11.4.0,mobile safari generic,2208x1242,1,1,1,1.0
DP-a6c6d990df287aff,desktop,Windows,Windows 7,,1638x922,1,1,1,1.0
DP-a6cd917f37c9845a,mobile,HUAWEI,,chrome 63.0 for android,,5,5,5,0.2
DP-a6d3ba67fe396052,mobile,LG-X210 Build/LMY47I,,chrome 63.0 for android,,12,8,8,0.125
DP-a6d7ea96c18cd06e,mobile,Hisense U963 Build/MRA58K,,other,,1,1,1,1.0
DP-a6dafe52e2385cfc,mobile,Moto Z2 Play Build/NPS26.74-16-1,,chrome 62.0 for android,,1,1,1,1.0
DP-a6dbefa2b979acf5,desktop,rv:38.0,Mac,firefox,1280x800,3,1,1,1.0
DP-a6dbfe69f28f5226,desktop,Windows NT 6.1,Windows 7,ie,1684x947,2,1,1,1.0
DP-a6e35aa5af3a4a4b,desktop,Windows,Windows 7,firefox 57.0,1280x960,2,2,2,0.5
DP-a6e7b4320275939e,desktop,MacOS,Mac OS X 10_13_4,chrome 65.0,2560x1440,5,4,4,0.25
DP-a6e93869b0e135e6,mobile,SAMSUNG SM-J327AZ Build/NRD90M,,samsung browser 6.4,,1,1,1,1.0
DP-a6f416bfca1937d3,desktop,Windows,Windows 10,chrome 63.0,3360x2100,2,2,2,0.5
DP-a6f7f87ffefcf8f3,mobile,LGLS676 Build/MXB48T,Android 6.0.1,chrome 53.0 for android,1280x720,1,1,1,1.0
DP-a7056503d31bab94,mobile,LGLS675 Build/LMY47V,Android 5.1.1,chrome 59.0 for android,855x480,2,1,1,1.0
DP-a70ed134c641121c,mobile,LG-H840 Build/MMB29M,,chrome 60.0 for android,,1,1,1,1.0
DP-a71111fd60c842c6,mobile,BLU LIFE XL Build/L050U,,chrome 63.0 for android,,2,1,1,1.0
DP-a71f37a078717282,mobile,LG-H525n Build/MRA58K,,chrome 61.0 for android,,2,1,1,1.0
DP-a7219019137211e0,mobile,REVVLPLUS,Android 7.1.1,chrome 64.0 for android,1920x1080,1,1,1,1.0
DP-a721995b16d3827e,mobile,moto x4 Build/OPWS27.57-40-14,,chrome 66.0 for android,,1,1,1,1.0
DP-a727a31c354d425d,desktop,MacOS,Mac OS X 10_13_1,chrome generic,1920x1080,1,1,1,1.0
DP-a72dc5d09f4b04ad,desktop,,Linux,chrome 66.0,2400x1600,3,2,2,0.5
DP-a7312103497e27a8,mobile,VS995 Build/NRD90M,,chrome 63.0 for android,,3,1,1,1.0
DP-a745fc0b1a5a9787,mobile,LG-K200 Build/MXB48T,,chrome 65.0 for android,,14,10,10,0.1
DP-a754191a4fd7161d,mobile,Moto E (4) Build/NCQ26.69-56,Android 7.1.1,chrome generic,1280x720,4,4,4,0.25
DP-a755f9531ab0e713,desktop,MacOS,Mac OS X 10_12_6,chrome 66.0,4096x2304,1,1,1,1.0
DP-a75ba4489b3f8fbf,mobile,ICON,,chrome 60.0 for android,,1,1,1,1.0
DP-a7622baeabaa54cc,desktop,MacOS,Mac OS X 10_12_6,chrome 63.0,1366x768,17,9,9,0.1111111111111111
DP-a76bad7d5ac6b149,mobile,SM-G950F Build/NRD90M,Android 7.0,chrome 63.0 for android,2960x1440,2,2,2,0.5
DP-a76d5827a2ab24cb,mobile,G527-U081,,chrome 62.0 for android,,2,1,1,1.0
DP-a770af339bbbff34,desktop,Windows,Windows 7,chrome 66.0,1596x710,1,1,1,1.0
DP-a774484962e6d209,desktop,,Linux,chrome 63.0,2560x1440,19,10,10,0.1
DP-a78c0d21500f126c,desktop,MacOS,Mac,chrome 62.0,1920x1080,2,2,2,0.5
DP-a78c52e71e4faf74,mobile,SM-G935P Build/NRD90M,,chrome 66.0 for android,,2,2,2,0.5
DP-a78ccab91cd5a364,mobile,SAMSUNG SM-G891A Build/NRD90M,Android 7.0,samsung browser 6.2,1281x721,1,1,1,1.0
DP-a78e12f19d40386d,mobile,XT1032 Build/LPBS23.13-56-2,,chrome 63.0 for android,,8,6,6,0.16666666666666666
DP-a7938ce68e7d1a85,desktop,MacOS,Mac OS X 10_11_6,chrome 60.0,1280x800,2,2,2,0.5
DP-a7990c96469ac528,mobile,M4 SS4451 Build/LMY47D,,chrome 66.0 for android,,1,1,1,1.0
DP-a79a6721d0290604,desktop,MacOS,Mac OS X 10_12_6,chrome 63.0,3840x2400,4,4,4,0.25
DP-a79da87326a9a414,mobile,SM-J200H,,chrome 64.0 for android,,1,1,1,1.0
DP-a7ae23c90bdcd0db,desktop,MacOS,Mac OS X 10_9_5,safari 9.0,1920x1080,2,2,2,0.5
DP-a7af8239e9e3d75b,mobile,LG-H540,,other,,1,1,1,1.0
DP-a7b208b5768f9fe7,desktop,MacOS,Mac OS X 10_13_3,chrome 66.0,2560x1600,1,1,1,1.0
DP-a7b459fe64144c56,mobile,SM-P355M Build/MMB29M,,chrome generic for android,,3,1,1,1.0
DP-a7c45bdac5a60b65,mobile,Hisense F20 Build/MMB29M,,chrome generic for android,,2,1,1,1.0
DP-a7ce324bb073478c,mobile,SGH-M919 Build/KTU84P,,chrome 65.0 for android,,1,1,1,1.0
DP-a7d724d6484d74d9,mobile,Android 4.4.2,,other,,1,1,1,1.0
DP-a7df2ddb7f852009,mobile,5051A Build/MMB29M,,chrome 61.0 for android,,1,1,1,1.0
DP-a7df669407a7ef70,mobile,ONE TOUCH 4016A Build/JDQ39,,chrome 61.0 for android,,1,1,1,1.0
DP-a7e4934d2c8ec38e,mobile,Nexus 5X Build/OPM3.171019.013,Android 8.1.0,chrome generic for android,,1,1,1,1.0
DP-a7f3d216a8ddf101,mobile,SAMSUNG-SM-N920A Build/NRD90M,Android 7.0,chrome 61.0 for android,,1,1,1,1.0
DP-a7fab36e4f46bb60,mobile,SM-G920F Build/NRD90M,,chrome generic for android,,3,2,2,0.5
DP-a7fc0f2bec4397f0,mobile,HUAWEI,,chrome generic,,2,2,2,0.5
DP-a80132b2c3e0ad20,mobile,SM-G610M Build/MMB29K,,chrome 63.0 for android,,140,31,31,0.03225806451612903
DP-a80994399b11049a,desktop,Windows,Windows 10,edge,1920x1080,3,3,3,0.3333333333333333
DP-a80b872ff3c58a60,mobile,SAMSUNG-SM-G925A Build/MMB29K,Android 6.0.1,chrome 65.0 for android,2560x1440,5,2,2,0.5
DP-a815a116a86f939d,mobile,E5506 Build/29.1.A.0.101,,chrome 63.0 for android,,3,2,2,0.5
DP-a81d6976bcb858a0,mobile,SAMSUNG SM-T580 Build/NRD90M,,samsung browser 6.2,,4,4,4,0.25
DP-a82de5683aae874a,mobile,SM-G955U Build/NRD90M,Android 7.0,chrome 60.0 for android,,1,1,1,1.0
DP-a838bd86ba7ff141,desktop,MacOS,Mac OS X 10_9_5,safari generic,1280x800,51,39,39,0.02564102564102564
DP-a8448905f4820756,mobile,SAMSUNG-SM-J320A Build/MMB29K,,chrome 63.0 for android,,1,1,1,1.0
DP-a846ed33b806179a,mobile,LG-D213,,chrome,,1,1,1,1.0
DP-a849474f69705910,mobile,iOS Device,iOS 10.3.3,google search application 49.0,2048x1536,1,1,1,1.0
DP-a85c9d512c87dfd0,mobile,XT1635-02 Build/NPN26.118-22-2,,chrome 63.0 for android,,14,8,8,0.125
DP-a85f20807ac6a629,mobile,4034E,,chrome 64.0 for android,,1,1,1,1.0
DP-a8652d1154f0f930,mobile,LGMP260 Build/NRD90U,Android 7.0,chrome 58.0 for android,1280x720,2,2,2,0.5
DP-a86da42146527ee4,mobile,SM-J730GM Build/NRD90M,,chrome 66.0 for android,,39,15,15,0.06666666666666667
DP-a878d7f342700c96,mobile,E2306 Build/26.1.A.3.111,,chrome 56.0 for android,,1,1,1,1.0
DP-a87b6cbc15013b8e,mobile,SM-J320M Build/LMY47V,,chrome 60.0 for android,,1,1,1,1.0
DP-a88c2584ad6d0246,mobile,Y635-L03 Build/HuaweiY635-L03,,chrome 50.0 for android,,1,1,1,1.0
DP-a88ded5a98642af3,mobile,CAM-L03 Build/HUAWEICAM-L03,,chrome 61.0 for android,,5,3,3,0.3333333333333333
DP-a891f1f457150a6e,mobile,Moto G Play Build/NPI26.48-36,,chrome 63.0 for android,,1,1,1,1.0
DP-a8963baafea9152c,mobile,SM-J700M Build/LMY48B,,other,,6,5,5,0.2
DP-a898b6b33050c86c,mobile,AX920,,chrome 62.0 for android,,2,2,2,0.5
DP-a89adb060738b0d4,mobile,SAMSUNG SM-G530H Build/LRX22G,,other,,16,7,7,0.14285714285714285
DP-a8a1775bf0ddee14,mobile,SM-G531H Build/LMY48B,,chrome,,1,1,1,1.0
DP-a8a4b24663dabf5e,mobile,Pixel XL Build/OPM1.171019.011,Android 8.1.0,chrome 63.0 for android,2562x1442,14,13,13,0.07692307692307693
DP-a8a90fe1f065e6a2,mobile,XT1053 Build/LPAS23.12-21.7-1,,chrome 65.0 for android,,1,1,1,1.0
DP-a8ada2e4f0dea005,desktop,Windows,Windows 7,firefox 57.0,1360x768,3,3,3,0.3333333333333333
DP-a8b04d270f563109,desktop,Windows,Windows 10,chrome 63.0,1920x1080,2566,842,842,0.0011876484560570072
DP-a8b11dd6ba32c969,mobile,iris 870 Build/MRA58K,,chrome 65.0 for android,,1,1,1,1.0
DP-a8b74334cc09c6b0,mobile,LG-V500,,chrome 53.0 for android,,1,1,1,1.0
DP-a8ba3c667da65e7e,mobile,SM-T350 Build/NMF26X,Android 7.1.1,chrome 64.0 for android,1024x768,1,1,1,1.0
DP-a8bab26849d72fe0,mobile,SM-A720F Build/NRD90M,,chrome 64.0 for android,,29,15,15,0.06666666666666667
DP-a8be440eda91ff0c,mobile,SM-G570M Build/MMB29K,,chrome 64.0 for android,,29,14,14,0.07142857142857142
DP-a8c83adb722ea969,desktop,MacOS,Mac OS X 10_12_6,safari generic,3200x1800,2,2,2,0.5
DP-a8c8a8a068579c3b,mobile,LG-LS993 Build/NRD90U,,chrome generic for android,,1,1,1,1.0
DP-a8cdae16644b4c15,mobile,XT1563 Build/MPDS24.107-52-5,,chrome 60.0 for android,,5,4,4,0.25
DP-a8cf1d4afee70a7d,mobile,Android 4.4.2,,android browser 4.0,,1,1,1,1.0
DP-a8d0fb01ce6c8b91,mobile,Ilium X510 Build/MRA58K,,chrome 66.0 for android,,2,2,2,0.5
DP-a8d1c012a6e70c14,mobile,SM-G930P Build/NRD90M,Android 7.0,chrome 58.0 for android,1920x1080,1,1,1,1.0
DP-a8d37961209e11ac,desktop,Windows,Windows 10,chrome 63.0,1920x1280,1,1,1,1.0
DP-a8d7f05318f78f7a,desktop,MacOS,Mac OS X 10_12_1,safari 10.0,2560x1600,1,1,1,1.0
DP-a8e27fef1f5b7915,mobile,moto x4 Build/OPW27.57-40,,chrome 65.0 for android,,1,1,1,1.0
DP-a8e335a14fc55c5b,mobile,5095I Build/MRA58K,,chrome 64.0 for android,,1,1,1,1.0
DP-a8eca9dc06619ede,mobile,Pixel 2 XL Build/OPM1.171019.011,Android 8.1.0,chrome 63.0 for android,,14,11,11,0.09090909090909091
DP-a90a22c3ca5feb1f,mobile,D6603 Build/23.5.A.1.291,,chrome 62.0 for android,,1,1,1,1.0
DP-a90d75bd07701aa0,desktop,rv:56.0,Windows 7,firefox 56.0,1024x768,1,1,1,1.0
DP-a9139bb588d6f4b7,desktop,rv:11.0,Windows 7,ie 11.0 for desktop,1600x900,49,40,40,0.025
DP-a914e8a0bdeb85ff,mobile,BLADE A602 Build/MRA58K,,chrome 63.0 for android,,3,2,2,0.5
DP-a91eb13ccab7cf5d,mobile,SM-T585,,chrome 64.0 for android,,2,2,2,0.5
DP-a9202adce3dba51e,desktop,rv:57.0,Mac OS X 10.10,firefox 57.0,5120x2880,7,1,1,1.0
DP-a923a58e70005de8,mobile,5015A Build/LMY47I,,chrome 65.0 for android,,1,1,1,1.0
DP-a9254bf09b8e9feb,mobile,Pixel Build/OPM2.171019.029,Android 8.1.0,chrome 64.0 for android,1921x1081,1,1,1,1.0
DP-a92b5b2e20c8bab3,desktop,Windows,Windows 10,chrome 64.0,1280x960,1,1,1,1.0
DP-a9313f577eedf91a,mobile,F3113,,chrome 64.0 for android,,1,1,1,1.0
DP-a938af57d583946a,desktop,Windows,Windows 7,chrome 65.0,1366x768,110,64,64,0.015625
DP-a939bf4e1dce8e8d,mobile,,Android,chrome 61.0,1280x720,17,2,2,0.5
DP-a93e0bfe09e1dcd6,desktop,MacOS,Mac OS X 10_12_6,chrome 56.0,2880x1800,1,1,1,1.0
DP-a94ea14c8603d13d,desktop,MacOS,Mac OS X 10_13_2,safari generic,3840x2160,2,2,2,0.5
DP-a9507ffb9cf737be,desktop,Windows,Windows 7,opera 49.0,1920x1200,1,1,1,1.0
DP-a959cfec899cbed3,mobile,Kylin,,chrome 65.0 for android,,1,1,1,1.0
DP-a9606dcebd417549,mobile,7048A Build/LRX22G,,chrome 46.0 for android,,1,1,1,1.0
DP-a974bd1d2584ea68,mobile,SAMSUNG SM-G920P Build/NRD90M,Android 7.0,samsung browser 6.2,2562x1442,1,1,1,1.0
DP-a97667697522c228,mobile,H1611,Android 6.0.1,chrome 63.0 for android,1280x720,1,1,1,1.0
DP-a97743dfc3fd1be7,mobile,SAMSUNG SM-A710M Build/NRD90M,,samsung browser 6.4,,7,2,2,0.5
DP-a9801c0759d3b213,mobile,AX705,,chrome 65.0 for android,,1,1,1,1.0
DP-a9862bed9dcab603,mobile,LOGIC,,android webview 4.0,,2,1,1,1.0
DP-a98aa7689a7241fd,desktop,rv:60.0,Windows 8.1,firefox 60.0,1600x900,1,1,1,1.0
DP-a98c6c4ce8a051a1,mobile,SM-T550 Build/NMF26X,Android 7.1.1,chrome 60.0 for android,1024x768,3,2,2,0.5
DP-a9a1298e0ef68d56,mobile,LG-H840 Build/NRD90U,,chrome generic for android,,3,2,2,0.5
DP-a9adb9dcc6a7b982,mobile,SAMSUNG SM-G891A Build/NRD90M,Android 7.0,samsung browser 5.4,1920x1080,11,6,6,0.16666666666666666
DP-a9af1416a0dfae2f,mobile,SM-G355M Build/KOT49H,,chrome 61.0 for android,,1,1,1,1.0
DP-a9b673de5ed13c01,mobile,Lenovo A6020l37 Build/LMY47V,,chrome 65.0 for android,,5,3,3,0.3333333333333333
DP-a9bb92af8dc08da4,mobile,Moto C Plus Build/NRD90M.05.022,,chrome 63.0 for android,,1,1,1,1.0
DP-a9bbedc3e68ad23c,desktop,Moto G (5) Build/NPPS25.137-93-4,,chrome generic,,13,8,8,0.125
DP-a9bc977b97f238e5,desktop,MacOS,Mac OS X 10_12_4,safari generic,1920x1080,3,2,2,0.5
DP-a9c45acd55a01f47,desktop,R831L,,chrome generic,,1,1,1,1.0
DP-a9cbc22f6ac5bc17,mobile,5015A Build/LMY47I,,chrome 43.0 for android,,7,3,3,0.3333333333333333
DP-a9dd0dac54be7dbf,mobile,Lenovo A2016b30 Build/MRA58K,,chrome 65.0 for android,,11,5,5,0.2
DP-a9df3b508995d554,mobile,XT1585 Build/NCK25.118-10.5,Android 7.0,chrome 56.0 for android,2560x1440,4,1,1,1.0
DP-a9e130fdbf086190,desktop,Windows,Windows 7,chrome 67.0,1496x844,1,1,1,1.0
DP-a9e877407c3047ac,mobile,LGLS990,Android,chrome generic,2560x1440,1,1,1,1.0
DP-a9f0c59b1bfdad88,mobile,SM-G610M Build/MMB29K,,chrome 64.0 for android,,70,24,24,0.041666666666666664
DP-a9ff7f392457ec36,mobile,SM-J327VPP Build/NRD90M,,chrome 64.0 for android,,2,1,1,1.0
DP-a9ffa9d36031c99f,desktop,Windows,Windows,,,1,1,1,1.0
DP-aa0acf440a56fe40,mobile,SM-N920G Build/NRD90M,,chrome 65.0 for android,,3,3,3,0.3333333333333333
DP-aa161a4bafabbf39,mobile,HTC Desire 626s Build/LMY47O,,chrome 63.0 for android,,9,6,6,0.16666666666666666
DP-aa16dfd31420cc46,mobile,SM-A500H,Android 6.0.1,chrome 62.0 for android,1280x720,1,1,1,1.0
DP-aa1d87e9a7c6d458,desktop,MacOS,Mac OS X 10_13_4,chrome 65.0,1152x720,1,1,1,1.0
DP-aa1dcfa654c00da5,mobile,iOS Device,iOS 11.2.0,chrome 63.0 for ios,2048x1536,7,7,7,0.14285714285714285
DP-aa1f5d523cbf104e,desktop,Windows,Windows 10,edge 15.0,2560x1440,5,4,4,0.25
DP-aa26a15368d4e90b,desktop,Windows,Windows 10,edge 17.0,1365x768,2,2,2,0.5
DP-aa2eaa7c9d863f16,mobile,P5006A,,chrome 64.0 for android,,1,1,1,1.0
DP-aa3bcf4cb26b3bfb,desktop,MacOS,Mac OS X 10_12_2,safari generic,2560x1600,2,1,1,1.0
DP-aa3d154551796feb,mobile,SM-J701M Build/NRD90M,,chrome 58.0 for android,,27,4,4,0.25
DP-aa40a341bc0f219e,mobile,Nexus,Android 7.1.1,chrome 64.0 for android,2562x1442,1,1,1,1.0
DP-aa4823382aca7f3e,mobile,EVA-L09 Build/HUAWEIEVA-L09,,chrome generic for android,,1,1,1,1.0
DP-aa57fc81a7605757,mobile,Z839,Android 7.1.1,chrome 66.0 for android,855x480,1,1,1,1.0
DP-aa67a60553d5292b,mobile,SM-A500FU Build/MMB29M,,chrome 62.0 for android,,2,1,1,1.0
DP-aa72e6dca5e5d5ab,mobile,iOS Device,iOS 11.0.0,mobile safari 11.0,1136x640,7,7,7,0.14285714285714285
DP-aa749c8a22382ca2,mobile,HUAWEI G7-L03 Build/HuaweiG7-L03,,chrome 61.0 for android,,3,2,2,0.5
DP-aa792471ee5b0891,desktop,Windows,Windows 10,firefox 57.0,1152x864,6,3,3,0.3333333333333333
DP-aa7a40fea15770a3,mobile,SM-G900V Build/MMB29M,Android 6.0.1,chrome 66.0 for android,1920x1080,1,1,1,1.0
DP-aa7eb2a83363d790,mobile,SM-G390F,,chrome 63.0 for android,,1,1,1,1.0
DP-aa80738fae563f95,mobile,8050G Build/LMY47I,,chrome 55.0 for android,,4,3,3,0.3333333333333333
DP-aa876cc4bd84e971,mobile,LGMP260 Build/NRD90U,Android 7.0,chrome 65.0 for android,1280x720,1,1,1,1.0
DP-aaa665bcb4980b45,mobile,Blade A460 Build/LMY47O,,chrome 62.0 for android,,1,1,1,1.0
DP-aaa90075ed5d2402,desktop,Linux x86_64,Linux,firefox 60.0,1366x768,1,1,1,1.0
DP-aab9e3037d636a8b,desktop,Windows,func,edge 15.0,1366x768,1,1,1,1.0
DP-aabc85d8ef4bf98b,mobile,,Android,chrome 62.0,1280x720,17,7,7,0.14285714285714285
DP-aac9969a8a1a0fae,desktop,MacOS,Mac OS X 10_13_1,chrome generic,1440x900,11,3,3,0.3333333333333333
DP-aad55fe39d73960b,mobile,iOS Device,iOS 11.0.1,mobile safari 11.0,2732x2048,4,4,4,0.25
DP-aad7c3ed1c7a8624,mobile,LG-H500 Build/LRX21Y,,chrome 55.0 for android,,12,4,4,0.25
DP-aadb5ce718815ac5,desktop,Windows,Windows 10,edge 15.0,3200x1800,2,2,2,0.5
DP-aaee74eaf70e32ba,mobile,iOS Device,iOS 10.3.3,chrome 65.0 for ios,2732x2048,5,1,1,1.0
DP-aaf677cb356b9ffd,desktop,Windows,Windows 10,chrome 62.0,1600x1200,8,7,7,0.14285714285714285
DP-aaf8f4044d11786e,mobile,HUAWEI Y625-U13 Build/HUAWEIY625-U13,,chrome 59.0 for android,,1,1,1,1.0
DP-aaf9ec6676bdaaf8,desktop,MacOS,Mac OS X 10_12_6,chrome 66.0,2560x1440,10,6,6,0.16666666666666666
DP-ab003f0fcbc69de4,desktop,Windows,Windows 8,firefox 58.0,,1,1,1,1.0
DP-ab2ccb38ebc6769b,mobile,SAMSUNG-SM-J320AZ,,chrome 64.0 for android,,1,1,1,1.0
DP-ab30d7966c9a43bd,mobile,E6853 Build/32.4.A.1.54,,chrome 62.0 for android,,1,1,1,1.0
DP-ab40575f55cbb47c,desktop,Windows,Windows 10,chrome 63.0,3200x1800,34,27,27,0.037037037037037035
DP-ab59725d1048f5b5,desktop,Windows,Windows 7,chrome 64.0,1920x975,5,5,5,0.2
DP-ab5c32e416c8d298,desktop,MacOS,Mac OS X 10_13_3,chrome generic,5120x2880,2,2,2,0.5
DP-ab624887176b1ca6,desktop,MacOS,Mac OS X 10_12_6,safari generic,1344x756,1,1,1,1.0
DP-ab69d05a147ffe40,mobile,LG-LS777 Build/NRD90U,Android 7.0,chrome 66.0 for android,1280x720,3,3,3,0.3333333333333333
DP-ab6c74b42c891bfe,desktop,Windows,Windows 8.1,ie 11.0 for desktop,1366x768,8,6,6,0.16666666666666666
DP-ab7291877d52fb12,desktop,MacOS,Mac OS X 10_13_3,chrome 66.0,1440x900,11,3,3,0.3333333333333333
DP-ab7819d383f0737a,desktop,Windows,Windows 7,chrome 58.0,1920x1200,2,2,2,0.5
DP-ab826b700edc94aa,desktop,Windows,Windows 8,chrome 64.0,1280x768,1,1,1,1.0
DP-ab92599afcfe0dab,mobile,SGP521,,chrome 62.0 for android,,1,1,1,1.0
DP-ab9580798b98cf25,desktop,MacOS,Mac OS X 10_12_5,chrome 62.0,3840x2160,1,1,1,1.0
DP-aba38e724310c274,mobile,iOS Device,iOS,mobile safari 9.0,2208x1242,5,4,4,0.25
DP-abac5e0d9ce4fc4e,mobile,HUAWEI,,chrome 61.0 for android,,1,1,1,1.0
DP-abb48fa0dbe3c68a,mobile,SM-T560 Build/KTU84P,,chrome 65.0 for android,,2,2,2,0.5
DP-abbf960358e3724a,mobile,HUAWEI VNS-L23 Build/HUAWEIVNS-L23,,chrome 59.0 for android,,1,1,1,1.0
DP-abd0255b93beec5b,desktop,MacOS,Mac OS X 10_11_6,safari 9.0,1920x1080,3,2,2,0.5
DP-abd513f082861b0c,desktop,Windows,Windows 7,ie 11.0 for desktop,2560x1440,4,2,2,0.5
DP-abf34daa80409806,mobile,Blade L5 Build/LMY47I,,chrome 62.0 for android,,4,2,2,0.5
DP-abf9df83db7b959b,mobile,iOS Device,iOS 11.2.5,mobile safari 11.0,2208x1242,33,18,18,0.05555555555555555
DP-abffb417ba0316d9,desktop,Windows,Windows 7,chrome 65.0,1916x901,3,3,3,0.3333333333333333
DP-ac0360828842698a,mobile,SAMSUNG SM-J510MN Build/MMB29M,,samsung browser 6.2,,8,5,5,0.2
DP-ac080df54e25029f,desktop,Windows,Windows Vista,chrome 49.0,1920x1200,1,1,1,1.0
DP-ac14299c5a50f685,mobile,LG-M153 Build/MXB48T,,chrome 53.0 for android,,2,2,2,0.5
DP-ac18c91138b8c4aa,mobile,SAMSUNG SM-P580 Build/NRD90M,,samsung browser 6.2,,2,2,2,0.5
DP-ac1e171b9f7abaac,mobile,SM-G360M,,chrome 63.0 for android,,1,1,1,1.0
DP-ac21d0c982c6ecb0,desktop,Windows,Windows 10,firefox 59.0,1280x1024,2,2,2,0.5
DP-ac2cd99f36ae9e9a,mobile,ZTE BLADE V8 MINI Build/NRD90M,,chrome 56.0 for android,,1,1,1,1.0
DP-ac3407cedcf0a368,mobile,SM-A320Y Build/NRD90M,,chrome 65.0 for android,,3,3,3,0.3333333333333333
DP-ac47ea9c551105b4,desktop,QwestIE8,Windows 7,ie 11.0 for desktop,1280x800,1,1,1,1.0
DP-ac588392b6842788,mobile,HUAWEI G7-L03 Build/HuaweiG7-L03,,chrome 64.0 for android,,13,6,6,0.16666666666666666
DP-ac69c02e4e9b3e1b,mobile,ASUS_Z00ED,,android webview 4.0,,1,1,1,1.0
DP-ac7288f7981ae7bc,desktop,Windows,Windows 7,chrome 57.0,2880x1620,1,1,1,1.0
DP-ac86c342d4e9c3cf,mobile,BNTV400,Android,chrome generic for android,1356x900,2,1,1,1.0
DP-ac875c3b163c25a8,desktop,Trident/7.0,Windows 7,ie 11.0 for desktop,1120x700,1,1,1,1.0
DP-ac8928d67977e254,mobile,SM-T550 Build/NMF26X,,chrome 65.0 for android,,1,1,1,1.0
DP-ac909942cbc6d0b2,desktop,Windows,Windows 10,chrome 63.0,1680x1050,160,91,91,0.01098901098901099
DP-ac9934fae03819f5,desktop,MacOS,Mac OS X 10_10_5,chrome 62.0,1440x900,49,34,34,0.029411764705882353
DP-ac99513b8c209214,mobile,Moto X Play Build/NPD26.48-24-1,,chrome 63.0 for android,,40,15,15,0.06666666666666667
DP-acad7b6b79af8e77,desktop,Windows,Windows 8.1,chrome 62.0,2160x1440,1,1,1,1.0
DP-acbae0a0c39ec2ed,mobile,LGMS550 Build/MXB48T,Android 6.0.1,chrome 66.0 for android,1280x720,1,1,1,1.0
DP-acc02e21bfb49f74,mobile,SM-G955U Build/NRD90M,Android 7.0,chrome 63.0 for android,2220x1080,8,8,8,0.125
DP-acc2fae2c25d187a,mobile,LG-X180g Build/LMY47I,,chrome 57.0 for android,,1,1,1,1.0
DP-acc48f5a89ed2861,mobile,SM-J510MN Build/NMF26X,,chrome 65.0 for android,,1,1,1,1.0
DP-acc9674e8c008ac1,mobile,EVA-L09 Build/HUAWEIEVA-L09,,chrome 63.0 for android,,2,2,2,0.5
DP-accce371c11e4096,mobile,LG-H830 Build/NRD90U,Android 7.0,chrome 62.0 for android,2560x1440,1,1,1,1.0
DP-acd085d15f4e3cb3,mobile,Lenovo K33b36 Build/MMB29M,,chrome 66.0 for android,,1,1,1,1.0
DP-acd2fbe7e796ead7,desktop,MacOS,Mac OS X 10_13_3,safari generic,1920x1200,5,4,4,0.25
DP-acd53d77c4425190,mobile,moto x4 Build/OPW27.57-40,,samsung browser 6.2,,1,1,1,1.0
DP-ace3577a29131b97,desktop,Windows,Windows 7,chrome generic,1502x844,1,1,1,1.0
DP-ace4354a6a4ae0ce,desktop,Windows,Windows 7,firefox 57.0,,32,27,27,0.037037037037037035
DP-ace58d6e878a8875,mobile,m3,,chrome 62.0 for android,,2,1,1,1.0
DP-ace984b166469afc,mobile,SM-J320VPP,Android 6.0.1,chrome 62.0 for android,1280x720,1,1,1,1.0
DP-acf5620758412897,desktop,MacOS,Mac OS X 10_12_3,chrome 59.0,1366x768,1,1,1,1.0
DP-acfafce722e8e346,mobile,SAMSUNG SM-G9650 Build/R16NW,,samsung browser 7.0,,4,4,4,0.25
DP-ad0c42571c49c9b5,mobile,SM-T377V Build/NMF26X,Android 7.1.1,chrome 63.0 for android,,9,7,7,0.14285714285714285
DP-ad0c4b3e2306e3c9,mobile,HUAWEI CUN-L03 Build/HUAWEICUN-L03,,chrome 46.0 for android,,1,1,1,1.0
DP-ad16839b3637c8ca,mobile,SM-G900H Build/MMB29K,,chrome 65.0 for android,,2,2,2,0.5
DP-ad174341dcb72245,mobile,Lenovo PB2-650Y Build/MRA58K,,chrome 64.0 for android,,8,7,7,0.14285714285714285
DP-ad1c8cd1006d2097,mobile,HTC_One_M8/4.28.502.2,,,,1,1,1,1.0
DP-ad1fc40432fc3a39,desktop,MacOS,Mac OS X 10_10_5,chrome 61.0,2880x1800,2,2,2,0.5
DP-ad21679c29b4474e,mobile,SAMSUNG-SM-G900A Build/MMB29M,Android 6.0.1,chrome 63.0 for android,1920x1080,2,2,2,0.5
DP-ad23451bd2f38626,mobile,SM-G935V Build/NRD90M,Android 7.0,chrome 63.0 for android,,6,3,3,0.3333333333333333
DP-ad2cddad1acc3109,desktop,MacOS,Mac OS X 10_12_6,safari 10.0,1920x1080,1,1,1,1.0
DP-ad3ec8c1220018c9,desktop,Windows,Windows 10,chrome 63.0,3440x1440,14,10,10,0.1
DP-ad3f589155d2bc95,mobile,LG-K330,,chrome 54.0 for android,,1,1,1,1.0
DP-ad440563c8c381d4,desktop,MacOS,Mac OS X 10_11_5,chrome 63.0,2560x1600,3,2,2,0.5
DP-ad4e1b7721d7ce4a,mobile,VT0701A08,,chrome 64.0 for android,,1,1,1,1.0
DP-ad50e244eb2a45b2,mobile,SM-G950U Build/NRD90M,Android 7.0,chrome 61.0 for android,2960x1440,5,1,1,1.0
DP-ad717edf6ebdeab6,desktop,Windows,Windows 10,chrome,1366x768,4,4,4,0.25
DP-ad763f6783fa7a7b,mobile,HUAWEI M2-801W Build/HUAWEIM2-801W,,chrome 64.0 for android,,5,2,2,0.5
DP-ad83da3c300ab5b7,mobile,SM-G950U Build/NRD90M,Android 7.0,chrome 63.0 for android,2960x1440,5,5,5,0.2
DP-ad86456d33517e2b,mobile,SAMSUNG SM-J710MN Build/MMB29K,,samsung browser 6.2,,7,5,5,0.2
DP-ad8d23ad672b1ee9,mobile,LG-V700,,chrome 52.0 for android,,1,1,1,1.0
DP-ad8f71e3c8426b1f,mobile,SCH-I545 Build/LRX22C,Android,chrome 63.0 for android,1920x1080,2,2,2,0.5
DP-ad906c429b7e1ed2,mobile,SM-G950U Build/NRD90M,,chrome 60.0 for android,,1,1,1,1.0
DP-ad9866d96ad509a7,desktop,xs-Z47b7VqTMxs,Windows 7,ie 11.0 for desktop,,1,1,1,1.0
DP-ad993a6c21623b22,mobile,SM-S550TL,,chrome 62.0 for android,,1,1,1,1.0
DP-ad9bb63f32a756af,mobile,SM-N950F Build/NMF26X,,chrome 61.0 for android,,1,1,1,1.0
DP-ad9e2cc8dfdcd8de,mobile,iOS Device,iOS 11.2.5,chrome 64.0 for ios,2224x1668,1,1,1,1.0
DP-ad9efa8941bd14f5,desktop,MacOS,Mac OS X 10_13_2,safari generic,2560x1600,131,86,86,0.011627906976744186
DP-ada0f5dd4fc1e64d,desktop,rv:45.0,Linux,firefox,1920x1200,1,1,1,1.0
DP-ada290434d455e9a,mobile,SAMSUNG SM-G570M Build/MMB29K,,samsung browser 6.4,,9,4,4,0.25
DP-adb129fd95a470aa,mobile,Build/OPR6.170623.013,,,,21,11,11,0.09090909090909091
DP-adb43dacd252965f,mobile,Moto C Plus Build/NRD90M.05.022,,chrome 56.0 for android,,3,3,3,0.3333333333333333
DP-adb9ce4dd9ac0cb3,mobile,SAMSUNG SM-G920A Build/NRD90M,Android 7.0,samsung browser 6.2,2560x1440,5,4,4,0.25
DP-adc9a7d5b151384c,mobile,SAMSUNG,Android 6.0.1,samsung browser 6.2,2560x1440,4,4,4,0.25
DP-adcf97957d6dfe34,mobile,A37f,,chrome 63.0 for android,,1,1,1,1.0
DP-adcfdb3e0f740da9,mobile,SM-G955U Build/R16NW,Android 8.0.0,chrome 66.0 for android,2220x1081,9,8,8,0.125
DP-add13ee6c3023a23,desktop,Windows,Windows 10,edge 15.0,1600x900,115,76,76,0.013157894736842105
DP-ade734294aa62b87,desktop,Windows,Windows 10,chrome 62.0,3200x1800,15,11,11,0.09090909090909091
DP-ade78170f43de201,mobile,SM-T237P,Android 5.1.1,chrome 62.0 for android,,1,1,1,1.0
DP-adf5ed633592234d,desktop,Trident/7.0,Windows 8.1,ie 11.0 for desktop,1440x900,8,8,8,0.125
DP-adf6ca582ee72e6a,mobile,SAMSUNG SM-G965U1 Build/R16NW,Android 8.0.0,other,2220x1081,1,1,1,1.0
DP-adf8ad5c023e45f1,mobile,SM-A320FL Build/NRD90M,,chrome 64.0 for android,,4,2,2,0.5
DP-adf9319a4f743ef9,mobile,SM-G930V Build/NRD90M,Android 7.0,chrome 64.0 for android,2560x1440,2,2,2,0.5
DP-ae1184fc139185c5,desktop,Windows,Windows 7,firefox generic,1680x1050,1,1,1,1.0
DP-ae1ad5cb285053b5,mobile,LG-X210 Build/LMY47I,,chrome 62.0 for android,,5,2,2,0.5
DP-ae25ab6db0323908,mobile,SM-G903M,,chrome 64.0 for android,,2,2,2,0.5
DP-ae3581828868d9cf,mobile,M4,,chrome 62.0 for android,,1,1,1,1.0
DP-ae372f033e3f2b0e,mobile,Redmi 4X Build/N2G47H,,chrome 64.0 for android,,12,6,6,0.16666666666666666
DP-ae3c9e83c39d3eeb,mobile,A3_mini,,chrome 63.0 for android,,1,1,1,1.0
DP-ae437ce9a2504a94,mobile,LG-M400 Build/NRD90U,,chrome 62.0 for android,,2,1,1,1.0
DP-ae4c17fe867bbc4d,mobile,Moto C Plus Build/NRD90M.05.034,,chrome 59.0 for android,,1,1,1,1.0
DP-ae5ad8f84d8afae7,desktop,rv:59.0,Mac OS X 10.12,firefox 59.0,2560x1440,9,7,7,0.14285714285714285
DP-ae5e6e0a018cb707,desktop,MacOS,Mac OS X 10_13_2,safari generic,1344x756,2,2,2,0.5
DP-ae5f46e87a22cb63,desktop,Windows,Windows 8.1,chrome 63.0,1728x972,1,1,1,1.0
DP-ae692773e6ff762e,mobile,SAMSUNG SM-G930F Build/NRD90M,,samsung browser 6.4,,8,7,7,0.14285714285714285
DP-ae695d8390a87efe,desktop,MacOS,Mac OS X 10_10_5,chrome 63.0,2880x1800,25,21,21,0.047619047619047616
DP-ae708131c7dbe032,mobile,F3213 Build/36.1.A.1.86,Android 7.0,chrome 63.0 for android,,1,1,1,1.0
DP-ae70fc11179758f5,mobile,SAMSUNG,Android 7.0,samsung browser 6.2,2562x1442,1,1,1,1.0
DP-ae7767dbc6921bf5,mobile,ASUS_X00ID,Android 7.1.1,chrome 65.0 for android,1280x720,2,2,2,0.5
DP-ae80b2856ec6c38c,mobile,SM-J500M Build/MMB29M,,chrome 60.0 for android,,4,1,1,1.0
DP-ae896f216d5f7bcd,mobile,SAMSUNG-SM-G930A Build/NRD90M,Android 7.0,chrome 60.0 for android,1920x1080,2,2,2,0.5
DP-ae92b14611c3c6ab,mobile,LG-TP450 Build/NRD90U,,chrome 63.0 for android,,4,3,3,0.3333333333333333
DP-ae96063d4ae6fb80,mobile,LG-D680 Build/KOT49I,,chrome 64.0 for android,,8,3,3,0.3333333333333333
DP-aea1c3602acaf783,mobile,2PS64 Build/NRD90M,,chrome 63.0 for android,,1,1,1,1.0
DP-aea237bc2d757003,mobile,SM-T700 Build/MMB29K,,chrome generic for android,,2,2,2,0.5
DP-aea8d5807bb3fed1,mobile,XT1053 Build/LPAS23.12-21.7-1,,chrome 66.0 for android,,1,1,1,1.0
DP-aeac285cff53b634,mobile,LGLS676 Build/MXB48T,Android 6.0.1,chrome 62.0 for android,1280x720,5,4,4,0.25
DP-aeadfeb842fe3244,desktop,MacOS,Mac OS X 10_13_2,chrome 63.0,1366x768,9,9,9,0.1111111111111111
DP-aeb913ab216f3d41,desktop,rv:58.0,Windows 10,firefox,1366x768,6,4,4,0.25
DP-aebc04167c3ffb36,mobile,MotoG3,,chrome 65.0 for android,,1,1,1,1.0
DP-aebd349bba15ef64,mobile,Nexus 5 Build/M4B30Z,,chrome generic for android,,2,1,1,1.0
DP-aec4c7c9fd7f36e5,mobile,FP2,,chrome 62.0 for android,,1,1,1,1.0
DP-aed1d6c7bd0e21ac,desktop,rv:38.0,Mac OS X 10.10,firefox,1366x768,1,1,1,1.0
DP-aee123d192f12e1f,desktop,MacOS,Mac OS X 10_12_6,safari generic,1280x720,1,1,1,1.0
DP-aeee50f3e5bd0823,desktop,MacOS,Mac OS X 10_9_5,safari 9.0,1280x1024,1,1,1,1.0
DP-aef797bd71d5050d,desktop,Windows,Windows 7,chrome 63.0,1600x1200,13,13,13,0.07692307692307693
DP-aefb11176b7d00bc,mobile,,Android 7.1.1,android webview 4.0,,1,1,1,1.0
DP-af0138df67eb5c0b,desktop,MacOS,Mac OS X 10_8_5,chrome 49.0,1920x1080,9,9,9,0.1111111111111111
DP-af0b45bd5017afd5,mobile,F1f Build/LMY47V,,chrome 63.0 for android,,4,3,3,0.3333333333333333
DP-af2774097d7ba34c,desktop,Windows,Windows Vista,ie,1366x768,1,1,1,1.0
DP-af27da287f1e56e1,mobile,SM-G955U Build/NRD90M,,chrome 63.0 for android,,13,11,11,0.09090909090909091
DP-af2d188f684dd10e,mobile,SM-N910H,,chrome 62.0 for android,,1,1,1,1.0
DP-af32d07f584ad534,desktop,rv:41.0,,firefox,,8,6,6,0.16666666666666666
DP-af3a22d214e362f7,mobile,SM-N950U Build/NMF26X,Android 7.1.1,chrome generic for android,,8,5,5,0.2
DP-af3eff19da5c54e4,desktop,Windows,Windows 8.1,firefox 57.0,1680x1050,2,2,2,0.5
DP-af3f5c00f57d1622,desktop,Windows,Windows 7,firefox 57.0,3200x1800,1,1,1,1.0
DP-af40b68ce76705dd,mobile,Lenovo TB3-710F Build/LRX21M,,chrome 65.0 for android,,3,1,1,1.0
DP-af412cc486fc424f,mobile,,,mobile,,3,3,3,0.3333333333333333
DP-af4ba4ddbe5babef,mobile,SM-G920V,Android 5.1.1,chrome 63.0 for android,2560x1440,1,1,1,1.0
DP-af4c8d48bae7e362,desktop,Nexus,,chrome generic,,1,1,1,1.0
DP-af5878067a5cf8de,mobile,Pixel 2 XL Build/OPM1.171019.013,Android 8.1.0,chrome 64.0 for android,,1,1,1,1.0
DP-af5bc1086faa60ef,mobile,GT-I8190L Build/JZO54K,,chrome 59.0 for android,,1,1,1,1.0
DP-af628adfb488170e,desktop,Windows,Windows 8.1,chrome 58.0,1366x768,5,5,5,0.2
DP-af64358fde0d7219,mobile,iOS Device,iOS,mobile safari 9.0,2001x1125,2,2,2,0.5
DP-af68891a3e65fa9a,mobile,HUAWEI G7-L03 Build/HuaweiG7-L03,,chrome 62.0 for android,,10,2,2,0.5
DP-af68ea2d6a4662e1,mobile,Lenovo,Android 6.0,chrome 66.0 for android,1920x1200,1,1,1,1.0
DP-af6a9c3622e7b7db,mobile,SM-G850M Build/LRX22G,,chrome 65.0 for android,,13,4,4,0.25
DP-af70762c0a450f53,mobile,iOS Device,iOS 11.0.1,mobile safari generic,2224x1668,2,1,1,1.0
DP-af762c1395becd9a,mobile,LG-X180g Build/LMY47I,,chrome 52.0 for android,,1,1,1,1.0
DP-af7a0a09693f3344,mobile,LG-K200 Build/MXB48T,,chrome 62.0 for android,,7,5,5,0.2
DP-af93a5deba4355e0,mobile,SAMSUNG SM-G570M Build/NRD90M,,samsung,,4,2,2,0.5
DP-af946a5cf4d636fb,mobile,XT1563 Build/MPD24.107-52,,chrome 59.0 for android,,1,1,1,1.0
DP-af9ad14c3f8f43f6,mobile,iOS Device,iOS 11.3.1,google,2224x1668,1,1,1,1.0
DP-af9b65b26b103041,mobile,BBB100-3,Android 7.1.1,chrome 63.0 for android,,3,2,2,0.5
DP-af9e309db0df6938,mobile,SM-G570M Build/NRD90M,,chrome 64.0 for android,,7,3,3,0.3333333333333333
DP-afac4bc669d0d1cf,desktop,MacOS,Mac OS X 10_10_5,chrome 63.0,1680x1050,4,4,4,0.25
DP-afaef5e8f091c307,mobile,LG-M700 Build/NMF26X,,android webview 4.0,,3,3,3,0.3333333333333333
DP-afb1d933320c2b49,mobile,SM-G920T1,,chrome 56.0 for android,,3,2,2,0.5
DP-afb2e48df45ce93a,mobile,iOS Device,iOS 11.3.1,google,1136x640,1,1,1,1.0
DP-afb9968ca9b43641,desktop,MacOS,Mac OS X 10_12_6,safari generic,1024x640,2,2,2,0.5
DP-afbd25dfc529286c,mobile,SM-J710MN Build/NRD90M,,chrome generic for android,,1,1,1,1.0
DP-afd8af2de644b25a,desktop,Windows,Windows 10,chrome 63.0,1600x1200,10,9,9,0.1111111111111111
DP-afd97d32e154b3ed,mobile,Alumini3 Build/MRA58K,,chrome 51.0 for android,,2,2,2,0.5
DP-afdf9a7b033fda6e,mobile,SAMSUNG-SM-J727AZ,Android 7.0,chrome 65.0 for android,1280x720,2,1,1,1.0
DP-afe5d555583a5aa8,mobile,iOS Device,iOS 11.3.0,mobile safari generic,2436x1125,132,78,78,0.01282051282051282
DP-afead914914c3eff,mobile,Android 7.1.2,,android webview 4.0,,1,1,1,1.0
DP-afec28056e52b02e,mobile,HUAWEI VNS-L23 Build/HUAWEIVNS-L23,,facebook,,1,1,1,1.0
DP-b000936ccb20913f,mobile,Redmi Note 4 Build/NRD90M,,chrome 58.0 for android,,5,3,3,0.3333333333333333
DP-b002e178ebbad06d,desktop,MacOS,Mac OS X 10_9_5,chrome,1440x900,1,1,1,1.0
DP-b00519a89123f9e1,desktop,Windows,Windows 10,chrome 67.0,1920x1080,5,4,4,0.25
DP-b00c7d26622e704a,desktop,Windows,Windows 10,chrome generic,1440x900,8,6,6,0.16666666666666666
DP-b00d9f7aa0726a75,mobile,A577VL,Android 7.1.1,chrome 65.0 for android,1280x720,1,1,1,1.0
DP-b012d2e3f53a3240,desktop,MacOS,Mac OS X 10_11_6,chrome 66.0,2560x1440,3,3,3,0.3333333333333333
DP-b01583673a60f2cf,mobile,SAMSUNG,Android 6.0.1,samsung browser 6.2,,1,1,1,1.0
DP-b017b5c5af1c2c32,mobile,SAMSUNG SM-J327T1 Build/NRD90M,Android 7.0,samsung browser 5.2,1280x720,9,4,4,0.25
DP-b026502eabc941e3,mobile,XT1563 Build/MPDS24.107-52-5,,chrome 59.0 for android,,1,1,1,1.0
DP-b029fabf2586a70e,mobile,SM-G900F Build/KOT49H,,chrome 64.0 for android,,3,1,1,1.0
DP-b058c9121a423cab,mobile,Advance,,chrome 56.0 for android,,2,1,1,1.0
DP-b06cdb8bce5cb68d,desktop,rv:56.0,Mac OS X 10.11,firefox 56.0,1280x720,1,1,1,1.0
DP-b07a3c5725c82600,desktop,Windows,Windows 10,edge 15.0,1152x864,3,3,3,0.3333333333333333
DP-b083f77e8caddae0,mobile,XT1254,,chrome 64.0 for android,,1,1,1,1.0
DP-b08723fd17a24135,desktop,rv:48.0,Mac OS X 10.12,firefox 48.0,2880x1800,1,1,1,1.0
DP-b08ca3998fc6ce0b,mobile,iOS Device,iOS 9.3.5,mobile safari 9.0,1136x640,4,4,4,0.25
DP-b08fb6c211d2bb8c,mobile,TA-1044 Build/OPR1.170623.026,,chrome 66.0 for android,,1,1,1,1.0
DP-b090dd28a63911e5,desktop,MacOS,Mac OS X 10_13_3,chrome 65.0,2880x1800,8,7,7,0.14285714285714285
DP-b095231cb31a2c5e,mobile,XT1580,,chrome 63.0 for android,,1,1,1,1.0
DP-b0966239bc9cc4da,desktop,MacOS,Mac OS X 10_13_2,chrome 63.0,3440x1440,2,1,1,1.0
DP-b09923e270e92f49,desktop,MacOS,Mac OS X 10_11_6,chrome 65.0,2560x1440,6,6,6,0.16666666666666666
DP-b0a1cca38beea300,desktop,rv:11.0,Windows 7,ie 11.0 for desktop,1366x768,44,38,38,0.02631578947368421
DP-b0aa8ca3bc722257,desktop,MacOS,Mac OS X 10_11_6,chrome 64.0,1440x900,34,19,19,0.05263157894736842
DP-b0ab4490f327c72c,desktop,Windows,Windows 10,firefox generic,1680x1050,1,1,1,1.0
DP-b0b7a2338fb46db1,mobile,HTC One A9s Build/MRA58K,,chrome generic for android,,7,2,2,0.5
DP-b0bc54333d9b5c12,mobile,STF-L09 Build/HUAWEISTF-L09,,chrome generic for android,,6,2,2,0.5
DP-b0becc2792569a80,mobile,iOS Device,iOS 11.2.6,mobile safari 11.0,2001x1125,4,4,4,0.25
DP-b0d00425d7e72f39,mobile,Nexus,,chrome 63.0 for android,,6,5,5,0.2
DP-b0d93b952bf6e90d,mobile,SM-J120H Build/LMY47V,,chrome 60.0 for android,,1,1,1,1.0
DP-b0d9adc3145eb905,desktop,MacOS,Mac OS X 10_12_6,safari 11.0,1280x800,4,1,1,1.0
DP-b0dafa9b1d1f8001,mobile,5051A Build/MMB29M,,chrome 58.0 for android,,1,1,1,1.0
DP-b0dc709ce37f331f,mobile,LG-K430 Build/MRA58K,,chrome 63.0 for android,,3,3,3,0.3333333333333333
DP-b0e3497d86d224fc,desktop,rv:52.0,Windows 7,firefox 52.0,1600x900,5,5,5,0.2
DP-b0e4ef1404a3c14b,mobile,Lenovo TB2-X30F Build/LenovoTB2-X30F,,chrome 63.0 for android,,4,2,2,0.5
DP-b0ec22979510ed0d,mobile,Pixel 2 XL Build/OPM2.171019.029,Android 8.1.0,chrome generic for android,2880x1440,1,1,1,1.0
DP-b0f007d18943a921,mobile,SM-A520W Build/NRD90M,,chrome 64.0 for android,,4,2,2,0.5
DP-b0f87b8c0fe77106,desktop,Windows,Windows 10,chrome 67.0,2560x1600,1,1,1,1.0
DP-b0f8ea595a0c0b79,mobile,Mi A1 Build/N2G47H,,chrome 63.0 for android,,8,3,3,0.3333333333333333
DP-b0f8f9125f8358f2,desktop,MacOS,Mac OS X 10_13_1,chrome 63.0,2880x1800,37,30,30,0.03333333333333333
DP-b0fde25091219372,desktop,MacOS,Mac OS X 10_12_6,chrome 63.0,5120x2880,11,9,9,0.1111111111111111
DP-b107ed0d335edfec,mobile,SAMSUNG SM-J730GM Build/NRD90M,,samsung browser 6.2,,30,11,11,0.09090909090909091
DP-b10e1f7e6d906521,mobile,HUAWEI TAG-L13 Build/HUAWEITAG-L13,,chrome 55.0 for android,,1,1,1,1.0
DP-b1108e258a0dc80a,mobile,iOS Device,iOS 11.0.3,chrome 63.0 for ios,2048x1536,5,3,3,0.3333333333333333
DP-b111bed42dd60f43,desktop,MacOS,Mac OS X 10_12_6,safari generic,1680x1050,13,10,10,0.1
DP-b11e8b9810deec26,mobile,Build/OPR1.170623.032,,chrome 66.0 for android,,1,1,1,1.0
DP-b1258143c21601e7,mobile,,Android,chrome 66.0,1024x600,1,1,1,1.0
DP-b13276acee58e8d7,desktop,Windows,Windows 8.1,chrome 62.0,2400x1350,2,2,2,0.5
DP-b13505ddbce95482,desktop,Windows,Windows 7,firefox 56.0,2560x1440,1,1,1,1.0
DP-b138c098cb34964f,mobile,SM-G930V Build/NRD90M,Android 7.0,chrome 60.0 for android,1920x1080,8,8,8,0.125
DP-b13ccf6fbe5f9488,desktop,rv:59.0,Mac OS X 10.9,firefox 59.0,1920x1080,1,1,1,1.0
DP-b13edcf2d1c8fbb5,mobile,F5321,,chrome 65.0 for android,,2,1,1,1.0
DP-b13fb6ea903cf05e,desktop,Windows,Windows 10,firefox 58.0,1440x900,3,3,3,0.3333333333333333
DP-b14746543119ce4e,mobile,SM-J727T1 Build/NRD90M,,chrome 60.0 for android,,1,1,1,1.0
DP-b149521a4c31b30f,mobile,VFD,Android 6.0,chrome 61.0 for android,,2,1,1,1.0
DP-b1500a593e442882,mobile,HTC One_M8 Build/MRA58K,,chrome 64.0 for android,,4,2,2,0.5
DP-b15359a219900729,mobile,SM-G531H Build/LMY48B,,chrome 52.0 for android,,8,2,2,0.5
DP-b1555a2290b72c7d,mobile,iOS Device,iOS 11.2.5,mobile safari uiwebview,2208x1242,2,1,1,1.0
DP-b156cd3ce64ea8b7,mobile,SM-G965F Build/R16NW,,chrome 65.0 for android,,7,1,1,1.0
DP-b15c005c1ad96dac,desktop,MacOS,Mac OS X 10_12_4,chrome generic,2560x1440,1,1,1,1.0
DP-b16219112c828cc8,mobile,HUAWEI RIO-L03 Build/HUAWEIRIO-L03,,chrome 64.0 for android,,33,8,8,0.125
DP-b171ee6b15b69eff,desktop,Windows,Windows 8.1,opera 49.0,1920x1080,1,1,1,1.0
DP-b1736cb67b4c0f5c,mobile,SM-G355M Build/KOT49H,,chrome 62.0 for android,,6,5,5,0.2
DP-b173d235ac4df553,desktop,Windows,Windows 8.1,firefox 59.0,1920x1080,7,7,7,0.14285714285714285
DP-b1798b03f7fed810,desktop,MacOS,Mac OS X 10_11_4,safari generic,1440x900,7,6,6,0.16666666666666666
DP-b17d7ecc2d5a92d5,mobile,SM-J700M Build/MMB29K,,android webview 4.0,,4,3,3,0.3333333333333333
DP-b17f8fca4012c6dc,mobile,VS986 Build/MRA58K,Android 6.0,chrome 66.0 for android,2560x1440,1,1,1,1.0
DP-b18e936044cd47a7,mobile,LG-X165g Build/LRX21M,,chrome 60.0 for android,,4,1,1,1.0
DP-b194f5d4c630a830,mobile,Moto G (5) Build/NPP25.137-82,,chrome generic,,52,16,16,0.0625
DP-b19bc0b294b71cd1,desktop,MacOS,Mac OS X 10_12_6,chrome 56.0,1920x1080,1,1,1,1.0
DP-b1a26c12e9c65749,desktop,MacOS,Mac OS X 10_13_3,chrome generic,2880x1800,1,1,1,1.0
DP-b1a413d9dab1e203,mobile,SAMSUNG SM-J320FN Build/LMY47V,,other,,3,1,1,1.0
DP-b1a624d315f396bd,desktop,MacOS,Mac OS X 10_12_1,safari generic,2560x1440,1,1,1,1.0
DP-b1ab850dcca2567a,desktop,Windows,Windows 8,chrome 65.0,1680x1050,1,1,1,1.0
DP-b1ac42c35bb0075e,mobile,U,,chrome 63.0 for android,,1,1,1,1.0
DP-b1b46b3575b3dbdb,desktop,MALC,Windows 7,ie 11.0 for desktop,1280x800,1,1,1,1.0
DP-b1b5c9a9c03ae71c,mobile,HUAWEI TAG-L13 Build/HUAWEITAG-L13,,chrome 62.0 for android,,7,7,7,0.14285714285714285
DP-b1bd4bce3690de71,desktop,Windows,Windows 10,firefox 57.0,1280x800,4,4,4,0.25
DP-b1cca52c9590f854,mobile,iOS Device,iOS 10.1.1,mobile safari generic,2048x1536,8,7,7,0.14285714285714285
DP-b1d0187f5aef59cd,mobile,SM-J320P Build/LMY47X,,chrome 63.0 for android,,1,1,1,1.0
DP-b1d18be5a4834371,desktop,Windows,Windows 10,firefox 57.0,3440x1440,6,6,6,0.16666666666666666
DP-b1d8ec000d5e51e3,mobile,SM-G930T Build/NRD90M,Android 7.0,chrome 63.0 for android,1920x1080,30,22,22,0.045454545454545456
DP-b1dec090245aca93,mobile,iOS Device,iOS 11.2.0,google search application 48.0,1334x750,2,2,2,0.5
DP-b1e35552c5726446,mobile,STK_Sync_5e,,chrome 65.0 for android,,1,1,1,1.0
DP-b1e67b60b9266b31,desktop,Windows,Windows 10,chrome 51.0,1680x1050,1,1,1,1.0
DP-b1e892c4a257f982,desktop,Windows,Windows 7,chrome 65.0,1600x900,69,56,56,0.017857142857142856
DP-b1f12a4a5a3df4c1,mobile,GT-I9060M Build/KTU84P,,chrome 60.0 for android,,2,1,1,1.0
DP-b201eb0c9fc2a549,desktop,Windows NT 6.1,Windows 7,ie,1920x1080,11,10,10,0.1
DP-b204b599cfcf0698,mobile,SM-J320V Build/MMB29M,,chrome 65.0 for android,,1,1,1,1.0
DP-b20551d0e258c3d6,desktop,Linux x86_64,Linux,firefox 60.0,1920x1080,2,1,1,1.0
DP-b20d4d3d32326e1e,mobile,SM-A300H Build/LRX22G,,chrome 65.0 for android,,54,25,25,0.04
DP-b21214172b262090,mobile,VS425PP Build/LMY47V,Android 5.1.1,chrome 50.0 for android,855x480,17,12,12,0.08333333333333333
DP-b216aaef1380c369,mobile,LG-D855,,chrome 65.0 for android,,2,1,1,1.0
DP-b218d17c889b60e5,desktop,Windows,Windows 10,firefox 58.0,1366x768,53,29,29,0.034482758620689655
DP-b21b2a6b1c3adac8,mobile,M4 SS4456 Build/LMY47V,,chrome 65.0 for android,,13,10,10,0.1
DP-b21da4bacf185ade,desktop,,,safari generic,1136x640,1,1,1,1.0
DP-b229d26a828ce914,mobile,SM-J111M Build/LMY47V,,chrome 57.0 for android,,3,1,1,1.0
DP-b22d61975a2b1b8c,mobile,SM-N920P Build/NRD90M,,chrome 63.0 for android,,1,1,1,1.0
DP-b231e6274d2d8951,desktop,SM-N900W8 Build/LRX21V,,chrome generic,,5,4,4,0.25
DP-b23bcca7343d477c,mobile,Moto G (4) Build/NPJ25.93-14,,chrome 66.0 for android,,1,1,1,1.0
DP-b2479fb75a6baf26,mobile,AX821 Build/MRA58K,,chrome generic for android,,1,1,1,1.0
DP-b24806b691565b09,mobile,iOS Device,iOS 10.3.3,mobile safari 10.0,1136x640,180,115,115,0.008695652173913044
DP-b24c9c952129e863,desktop,Windows,Windows 7,firefox 58.0,1920x1200,7,4,4,0.25
DP-b2507e976e3bf3ed,desktop,rv:53.0,Windows 7,firefox,1920x1080,2,1,1,1.0
DP-b26230f8bf9458aa,mobile,P5526A Build/NRD90M,,chrome 62.0 for android,,1,1,1,1.0
DP-b269329240e687e3,mobile,SM-J500H,,chrome 58.0 for android,,1,1,1,1.0
DP-b26b0f34b6c1306b,desktop,SAMSUNG SM-N900T Build/LRX21V,,chrome generic,,1,1,1,1.0
DP-b26f508263cff0d2,mobile,SM-G950U Build/NRD90M,Android 7.0,chrome 60.0 for android,2960x1440,1,1,1,1.0
DP-b2762f9ae4e838f7,desktop,MacOS,Mac OS X 10_13_5,safari 11.0,1920x1080,1,1,1,1.0
DP-b276fb135b37b871,desktop,Windows,Windows 10,chrome 57.0,2049x1152,1,1,1,1.0
DP-b277472c61d9ccd6,mobile,Shift Build/LMY47I,,chrome 46.0 for android,,1,1,1,1.0
DP-b27b93e1ab54cba3,mobile,SM-S920L,Android 5.0.2,chrome 63.0 for android,960x540,1,1,1,1.0
DP-b2868ccff7cd1bdf,mobile,iOS Device,iOS 10.3.3,google,2001x1125,1,1,1,1.0
DP-b287e73e323c535b,mobile,Ilium,,chrome 63.0 for android,,1,1,1,1.0
DP-b289e0ed1d9eae4b,mobile,LG-K550,Android 6.0.1,chrome 62.0 for android,1280x720,1,1,1,1.0
DP-b2937b198ee6b2b2,desktop,MacOS,Mac OS X 10_11_6,safari generic,1280x768,2,1,1,1.0
DP-b29aef2aa51f367e,mobile,LG-H542 Build/MRA58K,,chrome generic for android,,1,1,1,1.0
DP-b2a7ce71a1c00a9d,mobile,M4,,chrome 63.0 for android,,2,2,2,0.5
DP-b2ad1a3e309d57cc,desktop,Windows,Windows 10,chrome 63.0,1280x1025,9,8,8,0.125
DP-b2ad9bd502cc9bf6,desktop,MacOS,Mac OS X 10_12_6,chrome 63.0,1920x1080,67,46,46,0.021739130434782608
DP-b2bdad5866bda313,desktop,LG-H542 Build/LRX22G,,chrome,,2,1,1,1.0
DP-b2bfc4a0dfbcb1dd,mobile,RCT6773W22B,,chrome 63.0 for android,,1,1,1,1.0
DP-b2cff733744e5976,mobile,SM-N910T Build/LMY47X,,chrome 65.0 for android,,1,1,1,1.0
DP-b2d73fe0de641bd9,mobile,Le X520 Build/IEXCNFN5902303111S,,chrome generic for android,,2,2,2,0.5
DP-b2d8c02f4e08773b,desktop,rv:11.0,Windows 7,ie 11.0 for desktop,1280x800,18,9,9,0.1111111111111111
DP-b2d9c5a1abfdfede,mobile,SM-N950U Build/NMF26X,Android 7.1.1,chrome 66.0 for android,2220x1081,4,4,4,0.25
DP-b2da755286d1d893,mobile,LGMP260 Build/NRD90U,,chrome 62.0 for android,,1,1,1,1.0
DP-b2e0d5639438066b,desktop,rv:58.0,Mac OS X 10.12,firefox generic,1920x1080,1,1,1,1.0
DP-b2e9e75ffa230ed0,desktop,XT1032 Build/LPBS23.13-56-2,,chrome generic,,2,1,1,1.0
DP-b2eb725aaf7945d1,mobile,SGH-I337M Build/LRX22C,,chrome 62.0 for android,,2,2,2,0.5
DP-b2efa8c49553fb38,mobile,LG-K540 Build/MMB29M,Android 6.0.1,chrome 62.0 for android,1280x720,3,2,2,0.5
DP-b2fa48ec1508b1a0,desktop,MacOS,Mac OS X 10_13_4,chrome 65.0,3840x2160,2,2,2,0.5
DP-b3021bbb1a78bcee,mobile,MotoG3-TE,,chrome 62.0 for android,,1,1,1,1.0
DP-b303d61b384493db,desktop,Windows,Windows 10,edge 16.0,1280x1024,49,30,30,0.03333333333333333
DP-b303dba37fdf7359,mobile,Mi A1 Build/OPR1.170623.026,,,,12,8,8,0.125
DP-b3046bfd38303045,mobile,Pixel 2 XL Build/OPM2.171019.029,Android 8.1.0,chrome generic for android,2880x1442,1,1,1,1.0
DP-b30a6c5f4471b24b,desktop,rv:59.0,,firefox generic,,1,1,1,1.0
DP-b30bdd84c28b3179,mobile,iOS Device,iOS 11.0.0,mobile safari 11.0,1334x750,45,30,30,0.03333333333333333
DP-b3117ec476b79121,mobile,GT-I9060M Build/KTU84P,,chrome 62.0 for android,,1,1,1,1.0
DP-b3210f4819a9dc2b,mobile,SM-T530 Build/LRX22G,,chrome 64.0 for android,,2,2,2,0.5
DP-b331be4cba466eeb,mobile,F3113,,chrome 63.0 for android,,2,2,2,0.5
DP-b342c83f900230cc,mobile,F80 PIABELLA Build/MRA58K,,chrome generic for android,,1,1,1,1.0
DP-b34d8a370bbcf9bb,mobile,CLT-L09,,chrome 66.0 for android,,1,1,1,1.0
DP-b350323c1eba1b1b,desktop,Windows,Windows 10,edge 15.0,2160x1440,10,8,8,0.125
DP-b3542a9610314096,mobile,Max,,android webview 4.0,,1,1,1,1.0
DP-b357bce80b09475a,mobile,SM-G928G Build/NRD90M,,chrome 61.0 for android,,1,1,1,1.0
DP-b3580e5e170dcbff,mobile,XT1650,Android 6.0.1,chrome 64.0 for android,2560x1440,1,1,1,1.0
DP-b3589ef60b09d204,desktop,Windows,Windows 7,chrome 64.0,1280x720,8,5,5,0.2
DP-b358b73021737eeb,mobile,SM-G610M Build/MMB29K,,chrome 62.0 for android,,40,18,18,0.05555555555555555
DP-b359562a2fe3d331,mobile,iOS Device,iOS,chrome,2048x1536,1,1,1,1.0
DP-b361490d57518c35,mobile,SAMSUNG SM-N910A Build/MMB29M,,samsung browser 6.2,,2,1,1,1.0
DP-b364be9a17d940e0,mobile,SM-T113NU Build/KTU84P,,chrome 62.0 for android,,1,1,1,1.0
DP-b36b0930462cfc01,mobile,LGLS676 Build/MXB48T,Android 6.0.1,chrome 65.0 for android,1280x720,3,2,2,0.5
DP-b3728387480189a4,mobile,SM-G550T1 Build/MMB29K,Android 6.0.1,chrome 55.0 for android,1280x720,1,1,1,1.0
DP-b379fc7de218d640,desktop,Windows,Windows 7,,1920x1080,2,2,2,0.5
DP-b390c7435d9ecb98,desktop,rv:52.0,Windows 8.1,firefox 52.0,1280x1024,1,1,1,1.0
DP-b396050946e71269,desktop,MacOS,Mac OS X 10_13_2,chrome 63.0,3200x1800,1,1,1,1.0
DP-b3962a4d9506bdcb,mobile,iOS Device,iOS 11.1.2,mobile safari generic,2224x1668,1,1,1,1.0
DP-b3add2a6c6959f37,mobile,BLL-L23 Build/HUAWEIBLL-L23,,chrome 60.0 for android,,2,2,2,0.5
DP-b3c3c763d25a114f,desktop,MacOS,Mac OS X 10_11_6,safari 11.0,1920x1200,6,6,6,0.16666666666666666
DP-b3c7f759fae4d985,desktop,Windows NT 6.2,Windows 8,ie,1600x900,1,1,1,1.0
DP-b3d43667ed9fcae7,mobile,SM-T817T,Android 7.0,chrome 63.0 for android,2048x1536,1,1,1,1.0
DP-b3d8b462481188f0,mobile,XT1032,,chrome 64.0 for android,,1,1,1,1.0
DP-b3d913bf910d0f4c,mobile,XT1032,,chrome 65.0 for android,,1,1,1,1.0
DP-b3dd0f93aa4220f6,mobile,MotoG3 Build/MPIS24.107-55-2-17,,chrome 63.0 for android,,1,1,1,1.0
DP-b3e95f9f1632db4a,desktop,Windows,Windows Vista,chrome 49.0,1408x880,1,1,1,1.0
DP-b3eb07453fe067a9,mobile,BLL-L23 Build/HUAWEIBLL-L23,,chrome generic for android,,3,3,3,0.3333333333333333
DP-b3ecbfd7aa198f87,desktop,Windows,Windows 10,edge 14.0,1365x768,2,1,1,1.0
DP-b3f2b357782f1b2b,desktop,MacOS,Mac OS X 10_11_6,opera 51.0,1920x1080,1,1,1,1.0
DP-b3f3f2baf7e83211,desktop,Windows,Windows 10,chrome 59.0,1440x900,1,1,1,1.0
DP-b3fe2ce0dcd92b56,mobile,HTC One Build/LRX22G,Android 5.0.2,chrome 63.0 for android,1920x1080,3,2,2,0.5
DP-b3ffcb15df1e74e3,mobile,FRD-L14 Build/HUAWEIFRD-L14,Android 7.0,chrome 63.0 for android,1920x1080,1,1,1,1.0
DP-b40277701db94228,mobile,LG-X165g Build/LRX21M,,chrome 52.0 for android,,6,1,1,1.0
DP-b40564f67427c552,mobile,D5803 Build/23.5.A.1.291,,chrome 63.0 for android,,2,2,2,0.5
DP-b40776176ae05d10,desktop,Windows,Windows 8.1,chrome generic,1600x900,3,3,3,0.3333333333333333
DP-b40964906756127e,mobile,GT-I9060L Build/JDQ39,,chrome 54.0 for android,,1,1,1,1.0
DP-b4118b7e200c054e,mobile,Z835 Build/NMF26V,,other,,2,2,2,0.5
DP-b41231fab33bfe99,mobile,XT1565,Android 7.1.1,android webview 4.0,1920x1080,2,1,1,1.0
DP-b41668778d1637f7,desktop,MacOS,Mac OS X 10_10_5,safari generic,1366x768,42,37,37,0.02702702702702703
DP-b420b195ebde1c1a,mobile,LG-LS998,Android 7.1.2,chrome 62.0 for android,,1,1,1,1.0
DP-b421d8a0f68ecac9,mobile,Z971,,chrome 55.0 for android,,1,1,1,1.0
DP-b42a48283993c913,mobile,SAMSUNG SM-N910A Build/MMB29M,Android 6.0.1,samsung browser 6.2,2560x1440,4,3,3,0.3333333333333333
DP-b4334600b5e4d828,mobile,Z981 Build/MMB29M,Android 6.0.1,chrome 64.0 for android,1920x1080,4,3,3,0.3333333333333333
DP-b4336722c515eec0,mobile,WAS-LX1A Build/HUAWEIWAS-LX1A,,chrome 63.0 for android,,13,5,5,0.2
DP-b4347239703cf61f,mobile,SM-G935V Build/NRD90M,Android 7.0,chrome 60.0 for android,1280x720,4,3,3,0.3333333333333333
DP-b434df2dee28a196,mobile,Redmi 4X Build/N2G47H,,chrome 62.0 for android,,2,2,2,0.5
DP-b4394b686fcfc474,mobile,SM-T807T,Android 4.4.2,chrome 63.0 for android,2560x1600,1,1,1,1.0
DP-b44962eb4c044a43,desktop,rv:45.0,Windows 7,firefox,1920x1080,2,2,2,0.5
DP-b44e2b1a32cc0481,mobile,SM-G935P Build/NRD90M,Android 7.0,chrome 62.0 for android,,1,1,1,1.0
DP-b4508772743e8b10,desktop,MacOS,Mac OS X 10_10_5,chrome 62.0,2560x1600,27,21,21,0.047619047619047616
DP-b4583fcad2445827,mobile,iOS Device,iOS 11.2.6,mobile safari generic,2732x2048,26,20,20,0.05
DP-b459b5ddb22a9819,desktop,Trident/7.0,Windows 10,ie 11.0 for desktop,2560x1440,10,9,9,0.1111111111111111
DP-b45c3234d041d251,mobile,F80 PIABELLA Build/MRA58K,,chrome 64.0 for android,,1,1,1,1.0
DP-b45f982143036db5,desktop,,,firefox 55.0,,1,1,1,1.0
DP-b46143f93c147198,mobile,Moto C Build/NRD90M.070,,chrome 58.0 for android,,2,1,1,1.0
DP-b469d7c991b1ad15,desktop,MacOS,Mac OS X 10_8_5,chrome 49.0,1366x768,5,5,5,0.2
DP-b472c9de32c9fc7b,desktop,MacOS,Mac OS X 10_10_5,safari 10.0,2560x1440,1,1,1,1.0
DP-b4740078a7b5013e,desktop,Windows,Windows 10,chrome 60.0,1920x1200,3,3,3,0.3333333333333333
DP-b4804770f1a2b37d,desktop,MacOS,Mac OS X 10_10_5,safari generic,1344x840,2,2,2,0.5
DP-b480a76da526c94b,mobile,iOS Device,iOS 10.3.3,mobile safari 10.0,2208x1242,164,97,97,0.010309278350515464
DP-b48c9b2fb94aad47,mobile,TA-1039 Build/N2G47H,,chrome 62.0 for android,,3,2,2,0.5
DP-b491d6fc7b81b03a,mobile,Lenovo PB2-650Y Build/MRA58K,,chrome 66.0 for android,,10,2,2,0.5
DP-b4a0995ef66688a6,desktop,MacOS,Mac OS X 10_12_6,chrome 65.0,1280x800,9,5,5,0.2
DP-b4a7eaf5b693ccb9,mobile,TA-1038 Build/NMF26O,,chrome 65.0 for android,,5,3,3,0.3333333333333333
DP-b4a8fb906dbdfe1c,desktop,Windows,Windows Vista,firefox 52.0,1152x864,15,4,4,0.25
DP-b4aa0b6ada8adaa7,mobile,SM-P550 Build/MMB29M,,chrome 62.0 for android,,3,3,3,0.3333333333333333
DP-b4aa497f87ccda30,mobile,LGMP450 Build/NRD90U,Android 7.0,chrome 62.0 for android,1920x1080,5,5,5,0.2
DP-b4ad7756398d1e3b,desktop,MacOS,Mac OS X 10_11_4,safari 9.0,1440x900,1,1,1,1.0
DP-b4b16c07b3322ed2,desktop,MacOS,Mac OS X 10_12_6,chrome 62.0,2560x1080,1,1,1,1.0
DP-b4b7ffa38b7162f8,desktop,MacOS,Mac OS X 10_13_2,chrome 64.0,6720x3780,1,1,1,1.0
DP-b4b8383e96740a81,desktop,Windows,Windows 7,chrome 65.0,1584x990,1,1,1,1.0
DP-b4bd08b8d6d9fe74,mobile,RCT6303W87M7 Build/MRA58K,Android 6.0,chrome 62.0 for android,1280x800,1,1,1,1.0
DP-b4c65d69cf69c06a,mobile,HUAWEI VNS-L21 Build/HUAWEIVNS-L21,,chrome 65.0 for android,,1,1,1,1.0
DP-b4d164b5bc2b551f,desktop,rv:49.0,Windows 7,firefox,1440x900,1,1,1,1.0
DP-b4d785c6717160ac,mobile,SAMSUNG-SM-G930A Build/NRD90M,Android 7.0,chrome 64.0 for android,1280x720,1,1,1,1.0
DP-b4d7b9ad205a12f3,desktop,MacOS,Mac OS X 10_13_4,chrome 65.0,1366x768,9,3,3,0.3333333333333333
DP-b4da2f4363aac8ff,mobile,LG-H870 Build/NRD90U,,chrome 62.0 for android,,20,10,10,0.1
DP-b4db3390153b1cf9,mobile,SM-G935P Build/NRD90M,Android 7.0,chrome 62.0 for android,1920x1080,3,3,3,0.3333333333333333
DP-b4de05af2a71d40d,desktop,Windows,Windows 10,chrome 63.0,7500x5000,1,1,1,1.0
DP-b4e16c514b4ce8fa,mobile,SM-J110M Build/LMY48B,,chrome 55.0 for android,,4,3,3,0.3333333333333333
DP-b4e4f84e3dc525f5,desktop,Windows,Windows 7,chrome 63.0,1280x712,2,1,1,1.0
DP-b4f2d76281530606,mobile,SAMSUNG SM-G920I Build/NRD90M,,samsung browser generic,,1,1,1,1.0
DP-b4f944cc9b02bbb4,mobile,SM-T827V Build/NRD90M,Android 7.0,chrome 63.0 for android,2048x1536,1,1,1,1.0
DP-b4fdd420d34132b4,desktop,MacOS,Mac OS X 10_13_2,chrome 56.0,1440x900,1,1,1,1.0
DP-b4fe69d27f6adf27,mobile,iOS Device,iOS 10.3.3,mobile safari generic,1136x640,43,36,36,0.027777777777777776
DP-b50cfea73b44c13f,mobile,SM-G550T1 Build/MMB29K,Android 6.0.1,chrome 61.0 for android,1280x720,1,1,1,1.0
DP-b513fa67e3574f35,desktop,MacOS,Mac OS X 10_12_6,safari generic,2880x1800,242,137,137,0.0072992700729927005
DP-b51a9d401b956a25,desktop,KFTHWI Build/KTU84M,,chrome generic,,1,1,1,1.0
DP-b51bbdf60d34a4a6,mobile,LG-LK460,Android 7.1.1,chrome 62.0 for android,,1,1,1,1.0
DP-b51d94e036caff85,desktop,Trident/7.0,Windows 10,ie 11.0 for desktop,1919x1200,2,2,2,0.5
DP-b523ffa8b3f3029b,mobile,SM-J320FN Build/LMY47V,,chrome 66.0 for android,,3,2,2,0.5
DP-b5271eeb3fc024b0,desktop,MacOS,Mac OS X 10_11_6,chrome 63.0,5120x2880,8,6,6,0.16666666666666666
DP-b52762f00ae7c871,desktop,MacOS,Mac OS X 10_12_6,chrome 63.0,1800x1125,1,1,1,1.0
DP-b535e1090cebd405,mobile,SM-G610F Build/NRD90M,,chrome generic for android,,1,1,1,1.0
DP-b53f283402f2c441,mobile,XT1563 Build/MPD24.107-52,,chrome 63.0 for android,,6,3,3,0.3333333333333333
DP-b53f472adb566983,mobile,LG-X180g Build/LMY47I,,chrome 61.0 for android,,7,5,5,0.2
DP-b542dcd78b9364a1,mobile,GT-I9515,,chrome 63.0 for android,,1,1,1,1.0
DP-b5457033b3dd4b17,mobile,SAMSUNG-SM-T337A Build/LMY47X,Android 5.1.1,chrome 63.0 for android,,1,1,1,1.0
DP-b54629d51500e1c9,mobile,Neffos X1 Max Build/NRD90M,,chrome 63.0 for android,,1,1,1,1.0
DP-b555b6d4525f7306,mobile,SAMSUNG-SM-G935A Build/NRD90M,Android 7.0,chrome 63.0 for android,2560x1440,1,1,1,1.0
DP-b556d9170c14f90d,mobile,GT-I9515,,chrome 65.0 for android,,1,1,1,1.0
DP-b569e12a9f39af1a,mobile,SM-T350 Build/NMF26X,Android 7.1.1,chrome 63.0 for android,1024x768,4,4,4,0.25
DP-b56ce06c9d8b4742,mobile,,Android,,855x480,1,1,1,1.0
DP-b571f7b420f8646b,mobile,ONEPLUS A5000 Build/NMF26X,,chrome 63.0 for android,,2,2,2,0.5
DP-b574f4ab48945c21,mobile,Lenovo TAB 2 A7-30GC Build/KOT49H,,chrome 55.0 for android,,4,1,1,1.0
DP-b587e043a2206efc,mobile,SAMSUNG-SM-T377A Build/MMB29K,,chrome generic for android,,1,1,1,1.0
DP-b58baf97402c5ceb,desktop,Windows,Windows 10,firefox 59.0,3000x2000,2,2,2,0.5
DP-b59221bc2ad3d59f,desktop,Windows,Windows 10,chrome 66.0,1920x1080,430,215,215,0.004651162790697674
DP-b59b41ae704e319a,desktop,Windows,Windows 7,chrome 63.0,1920x1080,1421,585,585,0.0017094017094017094
DP-b59c25676f0c92f6,desktop,Windows,Windows 10,edge 15.0,1280x800,8,4,4,0.25
DP-b5ba077858f0dda6,mobile,SM-A710M Build/NRD90M,,chrome 65.0 for android,,3,1,1,1.0
DP-b5c5d6033b5ee293,desktop,Windows,Windows 7,chrome 55.0,1680x1050,3,2,2,0.5
DP-b5ccaba2602b0e8b,desktop,rv:38.0,,firefox,,12,7,7,0.14285714285714285
DP-b5d17597de87dcf8,desktop,rv:11.0,Windows 7,ie 11.0 for desktop,1152x864,1,1,1,1.0
DP-b5d5328dfc6c6922,desktop,rv:57.0,Mac OS X 10.11,firefox 57.0,1440x900,26,22,22,0.045454545454545456
DP-b5db42e1c1b9e6fb,desktop,MacOS,Mac OS X 10_9_5,safari generic,1280x720,1,1,1,1.0
DP-b5e08be5371bae65,desktop,MacOS,Mac OS X 10_11_6,chrome generic,5120x2880,1,1,1,1.0
DP-b5e6f9c2b2a129d4,desktop,MacOS,Mac OS X 10_7_5,chrome 49.0,1439x809,1,1,1,1.0
DP-b5eb294fd96a1c72,mobile,SM-G950U1 Build/NRD90M,,chrome 63.0 for android,,5,4,4,0.25
DP-b5f6b77e62a44f84,mobile,SM-N950U Build/NMF26X,Android 7.1.1,chrome generic for android,2961x1442,1,1,1,1.0
DP-b6079a7f156deeec,mobile,iOS Device,iOS 11.0.3,mobile safari uiwebview,1136x640,1,1,1,1.0
DP-b60ce6b0494cb0cb,mobile,LG-M320 Build/NRD90U,,chrome 65.0 for android,,5,5,5,0.2
DP-b616f85d2672bdc9,mobile,GT-S7580L Build/JDQ39,,other,,2,1,1,1.0
DP-b61e7a813d847712,mobile,Pixel Build/OPM1.171019.011,,chrome 63.0 for android,,8,2,2,0.5
DP-b61fea6ecf084f56,mobile,SM-T813 Build/NRD90M,Android 7.0,chrome 62.0 for android,2048x1536,1,1,1,1.0
DP-b620e9c96c0acf4e,mobile,SAMSUNG SM-N950U Build/NMF26X,Android 7.1.1,samsung browser generic,2961x1442,5,3,3,0.3333333333333333
DP-b624a8ea147b1698,desktop,Windows,Windows 10,edge 17.0,1919x1079,2,2,2,0.5
DP-b626a5db5853fac5,mobile,VS987 Build/NRD90U,Android 7.0,chrome 64.0 for android,,1,1,1,1.0
DP-b63a4d8c0c6ba1af,mobile,G8142,,chrome 66.0 for android,,1,1,1,1.0
DP-b6429783bc242f4a,desktop,MacOS,Mac,chrome 64.0,3360x2100,1,1,1,1.0
DP-b64492818360bd19,desktop,MacOS,Mac OS X 10_13_4,safari generic,2560x1440,10,8,8,0.125
DP-b648af9b75429cf9,mobile,SM-A310M Build/NRD90M,,chrome 64.0 for android,,1,1,1,1.0
DP-b652c170d03aa14e,desktop,Windows,Windows 7,chrome 64.0,1281x720,1,1,1,1.0
DP-b654c364adede05b,desktop,MacOS,Mac OS X 10_10_5,chrome 62.0,1920x1080,27,20,20,0.05
DP-b6760e6b18d62acd,mobile,0PM92,,chrome 64.0 for android,,2,2,2,0.5
DP-b684c3cf63556207,desktop,MacOS,Mac OS X 10_13_3,safari generic,3200x1800,3,3,3,0.3333333333333333
DP-b686720dcab1176f,desktop,MacOS,Mac,chrome 60.0,1440x900,1,1,1,1.0
DP-b68ae16ab012b7ee,mobile,LG-TP260 Build/NRD90U,Android 7.0,chrome 61.0 for android,1280x720,1,1,1,1.0
DP-b69354cfba5d9015,mobile,SM-G930V Build/MMB29M,Android 6.0.1,chrome 60.0 for android,2560x1440,5,2,2,0.5
DP-b69786efd67fa875,mobile,Blade L2 Plus Build/KOT49H,,chrome 62.0 for android,,2,1,1,1.0
DP-b6a80c9aeda89293,mobile,SM-G920V Build/NRD90M,,chrome generic for android,,1,1,1,1.0
DP-b6b1be7a581458e0,desktop,,Linux,chrome generic,2560x1440,5,2,2,0.5
DP-b6b7812dd98e12ef,mobile,ALCATEL ONE TOUCH 7042A Build/JDQ39,,chrome 61.0 for android,,1,1,1,1.0
DP-b6c124d4e2902bef,desktop,Windows,Windows 8,chrome 61.0,,1,1,1,1.0
DP-b6c584950ba23bce,mobile,SM-G900L,,chrome 63.0 for android,,1,1,1,1.0
DP-b6c891d9d2daee68,desktop,rv:57.0,Mac OS X 10.13,firefox 57.0,2560x1600,29,24,24,0.041666666666666664
DP-b6cefedb3505f1e0,desktop,MacOS,Mac,chrome 61.0,2560x1600,2,2,2,0.5
DP-b6cf3becf9100b82,desktop,MacOS,Mac OS X 10_9_5,chrome 66.0,2560x1600,2,2,2,0.5
DP-b6dafac0e60d982b,mobile,5017A,,chrome 64.0 for android,,1,1,1,1.0
DP-b6f21441fe779175,mobile,VS985,Android 6.0,chrome 63.0 for android,2560x1440,1,1,1,1.0
DP-b6f2999b0d83cacd,desktop,MacOS,Mac OS X 10_12_6,chrome 62.0,,2,1,1,1.0
DP-b71c03996b368047,mobile,M4 SS4456 Build/LMY47V,,chrome 46.0 for android,,6,6,6,0.16666666666666666
DP-b7239f416045484a,mobile,F3113 Build/33.3.A.1.97,,chrome 66.0 for android,,4,4,4,0.25
DP-b72539fe3ab60454,desktop,rv:57.0,Mac OS X 10.11,firefox 57.0,1366x768,7,6,6,0.16666666666666666
DP-b72da403909c0790,mobile,BG2-W09,,chrome 63.0 for android,,2,1,1,1.0
DP-b733a6a8fa172f89,mobile,iOS Device,iOS 10.3.3,mobile safari uiwebview,1334x750,1,1,1,1.0
DP-b73a966198a865f7,desktop,Blade V6 Build/LRX22G,,chrome generic,,2,2,2,0.5
DP-b746eb5c600ae292,mobile,HTC Desire 530 Build/MMB29M,,chrome 58.0 for android,,1,1,1,1.0
DP-b761f70e434c467e,mobile,SM-J530GM Build/NRD90M,,chrome 65.0 for android,,11,5,5,0.2
DP-b7638f6dc0200715,mobile,G3313 Build/43.0.A.7.25,,chrome 66.0 for android,,2,1,1,1.0
DP-b76c1c1dd7198002,mobile,Gravity Build/NRD90M,,chrome 58.0 for android,,1,1,1,1.0
DP-b76d2c85bdf581e2,mobile,en-us,Android,chrome generic,1920x1080,1,1,1,1.0
DP-b76db171c1ecedfa,desktop,rv:42.0,Windows 7,firefox,1920x1080,2,2,2,0.5
DP-b76fd1772d859b8b,desktop,MacOS,Mac OS X 10_12_6,chrome 65.0,1680x1050,1,1,1,1.0
DP-b777f1b61af76cbc,mobile,F8331 Build/41.2.A.7.76,,chrome 62.0 for android,,2,2,2,0.5
DP-b7869ab9a2413927,mobile,SM-N900V Build/LRX21V,Android 5.0,chrome 59.0 for android,1920x1080,1,1,1,1.0
DP-b7938aec56ddf543,mobile,BLN-L21 Build/HONORBLN-L21,,chrome generic for android,,1,1,1,1.0
DP-b79567280138fdc5,mobile,iOS Device,iOS 11.2.1,mobile safari uiwebview,2208x1242,2,2,2,0.5
DP-b7957ba30507a0fc,desktop,Windows,Windows 7,opera 49.0,1440x900,1,1,1,1.0
DP-b7989a6dac02f646,mobile,SAMSUNG SM-G965U Build/R16NW,Android 8.0.0,samsung browser 7.0,2220x1081,8,6,6,0.16666666666666666
DP-b79c3d6c771da827,mobile,SM-N910V Build/MMB29M,Android 6.0.1,chrome 63.0 for android,2560x1440,12,12,12,0.08333333333333333
DP-b7b27adf45d0056b,mobile,Moto,,chrome 56.0 for android,,1,1,1,1.0
DP-b7b37286ed74262a,mobile,M4 SS4453 Build/MMB29M,,chrome 62.0 for android,,3,3,3,0.3333333333333333
DP-b7b566c801d5f829,mobile,SM-T377V,Android 6.0.1,chrome 62.0 for android,,1,1,1,1.0
DP-b7b9275113a1cede,mobile,iOS Device,iOS 11.2.5,mobile safari 11.0,1136x640,6,4,4,0.25
DP-b7bb30b47c35efa6,desktop,MacOS,Mac OS X 10_12_3,chrome 63.0,2560x1440,1,1,1,1.0
DP-b7bc4754cc32df82,mobile,XT1032 Build/KXB21.14-L1.40,,chrome 60.0 for android,,1,1,1,1.0
DP-b7c9dc306f73df33,desktop,rv:53.0,Windows 7,firefox,1366x768,1,1,1,1.0
DP-b7caab340514119e,mobile,LG-K450 Build/MXB48T,Android 6.0.1,chrome 62.0 for android,1280x720,4,2,2,0.5
DP-b7d61719f66c24eb,mobile,F3113 Build/33.3.A.1.97,,chrome 65.0 for android,,12,7,7,0.14285714285714285
DP-b7df2d653d494910,mobile,SM-G955U Build/NRD90M,Android 7.0,chrome 65.0 for android,2220x1081,7,5,5,0.2
DP-b7eaa1ee21a68069,mobile,SM-A320Y Build/NRD90M,,chrome 66.0 for android,,7,5,5,0.2
DP-b7f8800cb82e6b7a,mobile,HTC_One_M8s/2.12.111.1,,,,1,1,1,1.0
DP-b8021583309165d0,mobile,XT1585 Build/NCK25.118-10.5,Android 7.0,chrome 62.0 for android,2560x1440,5,5,5,0.2
DP-b81a9303630d9198,mobile,LG-H815 Build/MRA58K,,chrome 62.0 for android,,1,1,1,1.0
DP-b81ab9fa54d7541b,desktop,rv:54.0,Windows 10,firefox,1280x800,1,1,1,1.0
DP-b8216a7fd68fe428,mobile,SM-J111M Build/LMY47V,,chrome 62.0 for android,,8,7,7,0.14285714285714285
DP-b82f4dfd5cda0587,mobile,XT1254 Build/MCG24.251-5-5,Android 6.0.1,chrome 62.0 for android,2560x1440,4,4,4,0.25
DP-b83716c8dd147c4e,mobile,ASUS_Z00AD Build/LRX21V,,chrome 65.0 for android,,3,2,2,0.5
DP-b83f6ae9f76e96f6,mobile,SM-J120H Build/LMY47V,,chrome 62.0 for android,,4,3,3,0.3333333333333333
DP-b844b54c5c2f48fa,mobile,SM-G920V Build/NRD90M,Android 7.0,chrome generic for android,2560x1440,1,1,1,1.0
DP-b845baf2191d20c8,desktop,MacOS,Mac OS X 10_9_5,chrome 61.0,1920x1080,1,1,1,1.0
DP-b8491841a81ab3a7,mobile,SAMSUNG,,chrome generic,,30,22,22,0.045454545454545456
DP-b8609efcb2d0dc58,mobile,HTC Desire 530 Build/MMB29M,Android 6.0.1,chrome 63.0 for android,1280x720,1,1,1,1.0
DP-b868460e0d437a66,mobile,ALCATEL ONE TOUCH 5036A Build/JDQ39,,chrome 64.0 for android,,1,1,1,1.0
DP-b86a5d9c6aa0472d,desktop,MacOS,Mac OS X 10_10_5,chrome 59.0,2560x1440,1,1,1,1.0
DP-b86bdd20f5244836,desktop,MacOS,Mac OS X 10_13_3,safari generic,2560x1600,80,56,56,0.017857142857142856
DP-b8757076f94379d6,mobile,SM-G935P Build/NRD90M,,chrome 59.0 for android,,5,1,1,1.0
DP-b881f395e6e67a69,desktop,MacOS,Mac OS X 10_12_2,safari generic,3360x2100,1,1,1,1.0
DP-b88aa935e4c5abcd,mobile,Ilium L950 Build/KTU84P,,chrome,,3,1,1,1.0
DP-b89029a0e9aa9f32,desktop,Windows,Windows 10,edge 16.0,3200x1800,5,5,5,0.2
DP-b897ec97a629debf,desktop,rv:56.0,Mac OS X 10.12,firefox 56.0,1280x800,2,2,2,0.5
DP-b8a0fe5c90345355,desktop,,Linux,chrome 64.0,1536x864,3,3,3,0.3333333333333333
DP-b8a73eb66fcc0c69,mobile,LG-M154,,chrome 65.0 for android,,1,1,1,1.0
DP-b8b693c95d337dd9,desktop,MacOS,Mac OS X 10_11_5,chrome 65.0,3840x2160,1,1,1,1.0
DP-b8c048724962fdd4,mobile,LG-M700 Build/NMF26X,,other,,1,1,1,1.0
DP-b8c20984aed7d2fd,mobile,VTR-L09 Build/HUAWEIVTR-L09,,chrome 64.0 for android,,8,5,5,0.2
DP-b8c8f6c8c451e553,mobile,Blade V6 Build/LRX22G,,chrome 63.0 for android,,14,7,7,0.14285714285714285
DP-b8d541588b7622c5,mobile,LGMS631 Build/MRA58K,,chrome 64.0 for android,,1,1,1,1.0
DP-b8dc8728d2d6cc44,mobile,XT1021,,chrome 63.0 for android,,4,1,1,1.0
DP-b8e2bd92ab69c8f4,mobile,P00C,,chrome 63.0 for android,,1,1,1,1.0
DP-b8f1e125f356aa6e,desktop,MacOS,Mac OS X 10_12_6,safari generic,1366x768,37,27,27,0.037037037037037035
DP-b902eb17bfdf817d,mobile,iOS Device,iOS 11.2.5,mobile safari generic,2436x1125,140,85,85,0.011764705882352941
DP-b92008c8f48567ff,mobile,STV100-2 Build/MMB29M,,chrome 63.0 for android,,1,1,1,1.0
DP-b928e581ddb0a1f3,desktop,Moto E (4) Plus Build/NMA26.42-142,,chrome generic,,5,2,2,0.5
DP-b93377b18e6a8bb8,mobile,HTC U11 Build/NMF26X,,chrome 63.0 for android,,1,1,1,1.0
DP-b936486c13587146,desktop,Windows,Windows 8.1,firefox 58.0,1440x900,1,1,1,1.0
DP-b940115af17d0794,mobile,M4,,other,,1,1,1,1.0
DP-b94ef9aac010be8c,mobile,iOS Device,iOS 11.3.1,mobile safari generic,2436x1125,2,1,1,1.0
DP-b950cc9db9429f38,mobile,Lenovo K33b36 Build/NRD90N,,chrome 65.0 for android,,5,4,4,0.25
DP-b9635791b1139e7f,mobile,iOS Device,iOS 11.2.6,mobile safari generic,1334x750,488,226,226,0.004424778761061947
DP-b96d55e576f530bb,mobile,SM-J727T Build/NRD90M,Android 7.0,chrome generic for android,1280x720,1,1,1,1.0
DP-b973260104c8dfe6,desktop,Windows,Windows 10,chrome 64.0,3440x1440,2,2,2,0.5
DP-b9745c2efca2f65f,mobile,F3313 Build/37.0.A.2.248,,chrome 65.0 for android,,9,5,5,0.2
DP-b988139cfdeb76a9,desktop,MacOS,Mac OS X 10_12_6,chrome 65.0,2560x1440,6,4,4,0.25
DP-b98cf96e2a809b4c,mobile,SM-J727P,Android 7.0,chrome 64.0 for android,1280x720,1,1,1,1.0
DP-b98f0863956cb58b,mobile,SM-N950F Build/NMF26X,,chrome 62.0 for android,,1,1,1,1.0
DP-b98fe6833aed96b6,mobile,Ilium X710 Build/MRA58K,,chrome generic for android,,1,1,1,1.0
DP-b9958cab3bf8a82b,mobile,iOS Device,iOS 11.2.5,google search application 48.0,1136x640,1,1,1,1.0
DP-b995d5aeb2671ced,mobile,SM-G530H Build/KTU84P,,chrome 62.0 for android,,2,2,2,0.5
DP-b99698f919413fac,mobile,Redmi 5 Plus Build/N2G47H,,chrome generic for android,,1,1,1,1.0
DP-b9a481f1278c0019,desktop,rv:52.0,Windows Vista,firefox 52.0,1280x768,3,1,1,1.0
DP-b9aab5d1b31d036b,desktop,,Linux,chrome 66.0,1280x800,1,1,1,1.0
DP-b9b00af2e8d60c0a,mobile,vivo,,chrome 65.0 for android,,1,1,1,1.0
DP-b9b1c5c8fd219921,mobile,SM-J327P Build/MMB29M,Android 6.0.1,chrome 64.0 for android,1280x720,1,1,1,1.0
DP-b9c4dedb72eaed1c,mobile,Moto G (5) Plus Build/NPN25.137-82,,chrome generic,,45,20,20,0.05
DP-b9c8505f4fcd6886,desktop,Windows,Windows 10,chrome 63.0,2560x1080,24,19,19,0.05263157894736842
DP-b9c9ac8c05cf4c47,mobile,iOS Device,iOS 11.4.0,mobile safari 11.0,1136x640,1,1,1,1.0
DP-b9d025c871e01361,mobile,MYA-L13 Build/HUAWEIMYA-L13,,other,,3,2,2,0.5
DP-b9d49f5298f3f497,mobile,Z963VL,Android 5.1.1,chrome 63.0 for android,1920x1080,2,2,2,0.5
DP-b9d84fee6388e539,desktop,rv:48.0,Mac,firefox 48.0,2048x1152,1,1,1,1.0
DP-b9d959c20aae7f85,mobile,LGLS676 Build/MXB48T,Android 6.0.1,chrome 66.0 for android,1280x720,2,2,2,0.5
DP-b9e0467f73936b78,mobile,LG-D680 Build/KOT49I,,chrome 63.0 for android,,1,1,1,1.0
DP-b9e0dd336036c9e4,mobile,Nexus,Android 5.1.1,chrome 63.0 for android,,1,1,1,1.0
DP-b9e1043bc540b2e9,desktop,MacOS,Mac OS X 10_13_1,safari generic,1360x768,2,2,2,0.5
DP-b9e2c351f3f93b2e,mobile,Moto Z2 Play Build/NPS26.74-16-1,,chrome 61.0 for android,,1,1,1,1.0
DP-b9e898da7545918b,desktop,Windows,Windows 7,chrome 62.0,1600x1200,5,4,4,0.25
DP-b9eb4ec18debb45b,mobile,TA-1044 Build/NMF26F,,chrome 64.0 for android,,2,2,2,0.5
DP-b9f25b523687f0f6,mobile,SM-G610F,,chrome 63.0 for android,,3,3,3,0.3333333333333333
DP-b9f9c9154499aeac,mobile,Android 4.4.2,Android 4.4.2,chrome generic,1280x732,1,1,1,1.0
DP-ba08912cdc39f7ea,mobile,VS880,Android 5.1.1,chrome 59.0 for android,1280x720,1,1,1,1.0
DP-ba0fd6cbdc0bcce1,desktop,rv:58.0,Mac OS X 10.13,firefox 58.0,2560x1440,1,1,1,1.0
DP-ba14160f1b4eb93f,desktop,Y635-L03 Build/HuaweiY635-L03,,chrome,,1,1,1,1.0
DP-ba16b3acd2a021f1,mobile,Moto G Play Build/NPIS26.48-36-2,,chrome 66.0 for android,,1,1,1,1.0
DP-ba16f5e8c5c1afd0,desktop,MacOS,Mac OS X 10_11_6,chrome 65.0,1920x1080,26,16,16,0.0625
DP-ba1ddfabe8a823dd,desktop,MacOS,Mac OS X 10_10_5,chrome 62.0,5120x2880,2,1,1,1.0
DP-ba22bad2acf43f92,mobile,iOS Device,iOS 10.3.2,mobile safari 10.0,2732x2048,5,5,5,0.2
DP-ba26b2d66f400b2d,mobile,SM-N920T Build/NRD90M,,chrome 64.0 for android,,2,2,2,0.5
DP-ba2c13cc1bf30ac3,desktop,MacOS,Mac OS X 10_13_1,chrome 62.0,1280x800,19,14,14,0.07142857142857142
DP-ba2cc5e782e2240d,desktop,Windows,Windows 7,chrome 56.0,1920x1080,14,13,13,0.07692307692307693
DP-ba37ad3907ad6839,mobile,,Android,silk,1281x801,2,2,2,0.5
DP-ba3a8d4e9a30663a,mobile,P5026A,,chrome generic for android,,1,1,1,1.0
DP-ba3f2ffc084ff096,mobile,E5606,,chrome 62.0 for android,,1,1,1,1.0
DP-ba417305b2778940,desktop,MacOS,Mac OS X 10_11_6,chrome 58.0,1920x1080,5,1,1,1.0
DP-ba443048d7caa286,mobile,SGP511,,chrome 65.0 for android,,1,1,1,1.0
DP-ba445900b6e2ec02,mobile,SAMSUNG SM-G930T Build/NRD90M,Android 7.0,samsung browser 6.2,1920x1080,9,9,9,0.1111111111111111
DP-ba4b2ddafc7594be,mobile,A0001 Build/MHC19Q,Android 6.0.1,chrome 62.0 for android,1920x1080,2,2,2,0.5
DP-ba51656319645db5,mobile,ASUS_Z01KD,Android 7.1.1,chrome 63.0 for android,1920x1080,1,1,1,1.0
DP-ba545d1c71be93d1,mobile,SM-G930P Build/NRD90M,Android 7.0,chrome 62.0 for android,1280x720,1,1,1,1.0
DP-ba5f051f4723bf3d,mobile,,Android,chrome,855x480,1,1,1,1.0
DP-ba5fa636452a4e57,mobile,Nexus,Android 8.0.0,,2562x1442,1,1,1,1.0
DP-ba662ef35ab5085a,mobile,C6906,,chrome 64.0 for android,,1,1,1,1.0
DP-ba69c079bbc81eb5,mobile,SAMSUNG SM-G955F Build/NRD90M,,samsung browser 6.2,,9,6,6,0.16666666666666666
DP-ba6eceb21779c2a9,mobile,ALP-L09 Build/HUAWEIALP-L09,,chrome 65.0 for android,,6,4,4,0.25
DP-ba794584b426fae5,mobile,SAMSUNG SM-J710MN Build/MMB29K,,samsung browser 6.4,,3,2,2,0.5
DP-ba87821cc11e52ba,mobile,SM-G550T1 Build/MMB29K,Android 6.0.1,android webview 4.0,1280x720,1,1,1,1.0
DP-ba8dcab677170db3,mobile,Hisense L675 Build/MRA58K,,chrome 59.0 for android,,2,2,2,0.5
DP-ba8e1096dd0e0e6a,mobile,moto x4 Build/OPWS27.57-40-6,,samsung browser 6.2,,5,2,2,0.5
DP-ba8ff4ba948ed8ed,mobile,SAMSUNG SM-G925F Build/NRD90M,,samsung browser 6.2,,10,8,8,0.125
DP-ba94e0074fbfb450,mobile,HUAWEI Y360-U23 Build/HUAWEIY360-U23,,other,,1,1,1,1.0
DP-ba954f50af5ef834,desktop,Windows,Windows Vista,aol,1600x900,1,1,1,1.0
DP-ba9b49e1f77ed484,mobile,SAMSUNG SM-J327A Build/NRD90M,,samsung browser 6.4,,6,2,2,0.5
DP-baa2df609eff5c42,mobile,SM-G530P,Android 5.1.1,chrome 63.0 for android,960x540,1,1,1,1.0
DP-baa3c2e69f080fd3,desktop,Windows,Windows 7,chrome 57.0,1680x1050,1,1,1,1.0
DP-baaf62e8e5759867,mobile,FEVER,,chrome 63.0 for android,,1,1,1,1.0
DP-bab032146689dc84,mobile,LG-K410 Build/LRX22G,,chrome 62.0 for android,,19,9,9,0.1111111111111111
DP-bad07ccc33678f31,mobile,LG-H831 Build/NRD90U,,chrome generic for android,,1,1,1,1.0
DP-bad1a4017bcbf24c,mobile,PSPC550 Build/LMY47D,,chrome 63.0 for android,,1,1,1,1.0
DP-bad338ada3739383,mobile,HTC6545LVW,Android 8.0.0,chrome 66.0 for android,2560x1440,1,1,1,1.0
DP-bad698a49164839e,mobile,SM-T320 Build/KOT49H,,chrome 55.0 for android,,1,1,1,1.0
DP-bad7c2fb4a3e3118,mobile,iOS Device,iOS 11.1.0,mobile safari generic,2048x1536,4,4,4,0.25
DP-badf9c7f580fcb2f,mobile,SM-J327T Build/NRD90M,Android 7.0,chrome 61.0 for android,1280x720,1,1,1,1.0
DP-bae2ad5a892e8d99,desktop,Windows,Windows 10,edge 15.0,1024x768,13,10,10,0.1
DP-bae5d9f6c1782950,mobile,SM-J700M Build/LMY48B,,chrome 63.0 for android,,17,9,9,0.1111111111111111
DP-baef56efea6d2851,mobile,SM-G955U Build/NRD90M,Android 7.0,chrome 63.0 for android,2961x1440,2,2,2,0.5
DP-bb00bedefe2d5fb3,desktop,,,chrome 65.0,,1285,230,230,0.004347826086956522
DP-bb0f03ee4a3f3773,mobile,SAMSUNG SM-N950U Build/NMF26X,,samsung browser 6.2,,1,1,1,1.0
DP-bb123882fe07842b,desktop,MacOS,Mac OS X 10_12_6,chrome 65.0,4096x2304,1,1,1,1.0
DP-bb1a6ba7a5f024ab,mobile,SENS,,android webview 4.0,,1,1,1,1.0
DP-bb2adc8ddb885959,desktop,MacOS,Mac OS X 10_13_3,safari generic,5120x2880,23,16,16,0.0625
DP-bb3320032a1460ec,mobile,LG-M153 Build/MXB48T,,chrome 65.0 for android,,4,3,3,0.3333333333333333
DP-bb390618910bb422,mobile,SAMSUNG SM-A320FL Build/NRD90M,,samsung browser 6.4,,2,1,1,1.0
DP-bb437d125e981b28,mobile,Z410,,chrome 62.0 for android,,1,1,1,1.0
DP-bb45d80c5a64964a,mobile,SAMSUNG SM-N950U Build/NMF26X,Android 7.1.1,samsung browser generic,,5,5,5,0.2
DP-bb46eff7dea95684,mobile,SM-J120H Build/LMY47V,,chrome 65.0 for android,,1,1,1,1.0
DP-bb541a8fd0ebe330,desktop,Trident/7.0,Windows 10,ie 11.0 for desktop,1776x1000,2,2,2,0.5
DP-bb5edc1852348643,desktop,Windows,Windows 10,edge 17.0,1920x1200,2,2,2,0.5
DP-bb689c74befb4895,mobile,SM-G950U1 Build/NRD90M,Android 7.0,chrome 63.0 for android,,1,1,1,1.0
DP-bb6e465a4824dfe0,mobile,iOS Device,iOS 11.1.0,mobile safari 11.0,2224x1668,6,6,6,0.16666666666666666
DP-bb6ebf6b7e949c0c,desktop,Windows,Windows 7,chrome 65.0,2400x1500,2,1,1,1.0
DP-bb71ff97f7eb392d,mobile,SM-G955U Build/NRD90M,Android 7.0,android webview 4.0,2220x1080,4,1,1,1.0
DP-bb7fb34ed01b7539,mobile,XT1635-02 Build/NPN26.118-22-2,,chrome 65.0 for android,,30,16,16,0.0625
DP-bb7fdbb0f62b258f,mobile,SM-G935F Build/NRD90M,,chrome 62.0 for android,,33,19,19,0.05263157894736842
DP-bb829bc91449196e,desktop,MacOS,Mac OS X 10_11_6,chrome 63.0,1440x900,119,73,73,0.0136986301369863
DP-bb925b85fbf9fdcf,desktop,Windows,Windows 7,firefox 57.0,1024x600,1,1,1,1.0
DP-bb967498fbd55653,desktop,,Linux,chrome 64.0,2961x1442,29,4,4,0.25
DP-bb9c6392bf54b989,mobile,SM-E700M,,chrome 66.0 for android,,1,1,1,1.0
DP-bb9cc1130d96a4b1,mobile,SAMSUNG SM-A510F Build/NRD90M,,samsung browser 6.2,,3,3,3,0.3333333333333333
DP-bba6b962e653cfbb,desktop,rv:57.0,Mac OS X 10.12,firefox 57.0,1440x900,23,20,20,0.05
DP-bba6ba83bf748bee,mobile,SM-G950U Build/NRD90M,Android 7.0,chrome 62.0 for android,,7,2,2,0.5
DP-bba7540cb61404e5,mobile,Moto C Build/NRD90M.057,,chrome generic for android,,7,2,2,0.5
DP-bba7b32d4aa413fc,desktop,MacOS,Mac OS X 10_7_5,safari generic,2560x1440,4,2,2,0.5
DP-bba9c6e21b83f2ad,mobile,SM-T113 Build/KTU84P,,chrome 63.0 for android,,2,2,2,0.5
DP-bbd00d716642e48f,mobile,SAMSUNG,Android 6.0.1,samsung browser 6.4,2562x1442,1,1,1,1.0
DP-bbd28752d36d5d88,mobile,SAMSUNG SM-N920A Build/NRD90M,Android 7.0,other,,1,1,1,1.0
DP-bbd35eae5f25670a,desktop,MacOS,Mac OS X 10_12_6,chrome 65.0,2880x1800,20,15,15,0.06666666666666667
DP-bbd63e571e5ac20d,mobile,SM-G900M Build/LRX21T,,chrome 62.0 for android,,8,5,5,0.2
DP-bbde02196fd3b600,desktop,MacOS,Mac,chrome 61.0,1366x768,3,3,3,0.3333333333333333
DP-bbe0ad37e733d5bb,desktop,MacOS,Mac OS X 10_13_1,chrome 64.0,1920x1080,8,6,6,0.16666666666666666
DP-bbf57832d4f55513,mobile,SAMSUNG SM-N910A Build/MMB29M,Android 6.0.1,samsung browser generic,2560x1440,3,1,1,1.0
DP-bbf952f09af91d37,desktop,rv:57.0,Windows 7,firefox 57.0,1920x1080,15,13,13,0.07692307692307693
DP-bbfa69f2903e5557,mobile,SM-G928P Build/NRD90M,,chrome 65.0 for android,,1,1,1,1.0
DP-bc0177c84299a7d3,mobile,SM-J120FN Build/LMY47X,,chrome 64.0 for android,,3,2,2,0.5
DP-bc0a76b53893e82e,desktop,rv:58.0,Windows 8.1,firefox 58.0,1600x900,1,1,1,1.0
DP-bc0e1504c532cf75,mobile,Redmi,,chrome 65.0 for android,,2,2,2,0.5
DP-bc1899c1d412d841,mobile,SAMSUNG-SGH-I337,,chrome 63.0 for android,,1,1,1,1.0
DP-bc1dd8bf9aea00ee,desktop,Windows,Windows 7,chrome,1680x1050,9,4,4,0.25
DP-bc21957ec1d4adb9,mobile,SM-G530H Build/LRX22G,,chrome 58.0 for android,,2,2,2,0.5
DP-bc2564dcf34bce6f,mobile,SM-G800M Build/KOT49H,,chrome 63.0 for android,,1,1,1,1.0
DP-bc29847f605506ba,desktop,Windows,Windows Vista,chrome 49.0,1440x900,24,20,20,0.05
DP-bc343ee64b0e1632,mobile,Hisense F32 Build/NMF26F,,chrome generic for android,,2,1,1,1.0
DP-bc3487044fa3c916,mobile,SM-T350 Build/NMF26X,Android 7.1.1,chrome 63.0 for android,,2,1,1,1.0
DP-bc374feb3d2e8533,mobile,es-us,,android webview 4.0,,25,12,12,0.08333333333333333
DP-bc37f4bd443aa27d,desktop,rv:54.0,Mac OS X 10.12,firefox,1920x1080,1,1,1,1.0
DP-bc46791abcc62923,desktop,Lenovo TB3-710F Build/LRX21M,,chrome generic,,1,1,1,1.0
DP-bc492d039b0afcf2,mobile,SM-G900W8,,chrome 62.0 for android,,1,1,1,1.0
DP-bc494142f76ccea8,desktop,Windows,Windows 8.1,chrome 65.0,2880x1620,1,1,1,1.0
DP-bc531457c7b1b701,mobile,Hisense L675 Build/MRA58K,,chrome 63.0 for android,,11,3,3,0.3333333333333333
DP-bc6036b4c751deec,mobile,LG-H990 Build/NRD90M,,chrome 64.0 for android,,2,2,2,0.5
DP-bc65de195ba601d8,mobile,SM-G930U Build/NRD90M,Android 7.0,chrome 65.0 for android,1920x1080,1,1,1,1.0
DP-bc68c11d5248e6b0,mobile,E5506 Build/29.1.A.0.101,,chrome 62.0 for android,,1,1,1,1.0
DP-bc6bac88d81d4464,mobile,XT1635-01 Build/NDNS26.118-23-12-3,Android 7.1.1,chrome 63.0 for android,,1,1,1,1.0
DP-bc6ed1b0f109643f,mobile,Hisense F23 Build/NRD90M,,chrome 54.0 for android,,13,5,5,0.2
DP-bc72071885e92891,mobile,SM-G7105,,chrome 64.0 for android,,1,1,1,1.0
DP-bc73389ff0fb081f,desktop,rv:11.0,Windows 7,ie 11.0 for desktop,1920x1080,181,106,106,0.009433962264150943
DP-bc7c1ecd7fd80bb3,mobile,5012G Build/MRA58K,,chrome 62.0 for android,,9,8,8,0.125
DP-bc7d546fc5a8f721,desktop,rv:54.0,Windows 10,firefox,1920x1080,2,2,2,0.5
DP-bc7da17d78606cc8,mobile,Fractal,,android webview 4.0,,2,1,1,1.0
DP-bc7e8e5f5346452a,desktop,MacOS,Mac OS X 10_12_6,safari generic,5120x2880,47,31,31,0.03225806451612903
DP-bc8fd6e1521c3600,mobile,MotoG3 Build/MPIS24.65-33.1-2-16,,chrome 65.0 for android,,8,6,6,0.16666666666666666
DP-bc97057e09f3825c,mobile,SM-T810 Build/NRD90M,Android 7.0,chrome 61.0 for android,2048x1536,2,2,2,0.5
DP-bca89aa0b8b3b32c,mobile,LG-D802,,chrome 63.0 for android,,1,1,1,1.0
DP-bcab6b5dbdc5f426,desktop,MacOS,Mac OS X 10_13_2,safari generic,5120x2880,57,35,35,0.02857142857142857
DP-bcb045a084232b64,desktop,rv:52.0,Windows 10,firefox,1680x1050,2,2,2,0.5
DP-bcb3fbca451416ee,mobile,SAMSUNG SM-G531H Build/LMY48B,,samsung browser 3.3,,5,4,4,0.25
DP-bcb43acba1b4c428,mobile,SM-G928P Build/NRD90M,Android 7.0,chrome 63.0 for android,,1,1,1,1.0
DP-bcb6abd0e8dc0ec9,mobile,ONE,,chrome 57.0 for android,,3,1,1,1.0
DP-bcbbfa4f33d7b425,desktop,MacOS,Mac OS X 10_13_4,safari generic,1920x1200,1,1,1,1.0
DP-bcbc0d4df803c062,mobile,SM-A720F Build/MMB29K,,chrome 62.0 for android,,14,6,6,0.16666666666666666
DP-bcbf34b7984d2488,mobile,iOS Device,iOS 11.0.3,mobile safari 11.0,2048x1536,168,105,105,0.009523809523809525
DP-bccd7745b669d737,mobile,V502015,,Cherry,,1,1,1,1.0
DP-bcdcd2b913532125,mobile,SM-A510M Build/MMB29K,,chrome 65.0 for android,,1,1,1,1.0
DP-bce080fd5cdb2bee,mobile,Aquaris U Plus Build/NMF26F,,chrome 63.0 for android,,1,1,1,1.0
DP-bce63731ece70bec,mobile,SAMSUNG SM-G935T Build/NRD90M,Android 7.0,samsung browser 6.4,1920x1080,2,2,2,0.5
DP-bced28989f35bba6,mobile,VS986 Build/MRA58K,Android 6.0,chrome 65.0 for android,2560x1440,1,1,1,1.0
DP-bcf1560aa6d740fa,mobile,SM-J327T1 Build/NRD90M,Android 7.0,chrome 62.0 for android,1280x720,1,1,1,1.0
DP-bcf7e9726f65b07d,desktop,rv:52.0,Windows Vista,firefox 52.0,1440x900,4,3,3,0.3333333333333333
DP-bcf810fb07fc7cdc,mobile,F3213 Build/36.1.A.1.86,,chrome 58.0 for android,,2,2,2,0.5
DP-bcfa8cb090e5f62e,mobile,iOS Device,iOS 11.2.5,mobile safari generic,2001x1125,56,36,36,0.027777777777777776
DP-bd004005438187fa,desktop,Windows,Windows 7,chrome 62.0,1600x900,138,92,92,0.010869565217391304
DP-bd0eaace9c50716b,mobile,Pixel,Android 8.1.0,chrome 63.0 for android,2562x1442,1,1,1,1.0
DP-bd127feb6f058649,mobile,SM-J530GM Build/NRD90M,,chrome 63.0 for android,,5,3,3,0.3333333333333333
DP-bd14868f558c053f,mobile,Ilium L910 Build/MRA58K,,chrome 64.0 for android,,3,3,3,0.3333333333333333
DP-bd1c238c3f8eb5f5,mobile,SAMSUNG-SM-G935A Build/NRD90M,Android 7.0,chrome 65.0 for android,1920x1080,2,2,2,0.5
DP-bd23830e85fa8b14,mobile,XT1023,,chrome 51.0 for android,,1,1,1,1.0
DP-bd2b94d3f4dbfb8b,desktop,MacOS,Mac OS X 10_11_6,safari 9.0,4096x2304,1,1,1,1.0
DP-bd2c5de2befdc7af,desktop,Windows,Windows Vista,chrome 49.0,1366x768,11,9,9,0.1111111111111111
DP-bd3297df4e23a9b2,desktop,LG-X220 Build/LMY47I,,chrome generic,,2,1,1,1.0
DP-bd341dfa47c853d1,desktop,MacOS,Mac OS X 10_13_4,chrome generic,1920x1200,1,1,1,1.0
DP-bd35bbc30ed78380,mobile,Blade V6 Plus Build/MRA58K,,chrome 56.0 for android,,1,1,1,1.0
DP-bd3f9917243ffb90,mobile,iOS Device,iOS 11.1.1,mobile safari generic,2048x1536,19,12,12,0.08333333333333333
DP-bd411493d1e6596e,mobile,ALP-L09 Build/HUAWEIALP-L09,,samsung browser 6.2,,1,1,1,1.0
DP-bd55942dac46f93f,mobile,SAMSUNG SM-A720F Build/NRD90M,,samsung browser 6.4,,9,6,6,0.16666666666666666
DP-bd5955c6787bf957,desktop,,Linux,chrome 60.0,2560x1440,1,1,1,1.0
DP-bd70d51debf235eb,mobile,LG-H910 Build/NRD90M,Android 7.0,chrome 62.0 for android,2560x1440,1,1,1,1.0
DP-bd757f47a6d5eb43,mobile,LG-K410 Build/LRX22G,,chrome 56.0 for android,,1,1,1,1.0
DP-bd881f3c939ded0a,desktop,MacOS,Mac OS X 10_12_6,chrome 62.0,1024x640,1,1,1,1.0
DP-bd942211c066089e,mobile,HTC Desire 10 lifestyle Build/MMB29M,,chrome 63.0 for android,,19,11,11,0.09090909090909091
DP-bd959d02bea5a8e2,mobile,SM-G935V Build/NRD90M,Android 7.0,chrome 63.0 for android,2560x1440,9,9,9,0.1111111111111111
DP-bd98607342c71c34,desktop,rv:11.0,Windows 7,ie 11.0 for desktop,1280x768,2,2,2,0.5
DP-bd9c092d6df274de,mobile,iOS Device,iOS 11.2.6,google,2048x1536,1,1,1,1.0
DP-bda22c24feefd659,desktop,rv:52.0,Linux,firefox 52.0,2560x1440,1,1,1,1.0
DP-bda8473e50af9829,desktop,Windows,Windows 8.1,firefox generic,1280x800,1,1,1,1.0
DP-bdb5e10e213a12ef,mobile,SAMSUNG,Android 5.1.1,chrome generic,,3,3,3,0.3333333333333333
DP-bdb6a9387e7cb4f7,desktop,Windows,Windows 8.1,chrome 64.0,1280x800,1,1,1,1.0
DP-bdb91f7feaf2c2b8,desktop,Windows,Windows 7,chrome 63.0,2880x1620,1,1,1,1.0
DP-bdc57f830642ce17,mobile,LG-X230 Build/MRA58K,,chrome 60.0 for android,,3,3,3,0.3333333333333333
DP-bdc6ceed7f7e7e00,mobile,SM-J700T Build/NMF26X,Android 7.1.1,chrome 66.0 for android,1280x720,1,1,1,1.0
DP-bdc9fb7cb04c8d11,mobile,BLL-L23 Build/HUAWEIBLL-L23,,chrome 66.0 for android,,6,4,4,0.25
DP-bdd181a58bb3498e,mobile,HTC,Android 8.0.0,chrome 66.0 for android,1920x1080,1,1,1,1.0
DP-bde2a16541432513,mobile,SM-A520F Build/MMB29K,,chrome generic for android,,2,1,1,1.0
DP-bde4dd25a4164976,desktop,MacOS,Mac OS X 10_12_6,chrome 65.0,2112x1188,1,1,1,1.0
DP-bdeaffe95a78b271,mobile,VS425,Android 6.0.1,chrome 66.0 for android,855x480,2,1,1,1.0
DP-bdeffea1e78fcd11,desktop,Windows,Windows 10,chrome 67.0,1366x768,1,1,1,1.0
DP-bdf3e0a64ff5b5f6,mobile,SM-G930V Build/NRD90M,Android 7.0,chrome 66.0 for android,2560x1440,2,2,2,0.5
DP-bdf4821f2b284a65,mobile,LIMIT,,chrome 66.0 for android,,1,1,1,1.0
DP-bdf6aa8dcf98d141,desktop,rv:11.0,Windows 7,ie 11.0 for desktop,1680x1050,44,37,37,0.02702702702702703
DP-bdff865b77712a87,mobile,VS987 Build/NRD90U,Android 7.0,chrome 65.0 for android,2560x1440,1,1,1,1.0
DP-be03393a8bc542bf,mobile,rv:56.0,,Generic/Android,,4,2,2,0.5
DP-be03db864125024a,desktop,rv:59.0,Mac OS X 10.9,firefox 59.0,1920x1200,1,1,1,1.0
DP-be062cf66c635c91,mobile,iOS Device,iOS 10.0.2,mobile safari generic,1334x750,5,4,4,0.25
DP-be0a8a609ab21ff2,mobile,iOS Device,iOS,mobile safari generic,2208x1242,4,3,3,0.3333333333333333
DP-be0ac890e7d12d17,mobile,,Android,silk,,4,1,1,1.0
DP-be0b7d4c7bf6a3ff,desktop,Windows,Windows 10,chrome 65.0,1680x1051,2,2,2,0.5
DP-be10ee7b0510b4d3,desktop,Windows,Windows 7,chrome 66.0,1272x960,1,1,1,1.0
DP-be1b400a8df75dbb,mobile,Pixel 2 XL Build/OPM1.171019.021,Android 8.1.0,chrome 65.0 for android,2880x1442,3,2,2,0.5
DP-be218669e01d0339,mobile,SM-G610M Build/NRD90M,,chrome 60.0 for android,,4,3,3,0.3333333333333333
DP-be2893ef73d45e2d,mobile,Pixel Build/OPM1.171019.012,,chrome 63.0 for android,,1,1,1,1.0
DP-be296bb907c594d5,mobile,WAS-LX3 Build/HUAWEIWAS-LX3,,chrome 63.0 for android,,27,13,13,0.07692307692307693
DP-be342a463296d59e,mobile,FTJ152D,,chrome 63.0 for android,,1,1,1,1.0
DP-be352c9c6556e89b,desktop,Trident/7.0,Windows 7,ie 11.0 for desktop,1279x1023,2,2,2,0.5
DP-be387d09f1dab203,mobile,RCT6K03W13,Android 6.0,chrome 64.0 for android,1280x800,1,1,1,1.0
DP-be3f06aba0e008f4,desktop,Windows,Windows 10,chrome 66.0,1920x1281,2,2,2,0.5
DP-be407058b8b6ca0b,mobile,SM-N950U Build/NMF26X,Android 7.1.1,chrome 59.0 for android,,1,1,1,1.0
DP-be48fbd3c01e299f,desktop,Windows,Windows 7,chrome,2520x1575,1,1,1,1.0
DP-be496f4689afe064,mobile,SM-G925I Build/NRD90M,,other,,2,2,2,0.5
DP-be52c45da277abe2,desktop,,Linux,chrome 64.0,1366x768,55,32,32,0.03125
DP-be548a3e946d85bd,mobile,LG-M322,Android 7.0,chrome 62.0 for android,1280x720,2,1,1,1.0
DP-be5885faaa927fc5,mobile,iOS Device,iOS 10.3.1,mobile safari 10.0,1136x640,21,9,9,0.1111111111111111
DP-be5ac1a6c8a23aa3,mobile,Moto Z2 Play Build/NPSS26.118-19-14,,chrome generic for android,,16,10,10,0.1
DP-be5ec3b8f724aed1,desktop,Linux x86_64,Linux,chrome 61.0,1920x1080,1,1,1,1.0
DP-be6aeae83eb09a25,mobile,SM-T827V Build/NRD90M,Android 7.0,chrome 58.0 for android,2048x1536,1,1,1,1.0
DP-be714e0347045772,desktop,,,opera 52.0,,2,2,2,0.5
DP-be7eaf7a9cecc0cf,desktop,rv:56.0,Mac OS X 10.12,firefox 56.0,2560x1600,2,2,2,0.5
DP-be84590dddcc0a61,desktop,Windows,Windows 7,chrome 65.0,1920x1080,294,165,165,0.006060606060606061
DP-be95bb30cab3d83c,mobile,LG-H500 Build/LRX21Y,,chrome 56.0 for android,,5,2,2,0.5
DP-be9ac248abe31f42,mobile,VS996,Android 7.1.2,chrome 62.0 for android,2880x1440,1,1,1,1.0
DP-be9c5df12352be8d,mobile,LG-H840 Build/MMB29M,,chrome generic for android,,3,2,2,0.5
DP-be9ccec9101383d9,desktop,Windows,Windows 7,chrome 59.0,1024x768,1,1,1,1.0
DP-bea20a8dc907088c,mobile,SM-N900P Build/LRX21V,Android 5.0,chrome 43.0 for android,1920x1080,1,1,1,1.0
DP-bea506be0b9655d9,desktop,rv:57.0,Windows 7,firefox 57.0,1680x1050,6,5,5,0.2
DP-bea8f6163484dcaa,mobile,M4 SS4458 Build/MMB29M,,chrome 63.0 for android,,3,3,3,0.3333333333333333
DP-beb76ddc8b3f8ebc,desktop,MacOS,Mac OS X 10_12_6,chrome 66.0,1280x800,4,4,4,0.25
DP-bec884b72a75e213,mobile,SM-T580 Build/NRD90M,Android 7.0,chrome 63.0 for android,1920x1200,5,5,5,0.2
DP-bec994ac9dec706e,desktop,MacOS,Mac OS X 10_10_5,chrome 64.0,2560x1600,8,8,8,0.125
DP-becf4ccf5bbf13df,mobile,SGP621 Build/23.5.A.1.291,,chrome 61.0 for android,,1,1,1,1.0
DP-bed240a25c74670e,mobile,GT-P5210 Build/KOT49H,,chrome 53.0 for android,,1,1,1,1.0
DP-bed3680ad117ea15,mobile,SAMSUNG SM-G930A Build/NRD90M,,samsung browser 6.2,,2,1,1,1.0
DP-bee09f5caf19fc12,mobile,SM-J727T1 Build/NRD90M,Android 7.0,chrome 62.0 for android,1280x720,1,1,1,1.0
DP-bee430c5a705a7ea,desktop,rv:59.0,Windows 10,firefox,1680x1050,3,1,1,1.0
DP-beef2c97543cbe74,mobile,SAMSUNG,Android 6.0.1,samsung browser 6.2,2560x1600,2,2,2,0.5
DP-befac5827a5839da,desktop,Windows,Windows 10,edge 13.0,1600x900,3,2,2,0.5
DP-befdcdae6820c2f7,mobile,XT890 Build/9.8.2I-50_SML-25,,chrome 65.0 for android,,8,6,6,0.16666666666666666
DP-bf0ea37a0c290ea0,mobile,SM-T827V Build/NRD90M,Android 7.0,chrome 62.0 for android,2048x1536,2,1,1,1.0
DP-bf169bce9e7e30ce,mobile,LEX829,,chrome 65.0 for android,,1,1,1,1.0
DP-bf17d089a415ac22,mobile,SM-G925T Build/LMY47X,,chrome 65.0 for android,,6,1,1,1.0
DP-bf1b4dc7afebb2c8,mobile,SAMSUNG SM-G955F Build/R16NW,,samsung browser 7.0,,1,1,1,1.0
DP-bf1f810a8bb0e25a,mobile,HTC_One,,,,1,1,1,1.0
DP-bf23641d9edd4831,desktop,Windows,Windows 10,waterfox,2560x1600,1,1,1,1.0
DP-bf2379d185fc677c,mobile,iOS Device,iOS 11.3.1,google,2208x1242,5,3,3,0.3333333333333333
DP-bf243a8c5342e52c,desktop,Windows,Windows 10,chrome 66.0,1760x990,1,1,1,1.0
DP-bf2d2cc2e626c22c,mobile,LG-D680 Build/KOT49I,,chrome 62.0 for android,,18,5,5,0.2
DP-bf3273c315495a46,mobile,SAMSUNG-SM-J327A Build/NRD90M,Android 7.0,chrome generic for android,1280x720,1,1,1,1.0
DP-bf3dc942aa531fd3,mobile,Aquaris,,chrome 63.0 for android,,3,1,1,1.0
DP-bf49d78a1a604ae1,desktop,MacOS,Mac OS X 10_9_5,chrome 65.0,1920x1080,2,2,2,0.5
DP-bf5ab76db99405a8,desktop,Windows,Windows 10,edge 16.0,3240x2160,2,2,2,0.5
DP-bf5cef2e22d8057d,mobile,HTC Desire 530 Build/MMB29M,,chrome 64.0 for android,,6,5,5,0.2
DP-bf5db971daae4f0c,desktop,Windows,Windows 10,ie 11.0 for tablet,,2,2,2,0.5
DP-bf62746512ee49b8,mobile,Lenovo A2016b30 Build/MRA58K,,chrome 56.0 for android,,1,1,1,1.0
DP-bf6c1b3baf683157,mobile,SM-N950U Build/NMF26X,Android 7.1.1,chrome 62.0 for android,2961x1442,1,1,1,1.0
DP-bf70891c8ad50978,mobile,BLL-L23 Build/HUAWEIBLL-L23,,chrome 64.0 for android,,11,6,6,0.16666666666666666
DP-bf7e924710bb311d,mobile,rv:56.0,Android 6.0.1,firefox,,1,1,1,1.0
DP-bf814830e7b2f84b,mobile,SM-G925I Build/MMB29K,Android 6.0.1,chrome 65.0 for android,2560x1440,1,1,1,1.0
DP-bf83c39c26907552,mobile,XT1635-01,Android 7.1.1,chrome 63.0 for android,,1,1,1,1.0
DP-bf8855ee5376307d,mobile,Z981 Build/MMB29M,,chrome 58.0 for android,,1,1,1,1.0
DP-bf90184f464bf609,mobile,HTCD200LVW,Android 6.0.1,chrome 58.0 for android,1280x720,2,1,1,1.0
DP-bfa279f3590c961a,mobile,SM-G950F Build/NRD90M,,chrome 62.0 for android,,11,7,7,0.14285714285714285
DP-bfad23395b9384a1,desktop,Windows,Windows 10,chrome 62.0,1280x1024,39,35,35,0.02857142857142857
DP-bfbe7d7ec4098e9c,mobile,D6603 Build/23.5.A.1.291,,chrome 63.0 for android,,8,2,2,0.5
DP-bfbf4a8d3a136e46,mobile,SM-T377P Build/NMF26X,Android 7.1.1,chrome 64.0 for android,,1,1,1,1.0
DP-bfd0837602299032,desktop,Windows,Windows Vista,chrome 49.0,1280x800,28,19,19,0.05263157894736842
DP-bfd736640a7a3118,mobile,VS995 Build/NRD90M,Android 7.0,chrome 63.0 for android,,1,1,1,1.0
DP-bfd7e65aa1930886,desktop,MacOS,Mac,chrome 66.0,2560x1440,1,1,1,1.0
DP-bfdb80592600f07b,mobile,F80'S+,,android webview 4.0,,3,2,2,0.5
DP-bfe60207b0824491,mobile,iOS Device,iOS 11.3.1,google,1334x750,3,3,3,0.3333333333333333
DP-bfefc2cd3e659717,mobile,LG-TP450 Build/NRD90U,,chrome 66.0 for android,,1,1,1,1.0
DP-bff6721dc35ba5b7,mobile,MYA-L03 Build/HUAWEIMYA-L03,,chrome 66.0 for android,,3,3,3,0.3333333333333333
DP-bff73ca64e6ca979,mobile,Moto G (4) Build/NPJS25.93-14-10,,chrome 63.0 for android,,1,1,1,1.0
DP-c008a441dd4eb689,desktop,MacOS,Mac OS X 10_11_3,chrome 62.0,2880x1800,2,2,2,0.5
DP-c00eaedf5def686e,mobile,iOS Device,iOS 11.4.0,mobile safari generic,1136x640,1,1,1,1.0
DP-c01442535faf28be,mobile,P5046A,,chrome generic for android,,2,2,2,0.5
DP-c01a53f344c4054c,desktop,MacOS,Mac OS X 10_11_4,chrome 63.0,1280x800,2,2,2,0.5
DP-c0206f1ed56b66af,desktop,TR10CS1 Build/JDQ39,,chrome generic,,1,1,1,1.0
DP-c021e388cbb9240d,desktop,MacOS,Mac OS X 10_10_5,chrome generic,1920x1080,4,3,3,0.3333333333333333
DP-c02596c17e0b4f2f,mobile,Moto Z2 Play Build/NPS26.74-16-1,,chrome 64.0 for android,,1,1,1,1.0
DP-c03ae9e529672eb1,mobile,iOS Device,iOS 11.2.2,mobile safari 11.0,2224x1668,5,4,4,0.25
DP-c04831a04fbf92fd,mobile,SM-T800 Build/MMB29K,,chrome 64.0 for android,,2,2,2,0.5
DP-c04cbf75938ce519,mobile,LG-D680 Build/KOT49I,,chrome 52.0 for android,,1,1,1,1.0
DP-c05142d8fe54968d,mobile,SM-G531H Build/LMY48B,,chrome 55.0 for android,,56,18,18,0.05555555555555555
DP-c055c3805c71dfb0,mobile,SM-P900,Android 5.0.2,chrome 63.0 for android,2560x1600,4,4,4,0.25
DP-c05da91241d2491b,mobile,M4 SS4452 Build/LMY47V,,chrome 46.0 for android,,3,2,2,0.5
DP-c063d1697766db94,mobile,SM-G925I Build/MMB29K,,chrome 62.0 for android,,1,1,1,1.0
DP-c06582f3cb0d3332,desktop,Trident/7.0,Windows 8,ie 11.0 for desktop,1600x900,14,3,3,0.3333333333333333
DP-c07087794539b6fd,desktop,Windows,Windows 7,firefox 58.0,2560x1600,2,2,2,0.5
DP-c0769c43074eb3b8,mobile,iOS Device,iOS 11.2.6,google search application 49.0,2048x1536,1,1,1,1.0
DP-c07e53c49bb04bf7,mobile,ASUS_A001,,chrome 66.0 for android,,1,1,1,1.0
DP-c0854cbbe4ed95e4,mobile,HUAWEI VNS-L53 Build/HUAWEIVNS-L53,,chrome 63.0 for android,,41,15,15,0.06666666666666667
DP-c091fe7b96ad1f00,mobile,HUAWEI CUN-L03 Build/HUAWEICUN-L03,,chrome 55.0 for android,,1,1,1,1.0
DP-c099e0764bafdf40,mobile,E6810,,chrome 63.0 for android,,1,1,1,1.0
DP-c09c3789e8378a6f,mobile,moto x4 Build/NPW26.83-42,,chrome 58.0 for android,,1,1,1,1.0
DP-c0a65cd147d13c75,desktop,rv:52.0,Windows 7,firefox 52.0,1440x900,6,5,5,0.2
DP-c0a6728a7bf79371,mobile,XT1064,,chrome 54.0 for android,,2,1,1,1.0
DP-c0adea6d2ba2a8e8,desktop,rv:58.0,Mac OS X 10.11,firefox 58.0,1920x1200,1,1,1,1.0
DP-c0b70fb0f4446238,desktop,Windows,,chrome 60.0,,34,23,23,0.043478260869565216
DP-c0bb313c3b3d2bd4,desktop,MacOS,Mac OS X 10_13_2,safari generic,2048x1280,2,2,2,0.5
DP-c0d94e71e8e2d2bb,desktop,,,comodo,,2,2,2,0.5
DP-c0dcbbc5461eb666,desktop,rv:52.0,Windows Vista,,1152x864,1,1,1,1.0
DP-c0eaec5ab8f4571e,desktop,Windows,Windows 8,firefox 58.0,1600x900,1,1,1,1.0
DP-c0f3eef54866640b,mobile,G3223 Build/42.0.A.4.101,,chrome 64.0 for android,,9,7,7,0.14285714285714285
DP-c0f9f20892aac673,desktop,Windows,Windows 10,chrome 60.0,1360x768,1,1,1,1.0
DP-c0fd13f4d5305625,mobile,C6743 Build/LMY47V,Android 5.1.1,chrome 62.0 for android,960x540,1,1,1,1.0
DP-c100d4c3c361972f,mobile,Alcatel_4060A,Android 5.1.1,chrome generic,855x480,1,1,1,1.0
DP-c10172c1e4410275,mobile,SM-G950F Build/R16NW,,chrome 65.0 for android,,13,9,9,0.1111111111111111
DP-c1025d1a606a710d,mobile,Pixel Build/OPM1.171019.016,Android 8.1.0,chrome 64.0 for android,,10,3,3,0.3333333333333333
DP-c10c0ee63f2b4926,mobile,,Android,chrome 58.0,801x480,5,1,1,1.0
DP-c10f5824c577b68e,mobile,Moto Z (2,Android 8.0.0,chrome generic,2560x1440,8,5,5,0.2
DP-c115b279157b0794,mobile,SAMSUNG-SM-G900A,Android,chrome,1920x1080,1,1,1,1.0
DP-c1260593f903490e,desktop,MacOS,Mac OS X 10_12_5,safari generic,3360x2100,2,2,2,0.5
DP-c12861835214d56e,mobile,SM-N920P Build/NRD90M,,chrome 64.0 for android,,1,1,1,1.0
DP-c12c5f27d9f16f3b,desktop,Windows,Windows 7,firefox 60.0,1920x1080,21,17,17,0.058823529411764705
DP-c12cb7eb65f4b4d3,desktop,MacOS,Mac OS X 10_11_5,chrome 65.0,2560x1600,1,1,1,1.0
DP-c1303a3a89ad1d72,mobile,SM-G928V Build/NRD90M,Android 7.0,chrome 64.0 for android,,6,2,2,0.5
DP-c131b0d04d2ca1ac,desktop,Windows,Windows 8.1,firefox 58.0,1920x1080,4,4,4,0.25
DP-c137d9f3355a2a50,mobile,HUAWEI TAG-L13 Build/HUAWEITAG-L13,,chrome generic,,11,7,7,0.14285714285714285
DP-c1396135b74eeeba,mobile,verykoolS5019,,chrome 62.0 for android,,1,1,1,1.0
DP-c13a4f5ab9cde8fb,mobile,Nexus 5X Build/OPR4.170623.006,,chrome 66.0 for android,,1,1,1,1.0
DP-c13d260c0ec6d3d0,mobile,SM-G925I Build/NRD90M,,chrome 64.0 for android,,13,12,12,0.08333333333333333
DP-c147a9254f0f3f4e,mobile,SM-A510M Build/MMB29K,,chrome 63.0 for android,,46,15,15,0.06666666666666667
DP-c14d2ed5398a34e8,mobile,VS988 Build/NRD90U,Android 7.0,chrome 60.0 for android,2672x1440,1,1,1,1.0
DP-c15bd50a81ab082e,mobile,LG-M400 Build/NRD90U,,chrome 64.0 for android,,4,4,4,0.25
DP-c162a09a9820e259,mobile,Hisense L675 Build/MRA58K,,chrome 60.0 for android,,2,1,1,1.0
DP-c16840c0dbc96d0a,mobile,HTC 10 Build/NRD90M,,chrome 62.0 for android,,1,1,1,1.0
DP-c16879f1f0ba73f0,desktop,MacOS,Mac OS X 10_11_6,chrome,1440x900,1,1,1,1.0
DP-c1688312444428fc,desktop,MacOS,Mac OS X 10_13_3,safari 11.0,3840x2160,2,1,1,1.0
DP-c181aa7e03e7397a,mobile,G3313 Build/43.0.A.5.79,,chrome generic for android,,2,1,1,1.0
DP-c1882a9d530d9eaa,desktop,MacOS,Mac,safari generic,2560x1600,7,7,7,0.14285714285714285
DP-c194ecffb6e18d91,desktop,Windows,Windows 10,firefox 60.0,1680x1050,2,1,1,1.0
DP-c19580a897e509ce,desktop,Windows,Windows 7,firefox 60.0,1366x768,5,5,5,0.2
DP-c195daee4011dfda,desktop,,Linux,chrome 62.0,2960x1440,1,1,1,1.0
DP-c19e82cb96a662a4,mobile,LG-H542 Build/MRA58K,,other,,7,5,5,0.2
DP-c1a09fe8c6e201e2,mobile,SM-G532M Build/MMB29T,,chrome 57.0 for android,,1,1,1,1.0
DP-c1a91296ae71792f,mobile,SM-G730V,,chrome 61.0 for android,,1,1,1,1.0
DP-c1b306794d802e08,desktop,Windows,Windows 8.1,chrome 64.0,3200x1800,1,1,1,1.0
DP-c1b4d68cc9d87c1a,mobile,SAMSUNG SM-G955U Build/R16NW,,samsung browser 7.0,,4,3,3,0.3333333333333333
DP-c1cab0a06c59e4c3,mobile,SAMSUNG SM-J701M Build/NRD90M,Android 7.0,samsung browser 5.2,1280x720,6,3,3,0.3333333333333333
DP-c1cba7f9ca150252,mobile,Lenovo A2016b30 Build/MRA58K,,chrome 62.0 for android,,8,7,7,0.14285714285714285
DP-c1dbbf5078215ca9,mobile,LG-D722,,chrome 66.0 for android,,2,2,2,0.5
DP-c1e33d3f2bf79ee1,mobile,LG-M210 Build/NRD90U,Android 7.0,chrome 63.0 for android,1280x720,1,1,1,1.0
DP-c1e391fb5e1e5dce,desktop,rv:56.0,Mac OS X 10.11,firefox 56.0,1280x800,3,3,3,0.3333333333333333
DP-c1efecc44c54f4b6,mobile,XT1053 Build/LPAS23.12-21.7-1,,chrome 63.0 for android,,3,2,2,0.5
DP-c1f064f0f0e29eb4,desktop,MacOS,Mac OS X 10_11_6,safari generic,1344x756,1,1,1,1.0
DP-c1f32db892d13d58,mobile,SM-G930F Build/NRD90M,,android webview 4.0,,1,1,1,1.0
DP-c1f3ea87ee318b63,mobile,LG-X210 Build/LMY47I,,chrome 50.0 for android,,2,2,2,0.5
DP-c1f8f0af95aa6061,desktop,rv:60.0,Mac OS X 10.12,firefox 60.0,1280x800,1,1,1,1.0
DP-c1fedcc97b5f26dd,mobile,SM-T110 Build/JDQ39,,chrome 64.0 for android,,3,1,1,1.0
DP-c1ffa4ff85df8ef0,mobile,SAMSUNG-SM-G925A Build/NRD90M,Android 7.0,chrome 63.0 for android,2560x1440,5,5,5,0.2
DP-c2125396c8d4387d,mobile,SAMSUNG-SM-G930A Build/NRD90M,Android 7.0,chrome 64.0 for android,1920x1080,6,5,5,0.2
DP-c21a3764004142c1,desktop,Windows,Windows 8,chrome,1680x1050,1,1,1,1.0
DP-c21a7df14ac538b7,mobile,ALCATEL ONE TOUCH 7047A Build/JDQ39,,chrome 58.0 for android,,1,1,1,1.0
DP-c22bc47f31bdcaca,desktop,MacOS,Mac OS X 10_13_1,chrome 64.0,1680x1050,1,1,1,1.0
DP-c24de6c4ebe6afb9,mobile,SM-G360T1 Build/LMY47X,,chrome 53.0 for android,,1,1,1,1.0
DP-c250fd65cc6c923e,mobile,SM-T113NU Build/KTU84P,,chrome 66.0 for android,,1,1,1,1.0
DP-c265141fa3f25c64,desktop,MacOS,Mac OS X 10_11_5,safari generic,1920x1200,1,1,1,1.0
DP-c26ade892c7bd761,mobile,Moto E (4) Build/NDQS26.69-64-2,,chrome 66.0 for android,,1,1,1,1.0
DP-c273a566f068f8d4,desktop,rv:52.0,Windows Vista,firefox 52.0,1280x720,1,1,1,1.0
DP-c27aaa469344ed8a,mobile,SM-G928G,,chrome 65.0 for android,,1,1,1,1.0
DP-c2828c6e5d6af49f,mobile,Hisense F23 Build/NRD90M,,chrome 64.0 for android,,4,4,4,0.25
DP-c292b91b8c10d6c3,desktop,Windows,Windows 10,edge 15.0,1280x1023,1,1,1,1.0
DP-c2a0c98edc44c53e,mobile,E5803,,chrome 62.0 for android,,1,1,1,1.0
DP-c2a8489a13e281aa,desktop,Windows,Windows 10,chrome 56.0,1280x1024,1,1,1,1.0
DP-c2ab1f1142e0c0d7,desktop,MacOS,Mac OS X 10_13_2,chrome 62.0,5120x2880,4,4,4,0.25
DP-c2aed1e803bd4337,mobile,SM-G930F Build/MMB29K,,chrome 52.0 for android,,1,1,1,1.0
DP-c2aff70155662de9,mobile,HTC One A9 Build/NRD90M,,chrome 62.0 for android,,1,1,1,1.0
DP-c2b9d9479b6a507a,desktop,Windows,Windows 10,chrome 62.0,2560x1080,5,4,4,0.25
DP-c2bec6133b0face1,desktop,rv:57.0,Windows 10,firefox,1600x900,7,7,7,0.14285714285714285
DP-c2c0936600b23705,desktop,Windows,Windows 10,chrome 63.0,1360x768,30,25,25,0.04
DP-c2c3a1ceca814e36,mobile,SAMSUNG-SM-G930A Build/NRD90M,Android 7.0,chrome 63.0 for android,,5,5,5,0.2
DP-c2c448215189b2d3,mobile,Y635-L03 Build/HuaweiY635-L03,,chrome 64.0 for android,,7,4,4,0.25
DP-c2c62b6d50e7ada7,mobile,iOS Device,iOS 11.1.1,chrome 62.0 for ios,2048x1536,1,1,1,1.0
DP-c2ca2f03c88ef30d,desktop,Windows,Windows 7,chrome 63.0,1280x1024,263,157,157,0.006369426751592357
DP-c2d98563f897ba51,desktop,Trident/7.0,Windows 8.1,ie 11.0 for desktop,1366x767,3,2,2,0.5
DP-c2e1406302222d70,desktop,Windows,Windows 10,firefox 57.0,0x0,2,2,2,0.5
DP-c2ee16ffb20dcb75,mobile,iOS Device,iOS 11.1.0,mobile safari 11.0,2001x1125,4,4,4,0.25
DP-c2f61b61b836e5ad,mobile,HTC,,chrome 62.0 for android,,1,1,1,1.0
DP-c2f725fae73e935e,desktop,MacOS,Mac OS X 10_13_1,safari generic,1920x1200,2,2,2,0.5
DP-c2fab81ac1d5e434,mobile,Android 4.4.2,Android 4.4.2,other,1024x600,1,1,1,1.0
DP-c30c18488c8f8f36,mobile,SM-J710MN Build/MMB29K,,chrome 58.0 for android,,4,2,2,0.5
DP-c30f403e55d124a7,mobile,HTC Desire 626s Build/LMY47O,,chrome 61.0 for android,,16,7,7,0.14285714285714285
DP-c3122a24b4efec04,mobile,SAMSUNG SM-J500FN Build/MMB29M,,samsung browser 6.4,,1,1,1,1.0
DP-c312b531c02a83c6,desktop,MacOS,Mac OS X 10_10_5,chrome 63.0,1600x1000,1,1,1,1.0
DP-c31389359c3cde9d,mobile,Z835 Build/NMF26V,Android 7.1.1,chrome 56.0 for android,855x480,12,3,3,0.3333333333333333
DP-c3143bd920917677,desktop,Windows,Windows 10,chrome 66.0,2049x1152,1,1,1,1.0
DP-c31dfe4ae829d5b7,desktop,MacOS,Mac OS X 10_13_1,safari generic,2560x1600,127,95,95,0.010526315789473684
DP-c3231299b64338f8,mobile,Grand,,chrome 59.0 for android,,1,1,1,1.0
DP-c32b3029db00e273,desktop,Windows,Windows 10,chrome 65.0,1920x1200,22,16,16,0.0625
DP-c32ea28db2a03317,desktop,Trident/7.0,Windows 10,ie 11.0 for tablet,1280x1024,5,5,5,0.2
DP-c33106b43f1992b2,mobile,LG-K540 Build/MMB29M,Android 6.0.1,chrome 61.0 for android,1280x720,1,1,1,1.0
DP-c33a8b211a28597d,mobile,SM-G935V Build/NRD90M,Android 7.0,chrome 66.0 for android,2560x1440,1,1,1,1.0
DP-c340843a5ad207f6,mobile,Lenovo K33b36 Build/NRD90N,,chrome generic for android,,3,3,3,0.3333333333333333
DP-c3452955f7423016,mobile,MotoG3 Build/MPI24.65-25,,chrome 52.0 for android,,2,1,1,1.0
DP-c34959ce2296629a,mobile,P4526A Build/NRD90M,,chrome 65.0 for android,,1,1,1,1.0
DP-c3495c657401a1cc,mobile,BLADE V7 Build/MRA58K,,chrome 63.0 for android,,1,1,1,1.0
DP-c34a8d93fbe6ffb8,desktop,Windows,Windows 10,chrome generic,2560x1440,9,6,6,0.16666666666666666
DP-c34ae89a16d111be,mobile,SM-G950U Build/NRD90M,Android 7.0,chrome 62.0 for android,1480x720,1,1,1,1.0
DP-c34dff897bb6d4ac,mobile,A621R,Android 5.1.1,chrome 62.0 for android,1280x720,1,1,1,1.0
DP-c35062a5150489af,mobile,Moto C Plus Build/NRD90M.05.034,,chrome 63.0 for android,,11,6,6,0.16666666666666666
DP-c35c0c3008c2f4d8,mobile,SAMSUNG SM-G950F Build/R16NW,,samsung browser 5.2,,1,1,1,1.0
DP-c3605f344ceff67e,mobile,iOS Device,iOS 11.3.0,mobile safari 11.0,2436x1125,171,102,102,0.00980392156862745
DP-c36600e461477231,desktop,Windows,Windows 7,firefox 57.0,2048x1080,1,1,1,1.0
DP-c3681f249a3a21d8,mobile,Moto C Build/NRD90M.063,,chrome 65.0 for android,,8,4,4,0.25
DP-c3716ce763619a4d,mobile,SM-N950F Build/NMF26X,,chrome 60.0 for android,,1,1,1,1.0
DP-c37573e3360c6f6d,desktop,rv:48.0,Mac OS X 10.6,firefox 48.0,1680x1050,3,3,3,0.3333333333333333
DP-c381011bd6def0fd,mobile,LG-H320 Build/LRX21Y,,chrome 64.0 for android,,3,3,3,0.3333333333333333
DP-c3818a87f177d177,mobile,SM-J327T Build/NRD90M,Android 7.0,chrome 64.0 for android,1280x720,1,1,1,1.0
DP-c388f53a1a0021d6,desktop,Windows,,edge 16.0,,592,158,158,0.006329113924050633
DP-c394daaeed87dda1,mobile,2PS64 Build/NRD90M,Android 7.0,chrome 63.0 for android,2560x1440,2,2,2,0.5
DP-c3a71765c62de68f,desktop,rv:58.0,Windows 10,firefox,1920x1080,10,9,9,0.1111111111111111
DP-c3ab9217868148e2,mobile,EVA-L09 Build/HUAWEIEVA-L09,,chrome 66.0 for android,,11,2,2,0.5
DP-c3b89d17c64317fd,desktop,MacOS,Mac OS X 10_8_5,chrome 49.0,2560x1440,2,2,2,0.5
DP-c3c18c9c6efcd60c,mobile,iOS Device,iOS 11.2.2,mobile safari generic,2224x1668,2,2,2,0.5
DP-c3c94d109e04d30d,mobile,iOS Device,iOS 11.3.0,google search application 48.0,2001x1125,1,1,1,1.0
DP-c3cbf285a7983c86,mobile,iOS Device,iOS 11.2.2,mobile safari generic,1334x750,147,99,99,0.010101010101010102
DP-c3cf82aadb1f6a4c,mobile,HTC Desire 650 Build/MMB29M,,chrome 56.0 for android,,2,2,2,0.5
DP-c3d349039ec7bd61,mobile,LGL164VL Build/NRD90U,Android 7.0,chrome 64.0 for android,1280x720,3,1,1,1.0
DP-c3d4bb62cc60577c,mobile,SM-G928P,Android 5.1.1,chrome 62.0 for android,2562x1442,1,1,1,1.0
DP-c3d6346d5780d19a,mobile,SM-T280 Build/LMY47V,,chrome 66.0 for android,,1,1,1,1.0
DP-c3de25f26b6d443a,desktop,MacOS,Mac OS X 10_13_3,safari 11.0,2880x1800,3,3,3,0.3333333333333333
DP-c3e509098f49e4cf,mobile,HTC One_M8 Build/MRA58K,,chrome 63.0 for android,,4,2,2,0.5
DP-c3e7112cd0f2a212,mobile,SM-N950U Build/NMF26X,Android 7.1.1,android webview 4.0,,3,3,3,0.3333333333333333
DP-c3ea8e646984878a,mobile,LGL62VL,,chrome 59.0 for android,,1,1,1,1.0
DP-c3f1478330d23fab,mobile,LG-TP260 Build/NRD90U,Android 7.0,chrome generic for android,1280x720,1,1,1,1.0
DP-c3f4c24c0768ac6d,mobile,LT22i Build/6.2.A.1.100,,chrome 62.0 for android,,6,3,3,0.3333333333333333
DP-c3f58ee6ac745d78,desktop,,Linux,chrome 66.0,1366x768,15,6,6,0.16666666666666666
DP-c3f6248fff88145c,mobile,M4,,chrome 66.0 for android,,1,1,1,1.0
DP-c4005d1107e03e62,desktop,Windows,Windows 7,chrome 60.0,,2,2,2,0.5
DP-c4187862d354107e,mobile,Redmi Note 3 Build/MMB29M,,chrome 63.0 for android,,1,1,1,1.0
DP-c41bc1a709f8be0e,mobile,XT1064 Build/MPB24.65-34-3,,chrome generic for android,,1,1,1,1.0
DP-c42bc200ecb01ed3,desktop,rv:59.0,Windows 10,firefox,1366x768,1,1,1,1.0
DP-c437e34b3498278a,mobile,SM-T560 Build/KTU84P,,chrome 66.0 for android,,2,2,2,0.5
DP-c439cfdfc57ce462,desktop,Windows,Windows 10,chrome 66.0,2160x1440,4,3,3,0.3333333333333333
DP-c43b7084f4f0536e,mobile,4034G,,chrome 64.0 for android,,1,1,1,1.0
DP-c43cb47a9cea3b4a,mobile,SM-A710M Build/LMY47X,,chrome 66.0 for android,,3,2,2,0.5
DP-c43d082275a0e651,desktop,,Linux,chrome 66.0,1280x1024,1,1,1,1.0
DP-c43d62e401fcaad7,mobile,SM-S920L,Android 5.0.2,chrome 61.0 for android,960x540,1,1,1,1.0
DP-c4530c1395f8a274,mobile,HTC Desire 626s Build/LMY47O,,chrome 56.0 for android,,4,3,3,0.3333333333333333
DP-c454024c3bde6e24,mobile,SM-J111M Build/LMY47V,,chrome 64.0 for android,,14,11,11,0.09090909090909091
DP-c4540af26440b80e,mobile,Hisense U963 Build/MRA58K,,chrome 64.0 for android,,5,3,3,0.3333333333333333
DP-c4566e58f98020ef,mobile,MotoG3 Build/MPI24.65-33.1-2,,chrome 66.0 for android,,4,1,1,1.0
DP-c4574389ef20aa31,mobile,G3313 Build/43.0.A.5.79,,chrome 64.0 for android,,16,5,5,0.2
DP-c4582976257af3b4,desktop,Windows,Windows 7,chrome 63.0,,125,85,85,0.011764705882352941
DP-c45b2b93bf13a342,desktop,Windows,Windows 7,chrome 61.0,1280x1025,1,1,1,1.0
DP-c46de61fc3948d52,mobile,SM-J510MN Build/MMB29M,,chrome 59.0 for android,,1,1,1,1.0
DP-c46dff2e10205988,mobile,SAMSUNG SM-J730GM Build/NRD90M,,samsung browser 5.2,,2,2,2,0.5
DP-c475593da0516dad,desktop,MacOS,Mac OS X 10_10_5,chrome 65.0,1280x1024,1,1,1,1.0
DP-c478b7dacb88e685,mobile,SM-G920P Build/NRD90M,Android 7.0,chrome 63.0 for android,2560x1440,8,7,7,0.14285714285714285
DP-c482cc55ba293f0c,mobile,SM-G903M,,chrome 60.0 for android,,2,2,2,0.5
DP-c48c31d159ea4a8c,mobile,F8331 Build/41.2.A.7.76,,chrome 65.0 for android,,10,3,3,0.3333333333333333
DP-c48d9c0cd5643622,desktop,MacOS,Mac OS X 10_13_2,chrome 62.0,3360x2100,5,3,3,0.3333333333333333
DP-c4913e651188bb2f,desktop,Windows,Windows 8,chrome 63.0,1280x768,1,1,1,1.0
DP-c499579bedbc500b,mobile,LG-LS777 Build/NRD90U,Android 7.0,chrome 64.0 for android,1280x720,1,1,1,1.0
DP-c49a521c802956f8,desktop,MacOS,Mac OS X 10_12_6,safari generic,1920x1200,8,8,8,0.125
DP-c4a1595853faa0b0,mobile,XT1021 Build/KXC21.5-40,,chrome,,1,1,1,1.0
DP-c4a2269752b0070f,desktop,MacOS,Mac OS X 10_13_2,chrome 65.0,1920x1080,6,3,3,0.3333333333333333
DP-c4b25a3116b92e12,mobile,LGL62VL,Android 5.1.1,chrome 43.0 for android,1280x720,1,1,1,1.0
DP-c4b671cad40df92e,desktop,,Linux,chrome 62.0,1680x1050,3,1,1,1.0
DP-c4b9137010e30935,mobile,SM-A710M Build/LMY47X,,chrome 65.0 for android,,3,3,3,0.3333333333333333
DP-c4b98ca722a23c7a,mobile,KIW-L24,,chrome 56.0 for android,,1,1,1,1.0
DP-c4c6b02ca7f77988,mobile,SAMSUNG SM-N920P Build/NRD90M,Android 7.0,samsung browser 6.2,2562x1442,1,1,1,1.0
DP-c4ca4c6c9aa3d8f9,mobile,iOS Device,iOS 11.3.1,chrome 63.0 for ios,1334x750,1,1,1,1.0
DP-c4d2672249096f85,mobile,SAMSUNG-SM-G930A Build/NRD90M,Android 7.0,chrome 66.0 for android,1920x1080,3,3,3,0.3333333333333333
DP-c4d3688bffcf12c4,mobile,SM-G928G Build/NRD90M,Android 7.0,chrome 65.0 for android,1920x1080,1,1,1,1.0
DP-c4d80a3c9b888a61,mobile,SM-G530H Build/KTU84P,,chrome 49.0 for android,,21,6,6,0.16666666666666666
DP-c4ec8e289a8a2624,mobile,Microsoft,,edge,,13,8,8,0.125
DP-c4f559caa69531e9,mobile,SAMSUNG SM-G930A Build/NRD90M,Android 7.0,samsung browser 6.4,1920x1080,4,4,4,0.25
DP-c505edd8dd1b17e6,mobile,iOS Device,iOS 10.0.2,mobile safari 10.0,1136x640,15,13,13,0.07692307692307693
DP-c5079b3baa2ffd41,mobile,iris702,,chrome 63.0 for android,,1,1,1,1.0
DP-c51ad365a9147308,desktop,MacOS,Mac OS X 10_9_5,chrome 65.0,1440x900,5,5,5,0.2
DP-c5250009ded7e66d,mobile,SM-G935V Build/NRD90M,Android 7.0,chrome 61.0 for android,2560x1440,1,1,1,1.0
DP-c5269bcdb392cfb4,mobile,LG-K580 Build/MRA58K,,chrome 62.0 for android,,9,7,7,0.14285714285714285
DP-c52d18b199c951b2,mobile,SM-T580 Build/NRD90M,Android 7.0,chrome 62.0 for android,,1,1,1,1.0
DP-c52e3caec4ea7002,desktop,rv:54.0,Windows 10,firefox,1440x900,1,1,1,1.0
DP-c53565c17aa9dc1d,mobile,SM-J700M Build/MMB29K,,chrome 65.0 for android,,111,32,32,0.03125
DP-c539e243ea431b08,mobile,XT1096,Android,chrome 63.0 for android,1920x1080,1,1,1,1.0
DP-c547972be00bfc51,mobile,F5321 Build/34.2.A.2.47,Android 7.0,chrome 64.0 for android,1280x720,1,1,1,1.0
DP-c54ddacf5894a957,mobile,,Android,chrome 65.0,,1,1,1,1.0
DP-c54fa24467fdb589,desktop,MacOS,Mac OS X 10_13_2,chrome 49.0,2880x1800,1,1,1,1.0
DP-c551d6bfd6d8ba13,desktop,MacOS,Mac OS X 10_12_6,chrome 64.0,5120x2880,13,3,3,0.3333333333333333
DP-c554032de4cedbcb,desktop,Windows,Windows 8,firefox 57.0,1440x900,1,1,1,1.0
DP-c55560d33a08c11c,mobile,5054S Build/LMY47V,,chrome 58.0 for android,,2,1,1,1.0
DP-c556323c9fbce76d,mobile,SM-J700M Build/MMB29K,,chrome 64.0 for android,,94,28,28,0.03571428571428571
DP-c55e17f60c7a0b99,mobile,Hisense L675 Build/MRA58K,,chrome 62.0 for android,,3,2,2,0.5
DP-c55e6ce6f7700c88,mobile,SAMSUNG SM-G920F Build/NRD90M,Android 7.0,samsung browser 6.4,2560x1440,1,1,1,1.0
DP-c56151fe2b37f042,desktop,NetHelper70,,ie 11.0 for desktop,,1,1,1,1.0
DP-c564ee0b8d1d271a,mobile,SAMSUNG,Android 5.1.1,chrome generic,2560x1440,2,2,2,0.5
DP-c56e289b5e734914,mobile,LG-H918 Build/NRD90M,Android 7.0,chrome 62.0 for android,2560x1440,2,1,1,1.0
DP-c58085379154bc83,mobile,Lenovo,,chrome 65.0 for android,,6,6,6,0.16666666666666666
DP-c597969d10c99686,mobile,rv:57.0,Android 8.1.0,firefox,,1,1,1,1.0
DP-c5a7c61d79fef474,desktop,MacOS,Mac OS X 10_13_2,safari generic,2048x1152,1,1,1,1.0
DP-c5ae16807e0bada7,mobile,Pixel 2 Build/OPM1.171019.021,Android 8.1.0,chrome 65.0 for android,1920x1081,2,1,1,1.0
DP-c5b92e0e2e0833a6,mobile,iOS Device,iOS 11.0.2,mobile safari 11.0,2048x1536,45,37,37,0.02702702702702703
DP-c5bb52d9ea6c8643,mobile,SM-G530W,,chrome 63.0 for android,,1,1,1,1.0
DP-c5c13251dc0cd126,mobile,TREKKER-X3 Build/MMB29M,,chrome 64.0 for android,,1,1,1,1.0
DP-c5ccae1bfc6c3196,desktop,,Linux,chrome 63.0,1280x800,1,1,1,1.0
DP-c5d07f1632b01732,mobile,SM-G900T Build/MMB29M,,chrome 66.0 for android,,1,1,1,1.0
DP-c5d3e19f45ef54c0,mobile,XT1650 Build/NCLS26.118-23-13-3,Android 7.1.1,chrome 59.0 for android,2560x1440,1,1,1,1.0
DP-c5dcdfab45a5edae,desktop,rv:56.0,Mac OS X 10.10,firefox 56.0,2560x1600,1,1,1,1.0
DP-c5e4bf3253b1d9ea,mobile,Blade L5 Build/LMY47I,,chrome 63.0 for android,,4,4,4,0.25
DP-c5e4f248b3d78ac4,desktop,Trident/7.0,Windows 10,ie 11.0 for desktop,1600x1200,7,6,6,0.16666666666666666
DP-c5e66e4be8df0901,mobile,SM-P600,,chrome 65.0 for android,,1,1,1,1.0
DP-c5ea3e7b2a2eb3b4,mobile,SAMSUNG SM-G610M Build/MMB29K,,samsung browser 6.4,,31,14,14,0.07142857142857142
DP-c5f1e0ba719d9034,mobile,G3313 Build/43.0.A.7.25,,chrome 65.0 for android,,2,2,2,0.5
DP-c6060b1aca787469,desktop,MacOS,Mac OS X 10_13_4,chrome 65.0,1440x900,15,11,11,0.09090909090909091
DP-c615649d67a48688,desktop,Windows,Windows 7,chrome 59.0,1280x1024,3,3,3,0.3333333333333333
DP-c61d8e3c4a5569b8,desktop,MacOS,Mac OS X 10_9_5,chrome 61.0,1440x900,6,4,4,0.25
DP-c62893060643c57f,mobile,SM-G935V Build/NRD90M,,chrome 65.0 for android,,5,3,3,0.3333333333333333
DP-c63bcb228636d3f2,mobile,SM-T337V,Android 5.1.1,chrome 62.0 for android,,2,2,2,0.5
DP-c63eadf24dd5326d,mobile,Blade A510 Build/MRA58K,,chrome 58.0 for android,,6,1,1,1.0
DP-c6404c2862cd8234,mobile,F5121 Build/34.3.A.0.252,,chrome 66.0 for android,,3,1,1,1.0
DP-c64514a7bf3ddd74,mobile,2PS64 Build/NRD90M,Android 7.0,chrome 62.0 for android,2560x1440,2,2,2,0.5
DP-c6464a2c360e18c8,desktop,Windows,Windows 7,chrome 64.0,1600x1200,2,2,2,0.5
DP-c649209b9bbc1742,mobile,HTC Desire 626s Build/LMY47O,,chrome 50.0 for android,,1,1,1,1.0
DP-c64bf85d4ee9f07c,mobile,LG-H815 Build/MRA58K,,chrome 63.0 for android,,2,2,2,0.5
DP-c64d89421a076806,mobile,HTC One M9 Build/NRD90M,Android 7.0,chrome 62.0 for android,1920x1080,2,2,2,0.5
DP-c6527774f051c4dd,desktop,MacOS,Mac OS X 10_11_6,chrome 65.0,1680x1050,4,3,3,0.3333333333333333
DP-c65965218e883201,mobile,XT1064 Build/MPB24.65-34-3,,chrome 56.0 for android,,4,4,4,0.25
DP-c66070107e1d74d8,mobile,SM-T555,,chrome 66.0 for android,,1,1,1,1.0
DP-c6617545faf2eaab,mobile,G3423,,chrome 63.0 for android,,1,1,1,1.0
DP-c67e70ab8f062742,mobile,LGL83BL,,chrome 66.0 for android,,2,2,2,0.5
DP-c680dc8da6154950,mobile,MotoG3-TE Build/MPDS24.65-33-1-30,,chrome 62.0 for android,,1,1,1,1.0
DP-c68396bfc0eae741,desktop,Windows,Windows 7,chrome 64.0,1536x960,1,1,1,1.0
DP-c689ce148985e21f,mobile,SAMSUNG,Android 7.1.1,samsung browser 6.2,1024x768,1,1,1,1.0
DP-c68b2591b7940e74,mobile,SM-J327P Build/MMB29M,Android 6.0.1,chrome 65.0 for android,1280x720,2,2,2,0.5
DP-c68bd23613d4ba3e,mobile,LG-TP260 Build/NRD90U,Android 7.0,chrome 63.0 for android,1280x720,5,4,4,0.25
DP-c68e463b3a9680e4,desktop,Windows,Windows 7,chrome 64.0,1600x900,83,53,53,0.018867924528301886
DP-c6944dc41c8962f0,mobile,AERIAL Build/NRD90M,,chrome 65.0 for android,,1,1,1,1.0
DP-c69942a3e404fd86,mobile,SM-G955U Build/NRD90M,,chrome 62.0 for android,,3,3,3,0.3333333333333333
DP-c69b40fc6b61a70d,desktop,rv:57.0,,firefox,,64,39,39,0.02564102564102564
DP-c69e583dd3e6bc4b,mobile,SM-G930R7,Android 7.0,chrome 63.0 for android,1920x1080,4,1,1,1.0
DP-c6bab2d6670b27ed,mobile,XT1040,,chrome 58.0 for android,,1,1,1,1.0
DP-c6c722fc9c8881fe,desktop,Windows,Windows 10,chrome 59.0,2736x1824,1,1,1,1.0
DP-c6cb76521ea7a50e,mobile,iOS Device,iOS 11.2.2,chrome,2048x1536,3,2,2,0.5
DP-c6cdd0b468fa9901,desktop,MacOS,Mac OS X 10_11_6,chrome 61.0,1920x1200,3,2,2,0.5
DP-c6e55c39bef69dfd,mobile,Origins,,android webview 4.0,,2,1,1,1.0
DP-c6e617ae32f56120,mobile,SCH-I535,Android 4.4.2,chrome 63.0 for android,1280x720,1,1,1,1.0
DP-c6f378d8183cdea0,mobile,LG-K240 Build/MXB48T,,chrome 62.0 for android,,2,2,2,0.5
DP-c6f4cd10a90fb3f0,mobile,Moto Z (2,,chrome 66.0 for android,,3,3,3,0.3333333333333333
DP-c6f8ffcf564621ee,mobile,SM-G935F Build/NRD90M,,chrome 65.0 for android,,70,26,26,0.038461538461538464
DP-c706c810fa9e6633,mobile,TRT-L53 Build/HUAWEITRT-L53,,chrome 62.0 for android,,5,5,5,0.2
DP-c71cc56d237d3c4f,mobile,E6633,,chrome 63.0 for android,,1,1,1,1.0
DP-c71f14da28a43716,desktop,MacOS,Mac OS X 10_11_6,chrome 62.0,2560x1600,59,33,33,0.030303030303030304
DP-c7272ead50ca7d4e,desktop,Windows,Windows 7,chrome,1920x1080,26,21,21,0.047619047619047616
DP-c72e13de5d22e4bd,desktop,hp2015,Windows 7,ie 11.0 for desktop,1920x1200,1,1,1,1.0
DP-c7341958e684b36f,desktop,MacOS,Mac OS X 10_12_6,chrome generic,2560x1440,1,1,1,1.0
DP-c74199d1100452f8,mobile,KFSAWI,Android 5.1.1,chrome generic,2560x1600,3,3,3,0.3333333333333333
DP-c74d38d52e855278,mobile,Blade A510 Build/MRA58K,,chrome 62.0 for android,,4,2,2,0.5
DP-c74dfb6b7b10061b,mobile,SM-G900P Build/MMB29M,Android 6.0.1,chrome 62.0 for android,1920x1080,5,5,5,0.2
DP-c74e7285c4a386ac,desktop,rv:56.0,Mac OS X 10.12,firefox 56.0,1680x1050,1,1,1,1.0
DP-c7548de35922f89c,mobile,LG-H870 Build/NRD90U,,chrome 61.0 for android,,3,2,2,0.5
DP-c7583600cbba26ad,mobile,Moto G (4) Build/NPJS25.93-14-15,,chrome 66.0 for android,,9,6,6,0.16666666666666666
DP-c759fb8391d61571,mobile,LG-H542 Build/MRA58K,,chrome 64.0 for android,,6,4,4,0.25
DP-c768d706373a3616,mobile,,Android,chrome 65.0,801x480,2,1,1,1.0
DP-c7756793076cd897,desktop,MacOS,Mac OS X 10_11_6,chrome 61.0,1280x800,6,5,5,0.2
DP-c77ae13d25c73915,desktop,Windows,Windows 7,chrome 63.0,1728x972,1,1,1,1.0
DP-c7973d0d92261cff,mobile,SM-A520F Build/MMB29K,,chrome 62.0 for android,,1,1,1,1.0
DP-c799335593648661,mobile,SAMSUNG SM-G531H Build/LMY48B,,Samsung/SM-G531H,,52,12,12,0.08333333333333333
DP-c79b9a40cd2cdfe1,mobile,iOS Device,iOS 11.1.1,mobile safari generic,1136x640,9,8,8,0.125
DP-c7a1f211a4ca0f8b,mobile,SM-G920V,,chrome generic,,2,1,1,1.0
DP-c7a32f46e465fd44,mobile,LG-TP260 Build/NRD90U,func,chrome 63.0 for android,1280x720,1,1,1,1.0
DP-c7a375b1c65d505d,desktop,rv:48.0,Mac OS X 10.6,firefox 48.0,1440x900,21,7,7,0.14285714285714285
DP-c7a5d90a3bf8217d,desktop,MacOS,Mac OS X 10_13_3,chrome 58.0,2560x1600,1,1,1,1.0
DP-c7b03a9f2e61edb1,mobile,SM-G532M Build/MMB29T,,chrome 65.0 for android,,37,15,15,0.06666666666666667
DP-c7bc0c39079f5978,mobile,iOS Device,iOS 11.1.2,chrome 62.0 for ios,2224x1668,2,2,2,0.5
DP-c7c294d3109f37c5,mobile,SAMSUNG SM-G955U Build/NRD90M,Android 7.0,samsung browser 6.2,2960x1440,2,2,2,0.5
DP-c7c33d4eb908bd35,mobile,E5823 Build/32.4.A.1.54,,chrome 63.0 for android,,1,1,1,1.0
DP-c7c48e0d1e3e86a6,mobile,SAMSUNG SM-N950U Build/NMF26X,Android 7.1.1,samsung browser 6.4,2220x1081,4,4,4,0.25
DP-c7c9e89029857638,mobile,PRA-LX1 Build/HUAWEIPRA-LX1,,chrome 64.0 for android,,4,3,3,0.3333333333333333
DP-c7ca106bb94be1fe,mobile,,Android,chrome generic,801x480,3,1,1,1.0
DP-c7d7fd393cb714a0,desktop,MacOS,Mac OS X 10_9_5,chrome 66.0,1280x800,11,6,6,0.16666666666666666
DP-c7d86c559416670d,desktop,,,edge 14.0,,3,3,3,0.3333333333333333
DP-c7d9d3525434a2f2,mobile,F3313 Build/37.0.A.2.248,,chrome 56.0 for android,,2,2,2,0.5
DP-c7ddd86dfda09135,desktop,rv:58.0,Windows 8.1,firefox 58.0,1366x768,1,1,1,1.0
DP-c7de2004a348b45f,mobile,,Android,chrome,1920x1080,1,1,1,1.0
DP-c7e0c065145d7e9c,desktop,rv:52.0,Windows 7,firefox 52.0,,1,1,1,1.0
DP-c7e9902d404c1819,desktop,MacOS,Mac OS X 10_13_4,chrome 62.0,2560x1440,2,2,2,0.5
DP-c7f56abeb29e8cf6,mobile,,,chrome 66.0 for ios,,104,45,45,0.022222222222222223
DP-c7f712ce0c068233,mobile,iOS Device,iOS 11.2.1,mobile safari 11.0,1136x640,234,137,137,0.0072992700729927005
DP-c7fb399ee8e90413,mobile,LG-H918 Build/NRD90M,Android 7.0,chrome 65.0 for android,2560x1440,4,2,2,0.5
DP-c814332551e39476,mobile,SM-N950U Build/NMF26X,,chrome 66.0 for android,,1,1,1,1.0
DP-c81cfbfd8d510a2c,desktop,MacOS,Mac OS X 10_12_4,safari generic,3360x2100,3,3,3,0.3333333333333333
DP-c82250a67c121cc1,desktop,Trident/7.0,Windows 10,ie 11.0 for desktop,1366x767,12,9,9,0.1111111111111111
DP-c82a3451481321e8,mobile,Nexus 5 Build/M4B30Z,,chrome 65.0 for android,,2,2,2,0.5
DP-c82e9804ebbdee7b,mobile,D5106,,chrome 62.0 for android,,1,1,1,1.0
DP-c83146e06398674b,mobile,HUAWEI,,chrome 65.0 for android,,6,5,5,0.2
DP-c8389c53c27bba70,mobile,SAMSUNG SM-G950U Build/NRD90M,Android 7.0,samsung browser 6.2,2220x1080,74,55,55,0.01818181818181818
DP-c8497dcd03b765d0,desktop,Windows,Windows 8.1,chrome 63.0,2400x1350,3,3,3,0.3333333333333333
DP-c85109ad02d1049d,desktop,MacOS,Mac OS X 10_12_5,chrome 64.0,1440x900,3,3,3,0.3333333333333333
DP-c85a8e6585fc3b5d,desktop,MacOS,Mac OS X 10_13_3,safari generic,2048x1280,4,2,2,0.5
DP-c85c6027ba733db2,mobile,SM-G935U,Android 7.0,chrome 63.0 for android,1920x1080,2,2,2,0.5
DP-c86149b799676fcc,desktop,MacOS,Mac OS X 10_9_5,chrome 63.0,1280x800,31,22,22,0.045454545454545456
DP-c86249b6b77e7602,desktop,MacOS,Mac OS X 10_11_3,chrome 62.0,2560x1440,3,1,1,1.0
DP-c875bb4989fcce7c,mobile,7055A Build/KVT49L,,chrome 65.0 for android,,1,1,1,1.0
DP-c87788fe4714b1bc,desktop,rv:57.0,Mac OS X 10.12,firefox 57.0,1366x768,3,3,3,0.3333333333333333
DP-c881148b557122dd,desktop,rv:52.0,Windows Vista,firefox 52.0,,1,1,1,1.0
DP-c884c9aaf6849d77,mobile,SAMSUNG SM-T810 Build/NRD90M,,samsung browser 6.2,,7,4,4,0.25
DP-c8857f23589a3922,desktop,Intel,Mac,safari,1680x1050,1,1,1,1.0
DP-c887b24230f82bdf,mobile,SM-T713 Build/NRD90M,,chrome 62.0 for android,,1,1,1,1.0
DP-c8940837fc874bf5,mobile,SM-J710MN Build/NRD90M,,chrome 66.0 for android,,2,2,2,0.5
DP-c8949f996517849f,desktop,rv:55.0,,firefox 55.0,,9,5,5,0.2
DP-c8959aefcdf9d0da,mobile,Z981 Build/MMB29M,Android 6.0.1,chrome 60.0 for android,1920x1080,1,1,1,1.0
DP-c8a0434a25b99c61,desktop,Windows,Windows 10,chrome 62.0,2000x1125,1,1,1,1.0
DP-c8a992d9b8f9e395,mobile,PRA-LX1 Build/HUAWEIPRA-LX1,,chrome 62.0 for android,,1,1,1,1.0
DP-c8b83ce0dd5381e2,desktop,rv:57.0,Mac OS X 10.10,firefox 57.0,1680x1050,4,4,4,0.25
DP-c8c6e4492c23f1a9,mobile,SM-G901F,,chrome 65.0 for android,,1,1,1,1.0
DP-c8cd327aa77c9c95,mobile,SM-G920V Build/MMB29K,Android 6.0.1,chrome 63.0 for android,2560x1440,3,3,3,0.3333333333333333
DP-c8d08f0f13ced73a,desktop,MacOS,Mac OS X 10_13_4,chrome 66.0,4096x2304,3,3,3,0.3333333333333333
DP-c8d39c83be0222af,mobile,TRT-L53 Build/HUAWEITRT-L53,,chrome generic for android,,8,6,6,0.16666666666666666
DP-c8e239cc086ce49d,mobile,LGLS676 Build/MXB48T,,chrome 62.0 for android,,1,1,1,1.0
DP-c8e6d05d333dfd29,mobile,RNE-L23 Build/HUAWEIRNE-L23,,chrome 66.0 for android,,5,2,2,0.5
DP-c8f2240bd75022ea,mobile,SM-G935P Build/NRD90M,Android 7.0,chrome 63.0 for android,1920x1080,18,17,17,0.058823529411764705
DP-c8f22e4c4d6e2dab,mobile,LGMS631 Build/MRA58K,Android 6.0,chrome 62.0 for android,1280x720,1,1,1,1.0
DP-c8ff771e732d1f3c,mobile,Redmi 4X Build/N2G47H,,chrome 66.0 for android,,2,2,2,0.5
DP-c901f90b82e5612c,mobile,SM-E500M Build/KTU84P,,chrome 63.0 for android,,3,3,3,0.3333333333333333
DP-c907ce8a68a0f508,desktop,rv:59.0,Mac OS X 10.9,firefox 59.0,1680x1050,2,1,1,1.0
DP-c90b8ee09807f5d8,mobile,SM-G925W8,,chrome 62.0 for android,,2,2,2,0.5
DP-c921de3e555067ce,desktop,MacOS,Mac OS X 10_13_4,chrome 65.0,2048x1152,1,1,1,1.0
DP-c9223b80f82c1d1c,mobile,NXA116QC164,Android 5.0,chrome 63.0 for android,1366x768,1,1,1,1.0
DP-c926da33c362fe38,desktop,MacOS,Mac OS X 10_13_3,chrome 64.0,1366x768,7,4,4,0.25
DP-c92864d9c2ecd205,desktop,MacOS,Mac OS X 10_11_5,safari generic,5120x2880,2,2,2,0.5
DP-c9300f908b18a275,mobile,,,other,,3,2,2,0.5
DP-c933413e495bf64a,mobile,WAS-LX3 Build/HUAWEIWAS-LX3,,chrome 65.0 for android,,29,9,9,0.1111111111111111
DP-c93a32f0da9f3c86,desktop,Windows,Windows 10,chrome 65.0,1280x768,7,2,2,0.5
DP-c943291ec1836440,mobile,Redmi Note 4 Build/NRD90M,,chrome 66.0 for android,,7,3,3,0.3333333333333333
DP-c94c0bf39cbe0730,mobile,SM-G550T1 Build/MMB29K,,chrome 65.0 for android,,1,1,1,1.0
DP-c94ceb1d7fec4437,desktop,SM-G355M Build/KOT49H,,chrome generic,,1,1,1,1.0
DP-c95559943132c05d,mobile,Moto G (5) Plus Build/NPN25.137-72,,chrome generic,,68,14,14,0.07142857142857142
DP-c9669b02881f6b3b,mobile,Moto,Android 6.0.1,chrome 65.0 for android,1280x720,1,1,1,1.0
DP-c96ecc5e6379f069,mobile,SM-J710GN,Android 7.0,chrome 63.0 for android,1280x720,1,1,1,1.0
DP-c96f10c21ebc6db0,desktop,MacOS,Mac OS X 10_11_5,safari generic,1280x800,6,6,6,0.16666666666666666
DP-c97135e07c834475,mobile,BLADE V8Q Build/N2G47H,,chrome 58.0 for android,,1,1,1,1.0
DP-c971c661b65edd6e,mobile,LG-H870 Build/NRD90U,,chrome 65.0 for android,,13,4,4,0.25
DP-c971dc0f05849106,mobile,LG-X210 Build/LMY47I,,chrome generic,,3,3,3,0.3333333333333333
DP-c9766b3d95ca8ec4,mobile,9008A Build/NRD90M,,chrome 66.0 for android,,1,1,1,1.0
DP-c981d8a23eefb479,mobile,BLADE V8 SE Build/NRD90M,,chrome 62.0 for android,,8,8,8,0.125
DP-c983a8334fd7e438,mobile,SM-T560NU Build/NMF26X,Android 7.1.1,chrome 64.0 for android,1280x800,1,1,1,1.0
DP-c98aa96703f6d4b3,mobile,iOS Device,iOS 11.0.1,chrome 63.0 for ios,2732x2048,1,1,1,1.0
DP-c991b6bd80bd66fb,mobile,SM-G920F Build/NRD90M,Android 7.0,chrome 63.0 for android,2560x1440,1,1,1,1.0
DP-c996d0fb32b38a1c,mobile,SM-J500M Build/LMY48B,,chrome 65.0 for android,,9,5,5,0.2
DP-c99c1ba39f0f8a7f,desktop,MacOS,Mac OS X 10_13_1,chrome 62.0,4096x2304,3,3,3,0.3333333333333333
DP-c9a8a4afd10bbae6,desktop,SM-G386T,,chrome generic,,1,1,1,1.0
DP-c9acd41e8ef21054,mobile,iOS Device,iOS 11.1.1,mobile safari uiwebview,2048x1536,1,1,1,1.0
DP-c9b76d7c386255bd,mobile,SM-G935T,Android 6.0.1,chrome 63.0 for android,2560x1440,1,1,1,1.0
DP-c9c5ba176056390f,mobile,Nexus 5 Build/M4B30Z,,chrome 63.0 for android,,1,1,1,1.0
DP-c9cde0039cec6234,desktop,Trident/7.0,Windows 8.1,ie 11.0 for tablet,1919x1079,1,1,1,1.0
DP-c9cf5726c48a1739,mobile,Blade A475 Build/LMY47D,,chrome 64.0 for android,,1,1,1,1.0
DP-c9dea59a01da249f,mobile,XT1225,,chrome 65.0 for android,,2,1,1,1.0
DP-c9dff6b2423b6624,mobile,SAMSUNG SM-J510MN Build/MMB29M,,samsung browser 5.4,,1,1,1,1.0
DP-c9e466cb3e893b1c,desktop,MacOS,Mac OS X 10_13_3,chrome 64.0,1600x900,1,1,1,1.0
DP-c9e54402d3529390,mobile,iOS Device,iOS 9.3.5,mobile safari generic,1334x750,1,1,1,1.0
DP-c9f3fceb0a7e1dbe,mobile,D5316 Build/19.4.A.0.182,,chrome 65.0 for android,,1,1,1,1.0
DP-c9f79af105af0f76,desktop,MacOS,Mac OS X 10_12_3,chrome 62.0,1920x1200,1,1,1,1.0
DP-c9fa6b053df48811,mobile,WAS-TL10 Build/HUAWEIWAS-TL10,,chrome generic for android,,5,1,1,1.0
DP-ca11afffc37406fd,mobile,SM-G955U Build/NRD90M,,chrome generic for android,,6,5,5,0.2
DP-ca1288bd5fc48d71,mobile,LG-X240 Build/MRA58K,,chrome 64.0 for android,,12,7,7,0.14285714285714285
DP-ca1e855856663241,mobile,SAMSUNG SM-J701M Build/NRD90M,,samsung browser 6.4,,16,10,10,0.1
DP-ca1f5818fd54df56,desktop,Windows,Windows 8.1,chrome 65.0,1920x1080,40,38,38,0.02631578947368421
DP-ca20c842e234e88f,mobile,SM-G930P Build/NRD90M,Android 7.0,chrome 64.0 for android,2560x1440,4,1,1,1.0
DP-ca27e4f8fb9c52dc,desktop,rv:45.0,Mac OS X 10.11,firefox,1920x1200,5,1,1,1.0
DP-ca3076a7ea0eb04f,desktop,Windows,Windows 8.1,chrome 64.0,1600x900,17,10,10,0.1
DP-ca3d922f0120474d,mobile,SM-G900T Build/MMB29M,,chrome 64.0 for android,,1,1,1,1.0
DP-ca40799c79f61fb3,mobile,BLU,,chrome 59.0 for android,,1,1,1,1.0
DP-ca47766d33471d98,mobile,MacOS,Mac OS X 10_11_6,other,1920x1080,1,1,1,1.0
DP-ca588b60371f19f8,mobile,STV100-1,,chrome 63.0 for android,,1,1,1,1.0
DP-ca5b84d7d35916dd,mobile,SAMSUNG SM-G890A Build/NRD90M,,samsung browser 6.4,,1,1,1,1.0
DP-ca5f77a4a3e5a476,mobile,GT-N7100,,chrome 64.0 for android,,1,1,1,1.0
DP-ca6818a5329eed7b,mobile,HT0701A16,,chrome 50.0 for android,,1,1,1,1.0
DP-ca7bd58a2eca743b,mobile,SAMSUNG SM-J700M Build/MMB29K,,samsung browser generic,,24,10,10,0.1
DP-ca8446dce10ea092,mobile,Moto G Play Build/MPIS24.241-15.3-7,,chrome 58.0 for android,,4,1,1,1.0
DP-ca89c3c3ac401bf1,desktop,Windows,Windows 7,chrome 61.0,1440x900,5,5,5,0.2
DP-ca8c0179126134b5,mobile,,Android,chrome 65.0,1281x721,1,1,1,1.0
DP-ca8e185ffaf410b9,desktop,Windows,Windows 7,chrome 62.0,1360x768,20,12,12,0.08333333333333333
DP-ca94100b0bb8ef99,desktop,MacOS,Mac OS X 10_13_2,chrome generic,1440x900,2,2,2,0.5
DP-ca95bdb188c9a14a,desktop,rv:57.0,Linux,firefox 57.0,1152x864,1,1,1,1.0
DP-ca9a0f75816b88a0,desktop,rv:11.0,Windows 10,ie 11.0 for desktop,1280x1024,1,1,1,1.0
DP-caa0a5bc137cb20e,desktop,Windows,Windows Vista,firefox 52.0,1680x1050,2,2,2,0.5
DP-caa88bdaf6bbb364,mobile,,Android,chrome 64.0,1280x720,144,22,22,0.045454545454545456
DP-caaaf1c980c9fe0f,mobile,SAMSUNG-SM-N920A Build/NRD90M,,chrome 62.0 for android,,1,1,1,1.0
DP-cac5398c89b1c54d,desktop,Windows,Windows 10,edge 16.0,2560x1080,3,2,2,0.5
DP-cac7544e596d06cf,desktop,Windows,Windows 10,chrome 62.0,1728x972,1,1,1,1.0
DP-cac92a8fc3ede896,desktop,MacOS,Mac OS X 10_7_5,chrome 49.0,1680x1050,5,5,5,0.2
DP-caccfa1dc7232ff8,mobile,,Android,chrome 65.0,1920x1080,15,5,5,0.2
DP-cace1fe052fadf00,mobile,LG-K550 Build/NRD90U,Android 7.0,chrome 62.0 for android,1280x720,2,2,2,0.5
DP-cad079d2d64cb084,desktop,MacOS,Mac OS X 10_9_5,chrome 62.0,3360x2100,1,1,1,1.0
DP-cad2c73c2c0d4515,mobile,Hisense,,chrome 61.0 for android,,1,1,1,1.0
DP-cad7b734050459b8,mobile,E5803 Build/32.4.A.1.54,,opera,,1,1,1,1.0
DP-cada239763aa4528,mobile,SM-J105B Build/LMY47V,,chrome 66.0 for android,,7,3,3,0.3333333333333333
DP-caef1d4fd57d5281,mobile,es-us,,Lanix/Ilium,,2,1,1,1.0
DP-caf72de76469d005,mobile,Y635-L03 Build/HuaweiY635-L03,,chrome 62.0 for android,,7,7,7,0.14285714285714285
DP-cafccde77a72d4b9,mobile,SM-N950U Build/NMF26X,Android 7.1.1,chrome 64.0 for android,2220x1080,2,2,2,0.5
DP-cb0236c878455c15,mobile,Aquaris V Build/N2G47H,,chrome 65.0 for android,,6,1,1,1.0
DP-cb03028d7740357c,mobile,SAMSUNG SM-N950U Build/R16NW,Android 8.0.0,samsung browser 7.0,2220x1080,2,1,1,1.0
DP-cb07c2aa43f79d1f,desktop,MacOS,Mac OS X 10_13_3,safari generic,1680x1050,5,4,4,0.25
DP-cb0f439b8d4c2741,mobile,SAMSUNG SM-G920I Build/NRD90M,,samsung browser 6.2,,5,4,4,0.25
DP-cb14a99a58b56a48,mobile,iOS Device,iOS 10.2.0,chrome 63.0 for ios,2208x1242,4,1,1,1.0
DP-cb15ec5d40e546f7,desktop,MacOS,Mac OS X 10_13_4,chrome 65.0,1280x800,3,3,3,0.3333333333333333
DP-cb1706723a207531,mobile,SM-G900F Build/MMB29M,,chrome 65.0 for android,,4,4,4,0.25
DP-cb22646bc4196890,mobile,SAMSUNG-SM-T377A Build/MMB29K,Android 6.0.1,chrome 66.0 for android,1280x800,1,1,1,1.0
DP-cb249f518be16096,mobile,Redmi Note 4 Build/NRD90M,,chrome generic for android,,1,1,1,1.0
DP-cb24c69ef7b75e9c,desktop,MacOS,Mac OS X 10_13_3,chrome 64.0,1280x800,7,7,7,0.14285714285714285
DP-cb29beeec94648c8,mobile,AX820 Build/MRA58K,,chrome 63.0 for android,,2,1,1,1.0
DP-cb2a0c457b88e652,mobile,VS986 Build/MRA58K,Android 6.0,chrome 55.0 for android,2560x1440,1,1,1,1.0
DP-cb2ea094234f2592,mobile,G3313 Build/43.0.A.7.25,,chrome generic for android,,1,1,1,1.0
DP-cb36efe1248313d4,mobile,REX,,chrome 58.0 for android,,1,1,1,1.0
DP-cb404e58ce5bd3e0,mobile,9008A Build/NRD90M,,chrome 55.0 for android,,1,1,1,1.0
DP-cb41374add60ff88,desktop,Windows,Windows 7,firefox 60.0,1280x1024,4,4,4,0.25
DP-cb41ea1e2ff12f93,mobile,Nexus,Android 7.0,chrome 63.0 for android,2562x1442,2,2,2,0.5
DP-cb4708448d8daf9c,mobile,BLADE V8 SE Build/NRD90M,,chrome 63.0 for android,,11,7,7,0.14285714285714285
DP-cb474ace64921746,mobile,SM-G900M Build/LRX21T,,chrome 65.0 for android,,8,5,5,0.2
DP-cb4a5bcd3ab74c56,mobile,6039A Build/LRX22G,,chrome 43.0 for android,,1,1,1,1.0
DP-cb5568d4006308ef,mobile,SAMSUNG SM-G930A Build/NRD90M,Android 7.0,samsung browser 5.4,1920x1080,1,1,1,1.0
DP-cb5932371cc93530,mobile,B1-750,,chrome 65.0 for android,,1,1,1,1.0
DP-cb6130c138d013f6,desktop,Windows,Windows 10,chrome 64.0,2048x1152,1,1,1,1.0
DP-cb660113f8f05035,mobile,M4 SS4453 Build/MMB29M,,chrome 63.0 for android,,15,5,5,0.2
DP-cb69d0940c76ff94,desktop,Windows,Windows 10,chrome 62.0,3440x1440,5,5,5,0.2
DP-cb6bc4046c781822,mobile,ASUS_X008DC Build/NRD90M,,chrome 63.0 for android,,3,2,2,0.5
DP-cb7a11417ecc011b,mobile,SLA-L23,,chrome 65.0 for android,,2,1,1,1.0
DP-cb81a7562492194c,desktop,MacOS,Mac OS X 10_13_1,safari generic,2048x1152,3,3,3,0.3333333333333333
DP-cb926951a5ec5645,desktop,MacOS,Mac OS X 10_12_6,chrome 66.0,2560x1600,1,1,1,1.0
DP-cb93fcd02a28227b,desktop,rv:48.0,Mac,firefox 48.0,1366x768,4,3,3,0.3333333333333333
DP-cb9778e75a6c1b12,mobile,iOS Device,iOS 10.3.1,mobile safari generic,1334x750,36,15,15,0.06666666666666667
DP-cb9a60c57225564c,mobile,LG-H420 Build/LRX21Y,,chrome 63.0 for android,,1,1,1,1.0
DP-cbbb6d84565d3f66,desktop,MacOS,Mac OS X 10_13_2,safari generic,3360x2100,39,33,33,0.030303030303030304
DP-cbcf1fdd9e1ee883,mobile,M4 SS4457-R Build/NRD90M,,chrome 65.0 for android,,1,1,1,1.0
DP-cbcf46be41c192a6,mobile,Robin,,chrome 63.0 for android,,1,1,1,1.0
DP-cbd2ba68666bdbd7,desktop,MacOS,Mac OS X 10_13_1,safari generic,1152x720,4,3,3,0.3333333333333333
DP-cbda4a6215be2a23,mobile,LG-K500 Build/MMB29M,,chrome 65.0 for android,,16,10,10,0.1
DP-cbddb1bf22ef84ab,mobile,Moto G (5) Build/NPP25.137-72,,chrome generic,,84,26,26,0.038461538461538464
DP-cbdf41d4de56e034,mobile,SAMSUNG-SM-G928A Build/NRD90M,Android 7.0,chrome 66.0 for android,1920x1080,13,3,3,0.3333333333333333
DP-cbe3c9e0c85fb7ee,desktop,Windows,Windows 10,edge 16.0,1279x1023,2,1,1,1.0
DP-cbe51e322805612d,mobile,Aquaris X Build/NMF26F,,chrome generic for android,,1,1,1,1.0
DP-cbe927a8589b3374,desktop,MacOS,Mac OS X 10_7_5,chrome 49.0,1366x768,2,2,2,0.5
DP-cbf4aa57bc89e6d3,desktop,Windows,Windows XP,chrome 49.0,1280x960,3,2,2,0.5
DP-cbf7ad2c164d9e1b,mobile,es-mx,,chrome generic,,2,2,2,0.5
DP-cbfdd32413478865,desktop,MacOS,Mac OS X 10_11_4,safari generic,3440x1440,1,1,1,1.0
DP-cc09cdf8c1e3e1fd,mobile,SM-T280 Build/LMY47V,,chrome 65.0 for android,,3,2,2,0.5
DP-cc0f231c95e92c0e,mobile,SM-J727U Build/NRD90M,,chrome 62.0 for android,,4,3,3,0.3333333333333333
DP-cc0f44f07da1c1f8,mobile,ASUS_X018D,,chrome generic for android,,1,1,1,1.0
DP-cc0ff32581fd23df,mobile,SAMSUNG-SM-G920AZ,,chrome 66.0 for android,,1,1,1,1.0
DP-cc196592ccb32789,desktop,MacOS,Mac OS X 10_10_5,chrome generic,1440x900,1,1,1,1.0
DP-cc1d9be50f8e2a31,desktop,Windows,Windows 10,firefox 60.0,1366x768,7,7,7,0.14285714285714285
DP-cc2af8aa724f41b8,desktop,rv:56.0,Mac OS X 10.10,firefox 56.0,1366x768,1,1,1,1.0
DP-cc3091e9437a8c5c,mobile,SAMSUNG SM-G935P Build/NRD90M,Android 7.0,samsung browser 6.2,,1,1,1,1.0
DP-cc3288b465c857e5,desktop,Windows,other,edge 16.0,3840x2160,1,1,1,1.0
DP-cc37457e0c1810ac,mobile,SM-G903F Build/MMB29K,,chrome 63.0 for android,,1,1,1,1.0
DP-cc3b535207ae4171,desktop,Windows,Windows 10,chrome 60.0,1440x900,1,1,1,1.0
DP-cc3f5643333848ff,mobile,XT1032 Build/KXB21.14-L1.40,,chrome generic,,3,2,2,0.5
DP-cc46526088a90793,desktop,,Linux,chrome 63.0,1536x864,5,5,5,0.2
DP-cc479397466d679b,mobile,SAMSUNG SM-G920A Build/NRD90M,,samsung browser 6.2,,1,1,1,1.0
DP-cc4a8d743244bb45,mobile,5051A Build/MMB29M,,chrome 65.0 for android,,2,1,1,1.0
DP-cc4ca948fb954978,mobile,HTC Desire 510 Build/KOT49H,,chrome 64.0 for android,,1,1,1,1.0
DP-cc54318471b342d6,desktop,Windows,Windows 7,chrome,1280x1024,5,5,5,0.2
DP-cc69cef140241ea0,mobile,LG-D693n Build/LRX22G,,chrome 62.0 for android,,3,2,2,0.5
DP-cc72c8fa116c7908,mobile,Blade V6 Build/LRX22G,,chrome 64.0 for android,,4,2,2,0.5
DP-cc78b2b7fe116646,mobile,LG-D855 Build/LRX21R,,chrome 62.0 for android,,1,1,1,1.0
DP-cc7b2ead65c669fe,mobile,LG-K530 Build/MMB29M,,chrome 63.0 for android,,25,11,11,0.09090909090909091
DP-cc8a5f23c0fee993,mobile,SM-J700M Build/LMY48B,,chrome 65.0 for android,,15,8,8,0.125
DP-cc8b441a2775e7b9,mobile,Ilium X220 Build/MRA58K,,chrome 56.0 for android,,1,1,1,1.0
DP-cc9c1539593d5841,mobile,SM-J105B Build/LMY47V,,chrome 59.0 for android,,1,1,1,1.0
DP-cc9efd5cccb7ccdc,desktop,MacOS,Mac OS X 10_12_1,safari generic,1920x1080,3,3,3,0.3333333333333333
DP-cca08d023ad803f4,mobile,SM-G950U Build/NRD90M,,chrome 63.0 for android,,5,5,5,0.2
DP-cca2ea8bb14f929b,mobile,Alcatel_5098O Build/MMB29M,,chrome 50.0 for android,,1,1,1,1.0
DP-cca661ae73b0b5dd,desktop,Windows,Windows 8.1,chrome 66.0,1366x768,34,22,22,0.045454545454545456
DP-ccaa1c50e78af563,mobile,TA-1044 Build/NMF26F,,chrome 65.0 for android,,2,2,2,0.5
DP-ccab2bdd27c48a98,mobile,PRA507,,chrome 65.0 for android,,1,1,1,1.0
DP-ccab82dbbdd9a9ae,desktop,MacOS,Mac,chrome 60.0,2560x1600,1,1,1,1.0
DP-ccae0d0cd407421e,mobile,D6603 Build/23.5.A.1.291,,chrome 65.0 for android,,3,2,2,0.5
DP-ccaebe2ff8686a21,mobile,SAMSUNG SM-G935F Build/NRD90M,,samsung browser 6.4,,22,9,9,0.1111111111111111
DP-ccbf112c3a297b41,mobile,SAMSUNG-SM-T807A,Android 5.0.2,chrome 61.0 for android,2560x1600,1,1,1,1.0
DP-ccc2f950fd745aab,mobile,VS996,Android 7.1.2,other,2880x1440,1,1,1,1.0
DP-cccb807fb4f61d61,mobile,iOS Device,iOS 10.1.1,mobile safari 10.0,2001x1125,5,4,4,0.25
DP-ccdf8377c7265804,mobile,5025G Build/LMY47I,,chrome 65.0 for android,,6,3,3,0.3333333333333333
DP-cce0167fa8681b63,desktop,MacOS,Mac OS X 10_11_6,chrome 63.0,3600x2250,1,1,1,1.0
DP-ccf26afc678e5d44,mobile,SAMSUNG SM-G930F Build/NRD90M,,samsung browser generic,,9,5,5,0.2
DP-ccf2aa4bb704f47e,desktop,MacOS,Mac OS X 10_8_5,safari generic,1280x800,11,4,4,0.25
DP-ccf30fb349ed51fe,mobile,BLU STUDIO C 5+5 Build/LRX21M,,chrome 63.0 for android,,2,2,2,0.5
DP-ccfa3aa0d3a3b65f,mobile,SAMSUNG-SM-N900A Build/LRX21V,,chrome 64.0 for android,,1,1,1,1.0
DP-cd08e09bd58459f4,desktop,MacOS,Mac OS X 10_11_6,chrome 63.0,1920x1200,5,5,5,0.2
DP-cd2ae0b714d15abc,mobile,SM-J700P,,chrome 65.0 for android,,1,1,1,1.0
DP-cd2bc722a28abe45,mobile,LG-TP450 Build/NRD90U,Android 7.0,chrome 66.0 for android,1920x1080,2,2,2,0.5
DP-cd2cd0a968600b88,mobile,7055A Build/KVT49L,,chrome 59.0 for android,,1,1,1,1.0
DP-cd47df3f4db66df8,mobile,GT-I9060L Build/JDQ39,,chrome 59.0 for android,,1,1,1,1.0
DP-cd497d337667d760,desktop,Windows,Windows 7,chrome generic,2560x1440,3,2,2,0.5
DP-cd4a111dbd0a6643,mobile,SM-T813 Build/NRD90M,Android 7.0,chrome 63.0 for android,,2,2,2,0.5
DP-cd4c2111266c33f4,mobile,LG-K530 Build/NRD90U,,chrome 65.0 for android,,2,2,2,0.5
DP-cd4e8eea7c5d67dc,desktop,Windows,Windows 10,chrome 65.0,1728x972,4,2,2,0.5
DP-cd50351d8103d8f1,mobile,Nexus,Android 7.1.1,chrome 63.0 for android,2562x1442,2,2,2,0.5
DP-cd593b4f9d342cbe,mobile,RNE-L03 Build/HUAWEIRNE-L03,,chrome 65.0 for android,,17,11,11,0.09090909090909091
DP-cd5bf34daeb332ea,desktop,rv:11.0,Windows 7,ie 11.0 for desktop,1024x768,59,41,41,0.024390243902439025
DP-cd5c04583114afcf,desktop,Trident/7.0,Windows 7,ie 11.0 for desktop,1440x810,2,1,1,1.0
DP-cd5e9910d7fb5fc2,mobile,F3311,,chrome 65.0 for android,,2,2,2,0.5
DP-cd6c9656399d0a66,mobile,LG-X220 Build/LMY47I,,chrome 65.0 for android,,6,2,2,0.5
DP-cd6e866e378ab296,desktop,D5503,,chrome generic,,1,1,1,1.0
DP-cd7332250c0eeccd,mobile,E5506,,chrome 63.0 for android,,1,1,1,1.0
DP-cd8e26338817e091,mobile,Pixel Build/OPM1.171019.012,Android 8.1.0,chrome 63.0 for android,,3,3,3,0.3333333333333333
DP-cda1dcafed00f2da,mobile,Pixel,,chrome 62.0 for android,,1,1,1,1.0
DP-cda36e260d41f5fc,mobile,LG-V410,Android 5.0.2,chrome 52.0 for android,1280x800,1,1,1,1.0
DP-cda5fe69c9183ca9,mobile,Lenovo,,other,,1,1,1,1.0
DP-cda6fc8d377ff9a9,desktop,MacOS,Mac OS X 10_12_6,chrome 63.0,2880x1800,70,50,50,0.02
DP-cdb3ea24a7516bb3,desktop,rv:59.0,Mac OS X 10.10,firefox 59.0,2560x1440,2,2,2,0.5
DP-cdc7ffb386182e7d,mobile,SM-G928T Build/NRD90M,Android 7.0,chrome 65.0 for android,1921x1081,1,1,1,1.0
DP-cdc8507af64d5214,mobile,SM-J710MN Build/MMB29K,,chrome 50.0 for android,,2,2,2,0.5
DP-cdc97d19224256c4,mobile,SAMSUNG-SM-G900A Build/LRX21T,,chrome 64.0 for android,,2,1,1,1.0
DP-cdd0e157b9ecbcdf,mobile,Lenovo PB2-650Y Build/MRA58K,,chrome 65.0 for android,,7,7,7,0.14285714285714285
DP-cdd28d289130c481,desktop,Windows,Windows 10,firefox 58.0,4500x3000,1,1,1,1.0
DP-cdd8691602d86c31,mobile,Neffos C5 Build/LMY47D,,chrome 65.0 for android,,7,1,1,1.0
DP-cdd9a089a2d07b28,mobile,SM-T710 Build/NRD90M,,chrome 65.0 for android,,4,1,1,1.0
DP-cdd9a5994279e607,mobile,rv:57.0,Android 7.0,Generic/Android 7.0,2048x1536,1,1,1,1.0
DP-cddaae70d04be168,mobile,SM-N950F Build/NMF26X,,chrome 63.0 for android,,11,6,6,0.16666666666666666
DP-cddc9e103c609d27,mobile,HUAWEI TAG-L13 Build/HUAWEITAG-L13,,chrome 59.0 for android,,1,1,1,1.0
DP-cde6a76a45092694,desktop,Windows NT 6.1,Windows 7,ie,1920x1200,2,2,2,0.5
DP-cdff988e4001cfcf,mobile,iOS Device,iOS 10.3.3,mobile safari uiwebview,2208x1242,1,1,1,1.0
DP-ce025e8e9594d48c,mobile,SM-G930F Build/MMB29K,,chrome 66.0 for android,,3,1,1,1.0
DP-ce053ee4d478c2b3,mobile,iOS Device,iOS 10.1.1,mobile safari 10.0,1334x750,24,20,20,0.05
DP-ce088274ae826ef4,desktop,MacOS,Mac OS X 10_12_4,chrome 63.0,3360x2100,1,1,1,1.0
DP-ce25b67ffeb63437,desktop,MacOS,Mac OS X 10_11_6,chrome 66.0,1920x1200,2,2,2,0.5
DP-ce25d095e37110be,desktop,MacOS,Mac OS X 10_11_6,safari generic,1280x1024,3,3,3,0.3333333333333333
DP-ce371c513a07dea2,mobile,LG-H901,Android 6.0,chrome 62.0 for android,2560x1440,1,1,1,1.0
DP-ce48ec69636579b5,mobile,Moto E (4) Build/NDQS26.69-23-2-3,Android 7.1.1,chrome 56.0 for android,1280x720,2,1,1,1.0
DP-ce57e08081236ba8,mobile,iOS Device,iOS 11.3.1,google search application 49.0,2208x1242,12,2,2,0.5
DP-ce5a19b74a872c65,mobile,SM-A710M Build/NRD90M,,chrome generic for android,,2,2,2,0.5
DP-ce5ac7d7a3f61b87,mobile,E6833,,chrome 62.0 for android,,1,1,1,1.0
DP-ce5af1259beade17,desktop,MacOS,Mac,safari generic,1366x768,8,8,8,0.125
DP-ce5d6721dd77e84b,mobile,SM-T800 Build/MMB29K,Android 6.0.1,chrome 62.0 for android,2560x1600,1,1,1,1.0
DP-ce5e1ad44dd4d5b7,desktop,,Linux,,1536x864,1,1,1,1.0
DP-ce61f4a19ac12142,desktop,Windows,Windows 7,firefox 59.0,1600x900,10,9,9,0.1111111111111111
DP-ce622ff8707b0c03,mobile,XT1032 Build/LPBS23.13-56-2,,chrome 66.0 for android,,2,2,2,0.5
DP-ce69d00ba9811adb,desktop,Windows,Windows 10,chrome 62.0,1920x1080,811,354,354,0.002824858757062147
DP-ce6bbbef33a1f493,desktop,rv:60.0,Mac OS X 10.10,firefox 60.0,1920x1080,1,1,1,1.0
DP-ce7260b94d4759ab,desktop,Windows,Windows 8.1,chrome,1280x1024,1,1,1,1.0
DP-ce93a2021d3614ae,mobile,XT1635-02 Build/NPN26.118-22-2,,chrome 62.0 for android,,8,4,4,0.25
DP-ce966b156b7a3c30,mobile,SM-G930P Build/NRD90M,Android 7.0,chrome 63.0 for android,1920x1080,27,26,26,0.038461538461538464
DP-cea52b0edc05e800,mobile,TRT-L53 Build/HUAWEITRT-L53,,samsung browser 6.2,,2,2,2,0.5
DP-ceb323a6e219aa2f,mobile,LG-H542 Build/MRA58K,,chrome 63.0 for android,,8,6,6,0.16666666666666666
DP-ceb62fd5e4552a6b,mobile,AERIAL,,chrome 66.0 for android,,1,1,1,1.0
DP-cecea11baca9b321,mobile,iOS Device,iOS 10.3.3,chrome 62.0 for ios,2224x1668,1,1,1,1.0
DP-ced12c163c21ffa4,desktop,MacOS,Mac OS X 10_12_6,chrome 66.0,2880x1800,9,8,8,0.125
DP-ced3ae047f59eff0,mobile,A1601 Build/LMY47I,,chrome 63.0 for android,,1,1,1,1.0
DP-cedd6db94a5f7e7e,mobile,LG-D320 Build/KOT49I.V10a,,chrome 62.0 for android,,1,1,1,1.0
DP-ceef7531635aaf7b,desktop,MacOS,Mac OS X 10_11_6,chrome 65.0,1600x900,1,1,1,1.0
DP-cefe6437e3057de2,mobile,SM-G928V Build/MMB29K,,chrome 64.0 for android,,4,1,1,1.0
DP-cf03aa2df69ce93d,mobile,LGL84VL Build/NRD90U,Android 7.0,chrome 63.0 for android,1280x720,1,1,1,1.0
DP-cf080c40d813493e,mobile,Moto G Play Build/NPI26.48-36,,chrome 64.0 for android,,8,8,8,0.125
DP-cf0842de66e67c36,mobile,moto x4 Build/OPW27.57-40,,chrome 64.0 for android,,2,2,2,0.5
DP-cf09d00554ed6a7a,desktop,MacOS,Mac OS X 10_7_5,opera,1280x800,1,1,1,1.0
DP-cf1016abe5e5e8b8,desktop,Windows,Windows XP,chrome 49.0,1024x600,1,1,1,1.0
DP-cf1b8995480d9735,desktop,Windows,Windows XP,chrome 49.0,1366x768,6,2,2,0.5
DP-cf1dbe0937c27fb0,mobile,SM-G930R4 Build/NRD90M,,chrome 62.0 for android,,3,1,1,1.0
DP-cf1f4d5f8057677f,mobile,SM-G925I Build/LMY47X,,chrome 62.0 for android,,2,2,2,0.5
DP-cf25900ae7b9f64d,mobile,LG-H830,Android 6.0.1,chrome 66.0 for android,2560x1440,1,1,1,1.0
DP-cf2e2bade0cba82c,mobile,SAMSUNG-SM-G530AZ Build/LMY48B,Android 5.1.1,chrome 61.0 for android,960x540,1,1,1,1.0
DP-cf2e7fe812865a27,desktop,Windows,Windows 7,chrome 58.0,1920x1080,3,3,3,0.3333333333333333
DP-cf4553944aa38263,mobile,SM-T813 Build/NRD90M,,chrome 65.0 for android,,1,1,1,1.0
DP-cf4e2563dfcb7497,mobile,Alcatel_5098O Build/MMB29M,,chrome 64.0 for android,,1,1,1,1.0
DP-cf505dcd3cb04653,mobile,A97,,chrome 64.0 for android,,1,1,1,1.0
DP-cf55c8a08b950063,mobile,Moto G Play Build/MPIS24.241-15.3-7,,chrome 66.0 for android,,12,7,7,0.14285714285714285
DP-cf565edc00c567c3,mobile,SM-G900M Build/LRX21T,,chrome generic,,13,7,7,0.14285714285714285
DP-cf5b52fd4cb1527a,desktop,MacOS,Mac OS X 10_13_3,chrome 66.0,3360x2100,1,1,1,1.0
DP-cf612208ffc84561,mobile,MotoG3-TE Build/MPDS24.65-33-1-30,,chrome generic for android,,6,5,5,0.2
DP-cf677947dbc9e218,mobile,LGLS775 Build/NRD90U,Android 7.0,chrome generic for android,1280x720,2,1,1,1.0
DP-cf69ccf268e0c7ea,desktop,,func,chrome 58.0,1280x1024,1,1,1,1.0
DP-cf6cfc2bb90ac4c0,mobile,iOS Device,iOS 10.3.2,mobile safari 10.0,2224x1668,1,1,1,1.0
DP-cf6d7d4919534f7c,mobile,BLADE V7 Build/MRA58K,,chrome 64.0 for android,,1,1,1,1.0
DP-cf757ca1fd4950e3,desktop,Windows,Windows 7,chrome 67.0,1680x945,1,1,1,1.0
DP-cf83f80e187a9345,mobile,SPH-L720,Android,chrome 62.0 for android,1920x1080,1,1,1,1.0
DP-cf8a02b561dcd4ea,mobile,GT-I9300,,chrome 62.0 for android,,1,1,1,1.0
DP-cf8fa2a12107d03c,desktop,MacOS,Mac OS X 10_12_5,safari 10.0,2560x1600,2,2,2,0.5
DP-cf903929cd243d81,desktop,Windows,Windows 10,chrome 63.0,2880x1620,10,5,5,0.2
DP-cfa239e53f92d8a5,mobile,LG-X210 Build/LMY47I,,chrome 59.0 for android,,6,4,4,0.25
DP-cfa2e39d74a5cc5d,mobile,Moto Z2 Play Build/NPSS26.118-19-14,,chrome 57.0 for android,,1,1,1,1.0
DP-cfac037cec0cd4fe,mobile,SAMSUNG SM-G955U Build/R16NW,Android 8.0.0,samsung browser 7.0,2220x1081,8,8,8,0.125
DP-cfadfebb22422321,mobile,SM-G930P Build/NRD90M,,chrome 63.0 for android,,1,1,1,1.0
DP-cfb025170e960de3,mobile,SM-G900V Build/MMB29M,Android 6.0.1,chrome 62.0 for android,1920x1080,19,14,14,0.07142857142857142
DP-cfc8ba73b09a2834,mobile,ALUMINI,,chrome 63.0 for android,,2,1,1,1.0
DP-cfca8b47395295d6,mobile,Redmi Note 3 Build/MMB29M,,chrome 65.0 for android,,1,1,1,1.0
DP-cfd8de7e5d6bda96,mobile,iOS Device,iOS 11.2.6,mobile safari generic,2001x1125,56,46,46,0.021739130434782608
DP-cfd9567871d280b4,desktop,MacOS,Mac OS X 10_10_5,safari generic,1920x1080,135,96,96,0.010416666666666666
DP-cfdafb1946d89756,desktop,MacOS,Mac OS X 10_10_5,chrome 62.0,2880x1800,11,9,9,0.1111111111111111
DP-cfec71e52eaa1808,desktop,MacOS,Mac OS X 10_10_5,chrome 64.0,1440x900,16,10,10,0.1
DP-cff62a78baacc85d,mobile,SAMSUNG SM-A510M Build/NRD90M,,samsung browser 6.4,,4,4,4,0.25
DP-d0016e3ab0eb6b6c,desktop,rv:56.0,Mac OS X 10.11,firefox 56.0,1152x720,1,1,1,1.0
DP-d0059c3a3bbbe4e7,mobile,SM-G928G Build/NRD90M,,chrome 66.0 for android,,7,6,6,0.16666666666666666
DP-d00b4239db9825ed,mobile,iOS Device,iOS 11.2.0,mobile safari generic,2436x1125,11,11,11,0.09090909090909091
DP-d01114b65f2e4944,mobile,F5321 Build/34.3.A.0.238,,chrome 63.0 for android,,7,3,3,0.3333333333333333
DP-d0176f4e58bc0f51,mobile,LGMS550 Build/MXB48T,,chrome 58.0 for android,,1,1,1,1.0
DP-d018918f746bf5cb,mobile,ASUS_Z01BDC,,chrome 65.0 for android,,1,1,1,1.0
DP-d01b480ee9729a8a,mobile,REX,,chrome 62.0 for android,,1,1,1,1.0
DP-d01d9a18d9385969,desktop,Linux x86_64,,firefox,,18,5,5,0.2
DP-d02284bc76d70b0d,desktop,MacOS,Mac OS X 10_12_6,chrome 60.0,2880x1800,4,3,3,0.3333333333333333
DP-d034d288197219d9,mobile,XT1609 Build/NPIS26.48-38-3,,chrome 57.0 for android,,3,1,1,1.0
DP-d0369fddb3f68a52,mobile,SM-G935V Build/NRD90M,Android 7.0,chrome 58.0 for android,2560x1440,2,1,1,1.0
DP-d03df3d4394a660a,desktop,Trident/7.0,Windows 10,ie 11.0 for desktop,1679x1049,1,1,1,1.0
DP-d03e69fdfd0c92c2,mobile,SM-J530GM Build/NRD90M,,chrome 66.0 for android,,4,2,2,0.5
DP-d0630cf3f004c8af,mobile,Moto G Play Build/NPIS26.48-36-2,,chrome 57.0 for android,,2,1,1,1.0
DP-d068ab9669d588fc,desktop,,func,chrome 62.0,1366x768,1,1,1,1.0
DP-d068b3e1f87f4427,mobile,en-us,Android 4.4.2,chrome generic,,1,1,1,1.0
DP-d06debff40a683c9,desktop,rv:11.0,Windows 7,ie 11.0 for desktop,1366x767,3,3,3,0.3333333333333333
DP-d072df864144cd50,desktop,Windows,Windows 7,opera 49.0,1280x1024,1,1,1,1.0
DP-d078f5b54f38ea5a,mobile,Lenovo,,chrome 63.0 for android,,18,9,9,0.1111111111111111
DP-d081cd3fb01fb6bc,desktop,,Linux,chrome 63.0,2961x1442,14,5,5,0.2
DP-d083e8663e37a7dc,mobile,SM-G928T Build/NRD90M,Android 7.0,chrome 63.0 for android,,4,3,3,0.3333333333333333
DP-d086d7970a92036f,mobile,Android 5.1.1,,android browser 4.0,,2,1,1,1.0
DP-d08e08a9a831f7b5,mobile,HTC One Build/LRX22G,,chrome 64.0 for android,,1,1,1,1.0
DP-d09167132a9e2bbb,mobile,Redmi 4A Build/N2G47H,,chrome 63.0 for android,,1,1,1,1.0
DP-d0940180e5fbc306,mobile,SAMSUNG SM-G925I Build/NRD90M,,samsung browser 5.4,,1,1,1,1.0
DP-d094abe4182bbac7,mobile,B1-790,,chrome 65.0 for android,,1,1,1,1.0
DP-d0a35bfa0619f150,desktop,Windows,Windows 8.1,chrome 66.0,1360x768,1,1,1,1.0
DP-d0a9723ea5352c7d,desktop,,Linux,chrome 62.0,2880x1620,1,1,1,1.0
DP-d0be41255627eefa,mobile,SM-G950F Build/NRD90M,,chrome 65.0 for android,,56,22,22,0.045454545454545456
DP-d0c7fd1bd7fadf4d,desktop,Trident/7.0,Windows 7,ie 11.0 for desktop,1296x774,4,1,1,1.0
DP-d0d2c525e37f80d1,desktop,,,edge 16.0,,36,23,23,0.043478260869565216
DP-d0d592e7438a6dd8,mobile,SAMSUNG SM-G920P Build/NRD90M,Android 7.0,other,2560x1440,1,1,1,1.0
DP-d0db9a914703f0ac,desktop,Windows,Windows 10,chrome 64.0,1920x1200,16,13,13,0.07692307692307693
DP-d0ebf6ac257368b0,mobile,BLADE A602 Build/MRA58K,,chrome 66.0 for android,,1,1,1,1.0
DP-d0f7e930673be1c0,mobile,SM-A310F Build/NRD90M,,chrome generic for android,,2,2,2,0.5
DP-d0fa56115a060db5,desktop,,,edge 15.0,,9,5,5,0.2
DP-d0fcbc40b6a26b50,desktop,Windows,Windows 10,palemoon,1920x1080,1,1,1,1.0
DP-d0ff51d8cb911c92,desktop,rv:60.0,Mac OS X 10.10,firefox 60.0,1280x800,1,1,1,1.0
DP-d10e78a8ac59a1ac,mobile,SM-J730G Build/NRD90M,,chrome 65.0 for android,,4,3,3,0.3333333333333333
DP-d11495465a4e4e40,mobile,LG-M710 Build/NRD90U,,chrome 65.0 for android,,2,2,2,0.5
DP-d11f1adc599fde52,mobile,HUAWEI VNS-L31 Build/HUAWEIVNS-L31,,chrome 65.0 for android,,3,3,3,0.3333333333333333
DP-d126502d1f4a5e92,mobile,SAMSUNG SM-J327T1 Build/NRD90M,,samsung browser 6.2,,2,1,1,1.0
DP-d12bf79d9888d582,mobile,SAMSUNG SM-G891A Build/NRD90M,,samsung browser generic,,1,1,1,1.0
DP-d1310ab0307a5192,mobile,F3311,,chrome generic for android,,2,2,2,0.5
DP-d13765b591aa612a,desktop,MacOS,Mac OS X 10_11_5,chrome 66.0,1280x800,1,1,1,1.0
DP-d13db35ba09e6cb9,desktop,MacOS,Mac OS X 10_11_6,chrome 62.0,3360x2100,1,1,1,1.0
DP-d141667326736e62,mobile,iOS Device,iOS 10.3.3,mobile safari 10.0,2224x1668,5,5,5,0.2
DP-d1446427b3f79e52,desktop,Windows,Windows 10,firefox 58.0,,4,3,3,0.3333333333333333
DP-d1538b8c6f593c08,mobile,iOS Device,iOS 10.2.0,mobile safari 10.0,2048x1536,28,22,22,0.045454545454545456
DP-d163f509a17e1bbf,mobile,SM-T350 Build/NMF26X,Android 7.1.1,chrome generic for android,1024x768,1,1,1,1.0
DP-d176293ba3827db0,desktop,Windows,Windows 10,firefox 56.0,3840x2160,1,1,1,1.0
DP-d1840f0cc50a4b0f,mobile,LG-M710 Build/NRD90U,,chrome 63.0 for android,,1,1,1,1.0
DP-d1998b1ef5b0bac0,mobile,HTC One M9 Build/NRD90M,Android 7.0,chrome 65.0 for android,1920x1080,6,3,3,0.3333333333333333
DP-d19afe736703b8a3,desktop,ONE TOUCH 4016A Build/JDQ39,,chrome generic,,1,1,1,1.0
DP-d19b9820daa096fc,desktop,Trident/7.0,Windows 10,ie 11.0 for desktop,1280x800,2,2,2,0.5
DP-d19ca0d657e5ce94,mobile,WAS-LX1A Build/HUAWEIWAS-LX1A,,chrome 64.0 for android,,5,3,3,0.3333333333333333
DP-d1a7980a03f625d4,mobile,Nexus,Android 4.4.2,chrome 63.0 for android,1920x1200,1,1,1,1.0
DP-d1a81bc338a918e3,desktop,Windows,Linux,chrome generic,1024x768,2,1,1,1.0
DP-d1aafd714910c0bc,mobile,G3123,,chrome 56.0 for android,,1,1,1,1.0
DP-d1abb826f53b3f43,mobile,rv:59.0,Android 7.0,Generic/Android 7.0,1920x1080,7,5,5,0.2
DP-d1ad60b5ae12e264,desktop,Windows,Windows 10,chrome 62.0,2160x1440,20,13,13,0.07692307692307693
DP-d1c09dde8583517c,desktop,MacOS,Mac,chrome generic,1440x900,3,3,3,0.3333333333333333
DP-d1c3594e3f0c1d51,mobile,Ilium L1000 Build/LRX22G,,chrome 66.0 for android,,1,1,1,1.0
DP-d1c9cc6eb5359ba3,mobile,XT1008 Build/LPBS23.13-56-2,,chrome 64.0 for android,,1,1,1,1.0
DP-d1d51e7e074e1134,mobile,HUAWEI Y625-U13 Build/HUAWEIY625-U13,,chrome 60.0 for android,,1,1,1,1.0
DP-d1d956045b532fa3,desktop,MacOS,Mac OS X 10_11_6,safari 9.0,1440x900,3,3,3,0.3333333333333333
DP-d1daa045e49d6beb,mobile,LGL164VL Build/NRD90U,Android 7.0,chrome generic for android,1280x720,1,1,1,1.0
DP-d1e39c0be6431293,mobile,LG-H840 Build/NRD90U,,chrome 64.0 for android,,10,5,5,0.2
DP-d1e7f9ad0f90f31f,mobile,,Android,chrome 62.0,855x480,4,2,2,0.5
DP-d1ebe350280bbf02,mobile,NXA8QC116,Android 5.0,chrome 64.0 for android,1280x800,1,1,1,1.0
DP-d1ee26887ec1b3c1,desktop,MacOS,Mac OS X 10_13_1,chrome 62.0,1366x1024,1,1,1,1.0
DP-d1f9913e75a5c49b,mobile,ONEPLUS,Android 7.1.1,chrome 59.0 for android,1920x1080,1,1,1,1.0
DP-d1fa2abb9cacc79b,desktop,rv:47.0,Windows 7,firefox 47.0,1280x1024,1,1,1,1.0
DP-d1fca23e0ec1350d,desktop,Trident/7.0,Windows 10,ie 11.0 for desktop,1280x1024,71,50,50,0.02
DP-d2055469eea379f3,mobile,SM-N950U1 Build/NMF26X,,chrome 63.0 for android,,1,1,1,1.0
DP-d208074b7e21f48a,mobile,5010G Build/MRA58K,,android webview 4.0,,1,1,1,1.0
DP-d20ba8f5bbbf8cfb,mobile,SM-J727P,Android 7.0,chrome 63.0 for android,1280x720,1,1,1,1.0
DP-d20ecf47ec74ff65,desktop,HUAWEI GRA-L09 Build/HUAWEIGRA-L09,,chrome generic,,7,3,3,0.3333333333333333
DP-d218e3bbecf0c737,desktop,,Linux,chrome 62.0,1920x1080,44,38,38,0.02631578947368421
DP-d21c43792497ca60,mobile,SM-G610M Build/NRD90M,,chrome 65.0 for android,,12,7,7,0.14285714285714285
DP-d22222fd26d42133,desktop,MacOS,Mac OS X 10_11_6,safari 9.0,1152x720,1,1,1,1.0
DP-d225a0a67a6eca03,desktop,MacOS,Mac OS X 10_12_6,chrome 66.0,1366x768,1,1,1,1.0
DP-d226bdf2fd45fc54,mobile,SM-N910V Build/MMB29M,Android 6.0.1,chrome 65.0 for android,2560x1440,2,2,2,0.5
DP-d230ae06f81f9434,mobile,SAMSUNG,Android,Samsung/SCH,1920x1080,1,1,1,1.0
DP-d23d01ef63f2cc85,mobile,SM-G935V Build/NRD90M,Android 7.0,chrome 59.0 for android,1920x1080,1,1,1,1.0
DP-d245d25bdf14ea41,desktop,Windows,Windows 8.1,ie 11.0 for desktop,1919x1079,1,1,1,1.0
DP-d2562f5de4939c6d,desktop,Windows,Windows 10,chrome 60.0,3200x1800,1,1,1,1.0
DP-d261fc55533d1bd3,mobile,0PM92,Android 6.0.1,chrome 46.0 for android,1280x720,1,1,1,1.0
DP-d26243817091c060,desktop,MacOS,Mac OS X 10_10_5,safari generic,2048x1152,1,1,1,1.0
DP-d26c3222a8918150,desktop,rv:55.0,Mac OS X 10.11,firefox 55.0,1920x1200,1,1,1,1.0
DP-d26d69f0e69c1c37,desktop,Windows,Windows 10,chrome 63.0,2000x1125,4,4,4,0.25
DP-d270a720f9e7dd59,mobile,8062 Build/MRA58K,,chrome 55.0 for android,,2,1,1,1.0
DP-d27385759e18f82d,mobile,SAMSUNG SM-G900F Build/MMB29M,,samsung browser 6.2,,3,2,2,0.5
DP-d27e35c59cde8f23,mobile,SM-G935V Build/NRD90M,Android 7.0,chrome 58.0 for android,1920x1080,3,3,3,0.3333333333333333
DP-d285a13ab6f7014b,desktop,Windows,Windows 7,firefox 60.0,1280x900,1,1,1,1.0
DP-d29ae3f905d5f217,mobile,iOS Device,iOS 11.1.0,mobile safari generic,2001x1125,5,5,5,0.2
DP-d29e6bcbc821589b,mobile,LGMS210 Build/NRD90U,Android 7.0,other,1280x720,2,1,1,1.0
DP-d2a517fc8b9efd05,desktop,Windows,Windows 10,edge 15.0,1365x768,10,5,5,0.2
DP-d2a57005930e54a4,mobile,LG-K530 Build/MMB29M,,chrome 65.0 for android,,8,6,6,0.16666666666666666
DP-d2a5f783e967dcab,desktop,Windows,Windows 7,chrome 60.0,1280x1024,5,2,2,0.5
DP-d2aa1011b29b2942,desktop,,Linux,chrome 63.0,2220x1080,5,2,2,0.5
DP-d2bad87141a9492c,desktop,rv:47.0,Mac OS X 10.10,firefox 47.0,1440x900,1,1,1,1.0
DP-d2bb4cf1ffe4229f,desktop,rv:56.0,,firefox 56.0,,9,8,8,0.125
DP-d2c1ead332cad70b,mobile,LGUS991,Android 6.0,chrome 63.0 for android,2560x1440,2,1,1,1.0
DP-d2c29f9fbb030826,mobile,SAMSUNG SM-G532M Build/MMB29T,,samsung browser 6.2,,19,10,10,0.1
DP-d2c462a7b8ce4757,desktop,Windows,Windows Vista,chrome 49.0,2520x1575,1,1,1,1.0
DP-d2cb46ae15a5c59b,mobile,Hisense F20 Build/MMB29M,,chrome 63.0 for android,,8,2,2,0.5
DP-d2d5e7bb5fc09363,mobile,SM-J730G Build/NRD90M,,chrome 62.0 for android,,4,2,2,0.5
DP-d2efa0d64a8af38c,mobile,SAMSUNG-SM-G900A Build/LRX21T,Android 5.0,chrome generic,1920x1080,1,1,1,1.0
DP-d2f1150406feb9c4,mobile,SM-G965F Build/R16NW,,chrome generic for android,,1,1,1,1.0
DP-d2f1d6bf28bdd734,desktop,Windows,Windows 10,firefox 57.0,1366x768,260,127,127,0.007874015748031496
DP-d3073950be536af3,mobile,XT1097,Android,chrome 63.0 for android,1920x1080,1,1,1,1.0
DP-d30906ae6f4c162e,mobile,iOS Device,iOS 11.1.2,chrome 63.0 for ios,2048x1536,22,21,21,0.047619047619047616
DP-d3149a938af3285a,desktop,MacOS,Mac OS X 10_9_5,chrome 62.0,1440x900,16,14,14,0.07142857142857142
DP-d318cac9bc3544e8,desktop,MacOS,Mac OS X 10_12_6,chrome 63.0,1440x900,94,62,62,0.016129032258064516
DP-d31c235114bd1209,mobile,SAMSUNG,,samsung,,3,2,2,0.5
DP-d32156d9d26bcd7b,desktop,Windows,Windows 10,cyberfox,1280x1024,1,1,1,1.0
DP-d321cb3c49aecb30,mobile,SAMSUNG,Android 6.0.1,samsung browser 6.2,1920x1080,5,5,5,0.2
DP-d321d286bf774d54,desktop,rv:44.0,Windows 8.1,firefox,1366x768,1,1,1,1.0
DP-d32543b6bbd56051,desktop,rv:58.0,Mac OS X 10.13,firefox generic,4096x2304,1,1,1,1.0
DP-d32ee919df6ece6c,mobile,RS988,Android 7.0,chrome 63.0 for android,2560x1440,1,1,1,1.0
DP-d33d2283fe3e7a8c,mobile,VS500,Android 7.0,android webview 4.0,1280x720,1,1,1,1.0
DP-d3460e385d53a3e8,desktop,Trident/7.0,Windows 10,ie 11.0 for tablet,2736x1824,16,12,12,0.08333333333333333
DP-d3526c1215614f2d,mobile,LGMS550 Build/NRD90U,Android 7.0,chrome 63.0 for android,,2,1,1,1.0
DP-d35281019af29eb4,mobile,XT1097,,chrome 63.0 for android,,1,1,1,1.0
DP-d356b550358b0358,mobile,XT1063 Build/MPB24.65-34-3,,chrome 65.0 for android,,1,1,1,1.0
DP-d364c024d33098f6,mobile,iOS Device,iOS 11.3.0,google,2001x1125,1,1,1,1.0
DP-d368ca93bc2aecc0,mobile,SM-G935W8,Android 7.0,chrome 63.0 for android,1920x1080,1,1,1,1.0
DP-d3736793547278df,mobile,SM-N900V Build/LRX21V,Android 5.0,chrome generic,1920x1080,2,1,1,1.0
DP-d3790982da8c33b0,desktop,Trident/7.0,Windows 8.1,ie 11.0 for desktop,1680x1050,9,8,8,0.125
DP-d37ac6330f70e350,mobile,moto x4 Build/OPWS27.57-40-14,,chrome generic for android,,5,4,4,0.25
DP-d3838109d848136e,mobile,Moto G (4) Build/NPJ25.93-14.5,,android webview 4.0,,12,2,2,0.5
DP-d386a86e7075e8cd,desktop,Windows,Windows 10,firefox 60.0,1366x767,2,2,2,0.5
DP-d388536032544f93,desktop,Windows,Windows 7,firefox 57.0,1280x768,1,1,1,1.0
DP-d38931a46feb07e0,mobile,F3313 Build/37.0.A.2.108,,chrome 65.0 for android,,1,1,1,1.0
DP-d38dc83727256f30,mobile,Moto G Play Build/NPI26.48-36,,chrome 65.0 for android,,1,1,1,1.0
DP-d390faded35b482f,desktop,MacOS,Mac OS X 10_11_6,chrome 66.0,1920x1080,8,7,7,0.14285714285714285
DP-d39353a244926551,mobile,iOS Device,iOS 11.2.6,chrome 65.0 for ios,2048x1536,11,8,8,0.125
DP-d396a7c87c6bf03a,mobile,Hisense F24 Build/NRD90M,,chrome generic for android,,1,1,1,1.0
DP-d39ae854cb2bcd01,desktop,rv:11.0,Windows 10,ie 11.0 for desktop,1920x1080,6,6,6,0.16666666666666666
DP-d39d24136027881d,desktop,Windows,Windows 8.1,chrome 66.0,1024x768,2,2,2,0.5
DP-d3b0e4531a6c7fc7,mobile,SM-G570M Build/MMB29K,,chrome generic for android,,14,7,7,0.14285714285714285
DP-d3b2fffc77956c9a,desktop,MacOS,Mac OS X 10_12_3,chrome 63.0,3360x2100,1,1,1,1.0
DP-d3b72597fb011c8f,mobile,AX921 Build/MRA58K,,chrome 64.0 for android,,1,1,1,1.0
DP-d3c3d3ee6611da0e,mobile,T1,,chrome 63.0 for android,,1,1,1,1.0
DP-d3cc430f5911e858,mobile,SM-J320FN Build/LMY47V,,chrome 65.0 for android,,1,1,1,1.0
DP-d3d0ff4973c45267,desktop,Windows,Windows 10,edge 15.0,,394,214,214,0.004672897196261682
DP-d3d812f4251aba93,desktop,Windows,Windows 7,chrome 66.0,1280x1025,2,2,2,0.5
DP-d3dba632fe8820f2,desktop,S57 Build/KTU84P,,chrome generic,,1,1,1,1.0
DP-d3e0595bfbe31821,mobile,Redmi 5 Plus Build/N2G47H,,chrome 66.0 for android,,7,5,5,0.2
DP-d3e716e1d42d3088,mobile,HTC One A9s Build/MRA58K,,chrome 63.0 for android,,4,4,4,0.25
DP-d3ef43b31b439969,desktop,,Linux,chrome 65.0,2220x1081,7,6,6,0.16666666666666666
DP-d3f3fc312ca59deb,mobile,Linux x86_64,Linux,puffin,2001x1125,1,1,1,1.0
DP-d3f8033391c7c945,desktop,MacOS,Mac OS X 10_12_4,safari 10.0,2560x1600,2,2,2,0.5
DP-d3fb95227472e6ae,desktop,Windows,Windows 7,chrome 65.0,1344x840,1,1,1,1.0
DP-d402c6a0a607f60e,mobile,SM-J700M Build/MMB29K,,chrome 63.0 for android,,133,30,30,0.03333333333333333
DP-d4083ddc28339de4,desktop,Win64,Windows 10,,,3,2,2,0.5
DP-d40ba4694aa048e9,mobile,LG-K240 Build/MXB48T,,chrome generic for android,,3,2,2,0.5
DP-d414abb013158912,desktop,MacOS,Mac OS X 10_13_2,chrome 62.0,3840x2160,1,1,1,1.0
DP-d42b95dc3b924d8a,mobile,G8341,,chrome 65.0 for android,,1,1,1,1.0
DP-d42cbae6ec3f4b38,mobile,SAMSUNG SM-G935T Build/NRD90M,Android 7.0,samsung browser 6.2,1920x1080,14,11,11,0.09090909090909091
DP-d42e053861a63acb,mobile,Lenovo TB-X103F Build/LenovoTB-X103F,,chrome generic for android,,1,1,1,1.0
DP-d4342d998a7e7351,mobile,SM-E500M Build/KTU84P,,chrome 49.0 for android,,2,1,1,1.0
DP-d43c53c5261c610f,desktop,Windows,Windows 10,chrome 51.0,1400x1050,1,1,1,1.0
DP-d44670203cb37a73,desktop,Windows,Windows 10,firefox 57.0,1920x1080,408,202,202,0.0049504950495049506
DP-d44bb7eb6cc50d8d,mobile,SM-G935F Build/NRD90M,,opera,,1,1,1,1.0
DP-d4511dd1478f32f5,mobile,Pixel XL Build/OPM4.171019.016.B1,Android 8.1.0,chrome 66.0 for android,2562x1442,2,2,2,0.5
DP-d45746da2ec7aa4c,mobile,HUAWEI VNS-L53 Build/HUAWEIVNS-L53,,chrome 59.0 for android,,2,1,1,1.0
DP-d4869badbc1a1050,desktop,SM-J320M Build/LMY47V,,chrome generic,,4,3,3,0.3333333333333333
DP-d49085181be78d4d,mobile,SM-G950F Build/NRD90M,,android webview 4.0,,1,1,1,1.0
DP-d493ce73a769c550,mobile,SM-G935V Build/NRD90M,Android 7.0,chrome 62.0 for android,1920x1080,11,9,9,0.1111111111111111
DP-d498dea54b8201af,mobile,Moto G (5S,,chrome 66.0 for android,,3,3,3,0.3333333333333333
DP-d49bc11544c0bf97,mobile,E5506 Build/29.2.A.0.166,,chrome 56.0 for android,,1,1,1,1.0
DP-d4abc27f566e4022,mobile,SM-T550 Build/NMF26X,Android 7.1.1,other,1024x768,1,1,1,1.0
DP-d4afa38b268cdff3,mobile,SAMSUNG SM-G930P Build/NRD90M,Android 7.0,samsung browser 6.2,1920x1080,19,18,18,0.05555555555555555
DP-d4b2e5e0c32abc60,mobile,Nexus 6 Build/N6F27M,,chrome 65.0 for android,,2,2,2,0.5
DP-d4b8f155cca730cc,mobile,iOS Device,iOS 10.2.1,mobile safari 10.0,1334x750,81,59,59,0.01694915254237288
DP-d4bd191fd8335d82,desktop,Windows,Windows XP,firefox 52.0,1280x720,1,1,1,1.0
DP-d4be62862f568a59,mobile,iOS Device,iOS,mobile safari 8.0,1334x750,5,5,5,0.2
DP-d4c56f4efdaf5c2d,mobile,D6503,,chrome 66.0 for android,,1,1,1,1.0
DP-d4c5a24ce587300c,mobile,TRT-L53 Build/HUAWEITRT-L53,,chrome 63.0 for android,,31,13,13,0.07692307692307693
DP-d4cd2203fcd1eba2,mobile,Redmi,,chrome 64.0 for android,,2,2,2,0.5
DP-d4d1c8f9484de42a,mobile,iOS Device,iOS 11.3.1,google,2436x1125,4,4,4,0.25
DP-d4d57af8de2fb247,mobile,iOS Device,iOS 10.3.3,mobile safari generic,2048x1536,139,81,81,0.012345679012345678
DP-d4d77d3d4b7a1273,desktop,Windows,Windows 8.1,firefox 57.0,2160x1440,1,1,1,1.0
DP-d4e009d2fdd22dd9,mobile,SM-C900F,Android 7.1.1,chrome generic for android,,1,1,1,1.0
DP-d4f0a1a7e7991291,desktop,,Linux,chrome 66.0,2220x1080,3,1,1,1.0
DP-d4f1c25cb1c47ec8,mobile,BLADE V8 SE Build/NRD90M,,android webview 4.0,,1,1,1,1.0
DP-d4f760c806245d5e,mobile,XT1580 Build/NPKS25.200-17-8,,chrome 65.0 for android,,3,2,2,0.5
DP-d4fa0e80224a9607,desktop,MacOS,Mac OS X 10_13_2,safari generic,1024x640,1,1,1,1.0
DP-d4fa8bea6cba1277,mobile,LG-K580 Build/MRA58K,,chrome 65.0 for android,,14,11,11,0.09090909090909091
DP-d501ff3bef6df784,desktop,,Linux,chrome 60.0,,1,1,1,1.0
DP-d522539323cc8113,mobile,RNE-L03 Build/HUAWEIRNE-L03,,chrome generic for android,,4,3,3,0.3333333333333333
DP-d52df4e177cb1881,mobile,GT-P5210 Build/JDQ39,,chrome 59.0 for android,,1,1,1,1.0
DP-d53b0a114e79a1bc,mobile,iOS Device,iOS 11.3.1,google search application 49.0,2048x1536,5,5,5,0.2
DP-d53c999918b583b5,desktop,,Linux,chrome generic,1920x1080,31,10,10,0.1
DP-d540ae9e6bbac1ad,desktop,MacOS,Mac OS X 10_13_3,chrome 66.0,5120x2880,1,1,1,1.0
DP-d54af87715c8f636,desktop,rv:57.0,Mac OS X 10.12,firefox 57.0,1920x1080,18,17,17,0.058823529411764705
DP-d5530017218869a7,desktop,rv:48.0,,firefox 48.0,,57,32,32,0.03125
DP-d560b5a5baa7e294,mobile,Ilium X510 Build/MRA58K,,chrome 49.0 for android,,12,4,4,0.25
DP-d562fd1fcb4f7226,desktop,Trident/7.0,Windows 8.1,ie 11.0 for desktop,1360x768,2,2,2,0.5
DP-d56e185a8a3df11a,desktop,MacOS,Mac OS X 10_12_6,safari 11.0,2560x1440,6,4,4,0.25
DP-d579da9d4baaf062,desktop,Windows,Windows 7,chrome 63.0,1440x810,2,2,2,0.5
DP-d57aa7946fcd8412,desktop,MacOS,Mac OS X 10_9_5,safari 9.0,1680x1050,1,1,1,1.0
DP-d58e5543db4e4d57,mobile,SM-T550 Build/NMF26X,Android 7.1.1,chrome 64.0 for android,1024x768,2,2,2,0.5
DP-d590aace78247b62,mobile,SM-A510M Build/NRD90M,,chrome 61.0 for android,,1,1,1,1.0
DP-d59ac84ca5224dc5,desktop,,Linux,chrome 56.0,2220x1081,1,1,1,1.0
DP-d5a4b9ade84566ce,mobile,SM-G935V Build/NRD90M,,chrome 63.0 for android,,5,4,4,0.25
DP-d5aac356bc162764,desktop,Windows,Windows 10,chrome 62.0,1680x1050,46,32,32,0.03125
DP-d5b51a2e8d11e192,desktop,MacOS,Mac OS X 10_10_5,chrome 66.0,2560x1440,3,3,3,0.3333333333333333
DP-d5bef0e093fe90da,mobile,SM-J200M Build/LMY47X,,chrome 56.0 for android,,1,1,1,1.0
DP-d5c17f2620377ef7,mobile,SLA-L03 Build/HUAWEISLA-L03,,chrome 64.0 for android,,13,7,7,0.14285714285714285
DP-d5cd503dd78a1f2d,mobile,K90U,Android 6.0.1,chrome 63.0 for android,1920x1200,1,1,1,1.0
DP-d5d06cac471a8c91,desktop,Windows,Windows 10,chrome 66.0,1440x900,26,15,15,0.06666666666666667
DP-d5de04021b0d729b,mobile,LG-D959,Android 4.4.2,chrome 62.0 for android,1280x720,1,1,1,1.0
DP-d5e06db84ce6715c,mobile,SM-A710M,,chrome 62.0 for android,,1,1,1,1.0
DP-d5e3766217bfbb80,mobile,LG-M700 Build/NMF26X,,chrome 66.0 for android,,37,14,14,0.07142857142857142
DP-d5e8e3b02f683ad8,desktop,MacOS,Mac OS X 10_11_3,chrome 65.0,1440x900,1,1,1,1.0
DP-d5e9bd1f6ce20259,mobile,SM-J320M Build/LMY47V,,chrome 59.0 for android,,3,1,1,1.0
DP-d5f20f309840dfcc,desktop,MacOS,Mac OS X 10_13_3,chrome generic,1920x1080,2,2,2,0.5
DP-d5f2afd74f1c9cca,mobile,iOS Device,iOS 11.3.0,chrome,2048x1536,5,4,4,0.25
DP-d5fd1d524ffb80c3,desktop,MacOS,Mac OS X 10_13_1,chrome 61.0,1440x900,3,3,3,0.3333333333333333
DP-d60d9507a2e308f5,mobile,GT-P5210 Build/JDQ39,,chrome 65.0 for android,,2,1,1,1.0
DP-d60e4c0e77529cc3,mobile,SM-T800 Build/MMB29K,,chrome 66.0 for android,,1,1,1,1.0
DP-d60ed9f8a41759fd,mobile,SM-G950U1 Build/R16NW,,chrome 66.0 for android,,1,1,1,1.0
DP-d614c5dead4c76bc,mobile,HTC One A9s Build/MRA58K,,chrome 62.0 for android,,1,1,1,1.0
DP-d61ebad8a77b543d,mobile,SAMSUNG SM-A320FL Build/NRD90M,,samsung browser 6.2,,2,2,2,0.5
DP-d61fa9c87cec6b28,mobile,STF-L09 Build/HUAWEISTF-L09,,chrome 64.0 for android,,1,1,1,1.0
DP-d62548b25cb63639,desktop,rv:59.0,Mac OS X 10.13,firefox 59.0,2880x1800,10,9,9,0.1111111111111111
DP-d63d70df6d7044a7,mobile,SM-T827R4,Android 7.0,chrome 64.0 for android,2048x1536,1,1,1,1.0
DP-d6472feca5d4b6c4,mobile,IdeaTab,,chrome 63.0 for android,,2,2,2,0.5
DP-d64cc22a168a62c3,mobile,HUAWEI CAN-L01 Build/HUAWEICAN-L01,,chrome 64.0 for android,,1,1,1,1.0
DP-d652b8d0e0506555,desktop,Windows,,edge 17.0,,13,7,7,0.14285714285714285
DP-d65e56be946e9005,desktop,Windows,Windows Vista,opera,1024x768,1,1,1,1.0
DP-d6618b907ea463ad,mobile,XT1575 Build/NPHS25.200-23-1,Android 7.0,chrome 63.0 for android,2562x1442,1,1,1,1.0
DP-d6688bdfc309c55d,desktop,MacOS,Mac OS X 10_12_1,chrome 61.0,1440x900,1,1,1,1.0
DP-d66cb68a4c953681,mobile,iOS Device,iOS,mobile safari uiwebview,2208x1242,2,2,2,0.5
DP-d67142a3586051e3,desktop,rv:52.0,Windows 7,firefox 52.0,1920x1200,9,7,7,0.14285714285714285
DP-d674224f3a26b9a4,desktop,MacOS,Mac OS X 10_11_4,chrome 64.0,1920x1080,1,1,1,1.0
DP-d6747e4ff7f0b2c8,desktop,MacOS,Mac OS X 10_12_5,safari generic,2560x1440,6,3,3,0.3333333333333333
DP-d67537a95a6290c6,desktop,rv:48.0,Mac,firefox 48.0,1440x900,10,9,9,0.1111111111111111
DP-d67a47b81e5fed40,mobile,SM-G950U1 Build/NRD90M,Android 7.0,chrome 58.0 for android,,1,1,1,1.0
DP-d680c8a2109f9d28,desktop,rv:48.0,Mac OS X 10.11,firefox 48.0,1920x1080,1,1,1,1.0
DP-d684bdca07a5d8af,mobile,iOS Device,iOS 11.3.0,chrome 65.0 for ios,2048x1536,8,5,5,0.2
DP-d6854216bb9c234b,desktop,MacOS,Mac OS X 10_13_4,safari generic,1366x768,2,2,2,0.5
DP-d6984c9a437077a9,mobile,E6603 Build/32.4.A.1.54,,chrome 62.0 for android,,1,1,1,1.0
DP-d6a8ad0335e8cbba,mobile,SM-P600 Build/LMY47X,,chrome 62.0 for android,,1,1,1,1.0
DP-d6acd0394dfba5b7,mobile,LGMP450 Build/NRD90U,Android 7.0,chrome 63.0 for android,1920x1080,2,2,2,0.5
DP-d6b5b22f0ee610ce,mobile,SM-T700 Build/MMB29K,,chrome 66.0 for android,,2,1,1,1.0
DP-d6c192221e018533,mobile,Pixel XL Build/OPM4.171019.016.B1,Android 8.1.0,chrome 66.0 for android,2561x1442,3,2,2,0.5
DP-d6c850b8e565c3dd,desktop,MacOS,Mac OS X 10_11_4,safari generic,2560x1440,1,1,1,1.0
DP-d6cef88ce9327c1d,mobile,SAMSUNG SM-A720F Build/NRD90M,,samsung browser 6.2,,7,6,6,0.16666666666666666
DP-d6e04794e81b9e56,mobile,D6603 Build/23.5.A.1.291,,chrome 64.0 for android,,1,1,1,1.0
DP-d6e6ed9fca83a889,desktop,Windows,Windows 10,chrome 64.0,1280x720,3,1,1,1.0
DP-d6ef29a514150bab,mobile,,Android,chrome 61.0,960x540,2,1,1,1.0
DP-d6f18ac65773a360,mobile,SAMSUNG SM-T710 Build/NRD90M,,samsung browser generic,,10,7,7,0.14285714285714285
DP-d6f37c8143cd2411,desktop,Windows,Windows 10,chrome 59.0,1600x900,2,2,2,0.5
DP-d6fb9a671ebc0f9d,mobile,LG-D320 Build/KOT49I.V10a,,chrome,,3,1,1,1.0
DP-d7089e429f184ab9,mobile,SAMSUNG-SM-J327A Build/NRD90M,Android 7.0,chrome 62.0 for android,1280x720,3,3,3,0.3333333333333333
DP-d70b9dcbea81b4c8,mobile,SAMSUNG SM-J710MN Build/NRD90M,,samsung browser generic,,1,1,1,1.0
DP-d714af2aa5c7bde4,mobile,,Android,chrome 65.0,1366x768,10,6,6,0.16666666666666666
DP-d71e637eefa4fe7a,mobile,iOS Device,iOS 11.0.3,mobile safari 11.0,2208x1242,105,70,70,0.014285714285714285
DP-d72155c899f74340,desktop,rv:57.0,Windows 7,firefox 57.0,1366x768,1,1,1,1.0
DP-d725e115da5bd629,mobile,SAMSUNG SM-G935F Build/MMB29K,,samsung browser 4.2,,6,1,1,1.0
DP-d72ab7b96c55a7de,desktop,MacOS,Mac OS X 10_12_6,safari 11.0,1440x900,23,19,19,0.05263157894736842
DP-d731b85c15b68d51,desktop,rv:29.0,,firefox,,1,1,1,1.0
DP-d7328b4781673d64,mobile,5015A Build/LMY47I,,chrome 58.0 for android,,2,2,2,0.5
DP-d7430c6be7c07cf5,mobile,SM-G930R4 Build/NRD90M,,chrome 65.0 for android,,1,1,1,1.0
DP-d745778e967dba51,mobile,WAS-LX3 Build/HUAWEIWAS-LX3,,chrome 66.0 for android,,10,9,9,0.1111111111111111
DP-d74ede26b0618b8e,mobile,SM-G935F Build/MMB29K,,chrome 65.0 for android,,1,1,1,1.0
DP-d753875f259049fc,mobile,SM-T800 Build/MMB29K,Android 6.0.1,chrome 52.0 for android,2560x1600,1,1,1,1.0
DP-d7571209fda90863,desktop,Trident/7.0,Windows 8.1,ie 11.0 for desktop,1280x1024,15,10,10,0.1
DP-d75ad08015310917,mobile,SAMSUNG SM-G900I Build/MMB29M,,samsung browser 6.4,,3,1,1,1.0
DP-d7755df514dfdde1,mobile,iOS Device,iOS 10.3.3,mobile safari 10.0,2048x1536,395,203,203,0.0049261083743842365
DP-d77e30a0e95dfa4f,desktop,Windows,Windows 7,chrome 63.0,1658x946,1,1,1,1.0
DP-d78929a9f750d8c7,mobile,F3111 Build/33.3.A.1.115,,chrome 65.0 for android,,3,1,1,1.0
DP-d78fd367c849a09f,mobile,FRD-L04 Build/HUAWEIFRD-L04,Android 7.0,chrome 62.0 for android,1920x1080,1,1,1,1.0
DP-d79119fb24d5561e,desktop,Trident/7.0,Windows 7,ie 11.0 for desktop,1920x1200,93,66,66,0.015151515151515152
DP-d795f3926e141c9f,desktop,MacOS,Mac OS X 10_8_5,chrome 49.0,1920x1200,1,1,1,1.0
DP-d79d61d3da8d6296,mobile,SM-N950F Build/NMF26X,,chrome 66.0 for android,,9,5,5,0.2
DP-d7a8eeb409e71461,mobile,HTC Desire 626s Build/LMY47O,,chrome 60.0 for android,,1,1,1,1.0
DP-d7b3f7ccb5a43825,mobile,SM-T320 Build/KOT49H,,chrome 64.0 for android,,1,1,1,1.0
DP-d7b64632e26f6b3d,desktop,Windows,Windows 10,firefox 59.0,2560x1600,1,1,1,1.0
DP-d7bb69f0fa121ed0,mobile,LG-D693n Build/LRX22G,,chrome 65.0 for android,,12,7,7,0.14285714285714285
DP-d7cb2cae4e9eb490,mobile,PRA-LX1 Build/HUAWEIPRA-LX1,,chrome 63.0 for android,,3,2,2,0.5
DP-d7ce72a9a2864bad,mobile,Ilium LT500 Build/LMY47O,,chrome 49.0 for android,,1,1,1,1.0
DP-d7d38e98e26c9a87,desktop,MacOS,Mac OS X 10_11_6,chrome 61.0,5120x2880,1,1,1,1.0
DP-d7d407160b0acf4e,mobile,E6603 Build/32.4.A.1.54,,chrome 65.0 for android,,1,1,1,1.0
DP-d7d69418bb2a48d7,mobile,F3113 Build/33.3.A.1.97,,chrome 63.0 for android,,32,13,13,0.07692307692307693
DP-d7dae76ec6718875,mobile,SM-G900V Build/MMB29M,Android 6.0.1,chrome 63.0 for android,1920x1080,23,22,22,0.045454545454545456
DP-d7dd1637d891e0cc,desktop,Windows,Windows 7,firefox 59.0,2560x1440,1,1,1,1.0
DP-d7df3f79e18bb283,mobile,BLN-L24 Build/HONORBLN-L24,Android 7.0,chrome 62.0 for android,1920x1080,1,1,1,1.0
DP-d7f8f220239a8266,desktop,MacOS,Mac OS X 10_9_5,safari generic,2560x1440,17,16,16,0.0625
DP-d7fd44d3cb34f5e2,desktop,MacOS,Mac OS X 10_12_6,chrome 61.0,3360x2100,2,2,2,0.5
DP-d8000c0df62ebc8b,desktop,MacOS,Mac OS X 10_12_6,chrome 63.0,2048x1152,2,2,2,0.5
DP-d8026543c05bba05,mobile,Nexus,,chrome,,1,1,1,1.0
DP-d80455f62a5ab69e,mobile,iOS Device,iOS 11.0.0,mobile safari 11.0,2208x1242,28,21,21,0.047619047619047616
DP-d8066a865be1b647,mobile,HUAWEI VNS-L23 Build/HUAWEIVNS-L23,,chrome 66.0 for android,,7,6,6,0.16666666666666666
DP-d825994d67ff3e65,desktop,Trident/7.0,Windows 10,ie 11.0 for tablet,1919x1080,1,1,1,1.0
DP-d83321f45c03eb1c,desktop,Windows,Windows 8,chrome 65.0,1920x1080,12,4,4,0.25
DP-d83606dc360fa426,desktop,Linux x86_64,,chrome 66.0,,1,1,1,1.0
DP-d8369c239114c715,mobile,SM-T817V Build/NRD90M,Android 7.0,chrome 63.0 for android,2048x1536,6,4,4,0.25
DP-d83843093507266d,desktop,Windows,Windows 7,chrome 57.0,,1,1,1,1.0
DP-d83972bf0f5b7258,desktop,MacOS,Mac OS X 10_11_6,safari generic,3440x1440,2,2,2,0.5
DP-d855904dc68b5db2,desktop,SM-A710M Build/LMY47X,,chrome generic,,1,1,1,1.0
DP-d8636ee896b477fd,desktop,rv:46.0,Mac OS X 10.13,firefox,1920x1080,1,1,1,1.0
DP-d8681dd8923e38fa,desktop,Windows,Windows 7,chrome 63.0,1280x768,6,5,5,0.2
DP-d86e98dd41a1dd5f,mobile,P5006A Build/NRD90M,,chrome 56.0 for android,,1,1,1,1.0
DP-d87abbaf8c7bdd1f,mobile,SM-A310M Build/NRD90M,,chrome 65.0 for android,,1,1,1,1.0
DP-d87b103ff54bdd26,mobile,SM-T560 Build/KTU84P,,chrome 55.0 for android,,1,1,1,1.0
DP-d87dbaad031e9487,mobile,Moto Z2 Play Build/NPS26.118-19,,chrome 63.0 for android,,1,1,1,1.0
DP-d89bb81051798d02,mobile,XT1063 Build/MPB24.65-34,,chrome 64.0 for android,,2,1,1,1.0
DP-d8a0cc813b7e8b92,mobile,SM-G900M Build/KOT49H,,chrome 65.0 for android,,1,1,1,1.0
DP-d8a48e23d1d1240b,desktop,Windows,Windows 8.1,chrome generic,1280x720,1,1,1,1.0
DP-d8ae6587d7a37b41,mobile,Vivo,,chrome 63.0 for android,,1,1,1,1.0
DP-d8b8d2c958ae4ff3,mobile,LG-V410,Android 4.4.2,chrome 64.0 for android,,1,1,1,1.0
DP-d8bdfba54d3bba5d,desktop,Windows,Windows 7,chrome,1366x768,5,5,5,0.2
DP-d8be8ec382e0f559,desktop,rv:11.0,Windows 7,ie 11.0 for desktop,3440x1440,1,1,1,1.0
DP-d8c54d56ffeeb861,mobile,Android 5.1,,other,,15,8,8,0.125
DP-d8ca1be72c99acba,mobile,SAMSUNG-SM-G900A Build/LMY47X,,chrome 65.0 for android,,1,1,1,1.0
DP-d8cd91a55b0b5808,desktop,MacOS,Mac OS X 10_11_6,chrome 61.0,3360x2100,1,1,1,1.0
DP-d8ce73e558977f7e,desktop,MacOS,Mac OS X 10_12_6,chrome 63.0,3360x2100,17,16,16,0.0625
DP-d8d2a5f9d3ca2d18,mobile,SAMSUNG SM-G928G Build/NRD90M,,samsung browser 6.4,,4,4,4,0.25
DP-d8d708fa9f172ae5,mobile,Moto G Play Build/MPIS24.241-15.3-26,,chrome 65.0 for android,,6,2,2,0.5
DP-d8d71031ccb05614,desktop,MacOS,Mac OS X 10_13_2,safari generic,2880x1800,160,98,98,0.01020408163265306
DP-d8dccfdb2763cf39,mobile,XT1710-02,Android 7.1.1,chrome 64.0 for android,1920x1080,1,1,1,1.0
DP-d8fd7e711d6234f2,mobile,ZTE BLADE V8 MINI Build/NRD90M,,chrome 64.0 for android,,2,2,2,0.5
DP-d8fe14d3bae23e48,mobile,AX920,,chrome 63.0 for android,,2,2,2,0.5
DP-d903ee7538061de6,mobile,Lenovo PB2-650Y Build/MRA58K,,chrome 62.0 for android,,2,1,1,1.0
DP-d908574993f19612,desktop,MacOS,Mac OS X 10_12_5,chrome generic,1440x900,2,1,1,1.0
DP-d90cffa355e94cfa,desktop,rv:52.0,Windows Vista,firefox 52.0,1280x800,2,2,2,0.5
DP-d911043f3f058331,mobile,Gravity Build/NRD90M,,chrome 66.0 for android,,1,1,1,1.0
DP-d911f6a5d758f087,desktop,rv:57.0,Windows 7,firefox 57.0,1600x1200,1,1,1,1.0
DP-d91e960dc7facd61,mobile,TA-1044 Build/OPR1.170623.026,,,,2,2,2,0.5
DP-d9350cb58c4b3d10,mobile,SAMSUNG-SM-J320A Build/MMB29K,,chrome 66.0 for android,,2,1,1,1.0
DP-d93f0dc35fee3da5,mobile,VS985,Android 6.0,chrome 55.0 for android,2560x1440,1,1,1,1.0
DP-d943288a026a1a8a,desktop,Windows,Windows 10,chrome 59.0,1680x1050,1,1,1,1.0
DP-d94a53b410d140a9,desktop,rv:58.0,Mac OS X 10.13,firefox 58.0,1440x900,2,2,2,0.5
DP-d94bc0f483978053,mobile,SM-G900V Build/MMB29M,Android 6.0.1,chrome 59.0 for android,1920x1080,2,2,2,0.5
DP-d94d5283f7a501b6,mobile,4047A Build/NRD90M,,chrome 66.0 for android,,1,1,1,1.0
DP-d94e6d48a1f85eed,desktop,Windows,Windows 7,chrome generic,1024x768,9,5,5,0.2
DP-d9529174b4166ff0,mobile,XT1710-02 Build/NDSS26.118-23-19-6,Android 7.1.1,chrome 66.0 for android,1920x1080,9,2,2,0.5
DP-d9537aca218560dc,desktop,rv:58.0,Mac OS X 10.13,firefox 58.0,1920x1080,5,3,3,0.3333333333333333
DP-d9606058cdd8f591,mobile,5054S Build/LMY47V,,chrome 64.0 for android,,2,2,2,0.5
DP-d96d4fb38b2b7a72,mobile,F5321,,chrome 63.0 for android,,2,1,1,1.0
DP-d97c8a553ce332be,desktop,Windows,Windows 7,firefox 52.0,1600x900,7,3,3,0.3333333333333333
DP-d9830176c85cf237,mobile,XT1563 Build/MPD24.65-25,,chrome 66.0 for android,,6,1,1,1.0
DP-d98323b6ef927290,mobile,SM-G935V Build/NRD90M,Android 7.0,chrome 64.0 for android,2560x1440,3,2,2,0.5
DP-d9982332741a5399,desktop,MacOS,Mac OS X 10_13_3,chrome generic,1280x800,2,2,2,0.5
DP-d99e97643bf9c911,mobile,SM-G925I Build/LMY47X,,chrome 65.0 for android,,1,1,1,1.0
DP-d9a0c665f9f56a48,mobile,XT1032 Build/KXB20.9-1.10-1.24-1.1,,chrome 62.0 for android,,1,1,1,1.0
DP-d9a292b73e8c4b14,mobile,iOS Device,iOS 11.2.0,chrome 62.0 for ios,2048x1536,2,1,1,1.0
DP-d9a845385a958779,mobile,SAMSUNG SM-G925P Build/NRD90M,Android 7.0,samsung browser 6.2,2560x1440,3,2,2,0.5
DP-d9aaf835670080ed,desktop,MacOS,Mac OS X 10_10_5,chrome generic,2880x1800,2,2,2,0.5
DP-d9b02669c944f02f,desktop,Windows,Windows 10,edge 16.0,1024x768,14,10,10,0.1
DP-d9b2b906d955e98f,desktop,Windows,Windows 7,chrome 62.0,2560x1080,4,4,4,0.25
DP-d9b2e2a1e19a9e0d,mobile,SAMSUNG-SM-G900A Build/LRX21T,Android 5.0,chrome 61.0 for android,1920x1080,1,1,1,1.0
DP-d9c023afc8dab44a,desktop,rv:57.0,Mac OS X 10.12,firefox 57.0,2560x1440,8,7,7,0.14285714285714285
DP-d9c0d0cfed160c8b,desktop,rv:60.0,Mac OS X 10.13,firefox 60.0,1920x1080,1,1,1,1.0
DP-d9db45047b5e1ec9,mobile,iOS Device,iOS 11.2.1,chrome 62.0 for ios,2732x2048,1,1,1,1.0
DP-d9db5c5136fb90ca,mobile,GT-N7100,,chrome 63.0 for android,,1,1,1,1.0
DP-d9e7beded2fd6aa6,mobile,Lenovo K33b36 Build/NRD90N,,chrome 63.0 for android,,5,4,4,0.25
DP-d9ee89cd34d0e60a,desktop,MacOS,Mac OS X 10_12_5,chrome 66.0,2560x1600,1,1,1,1.0
DP-d9ef958906a94f37,mobile,iOS Device,iOS 11.2.5,mobile safari 11.0,2732x2048,4,4,4,0.25
DP-d9f2cf4f37cb01f1,desktop,MacOS,Mac OS X 10_12_6,opera 49.0,3360x2100,1,1,1,1.0
DP-da07e1c25052039c,mobile,Pixel,Android 8.0.0,chrome 63.0 for android,,5,5,5,0.2
DP-da154ffbd4b12e13,desktop,Trident/7.0,Windows 10,ie 11.0 for desktop,3440x1440,7,5,5,0.2
DP-da3705a6488033d6,desktop,Windows NT 6.1,Windows 7,ie,2048x1152,1,1,1,1.0
DP-da3a46ed9ec01021,desktop,Windows,Windows 10,firefox 59.0,2160x1440,1,1,1,1.0
DP-da43fcdd766318be,desktop,rv:57.0,Mac OS X 10.11,firefox 57.0,1920x1200,8,6,6,0.16666666666666666
DP-da49d7af696876cd,desktop,Windows,Windows 7,chrome 60.0,1600x900,10,8,8,0.125
DP-da4b8d4174b87b2f,mobile,Trident/7.0,,Microsoft/Windows,,11,9,9,0.1111111111111111
DP-da4d622dbcc697e1,mobile,HUAWEI VNS-L23 Build/HUAWEIVNS-L23,,chrome 52.0 for android,,5,2,2,0.5
DP-da4d709dee8872ec,desktop,MacOS,Mac OS X 10_13_1,safari 11.0,2560x1600,1,1,1,1.0
DP-da52889023488929,mobile,SM-J700M Build/MMB29K,,chrome 56.0 for android,,5,3,3,0.3333333333333333
DP-da5ceb9bbc27763f,mobile,SM-G892A,Android 8.0.0,chrome generic for android,2220x1080,1,1,1,1.0
DP-da5f77c5ee6559cc,mobile,Moto G (5) Plus Build/NPN25.137-83,Android 7.0,chrome generic,1920x1080,7,7,7,0.14285714285714285
DP-da645aa921e81908,mobile,HTC Desire 10 lifestyle Build/MMB29M,,chrome 60.0 for android,,3,3,3,0.3333333333333333
DP-da69cbb920fc8b7a,mobile,ALE-L21 Build/HuaweiALE-L21,,chrome 64.0 for android,,2,2,2,0.5
DP-da6e1e1b3be9b79a,desktop,MacOS,Mac OS X 10_11_6,chrome 63.0,2880x1800,41,29,29,0.034482758620689655
DP-da88f0da6efa6049,mobile,MI MAX 2 Build/NMF26F,,chrome 65.0 for android,,2,1,1,1.0
DP-da89442b6c616605,mobile,iOS Device,iOS 11.2.0,mobile safari 11.0,1136x640,55,38,38,0.02631578947368421
DP-da8a9425b4619bd1,desktop,rv:51.0,Windows 7,firefox,1920x1080,2,2,2,0.5
DP-da93a4dc08a2ae6a,mobile,ALE-L21 Build/HuaweiALE-L21,,chrome 50.0 for android,,2,2,2,0.5
DP-da9d0568b783919d,desktop,rv:48.0,Mac OS X 10.6,firefox 48.0,2560x1440,1,1,1,1.0
DP-daa5b8602761a2cb,mobile,SAMSUNG SM-S727VL Build/MMB29M,Android 6.0.1,samsung browser 6.2,1280x720,4,4,4,0.25
DP-daa63e3acff7c961,desktop,Windows,Windows 10,chrome 63.0,2048x1152,8,7,7,0.14285714285714285
DP-daa68eef0c839a61,mobile,SM-T713 Build/NRD90M,,chrome 59.0 for android,,1,1,1,1.0
DP-dab89c9bb852222e,desktop,,Linux,chrome 65.0,1280x720,2,2,2,0.5
DP-dac96af817fd8e3e,desktop,MacOS,Mac OS X 10_11_6,chrome 59.0,2560x1600,1,1,1,1.0
DP-dad1938bede0beb3,desktop,Windows,Windows 8.1,chrome 63.0,2736x1824,1,1,1,1.0
DP-dad26a0addea0752,desktop,Trident/7.0,Windows 10,ie 11.0 for tablet,2159x1440,1,1,1,1.0
DP-dad59349b29cc206,mobile,LG-K580 Build/MRA58K,,chrome 64.0 for android,,44,17,17,0.058823529411764705
DP-dad6d77eae7e0c08,mobile,SM-G930V Build/NRD90M,Android 7.0,chrome 62.0 for android,2560x1440,6,5,5,0.2
DP-dad8c086477ea924,desktop,Windows,Windows 10,chrome 65.0,2736x1824,15,9,9,0.1111111111111111
DP-dad9481ac0482835,desktop,Windows,Windows 10,chrome 56.0,1440x900,1,1,1,1.0
DP-daddad422017aaf7,desktop,MacOS,Mac OS X 10_13_3,safari 11.0,1440x900,11,10,10,0.1
DP-daf725d881a8d521,mobile,SM-J500M Build/LMY48B,,chrome 66.0 for android,,2,1,1,1.0
DP-db02508f17603068,mobile,SM-G530T,,chrome 64.0 for android,,1,1,1,1.0
DP-db06315ee7d51f47,desktop,MacOS,Mac OS X 10_13_2,chrome 62.0,,1,1,1,1.0
DP-db29a481500a79e2,desktop,MacOS,Mac OS X 10_13_2,safari generic,1600x900,2,2,2,0.5
DP-db2b97826da3520a,desktop,Windows,,chrome 55.0,,11,4,4,0.25
DP-db304b9cf11c8b04,mobile,SAMSUNG,Android,samsung,1920x1080,1,1,1,1.0
DP-db32d32071f32c0d,mobile,Lenovo,,chrome 51.0 for android,,1,1,1,1.0
DP-db35b33c1a1dd3f1,desktop,Windows,Windows 10,firefox 60.0,1600x900,14,8,8,0.125
DP-db37be9ec52b9f47,desktop,rv:57.0,Windows 7,firefox 57.0,1024x768,1,1,1,1.0
DP-db3f13504ea23a6a,mobile,SAMSUNG SM-G900A Build/MMB29M,Android 6.0.1,samsung browser 6.2,1920x1080,4,4,4,0.25
DP-db46c812dc8b7933,mobile,EGO,,chrome 65.0 for android,,1,1,1,1.0
DP-db5b19db124c23ba,desktop,MacOS,Mac OS X 10_8_5,safari generic,1440x900,3,3,3,0.3333333333333333
DP-db6c06d8d5e0c8b5,desktop,MacOS,Mac,chrome 63.0,1440x900,15,13,13,0.07692307692307693
DP-db6ef42d3f28d6ac,mobile,SH-04F,,chrome,,2,1,1,1.0
DP-db6fed5afe37aaea,desktop,rv:59.0,Mac OS X 10.9,firefox 59.0,1440x900,5,5,5,0.2
DP-db72f0614af04fb3,mobile,rv:57.0,,Generic/Android,,15,8,8,0.125
DP-db7ad8bdfb9f70d6,mobile,SAMSUNG SM-G610M Build/NRD90M,,samsung browser 5.4,,3,3,3,0.3333333333333333
DP-db7e11caf8e145de,desktop,,,firefox 57.0,,138,51,51,0.0196078431372549
DP-db7fc01b2b1be5ac,mobile,SAMSUNG-SM-N900A Build/LRX21V,Android 5.0,chrome 65.0 for android,1920x1080,3,1,1,1.0
DP-db819e441ae9f966,mobile,iOS Device,iOS 11.2.1,mobile safari generic,2732x2048,11,9,9,0.1111111111111111
DP-db873ba70fc7e3fc,desktop,Windows,Windows 10,chrome 62.0,3000x2000,6,6,6,0.16666666666666666
DP-db9f1c0f04ffad2d,mobile,TRT-LX3,,chrome 59.0 for android,,2,1,1,1.0
DP-dba03d51aed72bc3,desktop,Windows,Windows 7,chrome 57.0,2560x1440,1,1,1,1.0
DP-dba80f3d09ec6088,mobile,SAMSUNG-SM-G891A Build/NRD90M,Android 7.0,chrome 62.0 for android,1920x1080,8,5,5,0.2
DP-dbace60e4289cb71,desktop,MacOS,Mac OS X 10_12_5,chrome 62.0,1280x800,3,3,3,0.3333333333333333
DP-dbae5183f23c6478,desktop,MacOS,Mac OS X 10_12_6,chrome 65.0,3360x2100,5,5,5,0.2
DP-dbbb625bb089e1ad,desktop,MacOS,Mac OS X 10_13_2,chrome 64.0,1680x1050,1,1,1,1.0
DP-dbc49463b3b116d5,mobile,Z833,Android 6.0.1,chrome 63.0 for android,855x480,1,1,1,1.0
DP-dbceede43ab22e93,mobile,SM-N950F Build/NMF26X,,chrome 64.0 for android,,18,12,12,0.08333333333333333
DP-dbd635b40d7f9b34,mobile,4013M Build/KOT49H,,chrome 62.0 for android,,10,1,1,1.0
DP-dbd951b732f59420,desktop,Windows,Windows 7,chrome 56.0,1920x1200,3,3,3,0.3333333333333333
DP-dbdac05abdb33e92,mobile,ALP-L09 Build/HUAWEIALP-L09,,chrome generic for android,,1,1,1,1.0
DP-dbe344799df25702,desktop,MacOS,Mac OS X 10_13_3,chrome 63.0,4096x2304,2,1,1,1.0
DP-dbeb7c5632b3d559,mobile,LGL163BL,Android 7.0,chrome 66.0 for android,1280x720,1,1,1,1.0
DP-dbf2bbec79a823fc,desktop,MacOS,Mac OS X 10_13_2,safari generic,1680x1050,12,11,11,0.09090909090909091
DP-dbf53a1459d68325,mobile,GT-I9195I,,chrome 63.0 for android,,1,1,1,1.0
DP-dc0a22f295adcf59,desktop,Windows,Windows 7,ie 11.0 for desktop,1920x1200,5,5,5,0.2
DP-dc19d15c822fee76,desktop,MacOS,Mac OS X 10_13_1,chrome 62.0,1366x768,5,2,2,0.5
DP-dc1fbe519cb44f52,mobile,iOS Device,iOS 10.3.3,mobile safari generic,2001x1125,12,10,10,0.1
DP-dc2afefa46ca9994,mobile,SM-G925I Build/NRD90M,,chrome generic for android,,1,1,1,1.0
DP-dc2bc89fd151fcf5,desktop,MacOS,Mac OS X 10_13_3,safari generic,1280x800,27,23,23,0.043478260869565216
DP-dc30734a21da4602,desktop,Windows,Windows 10,chrome 64.0,2160x1440,3,3,3,0.3333333333333333
DP-dc395315ce4c9b6a,mobile,SM-S906L,Android 5.0.2,chrome 59.0 for android,2560x1440,1,1,1,1.0
DP-dc40c2df25793718,mobile,Azumi_KINZO_A5_QL,,chrome 65.0 for android,,1,1,1,1.0
DP-dc4baef8dedd5913,mobile,TA-1038,,chrome 63.0 for android,,2,2,2,0.5
DP-dc509d14907647d4,desktop,MacOS,Mac OS X 10_9_5,chrome 66.0,1440x900,1,1,1,1.0
DP-dc53434fdfbec1ce,mobile,SAMSUNG-SM-N920A Build/NRD90M,Android 7.0,chrome 63.0 for android,,3,3,3,0.3333333333333333
DP-dc563246499bedac,mobile,HUAWEI Y520-U03 Build/HUAWEIY520-U03,,chrome 65.0 for android,,1,1,1,1.0
DP-dc5a5c3a78df4284,mobile,9203A Build/MRA58K,,chrome 49.0 for android,,1,1,1,1.0
DP-dc7015424faa2cfe,desktop,rv:49.0,Linux,firefox,1920x1080,2,1,1,1.0
DP-dc815b9905a5609a,desktop,rv:57.0,Windows 10,firefox,1440x900,4,3,3,0.3333333333333333
DP-dc85483ed5d6ee37,desktop,Windows,Windows 7,chrome 61.0,2560x1080,1,1,1,1.0
DP-dc8d5425d4ce9c49,mobile,LG-H650 Build/MRA58K,,chrome 62.0 for android,,5,1,1,1.0
DP-dc9599fcc6ad6e62,desktop,LG-D855,,chrome generic,,1,1,1,1.0
DP-dc95e43161c25c73,mobile,XT1635-02,Android 7.1.1,chrome 55.0 for android,640x360,1,1,1,1.0
DP-dc99d123cb20d0f1,mobile,SM-G930V Build/MMB29M,Android 6.0.1,chrome 64.0 for android,2560x1440,1,1,1,1.0
DP-dc9bb744c7f2788c,mobile,SM-G900M Build/MMB29M,,chrome 59.0 for android,,1,1,1,1.0
DP-dca5bceac38d1bba,mobile,es-us,,ZTE/Blade,,5,3,3,0.3333333333333333
DP-dcabf3d213408ebe,mobile,MotoG3 Build/MPIS24.65-25.1-19,,chrome,,1,1,1,1.0
DP-dcad10f7c8ad9e77,mobile,SM-T817V Build/NRD90M,Android 7.0,chrome 65.0 for android,2048x1536,1,1,1,1.0
DP-dcb21124094105d4,mobile,BAH-L09 Build/HUAWEIBAH-L09,,chrome generic for android,,1,1,1,1.0
DP-dcba69f8e02041c2,mobile,SM-J700T Build/NMF26X,Android 7.1.1,chrome 64.0 for android,1280x720,2,2,2,0.5
DP-dcc114a27811f9ec,mobile,HUAWEI RIO-L03 Build/HUAWEIRIO-L03,,chrome 59.0 for android,,3,2,2,0.5
DP-dcc93d03797da0eb,mobile,SAMSUNG SM-G570M Build/MMB29K,,samsung browser 5.4,,1,1,1,1.0
DP-dcccff33330f6dd7,mobile,iOS Device,iOS,mobile safari 9.0,1334x750,23,20,20,0.05
DP-dcd80392d737e023,desktop,Windows,Windows 10,chrome 64.0,2880x1620,2,1,1,1.0
DP-dcddb0668088a65e,mobile,SM-A510M Build/LMY47X,,chrome 64.0 for android,,1,1,1,1.0
DP-dcdee07f6eb40736,mobile,LG-V495,,chrome 61.0 for android,,1,1,1,1.0
DP-dcec34c32c8b5204,desktop,MacOS,Mac OS X 10_12_4,chrome 64.0,2560x1600,1,1,1,1.0
DP-dcef60c466306f8a,mobile,BLU,,chrome 64.0 for android,,1,1,1,1.0
DP-dcfe4555c76a1431,mobile,QTASUN1,Android 6.0.1,chrome 51.0 for android,1920x1200,1,1,1,1.0
DP-dd00896694e9581b,mobile,SM-G925T Build/NRD90M,Android 7.0,chrome 62.0 for android,2560x1440,6,4,4,0.25
DP-dd0243d2ea27af94,mobile,LG-H542 Build/LRX22G,,chrome 63.0 for android,,1,1,1,1.0
DP-dd031acca37d6a83,mobile,Ilium X710 Build/MRA58K,,chrome 61.0 for android,,2,1,1,1.0
DP-dd09be227bd58975,mobile,SM-G900M Build/MMB29M,,chrome 64.0 for android,,1,1,1,1.0
DP-dd0a51b3a919c25d,mobile,M4 SS4458 Build/MMB29M,,chrome 65.0 for android,,4,3,3,0.3333333333333333
DP-dd166ecf4f4c390d,mobile,,,mobile safari 10.0,2208x1242,1,1,1,1.0
DP-dd235a19e205d398,desktop,MacOS,Mac OS X 10_13_2,chrome 64.0,2880x1800,4,4,4,0.25
DP-dd2ea472034bae99,mobile,Moto C Build/NRD90M.063,,chrome 63.0 for android,,37,14,14,0.07142857142857142
DP-dd3214a2642d4e54,mobile,SM-G930R4 Build/NRD90M,Android 7.0,chrome 62.0 for android,1920x1080,2,2,2,0.5
DP-dd359a933041ec38,mobile,ZTE BLADE V8 MINI Build/NRD90M,,chrome generic for android,,1,1,1,1.0
DP-dd39b1dc0afbe07b,desktop,MDDRJS,Windows 7,ie 11.0 for desktop,1440x900,1,1,1,1.0
DP-dd459e41e17004db,desktop,Windows,,firefox 52.0,,7,6,6,0.16666666666666666
DP-dd4b5a8bb7e56753,mobile,BLU,,chrome 43.0 for android,,3,2,2,0.5
DP-dd5416576928a4c1,mobile,XT1650 Build/NPLS26.118-20-5-3,,chrome 65.0 for android,,3,3,3,0.3333333333333333
DP-dd56b2b72d05e205,desktop,Windows,Windows 7,firefox generic,1440x900,1,1,1,1.0
DP-dd59a9cc4e6352ae,desktop,Windows,Windows 10,edge 14.0,1152x864,3,1,1,1.0
DP-dd5f012dfb2a786c,desktop,Windows,Windows 10,chrome 64.0,1727x971,1,1,1,1.0
DP-dd6274a66b7ecab7,mobile,GT-P5113,Android,chrome 62.0 for android,1280x800,2,2,2,0.5
DP-dd6a632917d4bd5e,mobile,PRA-LX1 Build/HUAWEIPRA-LX1,,chrome 65.0 for android,,2,2,2,0.5
DP-dd6bb3b75e0e5c3f,mobile,Moto,Android 7.1.1,chrome generic,1280x720,6,4,4,0.25
DP-dd6fc71f3692c5f6,mobile,Redmi 4A Build/MMB29M,,chrome 66.0 for android,,1,1,1,1.0
DP-dd7501ac8603c235,mobile,verykools5035,,chrome 63.0 for android,,1,1,1,1.0
DP-dd754b9b4c4e6fed,mobile,XT1563 Build/MPDS24.107-52-5,,chrome 65.0 for android,,1,1,1,1.0
DP-dd9254b6cf5a8840,mobile,LG-M250 Build/NRD90U,,chrome 63.0 for android,,14,7,7,0.14285714285714285
DP-ddba66838dfd2cd1,mobile,SAMSUNG SM-G935P Build/NRD90M,Android 7.0,samsung browser 6.2,1920x1080,5,5,5,0.2
DP-ddba74f968ead75c,mobile,SM-T580 Build/NRD90M,,chrome 66.0 for android,,1,1,1,1.0
DP-ddc071f286493e67,desktop,MacOS,Mac OS X 10_11_6,chrome generic,1366x768,1,1,1,1.0
DP-ddd6acc50333f37c,mobile,7048A Build/LRX22G,,chrome 57.0 for android,,1,1,1,1.0
DP-dddd1713326e8072,desktop,rv:57.0,Mac OS X 10.13,firefox 57.0,4096x2304,12,10,10,0.1
DP-dde42e9444de2a6e,desktop,rv:58.0,Mac OS X 10.12,firefox 58.0,2560x1600,5,3,3,0.3333333333333333
DP-dde54e329c98295d,mobile,MYA-L13 Build/HUAWEIMYA-L13,,chrome 64.0 for android,,9,6,6,0.16666666666666666
DP-dde9a1824c37829e,mobile,SM-G930T Build/NRD90M,Android 7.0,chrome 65.0 for android,2560x1440,1,1,1,1.0
DP-ddeb6c77eafe7b84,mobile,ORION,,chrome 66.0 for android,,1,1,1,1.0
DP-ddf046853b324580,mobile,SAMSUNG SM-G570M Build/MMB29K,,samsung browser 4.0,,1,1,1,1.0
DP-ddf7a0bd865a75f4,mobile,6055B,,chrome 65.0 for android,,1,1,1,1.0
DP-ddfb8dafa59e9c45,mobile,XT1650 Build/NPLS26.118-20-5-11,,chrome 63.0 for android,,2,2,2,0.5
DP-ddfcdb529d87953b,desktop,MacOS,Mac,chrome 62.0,1440x900,9,8,8,0.125
DP-de1339627555b7ed,mobile,VKY-L09 Build/HUAWEIVKY-L09,,chrome 63.0 for android,,2,2,2,0.5
DP-de19bc5decd3670f,mobile,SAMSUNG SM-G935A Build/NRD90M,,samsung browser 6.4,,1,1,1,1.0
DP-de1a641ed532186e,mobile,SM-G930P Build/NRD90M,Android 7.0,chrome 65.0 for android,1920x1080,2,2,2,0.5
DP-de1c8622a02ec974,mobile,SAMSUNG SM-G930F/XXU2DRC1 Build/NRD90M,,samsung browser 6.4,,5,2,2,0.5
DP-de3448f6848e95fe,mobile,Ilium L950 Build/KTU84P,,chrome 63.0 for android,,1,1,1,1.0
DP-de3ed85901f777cb,desktop,MacOS,Mac OS X 10_10_5,chrome generic,1366x768,2,2,2,0.5
DP-de3f80a15945fac8,desktop,rv:57.0,Mac OS X 10.9,firefox 57.0,1680x1050,2,2,2,0.5
DP-de4236a6a901d893,mobile,ALE-L23 Build/HuaweiALE-L23,,chrome 57.0 for android,,1,1,1,1.0
DP-de49a34bf6b66e47,mobile,SM-G950U Build/NRD90M,Android 7.0,chrome 65.0 for android,2220x1080,9,6,6,0.16666666666666666
DP-de528b4d680c9fd6,mobile,Moto Z2 Play Build/NPSS26.118-19-11,,chrome 63.0 for android,,10,9,9,0.1111111111111111
DP-de59e35ddeb828d1,mobile,LG-D693n Build/LRX22G,,chrome 56.0 for android,,8,3,3,0.3333333333333333
DP-de81f3cc164ecc00,desktop,rv:57.0,Mac OS X 10.12,firefox 57.0,1152x720,1,1,1,1.0
DP-de856c0e3412000a,mobile,SM-G570M Build/NRD90M,,chrome 65.0 for android,,8,5,5,0.2
DP-de8e877d75d5ce1a,mobile,LG-M210 Build/NRD90U,Android 7.0,chrome 58.0 for android,1280x720,1,1,1,1.0
DP-de9121d3d93be060,mobile,iOS Device,iOS 11.2.6,mobile safari 11.0,2048x1536,16,14,14,0.07142857142857142
DP-de933d9a7f252c39,mobile,iOS Device,iOS 11.2.2,google search application 49.0,2732x2048,2,2,2,0.5
DP-de9b2a8bb2f2ffb5,desktop,rv:57.0,Mac OS X 10.9,firefox 57.0,1280x800,7,7,7,0.14285714285714285
DP-de9b642532c52650,desktop,MacOS,Mac OS X 10_10_5,chrome 66.0,1280x800,6,5,5,0.2
DP-de9cd7a7da20c9d7,mobile,Pixel,Android 8.0.0,chrome 62.0 for android,,1,1,1,1.0
DP-de9efcd179e13f0f,mobile,SM-N910C Build/MMB29K,Android 6.0.1,chrome 63.0 for android,2560x1440,1,1,1,1.0
DP-dea58b3492a70a9f,desktop,Windows,Windows 10,edge 16.0,2560x1440,3,3,3,0.3333333333333333
DP-dea6825ea762178c,mobile,PRA-LX3 Build/HUAWEIPRA-LX3,,chrome 55.0 for android,,3,3,3,0.3333333333333333
DP-deaaf308c82b6ed7,desktop,MacOS,Mac OS X 10_13_1,chrome 65.0,1280x800,2,2,2,0.5
DP-deb362af1e25333c,desktop,,Linux,chrome 63.0,2562x1442,1,1,1,1.0
DP-deb3c6170748fda6,desktop,MacOS,Mac OS X 10_13_4,chrome 66.0,1280x800,15,10,10,0.1
DP-deb4b228c3e8cb29,mobile,HUAWEI VNS-L31 Build/HUAWEIVNS-L31,,chrome 66.0 for android,,5,3,3,0.3333333333333333
DP-debe52518ec157fb,desktop,Windows,Windows XP,firefox 52.0,1680x1050,1,1,1,1.0
DP-decf4156f316deee,mobile,,,google,,6,4,4,0.25
DP-dedc3daac94f4f35,mobile,SAMSUNG SM-J327T1 Build/NRD90M,Android 7.0,samsung browser 6.2,1280x720,2,1,1,1.0
DP-dee542156e6a131d,desktop,,,firefox,,47,33,33,0.030303030303030304
DP-dee86916ea7adee1,mobile,SM-T800 Build/MMB29K,,chrome 63.0 for android,,4,3,3,0.3333333333333333
DP-dee8c98778acf47b,mobile,CHC-U03 Build/HuaweiCHC-U03,,chrome 64.0 for android,,5,3,3,0.3333333333333333
DP-deebab881cfdf0f8,mobile,Aquaris U Plus Build/NMF26F,,chrome 62.0 for android,,1,1,1,1.0
DP-def2e1b0d4568b77,mobile,iOS Device,iOS 11.0.2,chrome 66.0 for ios,1334x750,2,1,1,1.0
DP-def338e293e13a0f,desktop,Windows,Windows 10,chrome 57.0,1920x1080,3,3,3,0.3333333333333333
DP-df0cd050d9adc6f7,mobile,SM-T560NU Build/NMF26X,,chrome 63.0 for android,,1,1,1,1.0
DP-df10ba59ebe20254,mobile,Vivo,,chrome 64.0 for android,,1,1,1,1.0
DP-df19dc8c5cb1b9be,desktop,rv:57.0,Windows 8.1,firefox 57.0,1920x1080,3,3,3,0.3333333333333333
DP-df1c8cc962ab9ba6,desktop,Windows,Windows 7,firefox 58.0,1280x720,1,1,1,1.0
DP-df20e43d2807feb9,mobile,C6743 Build/LMY47V,Android 5.1.1,android browser 4.0,960x540,20,10,10,0.1
DP-df2b114eec978d9c,mobile,Hisense L675 Build/MRA58K,,chrome 46.0 for android,,3,2,2,0.5
DP-df31f3e67430d4e6,mobile,moto x4 Build/NPW26.83-42,,chrome 63.0 for android,,4,3,3,0.3333333333333333
DP-df6017ccf4e3bfcd,desktop,MacOS,Mac OS X 10_13_4,safari 11.0,1680x1050,1,1,1,1.0
DP-df67c4ccb0dd79b3,desktop,rv:57.0,Windows 7,firefox 57.0,1600x900,1,1,1,1.0
DP-df9b106a3dd4982b,mobile,Blade V6 Plus Build/MRA58K,,chrome 62.0 for android,,8,6,6,0.16666666666666666
DP-df9d13e0d2a38465,desktop,Windows,Windows 10,chrome 57.0,1280x1025,1,1,1,1.0
DP-dfa27eeff085ee14,mobile,ALE-L23 Build/HuaweiALE-L23,,chrome 50.0 for android,,4,4,4,0.25
DP-dfa333d98daded2f,desktop,MacOS,Mac OS X 10_10_5,chrome 60.0,1920x1080,2,2,2,0.5
DP-dfa529d23e9eb744,mobile,LG-D373,,chrome 64.0 for android,,1,1,1,1.0
DP-dfa68e1431c79c3f,mobile,SM-J500M Build/LMY48B,,android browser 4.0,,2,2,2,0.5
DP-dfabf691f0163289,mobile,Z837VL,Android 6.0.1,chrome,855x480,1,1,1,1.0
DP-dfb547fbb717a9d7,mobile,gxq6580_weg_l Build/LMY47I,,android browser 4.0,,5,2,2,0.5
DP-dfbb6be96e53526d,desktop,rv:59.0,Windows 7,firefox 59.0,0x0,1,1,1,1.0
DP-dfbcb376acc18679,mobile,iOS Device,iOS 11.2.6,chrome 65.0 for ios,2001x1125,1,1,1,1.0
DP-dfc67a315411a960,mobile,LG-SP320,Android 7.1.1,chrome 65.0 for android,1280x720,1,1,1,1.0
DP-dfd238fb7a734a13,desktop,MacOS,Mac OS X 10_12_1,safari generic,2880x1800,5,4,4,0.25
DP-dfd37e0eda3074ef,mobile,5049W Build/NRD90M,Android 7.0,chrome 66.0 for android,1280x720,1,1,1,1.0
DP-dfd9a6c003c95666,desktop,rv:52.0,Windows Vista,firefox 52.0,1680x1050,2,2,2,0.5
DP-dfdefc9851ca105a,mobile,SM-G950U Build/NRD90M,Android 7.0,chrome generic for android,2220x1080,8,6,6,0.16666666666666666
DP-dfe086137a8c5612,mobile,Nexus,Android 7.0,chrome generic for android,2562x1442,1,1,1,1.0
DP-dfeaa57192238930,mobile,SAMSUNG SM-J530GM Build/NRD90M,,samsung browser 6.2,,3,2,2,0.5
DP-dfed7628aa6165d2,mobile,SM-G960F Build/R16NW,,chrome 65.0 for android,,1,1,1,1.0
DP-dff687ce015b280d,mobile,Aquaris_A4.5,,chrome 65.0 for android,,1,1,1,1.0
DP-dff8f97dedf5599a,mobile,Z983 Build/NMF26F,Android 7.1.1,chrome,1920x1080,1,1,1,1.0
DP-dfff32a1a2082770,mobile,SM-T350 Build/NMF26X,,android webview 4.0,,1,1,1,1.0
DP-e00baf55fa9337e8,mobile,DLI-L22 Build/HONORDLI-L22,,chrome 64.0 for android,,3,2,2,0.5
DP-e01e2b69f0970f61,mobile,SM-G955F Build/R16NW,,chrome 66.0 for android,,18,10,10,0.1
DP-e02df69bba5149a9,mobile,HUAWEI LYO-L21 Build/HUAWEILYO-L21,,chrome 63.0 for android,,1,1,1,1.0
DP-e0345333b80a4074,mobile,,Android,chrome 56.0,1920x1080,2,2,2,0.5
DP-e03d9cbb16c9ada9,mobile,Trident/7.0,Windows 8.1,Microsoft/Windows,,6,5,5,0.2
DP-e044664603053fd3,mobile,iOS Device,iOS 11.0.2,mobile safari generic,1136x640,8,5,5,0.2
DP-e048ca016cd46433,desktop,MacOS,Mac OS X 10_12_6,chrome 65.0,1366x768,1,1,1,1.0
DP-e05fb6f49b274594,mobile,SM-G928P Build/NRD90M,Android 7.0,chrome 64.0 for android,,1,1,1,1.0
DP-e0723c7998cd430f,mobile,SM-T113NU Build/KTU84P,,chrome 46.0 for android,,1,1,1,1.0
DP-e072b066951fd098,mobile,SM-J730GM Build/NRD90M,,chrome 63.0 for android,,25,14,14,0.07142857142857142
DP-e0841cd811fd1871,mobile,iOS Device,iOS 11.0.2,mobile safari generic,2208x1242,7,6,6,0.16666666666666666
DP-e092ed2fe31ea5b4,mobile,Moto G Play Build/MPIS24.241-15.3-7,,android webview 4.0,,2,1,1,1.0
DP-e09b1fd36aac4e35,mobile,Z983 Build/NMF26F,Android 7.1.1,chrome 64.0 for android,,1,1,1,1.0
DP-e09eca83a9ca9d05,desktop,Trident/7.0,Windows 8.1,ie 11.0 for desktop,1280x720,1,1,1,1.0
DP-e0a95da55ae3b275,desktop,Windows,Windows 10,chrome 65.0,,1,1,1,1.0
DP-e0acaf8bbe4e332d,desktop,Windows,Windows 7,chrome 65.0,2560x1080,1,1,1,1.0
DP-e0af9d4561b75f3b,mobile,Moto G (5) Build/NPP25.137-72,,chrome 66.0 for android,,1,1,1,1.0
DP-e0b1a65858cf0562,mobile,SAMSUNG SM-G930A Build/NRD90M,Android 7.0,samsung browser 6.2,1920x1080,19,16,16,0.0625
DP-e0b1ded6a1b89d4f,mobile,SAMSUNG SM-G950F Build/NRD90M,,samsung browser 6.2,,38,18,18,0.05555555555555555
DP-e0b4e33131bacff9,mobile,Nexus,Android 5.1.1,chrome generic,,1,1,1,1.0
DP-e0b4edecce1127e9,mobile,SM-G570M Build/NRD90M,,chrome 63.0 for android,,5,2,2,0.5
DP-e0b83f12ebc2f99c,mobile,SM-G920I,,chrome 65.0 for android,,1,1,1,1.0
DP-e0bf129289a6e17d,mobile,iOS Device,iOS 11.3.0,mobile safari generic,2048x1536,75,48,48,0.020833333333333332
DP-e0c63885642f971c,mobile,HUAWEI Y625-U13 Build/HUAWEIY625-U13,,chrome 56.0 for android,,5,1,1,1.0
DP-e0c7ffd64dd082cd,desktop,MacOS,Mac OS X 10_11_6,chrome 65.0,4096x2304,1,1,1,1.0
DP-e0ca9854064e812c,desktop,rv:59.0,Windows 7,firefox 59.0,1280x1024,1,1,1,1.0
DP-e0cf363966a8364f,mobile,LG-LS777 Build/NRD90U,Android 7.0,chrome 65.0 for android,1280x720,1,1,1,1.0
DP-e0d6d1aab7d9a932,mobile,LG-M250 Build/NRD90U,,chrome 64.0 for android,,12,9,9,0.1111111111111111
DP-e0e00fbd3955a502,mobile,SM-G800F Build/KOT49H,,chrome 53.0 for android,,4,1,1,1.0
DP-e0e3f80bc2100572,mobile,HUAWEI VNS-L31 Build/HUAWEIVNS-L31,,chrome generic for android,,3,3,3,0.3333333333333333
DP-e0f671375e4ede75,mobile,TA-1038 Build/NMF26O,,chrome 63.0 for android,,16,6,6,0.16666666666666666
DP-e0f679142b76eeb7,mobile,WAS-LX2J,,chrome 65.0 for android,,1,1,1,1.0
DP-e0f6c18537bcb169,mobile,F5121 Build/34.3.A.0.252,,chrome 63.0 for android,,19,3,3,0.3333333333333333
DP-e1001f1faea49de5,desktop,Windows,Windows 10,firefox 57.0,1024x768,15,14,14,0.07142857142857142
DP-e104b54d59038111,mobile,ZTE-Z956,Android 6.0.1,other,1280x720,1,1,1,1.0
DP-e105d5ee3aad344d,desktop,Windows,,chrome 63.0,1600x900,1,1,1,1.0
DP-e10df44d68a961fd,mobile,Moto G Play Build/NPIS26.48-36-2,,chrome 64.0 for android,,6,3,3,0.3333333333333333
DP-e114f25916e67c42,mobile,SM-A300H Build/LRX22G,,chrome 63.0 for android,,81,27,27,0.037037037037037035
DP-e1162d2453137cfd,desktop,MacOS,Mac OS X 10_12_1,chrome 63.0,1440x900,1,1,1,1.0
DP-e11714441088b66c,mobile,SM-G935V Build/NRD90M,Android 7.0,chrome 64.0 for android,1920x1080,5,5,5,0.2
DP-e11e32b31757dd65,desktop,Windows,,firefox 58.0,,295,108,108,0.009259259259259259
DP-e12e0f33186a36df,mobile,9003A Build/MRA58K,,chrome 62.0 for android,,3,2,2,0.5
DP-e13073ceefc70395,desktop,MacOS,Mac OS X 10_10_5,chrome 63.0,1280x800,42,30,30,0.03333333333333333
DP-e136d90493f71f6b,desktop,,Linux,chrome,1920x1080,1,1,1,1.0
DP-e13f72e320002a04,mobile,F5121 Build/34.3.A.0.238,,chrome 64.0 for android,,16,5,5,0.2
DP-e14891ac77706f46,mobile,5010G Build/MRA58K,,chrome 63.0 for android,,13,10,10,0.1
DP-e14e52330fa3447c,mobile,SM-G925I Build/MMB29K,,chrome 65.0 for android,,3,2,2,0.5
DP-e1504b4984edcf2f,mobile,SM-J727T Build/NRD90M,Android 7.0,chrome 64.0 for android,1280x720,1,1,1,1.0
DP-e15279d39cae6c34,desktop,Trident/7.0,Windows 7,ie 11.0 for desktop,1280x1023,4,4,4,0.25
DP-e15596dac6ee75e2,mobile,,Android,chrome 65.0,1280x720,113,11,11,0.09090909090909091
DP-e15bfc070ccf555e,desktop,MacOS,Mac OS X 10_13_1,safari generic,1280x1024,1,1,1,1.0
DP-e15df59aa891aa45,desktop,MacOS,Mac OS X 10_12_6,safari generic,3360x2100,50,32,32,0.03125
DP-e16b714aff209a13,desktop,MacOS,Mac OS X 10_12_5,safari generic,1344x756,1,1,1,1.0
DP-e16d9805d6a83ae2,mobile,LG-LS993 Build/NRD90U,Android 7.0,chrome 63.0 for android,2672x1440,2,2,2,0.5
DP-e185adbf72c4e537,desktop,MacOS,Mac OS X 10_12_5,chrome 63.0,2560x1440,1,1,1,1.0
DP-e188ba9d5b8b80c0,desktop,MacOS,Mac OS X 10_9_5,chrome 63.0,1440x900,20,17,17,0.058823529411764705
DP-e18fa2fcde9c864e,mobile,G3423,,chrome 66.0 for android,,5,3,3,0.3333333333333333
DP-e198584a480b8222,mobile,SM-J510FN,,chrome 62.0 for android,,2,2,2,0.5
DP-e199f7e8a656d821,mobile,TA-1039 Build/NMF26F,,other,,1,1,1,1.0
DP-e19f70cdbdff914b,mobile,iOS Device,iOS 11.3.1,chrome 66.0 for ios,2436x1125,5,4,4,0.25
DP-e1a00d20e660847a,mobile,SAMSUNG SM-G850F/G850FXXS2CQD9 Build/LRX22G,,chrome generic,,6,2,2,0.5
DP-e1a59b03522b10f6,desktop,MacOS,Mac OS X 10_10_5,chrome 65.0,1920x1080,5,5,5,0.2
DP-e1a6f21ac0ed5590,mobile,,Android,chrome 63.0,,2,2,2,0.5
DP-e1ba038166e66ec2,desktop,rv:52.0,Mac OS X 10.12,firefox 52.0,2560x1600,1,1,1,1.0
DP-e1bb9c98cbb64518,mobile,SAMSUNG SM-T550 Build/NMF26X,,samsung browser 6.2,,2,2,2,0.5
DP-e1c22d560f9dc563,desktop,Windows,Windows 8.1,chrome 64.0,1280x1025,1,1,1,1.0
DP-e1c4177ea97ef351,desktop,Trident/7.0,Windows 7,ie 11.0 for desktop,1680x1050,220,130,130,0.007692307692307693
DP-e1cf25f1d9e32107,mobile,SM-G930V Build/MMB29M,Android 6.0.1,chrome 63.0 for android,2560x1440,3,3,3,0.3333333333333333
DP-e1f82a1c16bddd8d,mobile,PRA-LX3 Build/HUAWEIPRA-LX3,,chrome 61.0 for android,,1,1,1,1.0
DP-e1fab7e80063a9a9,mobile,ONE A2005 Build/MMB29M,Android 6.0.1,chrome 63.0 for android,1920x1080,4,3,3,0.3333333333333333
DP-e1fd1aaf889bd9dd,desktop,SM-A500M Build/KTU84P,,chrome generic,,2,2,2,0.5
DP-e203ab7dd3cd8370,desktop,MacOS,Mac OS X 10_12_3,chrome 62.0,2880x1800,3,3,3,0.3333333333333333
DP-e206a83612be6f86,mobile,SAMSUNG SM-G531H Build/LMY48B,,chrome generic,,11,4,4,0.25
DP-e20b355d9518cf41,mobile,MYA-L13 Build/HUAWEIMYA-L13,,chrome 66.0 for android,,20,9,9,0.1111111111111111
DP-e20db8b77833e667,mobile,SAMSUNG SM-G925I Build/NRD90M,,samsung browser generic,,1,1,1,1.0
DP-e210fb4c5df0dd17,mobile,SM-G610M Build/MMB29K,,chrome 55.0 for android,,1,1,1,1.0
DP-e21162dd52184f3d,mobile,SM-G930V Build/NRD90M,Android 7.0,chrome 65.0 for android,2560x1440,1,1,1,1.0
DP-e214c9249ea08466,desktop,,Linux,chrome 63.0,1280x720,8,5,5,0.2
DP-e2158573a4388b62,mobile,iOS Device,iOS 10.3.3,google,1136x640,1,1,1,1.0
DP-e216bf4f629db2d3,mobile,Blade A510 Build/MRA58K,,chrome 60.0 for android,,2,2,2,0.5
DP-e21dbdfb51b236b3,mobile,XT1650,Android 7.1.1,chrome 62.0 for android,2560x1440,1,1,1,1.0
DP-e21ecc8603b92849,mobile,Lenovo A6020l37 Build/LMY47V,,chrome 63.0 for android,,2,2,2,0.5
DP-e229beb412e3091b,mobile,SAMSUNG SM-G955U Build/NRD90M,Android 7.0,samsung browser 6.2,2220x1080,6,6,6,0.16666666666666666
DP-e22a2a88f9ca7048,mobile,SM-T377P Build/NMF26X,Android 7.1.1,chrome 60.0 for android,,3,1,1,1.0
DP-e22d70a6c18bd90c,mobile,SM-N950F Build/NMF26X,,chrome 65.0 for android,,9,7,7,0.14285714285714285
DP-e22eef2142508039,desktop,rv:48.0,Mac OS X 10.12,firefox 48.0,1280x800,1,1,1,1.0
DP-e22fabac82eab691,desktop,MacOS,Mac,chrome 62.0,2560x1440,1,1,1,1.0
DP-e235395bfa330888,desktop,Windows,Windows 7,firefox 52.0,1440x900,1,1,1,1.0
DP-e25d3739c761de7a,mobile,,Android,chrome 64.0,,3,2,2,0.5
DP-e25eb9c31831da4b,mobile,Ilium L1120 Build/NRD90M,,chrome 60.0 for android,,3,2,2,0.5
DP-e261914d4e622cdc,mobile,Pixel Build/OPM1.171019.011,Android 8.1.0,chrome 61.0 for android,,1,1,1,1.0
DP-e26e1fe13b3bb0c1,desktop,ILIUM,,chrome,,3,2,2,0.5
DP-e279b1bfd7f3ccee,mobile,SM-G720AX,,chrome 64.0 for android,,1,1,1,1.0
DP-e28b22290d3ca656,desktop,MacOS,Mac OS X 10_12_1,safari generic,1440x900,6,6,6,0.16666666666666666
DP-e29f25eeab3bd6e1,mobile,FRD-L09 Build/HUAWEIFRD-L09,,chrome 65.0 for android,,3,1,1,1.0
DP-e2a3115572f29f35,desktop,Windows,Windows 8.1,chrome 64.0,1366x768,48,26,26,0.038461538461538464
DP-e2bc2fb385f44a5a,mobile,SM-J700M Build/LMY48B,,chrome 66.0 for android,,13,5,5,0.2
DP-e2c05258918e9d4b,mobile,E5823 Build/32.4.A.1.54,,chrome 64.0 for android,,5,2,2,0.5
DP-e2d3ad6a9647d92f,mobile,Redmi Note 4 Build/NRD90M,,chrome 65.0 for android,,9,9,9,0.1111111111111111
DP-e2dbb16eeff21ba1,desktop,MacOS,Mac OS X 10_12_5,safari generic,4096x2304,2,2,2,0.5
DP-e2df294d85739384,mobile,ALE-L23 Build/HuaweiALE-L23,,chrome 51.0 for android,,3,2,2,0.5
DP-e2f34b5d953e00f1,mobile,5010G Build/MRA58K,,chrome 60.0 for android,,1,1,1,1.0
DP-e2f4d648a8640d31,desktop,LG-D680 Build/KOT49I,,chrome generic,,2,2,2,0.5
DP-e2f67b6f2dc4553f,mobile,SAMSUNG SM-G892A Build/NRD90M,Android 7.0,samsung browser 6.2,2220x1080,9,7,7,0.14285714285714285
DP-e2f8ade544162e29,mobile,iOS Device,iOS 11.2.6,chrome 66.0 for ios,2436x1125,1,1,1,1.0
DP-e2fee90a4bdf0acc,mobile,,Android,chrome 61.0,2400x1350,1,1,1,1.0
DP-e30126c462bd57fc,desktop,Windows,Windows 10,edge 16.0,4500x3000,1,1,1,1.0
DP-e306382360d97b7f,desktop,MacOS,Mac OS X 10_9_5,chrome 62.0,2880x1800,3,3,3,0.3333333333333333
DP-e30da90f6ce32911,mobile,SM-N950U Build/NMF26X,,chrome generic for android,,1,1,1,1.0
DP-e30fa7b30c18c954,mobile,5025G Build/LMY47I,,chrome 63.0 for android,,4,2,2,0.5
DP-e313416db31d2949,mobile,SM-G900M Build/MMB29M,,chrome 49.0 for android,,2,1,1,1.0
DP-e317c46ccc25f43a,mobile,SM-G800F Build/MMB29K,,chrome 66.0 for android,,3,1,1,1.0
DP-e33061e367df7424,desktop,MacOS,Mac OS X 10_12_4,safari generic,1280x800,5,4,4,0.25
DP-e3362418bcdf51af,mobile,en-gb,,samsung,,2,1,1,1.0
DP-e349e2000b1da41f,mobile,D5316 Build/19.4.A.0.182,,chrome 62.0 for android,,1,1,1,1.0
DP-e34a96e7e460dee4,mobile,SGH-I337M Build/LRX22C,,chrome 50.0 for android,,1,1,1,1.0
DP-e34ad86db6732289,mobile,PH-1,Android 7.1.1,chrome 63.0 for android,,1,1,1,1.0
DP-e35e195b10648874,mobile,SM-G965U Build/R16NW,Android 8.0.0,chrome 66.0 for android,2961x1442,6,3,3,0.3333333333333333
DP-e36b4a057a8223da,desktop,MacOS,Mac OS X 10_13_1,chrome 64.0,3360x2100,3,1,1,1.0
DP-e36fc4f8a6168237,mobile,SM-J700P,Android 7.1.1,chrome 64.0 for android,1280x720,1,1,1,1.0
DP-e3742a4a8feeaecb,desktop,Windows,Windows 8.1,firefox 60.0,1920x1080,2,2,2,0.5
DP-e37557a73b9280e5,mobile,SM-N910P,Android 6.0.1,chrome 63.0 for android,2560x1440,1,1,1,1.0
DP-e37b8d2330754402,mobile,SM-A720F Build/MMB29K,,chrome 61.0 for android,,1,1,1,1.0
DP-e37c763ac16c65af,desktop,Windows,Windows 10,edge 14.0,1280x1023,1,1,1,1.0
DP-e37cbf9992ed47af,mobile,LG-M320 Build/NRD90U,,chrome 62.0 for android,,2,2,2,0.5
DP-e3831e83b119baf2,desktop,Windows,Windows Vista,firefox 52.0,1024x768,9,6,6,0.16666666666666666
DP-e383a9d23ee36323,mobile,XT1063 Build/MPB24.65-34,,chrome,,4,1,1,1.0
DP-e38a4ec85c35a33f,desktop,Windows,Windows 10,chrome 64.0,1280x800,11,6,6,0.16666666666666666
DP-e38c8e3afb1daf49,desktop,LG-H320 Build/LRX21Y,,chrome generic,,6,4,4,0.25
DP-e3949ecb823b32ad,mobile,8080 Build/LRX21M,,chrome 64.0 for android,,2,2,2,0.5
DP-e3977daa94758b4d,mobile,iOS Device,iOS,mobile safari generic,2732x2048,2,1,1,1.0
DP-e39f71bbe522cd70,mobile,LG-H500 Build/LRX21Y,,chrome 62.0 for android,,3,3,3,0.3333333333333333
DP-e3a7d07d9ccd9977,mobile,Ilium X520 Build/NRD90M,,Lanix/Ilium,,1,1,1,1.0
DP-e3b779ed20432ad8,mobile,Moto G (5S,Android 7.1.1,chrome generic,1920x1080,3,3,3,0.3333333333333333
DP-e3ca33548a2237c6,mobile,Pixel 2 XL Build/OPM2.171019.029.B1,Android 8.1.0,chrome 66.0 for android,2880x1442,5,4,4,0.25
DP-e3ca503c8cb74736,desktop,Windows,Windows 10,edge 16.0,2735x1823,2,1,1,1.0
DP-e3cecb8464639ccf,mobile,SM-J320M Build/LMY47V,,chrome 62.0 for android,,16,9,9,0.1111111111111111
DP-e3d0353b4b436b03,mobile,Ilium X710 Build/MRA58K,,chrome 65.0 for android,,2,2,2,0.5
DP-e3e12c1fa90e432a,mobile,Z982 Build/NMF26V,Android 7.1.1,chrome 65.0 for android,1920x1080,1,1,1,1.0
DP-e3eab6348b8d2322,mobile,Hisense F23 Build/NRD90M,,chrome 62.0 for android,,4,2,2,0.5
DP-e3f7c4b5fdcac8bb,mobile,2PQ93,Android 7.0,chrome 59.0 for android,1920x1080,1,1,1,1.0
DP-e3fdbcc6067aae8b,desktop,MacOS,Mac OS X 10_11_5,safari generic,1920x1080,5,5,5,0.2
DP-e40cca25acd11d86,mobile,iOS Device,iOS 11.0.3,mobile safari 11.0,2224x1668,5,4,4,0.25
DP-e40fce79eba31369,desktop,MacOS,Mac OS X 10_13_2,chrome 63.0,3360x2100,19,15,15,0.06666666666666667
DP-e415b6e353c300f7,mobile,verykoolS5005,,chrome,,3,3,3,0.3333333333333333
DP-e419d4ad29b73a85,mobile,LG-H990 Build/NRD90M,,chrome 66.0 for android,,1,1,1,1.0
DP-e419db6f54c2d379,mobile,HTCD160LVWPP,,chrome 65.0 for android,,1,1,1,1.0
DP-e41a216762bcde16,desktop,MacOS,Mac OS X 10_12_6,chrome 64.0,2560x1600,14,10,10,0.1
DP-e420983d169d3549,mobile,MOT-A6020l37 Build/LMY47V,,other,,30,9,9,0.1111111111111111
DP-e425adce49e88cdb,desktop,Windows,Windows 7,chrome 66.0,1366x768,64,48,48,0.020833333333333332
DP-e42de4d9bbd6fe2f,mobile,MacOS,Mac OS X 10_11_6,other,1440x900,1,1,1,1.0
DP-e4309e18514dfa66,mobile,VS995 Build/NRD90M,Android 7.0,chrome 64.0 for android,2560x1440,1,1,1,1.0
DP-e433710f1bf63c29,desktop,MacOS,Mac OS X 10_11_6,chrome 64.0,1920x1080,10,7,7,0.14285714285714285
DP-e43d127d584bc8b9,desktop,rv:59.0,Mac OS X 10.10,firefox 59.0,2560x1600,1,1,1,1.0
DP-e443322d89fd1d8a,desktop,Windows,,firefox generic,,37,16,16,0.0625
DP-e44c6d195a604192,mobile,rv:59.0,,Generic/Android,,14,6,6,0.16666666666666666
DP-e452724fcfedd42a,desktop,SM-E500M,,chrome generic,,1,1,1,1.0
DP-e45287256c13e3f2,mobile,SAMSUNG SM-G930F Build/NRD90M,,samsung browser 6.2,,29,18,18,0.05555555555555555
DP-e47948e76a19ed64,mobile,SM-G935F Build/NRD90M,,android webview 4.0,,11,3,3,0.3333333333333333
DP-e479d4b5e820b159,mobile,Lenovo K33b36 Build/MMB29M,,chrome 61.0 for android,,2,2,2,0.5
DP-e4807cc1e5e64fcc,desktop,rv:11.0,Windows 7,ie 11.0 for desktop,1280x720,6,6,6,0.16666666666666666
DP-e480e8f152905a3c,mobile,Ilium L1120 Build/NRD90M,,chrome 65.0 for android,,4,3,3,0.3333333333333333
DP-e4847353db0373c4,desktop,S.N.O.W.4,Windows 7,ie 11.0 for desktop,,1,1,1,1.0
DP-e485c1c5a283c4d1,desktop,rv:57.0,Mac OS X 10.12,firefox 57.0,4096x2304,1,1,1,1.0
DP-e495492080cc4bb3,desktop,MacOS,Mac OS X 10_13_1,chrome 64.0,1440x900,23,4,4,0.25
DP-e496b38ed7eeb211,desktop,Windows,Windows 10,firefox generic,1280x1024,1,1,1,1.0
DP-e499acd05862c20a,mobile,SM-N920A Build/MMB29K,,chrome 64.0 for android,,7,7,7,0.14285714285714285
DP-e4a9356dcf008e27,mobile,Lenovo TB3-710I Build/LMY47I,,chrome 65.0 for android,,9,2,2,0.5
DP-e4ab5a5b47615085,mobile,ASUS_Z017DA,,chrome 64.0 for android,,1,1,1,1.0
DP-e4b15b45b4bb06e3,mobile,iOS Device,iOS 11.2.1,mobile safari generic,1136x640,56,41,41,0.024390243902439025
DP-e4beaa6a87204f09,mobile,Ilium L1120 Build/NRD90M,,chrome 62.0 for android,,6,2,2,0.5
DP-e4cae44e152a63c8,desktop,Windows,Windows 10,edge 16.0,1280x720,4,3,3,0.3333333333333333
DP-e4d0d2f5ebe66577,mobile,SM-G925I Build/NRD90M,,chrome 63.0 for android,,36,15,15,0.06666666666666667
DP-e4d104a704c2304a,mobile,SAMSUNG SM-J700T1 Build/NMF26X,Android 7.1.1,samsung browser 6.2,1280x720,1,1,1,1.0
DP-e4d9b2d7fceb1ab4,desktop,rv:57.0,Windows 10,firefox,1280x768,1,1,1,1.0
DP-e4db6c4441199908,mobile,LG-X165g Build/LRX21M,,chrome 64.0 for android,,18,4,4,0.25
DP-e4dd2d5224ce476d,desktop,MacOS,Mac OS X 10_10_5,chrome 63.0,5120x2880,1,1,1,1.0
DP-e4e1ea73637e57f9,desktop,Windows,Windows 7,chrome 64.0,2400x1350,1,1,1,1.0
DP-e4eab0fb3993ddac,mobile,SM-P607T,Android 5.1.1,chrome 54.0 for android,2560x1600,1,1,1,1.0
DP-e4fa6649056dbcfb,desktop,Windows,Windows 10,chrome generic,3840x2160,7,4,4,0.25
DP-e50033c9230529fd,mobile,iOS Device,iOS 9.3.5,mobile safari 9.0,2048x1536,101,71,71,0.014084507042253521
DP-e512e21f724a6cef,desktop,SGH-M919V,,chrome generic,,1,1,1,1.0
DP-e51cef3fb0d8705c,desktop,Windows,Windows 8,chrome 61.0,1366x768,1,1,1,1.0
DP-e520fb0b6fc6b719,mobile,RCT6773W22B,,chrome 64.0 for android,,1,1,1,1.0
DP-e52ba9de3753c8c1,desktop,MacOS,Mac OS X 10_13_3,safari generic,1280x720,7,3,3,0.3333333333333333
DP-e52c9a2dda211830,mobile,Nexus,Android 8.1.0,chrome 63.0 for android,2562x1442,4,3,3,0.3333333333333333
DP-e5352cbc33cf46b4,desktop,Windows,Windows 10,edge,,3,1,1,1.0
DP-e5368c3c7a158b36,mobile,VS425PP Build/LMY47V,Android 5.1.1,chrome generic,855x480,5,4,4,0.25
DP-e538c18950b0333f,mobile,XT1650,,chrome 63.0 for android,,3,2,2,0.5
DP-e53b5f08cf1d5882,desktop,rv:58.0,Windows 10,firefox,1280x800,1,1,1,1.0
DP-e53f33bd7aa69f1a,desktop,Windows,Windows 10,chrome 66.0,3201x1800,2,1,1,1.0
DP-e5409a5ea3c9265d,mobile,LGLS775 Build/NRD90U,Android 7.0,chrome 61.0 for android,1280x720,7,3,3,0.3333333333333333
DP-e544c9ed72be9ccd,mobile,,Android,chrome 62.0,1366x768,20,16,16,0.0625
DP-e566d000d4fc8270,mobile,SM-N910C Build/MMB29K,,chrome 55.0 for android,,2,2,2,0.5
DP-e569eeb05b6fd6ac,desktop,MacOS,Mac OS X 10_13_2,chrome 65.0,3360x2100,4,2,2,0.5
DP-e56b1ff6680952f3,mobile,SM-G800F Build/MMB29K,,chrome 62.0 for android,,4,2,2,0.5
DP-e56f343405183b3d,desktop,Windows,Windows 10,chrome 66.0,1280x720,1,1,1,1.0
DP-e58134655f9e1de8,mobile,SM-T230NU Build/KOT49H,,chrome 65.0 for android,,5,1,1,1.0
DP-e588246bacadf62c,mobile,SM-G360V Build/LMY48B,Android 5.1.1,chrome 57.0 for android,801x480,1,1,1,1.0
DP-e597070c2e86a9b9,mobile,SM-N920T Build/NRD90M,Android 7.0,chrome 58.0 for android,,1,1,1,1.0
DP-e59b8d532bb12566,desktop,Windows,,firefox 59.0,,347,118,118,0.00847457627118644
DP-e59f14b8cff2b81c,mobile,XT1032 Build/LPBS23.13-56-2,,chrome 65.0 for android,,7,3,3,0.3333333333333333
DP-e59ffa8ef1b2f28f,desktop,Windows,Windows 10,chrome 63.0,2049x1152,10,6,6,0.16666666666666666
DP-e5baf9d68018c49e,mobile,GT-P5210 Build/KOT49H,Android 4.4.2,chrome 62.0 for android,1280x800,2,2,2,0.5
DP-e5c3721aaf0df377,mobile,SM-G930T Build/NRD90M,Android 7.0,chrome 63.0 for android,,1,1,1,1.0
DP-e5cc362676cd4c2d,mobile,iOS Device,iOS 11.2.1,chrome 63.0 for ios,2048x1536,30,12,12,0.08333333333333333
DP-e5de3a87b2fc2dec,mobile,Z983 Build/NMF26F,Android 7.1.1,chrome 55.0 for android,1920x1080,1,1,1,1.0
DP-e5ead2d1c92245d5,mobile,SM-A500FU Build/MMB29M,,chrome 64.0 for android,,1,1,1,1.0
DP-e5f401d0c6faff3b,mobile,iOS Device,iOS 11.3.1,mobile safari generic,2048x1536,1,1,1,1.0
DP-e5fb3bd4708c4af9,desktop,MacOS,Mac,chrome 64.0,1920x1080,2,1,1,1.0
DP-e609e15116177c56,mobile,HUAWEI VNS-L23 Build/HUAWEIVNS-L23,,chrome 64.0 for android,,16,10,10,0.1
DP-e60a6fcb02249e7b,mobile,SM-J105B Build/LMY47V,,chrome 63.0 for android,,15,11,11,0.09090909090909091
DP-e60dc83a37689eec,mobile,Redmi 4A Build/MMB29M,,android webview 4.0,,1,1,1,1.0
DP-e610044d9322673e,mobile,HUAWEI VNS-L23 Build/HUAWEIVNS-L23,,chrome generic for android,,8,6,6,0.16666666666666666
DP-e615611121692392,desktop,,Linux,chrome 63.0,2960x1440,2,1,1,1.0
DP-e619d999f130073d,desktop,Linux x86_64,Linux,firefox 59.0,1920x1080,2,1,1,1.0
DP-e61cd6a4383bf86c,desktop,MacOS,Mac OS X 10_13_4,safari 11.0,1360x768,2,1,1,1.0
DP-e6259205e3e1d9e3,desktop,Windows,Windows 10,chrome 64.0,1600x900,79,55,55,0.01818181818181818
DP-e629770e71807c9f,mobile,iOS Device,iOS 11.2.2,mobile safari 11.0,2732x2048,13,11,11,0.09090909090909091
DP-e62e6f7dc792b8d5,mobile,GT-I8190L Build/JZO54K,,chrome 66.0 for android,,3,2,2,0.5
DP-e637b9dae48fb8a6,mobile,Moto Z2 Play Build/NPS26.74-16-1,,chrome 63.0 for android,,5,1,1,1.0
DP-e63a05664ee977fb,mobile,iOS Device,iOS,mobile safari 9.0,1136x640,22,21,21,0.047619047619047616
DP-e63e4d2cecdd58b9,mobile,HTC Desire 530 Build/MMB29M,,chrome 65.0 for android,,9,6,6,0.16666666666666666
DP-e648eb37df940921,mobile,M4 SS4453 Build/MMB29M,,chrome 64.0 for android,,3,3,3,0.3333333333333333
DP-e65463f3936a80f2,mobile,SM-J701M Build/NRD90M,,chrome 66.0 for android,,11,8,8,0.125
DP-e65ac0eac8ccdeb3,mobile,SM-N920V Build/NRD90M,,chrome 66.0 for android,,2,2,2,0.5
DP-e66718d6b265526b,mobile,Moto G Play Build/NPIS26.48-36-2,,chrome generic for android,,1,1,1,1.0
DP-e667933fd16f3780,mobile,8050G Build/LMY47I,,chrome 63.0 for android,,10,5,5,0.2
DP-e67170cb49b4d5e7,mobile,Build/OPR1.170623.032,,,,2,2,2,0.5
DP-e6830600b2556bc8,desktop,Windows,Windows 7,chrome 58.0,1366x768,5,4,4,0.25
DP-e69b799c542fdc90,mobile,SM-J530G,,chrome 65.0 for android,,1,1,1,1.0
DP-e69f011a205dfa20,desktop,Windows,Windows 7,firefox 56.0,1920x1080,3,3,3,0.3333333333333333
DP-e69f5311b5f2686e,mobile,Lenovo A2016b30 Build/MRA58K,,chrome 55.0 for android,,2,1,1,1.0
DP-e6a25e24a589e295,mobile,SM-A510M Build/LMY47X,Android 5.1.1,chrome 64.0 for android,1920x1080,14,5,5,0.2
DP-e6a8a03404616bd9,mobile,ZA990,,chrome 65.0 for android,,1,1,1,1.0
DP-e6ad0772b102dba7,desktop,Windows,Windows 7,chrome generic,1440x900,14,11,11,0.09090909090909091
DP-e6b04b062f64f66b,mobile,iOS Device,iOS 11.1.0,mobile safari 11.0,2208x1242,56,45,45,0.022222222222222223
DP-e6b406ff2c038a2d,desktop,Windows,Windows 10,chrome 63.0,768x576,1,1,1,1.0
DP-e6b7a0837d99f3b9,desktop,rv:11.0,Windows 10,ie 11.0 for desktop,1024x768,2,2,2,0.5
DP-e6bb88e7b738cbb1,mobile,SM-J111M Build/LMY47V,,chrome 55.0 for android,,1,1,1,1.0
DP-e6bf1d5e2be61b14,mobile,SAMSUNG-SM-G900A Build/LRX21T,Android 5.0,other,1920x1080,2,2,2,0.5
DP-e6c4895116bb0533,desktop,Windows,Windows 10,edge 16.0,3000x2000,8,8,8,0.125
DP-e6c9749a33aeda55,mobile,SAMSUNG SM-G930T Build/NRD90M,,samsung browser 6.2,,2,2,2,0.5
DP-e6ca07a51a55e3d5,desktop,Windows,Windows 7,firefox 59.0,1440x900,3,3,3,0.3333333333333333
DP-e6ca1690f7443e8c,mobile,MotoG3 Build/MPI24.65-33.1-2,,chrome 63.0 for android,,5,2,2,0.5
DP-e6cb90c17700a818,desktop,Trident/7.0,Windows 7,ie 11.0 for desktop,1152x864,10,9,9,0.1111111111111111
DP-e6cc76ba40f0374d,mobile,SM-T825 Build/NRD90M,,chrome generic for android,,1,1,1,1.0
DP-e6cf2e5ea1277619,mobile,SM-G570M Build/MMB29K,,chrome 62.0 for android,,14,10,10,0.1
DP-e6d6f9a67ba5d072,mobile,SAMSUNG-SM-T677A,Android 5.1.1,chrome generic,1920x1080,1,1,1,1.0
DP-e6d73000d73441c0,desktop,Moto G (4) Build/NPJS25.93-14-15,,chrome generic,,32,14,14,0.07142857142857142
DP-e6da32f54cf29fd4,mobile,SM-A310F Build/MMB29K,,chrome 61.0 for android,,1,1,1,1.0
DP-e6e006abb0c61566,desktop,Windows,Windows 10,chrome,1024x768,1,1,1,1.0
DP-e6e127db5b64d3b3,mobile,SM-J327P Build/MMB29M,,chrome 65.0 for android,,2,2,2,0.5
DP-e6e57b7c97f717ea,mobile,SM-N920V,,chrome 65.0 for android,,1,1,1,1.0
DP-e6e7e3e166a06018,mobile,SM-J500M Build/LMY48B,,chrome 61.0 for android,,2,2,2,0.5
DP-e6f6b3df0ac6f97c,desktop,Windows,Windows 8,chrome 64.0,1024x768,3,1,1,1.0
DP-e6fbf86c0320ac1a,desktop,Windows,Windows 8,chrome 63.0,1600x900,12,11,11,0.09090909090909091
DP-e70c81de9626868a,mobile,SM-G920P Build/NRD90M,,chrome generic for android,,8,5,5,0.2
DP-e710e82517a17619,mobile,iOS Device,iOS,mobile safari 10.0,2048x1536,11,10,10,0.1
DP-e713e5a383922204,desktop,MacOS,Mac OS X 10_11_5,chrome 65.0,1440x900,5,1,1,1.0
DP-e714ded500ac373c,mobile,SM-T580 Build/NRD90M,Android 7.0,chrome generic for android,1920x1200,1,1,1,1.0
DP-e715449247213b26,desktop,Windows,Windows 10,edge 16.0,1360x768,11,8,8,0.125
DP-e71938e8b402b6cf,mobile,SM-A510M Build/NRD90M,,chrome 59.0 for android,,1,1,1,1.0
DP-e71bc19bbedc4a32,mobile,XT1635-02 Build/OPN27.76-12-22,,chrome 66.0 for android,,1,1,1,1.0
DP-e71e673293462a79,desktop,Windows,Windows 8.1,chrome 62.0,2304x1296,1,1,1,1.0
DP-e72fe13c05a6811e,mobile,SM-J727V Build/NRD90M,Android 7.0,chrome 61.0 for android,1280x720,1,1,1,1.0
DP-e740c6217d8fcaa3,mobile,SAMSUNG SM-N920T Build/NRD90M,Android 7.0,samsung browser 6.2,,3,3,3,0.3333333333333333
DP-e742720e141b4921,mobile,SM-G930T Build/NRD90M,,chrome 66.0 for android,,1,1,1,1.0
DP-e743a6b699c7ce53,mobile,HUAWEI CAN-L11 Build/HUAWEICAN-L11,,chrome 66.0 for android,,1,1,1,1.0
DP-e7498666fe2e94cf,mobile,LG-K410 Build/LRX22G,,chrome 66.0 for android,,19,4,4,0.25
DP-e752271db708b1bd,mobile,SM-T377P,,chrome 63.0 for android,,1,1,1,1.0
DP-e7668f75f9fb5b0c,mobile,Blade V6 Plus Build/MRA58K,,chrome 55.0 for android,,3,3,3,0.3333333333333333
DP-e76857bfc3463695,desktop,MacOS,Mac OS X 10_10_5,safari 10.0,1366x768,1,1,1,1.0
DP-e7695f2674c0aa02,mobile,Moto G Play Build/NPIS26.48-36-5,,chrome generic for android,,6,2,2,0.5
DP-e76d6eb9fe99ed88,mobile,SM-J710MN Build/NRD90M,,chrome 64.0 for android,,1,1,1,1.0
DP-e76f0dc94676a707,mobile,SAMSUNG-SM-G920A Build/NRD90M,Android 7.0,chrome 64.0 for android,2560x1440,1,1,1,1.0
DP-e775f41470b8ffb9,desktop,Windows,Windows 8.1,chrome 63.0,1408x880,1,1,1,1.0
DP-e7786fd0a5a5ff4a,desktop,Windows,Windows 10,chrome 62.0,1366x768,466,245,245,0.004081632653061225
DP-e788d6af32c15b3f,mobile,LGLS751,Android 5.1.1,chrome 61.0 for android,1280x720,1,1,1,1.0
DP-e78c81036bf49702,desktop,,,safari generic,2048x1536,16,2,2,0.5
DP-e78f44e94e718a4e,mobile,Hisense L675 PRO Build/NRD90M,,chrome 56.0 for android,,2,2,2,0.5
DP-e795d000361b1a43,mobile,SM-G903W,,chrome 64.0 for android,,1,1,1,1.0
DP-e79da7c9531e58b8,mobile,iOS Device,iOS 11.0.3,mobile safari 11.0,1136x640,50,37,37,0.02702702702702703
DP-e7a6b280112bdb3e,desktop,rv:57.0,Mac OS X 10.12,firefox 57.0,1280x720,1,1,1,1.0
DP-e7b2179e8d3c9f04,mobile,SM-N900T,Android 4.4.2,chrome 62.0 for android,1920x1080,1,1,1,1.0
DP-e7c1a13293f07286,mobile,SM-J510MN Build/MMB29M,,chrome 66.0 for android,,8,6,6,0.16666666666666666
DP-e7c61de7547e6ea7,mobile,LG-H901,Android 7.0,chrome 63.0 for android,2560x1440,1,1,1,1.0
DP-e7d4aeec599bc291,mobile,ZTE Blade L5 Build/LMY47I,,chrome 60.0 for android,,10,2,2,0.5
DP-e7e9a603c3f0d3e9,mobile,SM-G550T Build/MMB29K,Android 6.0.1,chrome 63.0 for android,1280x720,2,2,2,0.5
DP-e7ea83e0acd3d456,mobile,F5121,,chrome 65.0 for android,,3,2,2,0.5
DP-e7ee29ac2c323abb,desktop,Windows,Windows 10,edge 16.0,1280x768,2,2,2,0.5
DP-e7f168b69aa8923a,desktop,rv:57.0,Mac OS X 10.10,firefox 57.0,1920x1200,6,6,6,0.16666666666666666
DP-e7f4201efbee7acd,mobile,iOS Device,iOS 11.0.0,mobile safari generic,1334x750,19,12,12,0.08333333333333333
DP-e7f68ae5080f418e,mobile,LG-K428 Build/MMB29M,Android 6.0.1,chrome generic for android,1280x720,1,1,1,1.0
DP-e7f9f7224ac8503c,desktop,MacOS,Mac OS X 10_11_6,chrome,1920x1200,1,1,1,1.0
DP-e80497615089163d,mobile,5012G Build/MRA58K,,chrome 63.0 for android,,4,3,3,0.3333333333333333
DP-e808be2c636c1319,mobile,SM-J111M Build/LMY47V,,other,,3,1,1,1.0
DP-e80c1a990bd802f7,desktop,MacOS,Mac OS X 10_13_3,safari generic,1344x756,1,1,1,1.0
DP-e81a5b8c1150645a,mobile,XT1097,Android,chrome 65.0 for android,1920x1080,3,1,1,1.0
DP-e820c57f38572c2a,mobile,SM-N920P Build/NRD90M,Android 7.0,chrome 56.0 for android,,4,2,2,0.5
DP-e82408a34fb55e22,desktop,Windows,Windows Vista,firefox 52.0,1280x600,1,1,1,1.0
DP-e824f7cd77984324,mobile,Moto Z2 Play Build/NPSS26.118-19-14,,samsung browser 6.2,,2,2,2,0.5
DP-e8262af77384f2fb,desktop,MacOS,Mac OS X 10_13_1,safari generic,1600x900,4,4,4,0.25
DP-e829a4cb7220d3fd,desktop,PULP 4G Build/LMY47V,,chrome generic,,5,1,1,1.0
DP-e830b6c70d9ed17a,desktop,MacOS,Mac OS X 10_10_5,safari generic,1360x768,1,1,1,1.0
DP-e8432ee0077a467d,mobile,SM-G920V Build/NRD90M,Android 7.0,chrome 63.0 for android,2560x1440,38,31,31,0.03225806451612903
DP-e84af3b4848137f4,desktop,Windows,Windows 7,chrome 60.0,1920x1080,31,23,23,0.043478260869565216
DP-e84d0138c10af8d6,mobile,Moto C Plus Build/NRD90M.05.034,,chrome 58.0 for android,,4,1,1,1.0
DP-e84f1ad3c0c17cf6,mobile,SM-G360T1 Build/LMY47X,,chrome 63.0 for android,,1,1,1,1.0
DP-e850847546edfa9d,mobile,SM-G955U Build/NRD90M,Android 7.0,chrome 61.0 for android,,1,1,1,1.0
DP-e85655c8efe0de72,desktop,rv:52.0,Mac OS X 10.11,firefox 52.0,1920x1080,1,1,1,1.0
DP-e86351cec6acdbaf,mobile,LG-D681,,chrome 65.0 for android,,1,1,1,1.0
DP-e86a255c95e3cee9,mobile,ALCATEL ONE TOUCH 7047A Build/JDQ39,,chrome 65.0 for android,,1,1,1,1.0
DP-e87a86f9eb01ecdd,mobile,SM-P355M Build/MMB29M,,chrome 60.0 for android,,1,1,1,1.0
DP-e88a0f5c1a711e41,desktop,Windows,Windows 10,chrome 66.0,1280x1024,35,19,19,0.05263157894736842
DP-e88bf19b0a5442a1,mobile,Pixel,Android 7.1.2,chrome 62.0 for android,2562x1442,1,1,1,1.0
DP-e88dff48b121b80a,mobile,SAMSUNG-SM-G891A Build/NRD90M,Android 7.0,chrome 63.0 for android,2560x1440,1,1,1,1.0
DP-e8917b9bb8e37721,desktop,Windows,Windows 10,chrome generic,3000x2000,5,5,5,0.2
DP-e89c79de412f5dde,mobile,SAMSUNG SM-T810 Build/NRD90M,,samsung browser 6.4,,1,1,1,1.0
DP-e89dccde302d5aeb,mobile,Moto E (4) Plus Build/NMA26.42-152,,chrome 66.0 for android,,5,2,2,0.5
DP-e8a659c768ef588a,mobile,VTR-AL00 Build/HUAWEIVTR-AL00,,android browser 4.0,,9,1,1,1.0
DP-e8b494ed6631d084,mobile,D5803 Build/23.5.A.1.291,,chrome 64.0 for android,,5,4,4,0.25
DP-e8b9e587875b9187,desktop,Windows,Windows 10,chrome 65.0,2000x1125,1,1,1,1.0
DP-e8bafce09c5a0706,desktop,Windows,Windows 7,chrome 63.0,2400x1350,3,3,3,0.3333333333333333
DP-e8bcc7b043d5bf1b,mobile,XT1064,,chrome 63.0 for android,,1,1,1,1.0
DP-e8d2826441a1cae2,mobile,SAMSUNG SM-T587P Build/NRD90M,Android 7.0,samsung browser 6.2,1920x1200,1,1,1,1.0
DP-e8d79a2ffcc94e85,desktop,rv:57.0,Mac OS X 10.11,firefox 57.0,2880x1800,10,6,6,0.16666666666666666
DP-e8dc7d3b3a9c08c1,mobile,SAMSUNG-SM-G935A Build/NRD90M,Android 7.0,chrome generic for android,1920x1080,3,3,3,0.3333333333333333
DP-e8f268a3be2e9450,mobile,SM-J320P Build/LMY47X,Android 5.1.1,chrome 63.0 for android,1280x720,2,2,2,0.5
DP-e8fa085eedb61759,mobile,iOS Device,iOS 11.1.2,mobile safari generic,1136x640,56,41,41,0.024390243902439025
DP-e8fcc918d3951d0c,mobile,iOS Device,iOS 11.0.0,mobile safari generic,2208x1242,16,12,12,0.08333333333333333
DP-e90b4fd8205197e3,desktop,MacOS,Mac OS X 10_8_5,safari generic,2880x1800,1,1,1,1.0
DP-e9149534c774cede,mobile,LG-P708g,,chrome 53.0 for android,,2,1,1,1.0
DP-e91529b62018020d,desktop,Windows,Windows 10,chrome 66.0,1024x768,6,5,5,0.2
DP-e915b6ca40bf79ca,mobile,iOS Device,iOS 10.3.2,mobile safari generic,2001x1125,8,2,2,0.5
DP-e91c438170c339f8,desktop,,Linux,chrome 62.0,2220x1080,1,1,1,1.0
DP-e935b759a8409935,mobile,SM-N920V Build/NRD90M,Android 7.0,chrome 66.0 for android,2562x1442,1,1,1,1.0
DP-e9400af5e93bf602,desktop,Windows,Windows 10,chrome 64.0,3840x2160,25,16,16,0.0625
DP-e940648fb4b08992,mobile,E5606 Build/30.2.A.1.21,,chrome 65.0 for android,,2,1,1,1.0
DP-e946e08f0cff5bb7,mobile,iOS Device,iOS 11.0.2,chrome 63.0 for ios,2048x1536,3,3,3,0.3333333333333333
DP-e958bbdd1b8cbc9b,mobile,F8331,,chrome 66.0 for android,,1,1,1,1.0
DP-e95c0e96830e40eb,mobile,D6603 Build/23.5.A.1.291,,chrome 61.0 for android,,3,2,2,0.5
DP-e9611df51a9bc80b,desktop,Windows,,opera 51.0,,17,11,11,0.09090909090909091
DP-e96d62554e3d7bd0,mobile,iOS Device,iOS 11.1.2,mobile safari generic,2048x1536,97,72,72,0.013888888888888888
DP-e971295c6fbd86b8,desktop,MacOS,Mac OS X 10_11_3,safari generic,1280x800,7,5,5,0.2
DP-e972f6f82cb8f9b2,mobile,SM-G360V Build/LMY48B,Android 5.1.1,chrome 64.0 for android,801x480,1,1,1,1.0
DP-e9747740c975692f,desktop,Windows,Windows 7,chrome 62.0,1280x720,6,6,6,0.16666666666666666
DP-e98beaa1d340f7be,mobile,VS995 Build/NRD90M,,chrome 65.0 for android,,1,1,1,1.0
DP-e996c04cd3e26bcd,mobile,M4 SS4451 Build/LMY47D,,chrome,,7,3,3,0.3333333333333333
DP-e99b5032021c371d,desktop,MacOS,Mac OS X 10_12,safari 10.0,1280x800,1,1,1,1.0
DP-e99f6b1e4c51e1a0,mobile,Moto C Plus Build/NRD90M.05.022,,chrome 62.0 for android,,2,2,2,0.5
DP-e9a0cf5c528900b1,desktop,Windows,Windows 10,edge 16.0,1024x767,1,1,1,1.0
DP-e9a39bb30bc9fc3c,mobile,6045I Build/LRX22G,,chrome 58.0 for android,,2,2,2,0.5
DP-e9a71e2a9d7238fb,mobile,M4 SS4457-R Build/NRD90M,,chrome 66.0 for android,,1,1,1,1.0
DP-e9b47838da26007f,mobile,SAMSUNG-SM-G930A Build/NRD90M,,chrome 66.0 for android,,5,3,3,0.3333333333333333
DP-e9cc9206192e1b26,mobile,XT1021 Build/LPCS23.13-34.8-3,,chrome,,2,2,2,0.5
DP-e9d81ed941848c62,mobile,E6603 Build/32.4.A.1.54,,chrome 58.0 for android,,11,4,4,0.25
DP-e9e12d3d6b5888f5,mobile,SAMSUNG SM-G920I Build/NRD90M,,samsung browser 6.4,,2,2,2,0.5
DP-e9e4a2bed8103492,desktop,Windows,Windows 10,edge 16.0,,586,258,258,0.003875968992248062
DP-e9ea8e7c767647f7,desktop,,Linux,chrome 62.0,2560x1440,20,6,6,0.16666666666666666
DP-e9ef2616365f3606,mobile,MotoE2 Build/LPCS23.13-56-5,,chrome 52.0 for android,,1,1,1,1.0
DP-e9f1f20ba3d021fb,mobile,Pixel XL Build/OPM4.171019.016.B1,Android 8.1.0,chrome 64.0 for android,2562x1442,2,1,1,1.0
DP-ea14225384bb0278,mobile,iOS Device,iOS 11.2.6,mobile safari 11.0,1136x640,11,7,7,0.14285714285714285
DP-ea1937e34b33ea12,mobile,SAMSUNG-SM-G891A Build/NRD90M,Android 7.0,chrome 62.0 for android,,3,3,3,0.3333333333333333
DP-ea311391c28d6312,mobile,LG-H320 Build/LRX21Y,,other,,2,1,1,1.0
DP-ea3411847691ce12,desktop,MacOS,Mac OS X 10_13_4,chrome 65.0,2880x1800,11,7,7,0.14285714285714285
DP-ea359f449608696f,mobile,FRD-L04 Build/HUAWEIFRD-L04,,chrome generic for android,,2,2,2,0.5
DP-ea3d2e6a27cce131,mobile,XT1058,,chrome 63.0 for android,,1,1,1,1.0
DP-ea4ae2c370e178de,mobile,T08,Android 6.0,chrome 65.0 for android,1280x720,1,1,1,1.0
DP-ea597fb76e720a27,mobile,XT1585 Build/NCK25.118-10.5,Android 7.0,chrome 63.0 for android,2560x1440,18,17,17,0.058823529411764705
DP-ea5c0f1f483f58d2,mobile,9003A Build/MRA58K,,chrome 61.0 for android,,3,2,2,0.5
DP-ea639fe90e722bfa,mobile,LG-H542 Build/LRX22G,,chrome 60.0 for android,,2,2,2,0.5
DP-ea72fbbdcdd01acd,desktop,rv:38.0,Windows 7,firefox,1920x1080,1,1,1,1.0
DP-ea7474b07a9df153,desktop,Windows,Windows 10,chrome 66.0,2048x1152,8,4,4,0.25
DP-ea77ae23015dd84b,mobile,Nexus,Android 7.1.2,chrome 62.0 for android,2562x1442,1,1,1,1.0
DP-ea81d6d3ef5ee5e4,desktop,Windows,Windows 10,ie 11.0 for desktop,1280x1024,2,2,2,0.5
DP-ea84ce43b35fe87f,mobile,E5506,,chrome 65.0 for android,,1,1,1,1.0
DP-ea8610b2ccefcdd0,mobile,SAMSUNG SM-J120H Build/LMY47V,,other,,17,11,11,0.09090909090909091
DP-ea88f604602291f9,desktop,Windows,Windows 7,chrome 69.0,1600x900,1,1,1,1.0
DP-ea9030e3b763c0e4,desktop,rv:57.0,Mac OS X 10.9,firefox 57.0,1280x1024,1,1,1,1.0
DP-ea94f2f1dec6cc55,desktop,MacOS,Mac OS X 10_13_1,chrome 63.0,3360x2100,7,7,7,0.14285714285714285
DP-ea96e32a30368575,desktop,Windows,Windows 10,firefox 56.0,1366x768,4,4,4,0.25
DP-eaa279e8035a7bcc,mobile,Moto,,chrome 64.0 for android,,1,1,1,1.0
DP-eaa6441bd5088414,mobile,SM-T560NU Build/MMB29M,Android 6.0.1,chrome 63.0 for android,1280x800,1,1,1,1.0
DP-eab03f1a960258a1,mobile,C6906 Build/14.6.A.1.236,,chrome 62.0 for android,,1,1,1,1.0
DP-eab498b6215324df,mobile,LG-M255,Android 7.0,chrome 61.0 for android,1280x720,1,1,1,1.0
DP-eab57841b69a1946,mobile,SM-G900P Build/MMB29M,Android 6.0.1,chrome generic for android,1920x1080,1,1,1,1.0
DP-eab6c38c0714bcb6,mobile,Moto Z2 Play Build/NPS26.74-16-1,,chrome 56.0 for android,,4,1,1,1.0
DP-eabea77604f88a56,mobile,XT1058 Build/LPAS23.12-21.7-1,,chrome 62.0 for android,,1,1,1,1.0
DP-eae824852b9fb793,desktop,rv:54.0,Windows 10,firefox,1280x1024,1,1,1,1.0
DP-eaeea97b41b97b8c,desktop,Windows,Windows 7,chrome generic,1920x1080,108,78,78,0.01282051282051282
DP-eaf13c7231f09c00,desktop,MacOS,Mac OS X 10_10_5,safari generic,2560x1440,63,39,39,0.02564102564102564
DP-eb0c3fd841e219cf,mobile,SM-G950W,,chrome 60.0 for android,,2,1,1,1.0
DP-eb14c7455444ae28,mobile,LG-M710 Build/NRD90U,,chrome generic for android,,1,1,1,1.0
DP-eb19363492ec8a0b,mobile,SM-G930U Build/NRD90M,,chrome 66.0 for android,,1,1,1,1.0
DP-eb223db9fe5d558a,desktop,MacOS,Mac OS X 10_11_3,chrome 63.0,2560x1600,1,1,1,1.0
DP-eb2e0b171a5231bb,mobile,iOS Device,iOS 11.2.6,mobile safari generic,2224x1668,21,13,13,0.07692307692307693
DP-eb380593fb4fa110,desktop,Windows,Windows 10,opera generic,1366x768,1,1,1,1.0
DP-eb43b456f3a23759,mobile,KFTT Build/IML74K,Android,silk,1281x801,10,7,7,0.14285714285714285
DP-eb47abaf60ab729e,mobile,ALE-L23 Build/HuaweiALE-L23,,chrome 63.0 for android,,69,23,23,0.043478260869565216
DP-eb47de208a1b281e,mobile,LGMS345,,android browser 4.0,,1,1,1,1.0
DP-eb59827b1c4c1ce3,mobile,SM-G920V Build/MMB29K,Android 6.0.1,chrome 51.0 for android,2560x1440,1,1,1,1.0
DP-eb617cb6a57eba12,desktop,MacOS,Mac OS X 10_12_3,chrome 64.0,2560x1600,2,2,2,0.5
DP-eb64423aac2288d7,desktop,MacOS,Mac OS X 10_12_5,safari generic,1440x900,36,29,29,0.034482758620689655
DP-eb6e1a3557e46d58,mobile,LG-M200 Build/NRD90U,,chrome 66.0 for android,,2,1,1,1.0
DP-eb7708e2ad1c73a0,desktop,,Linux,chrome 56.0,1920x1200,2,1,1,1.0
DP-eb8387b3c685d7e9,mobile,hi6210sft Build/MRA58K,,chrome 65.0 for android,,3,2,2,0.5
DP-eb8ad8f75226201f,mobile,SM-G610F,,chrome 62.0 for android,,1,1,1,1.0
DP-eb8af6041d707d68,mobile,iOS Device,iOS 11.3.0,chrome 66.0 for ios,2208x1242,1,1,1,1.0
DP-eba44fbcda408e9b,mobile,,Android,chrome 61.0,1920x1080,1,1,1,1.0
DP-ebaf5aa432e3778a,mobile,LG-H420 Build/LRX21Y,,chrome 46.0 for android,,4,3,3,0.3333333333333333
DP-ebb32b0b061d1ef1,desktop,rv:52.0,Mac OS X 10.13,firefox 52.0,1440x900,5,3,3,0.3333333333333333
DP-ebb735e3de4d6f60,mobile,XT1635-02,,chrome 63.0 for android,,5,3,3,0.3333333333333333
DP-ebba98e843ac36dc,desktop,MacOS,Mac OS X 10_13_3,safari generic,1920x1080,90,58,58,0.017241379310344827
DP-ebbc83ae3ad1cf3e,mobile,iOS Device,iOS,,1136x640,4,3,3,0.3333333333333333
DP-ebc2d94c76aa144d,mobile,,,mobile safari uiwebview,,56,31,31,0.03225806451612903
DP-ebcd71afee67e8dd,mobile,iOS Device,iOS 11.2.6,mobile safari generic,2208x1242,405,190,190,0.005263157894736842
DP-ebced6319582150e,mobile,,Android,chrome 63.0,801x480,8,3,3,0.3333333333333333
DP-ebd333c367e6aefc,mobile,SM-G800F Build/MMB29K,,chrome 64.0 for android,,3,2,2,0.5
DP-ebd73534ee9a0896,mobile,XT1635-01,Android 7.1.1,chrome generic for android,1920x1080,2,2,2,0.5
DP-ebd8c0946a0a10d2,mobile,SAMSUNG SM-G930A Build/NRD90M,Android 7.0,samsung browser 6.2,1280x720,3,2,2,0.5
DP-ebda13ee88005e1f,mobile,Z983 Build/NMF26F,Android 7.1.1,chrome 63.0 for android,,2,2,2,0.5
DP-ebda6c710a8b0914,mobile,iOS Device,iOS 11.2.0,mobile safari generic,1136x640,8,8,8,0.125
DP-ebed23a5e0bf7a26,mobile,Redmi 4A Build/N2G47H,,chrome 65.0 for android,,2,1,1,1.0
DP-ebef83a38cf9de34,desktop,MacOS,Mac OS X 10_13_2,safari generic,1366x768,20,13,13,0.07692307692307693
DP-ebf29fedd1093906,mobile,SM-G930T1,Android 7.0,chrome 63.0 for android,1920x1080,1,1,1,1.0
DP-ebfd9aaeda142673,mobile,iOS Device,iOS 11.2.6,google search application 48.0,1334x750,1,1,1,1.0
DP-ec05681c3f80d2b8,mobile,SM-N950U Build/NMF26X,Android 7.1.1,chrome 63.0 for android,2961x1442,12,8,8,0.125
DP-ec09245b81537c61,mobile,MacOS,Mac OS X 10_11_6,other,2880x1800,1,1,1,1.0
DP-ec11d16be6cb2872,mobile,TA-1027,,chrome 64.0 for android,,1,1,1,1.0
DP-ec1c8da1d8d011f7,mobile,SAMSUNG SM-G925F Build/NRD90M,,samsung browser 6.4,,3,2,2,0.5
DP-ec1e47ffdd52f1e5,desktop,MacOS,Mac OS X 10_13_4,chrome 66.0,1848x1155,1,1,1,1.0
DP-ec22d171564c755c,mobile,SM-J327T1 Build/NRD90M,,chrome 66.0 for android,,2,2,2,0.5
DP-ec2b808a52206b7e,mobile,iOS Device,iOS 10.3.2,chrome 63.0 for ios,2048x1536,2,2,2,0.5
DP-ec2dea596325febb,desktop,MacOS,Mac OS X 10_13_2,chrome 63.0,2880x1800,83,54,54,0.018518518518518517
DP-ec37b2db0f1a800e,mobile,XT1021 Build/KXC21.5-40,,chrome 62.0 for android,,2,2,2,0.5
DP-ec3b1ff478001087,mobile,E2306 Build/26.3.A.1.33,,chrome generic for android,,1,1,1,1.0
DP-ec3b662e1f08389f,mobile,WAS-LX1 Build/HUAWEIWAS-LX1,,chrome 65.0 for android,,1,1,1,1.0
DP-ec41de7b8ae5bb69,desktop,MacOS,Mac OS X 10_10_5,chrome 65.0,1920x1200,2,2,2,0.5
DP-ec56fd5eb4ea908b,mobile,BBB100-1,Android 7.1.1,chrome 63.0 for android,,1,1,1,1.0
DP-ec59761934e8b204,mobile,LG-H345,,chrome 61.0 for android,,1,1,1,1.0
DP-ec5b1d2a6f335135,mobile,SM-P350 Build/MMB29M,,chrome 66.0 for android,,1,1,1,1.0
DP-ec5d893b1eee82cb,desktop,MacOS,Mac OS X 10_11_6,chrome 64.0,2560x1600,12,8,8,0.125
DP-ec6c461b4909ea6e,desktop,Windows,Windows 8.1,chrome 64.0,,1,1,1,1.0
DP-ec6eb482238fd656,desktop,Windows,Windows 10,edge 13.0,1366x768,13,12,12,0.08333333333333333
DP-ec7ca10943890923,mobile,iOS Device,iOS 11.1.2,mobile safari generic,2001x1125,44,36,36,0.027777777777777776
DP-ec7d27d389df49f4,mobile,,Android,chrome 66.0,1280x720,22,12,12,0.08333333333333333
DP-ec83dc5b05ca8c95,desktop,,Linux,chrome 56.0,1366x768,2,2,2,0.5
DP-ec8b1961b52b19d3,mobile,iOS Device,iOS 11.1.2,google search application 48.0,2048x1536,1,1,1,1.0
DP-ec9a45e89a72f70e,desktop,rv:57.0,Mac OS X 10.13,firefox 57.0,1280x800,14,13,13,0.07692307692307693
DP-eca3fe3ccc52d367,desktop,rv:57.0,Windows 7,firefox 57.0,,2,2,2,0.5
DP-eca9ba42a8f19fb5,mobile,SM-N920V Build/NRD90M,Android 7.0,chrome 61.0 for android,,1,1,1,1.0
DP-ecaeefbaa498161b,mobile,SM-G850M,,chrome 66.0 for android,,4,4,4,0.25
DP-ecb2899bdde29119,mobile,LG-X210 Build/LMY47I,,chrome 66.0 for android,,2,2,2,0.5
DP-ecba55bc4fe0e7aa,desktop,Windows,Windows 8,chrome 63.0,1280x1024,1,1,1,1.0
DP-ecc4e7d5c9a01165,mobile,Blade V6 Plus Build/MRA58K,,chrome 66.0 for android,,3,2,2,0.5
DP-ecc581fabe9bf5ce,mobile,ZTE,,chrome generic,,3,2,2,0.5
DP-ecc6ab9d52eaa7c2,desktop,Windows,Windows 8.1,chrome 63.0,2304x1296,1,1,1,1.0
DP-eccab032e1d9f717,mobile,SM-G9600 Build/R16NW,,chrome 65.0 for android,,2,2,2,0.5
DP-eccfa4cb5087506c,mobile,SAMSUNG SM-G890A Build/NRD90M,Android 7.0,samsung browser 5.4,2560x1440,1,1,1,1.0
DP-ecd54a48e323f75d,desktop,Windows,Windows 7,chrome 63.0,3840x1080,1,1,1,1.0
DP-ecd73b2811508cf6,mobile,XT1032 Build/KXB20.9-1.10-1.24-1.1,,chrome 56.0 for android,,1,1,1,1.0
DP-ecd7beec1f3a7e07,mobile,SM-J710F Build/NRD90M,,chrome 66.0 for android,,3,2,2,0.5
DP-ecde39a3be519fda,desktop,Windows,Windows 10,chrome 58.0,1600x900,2,1,1,1.0
DP-eceafaf0039fa6b0,mobile,LG-D693n Build/LRX22G,,chrome 53.0 for android,,4,1,1,1.0
DP-ecf33291990f88e3,desktop,MacOS,Mac OS X 10_11_5,chrome 62.0,2560x1600,2,2,2,0.5
DP-ecf7c1087767d1d8,desktop,rv:48.0,Mac OS X 10.12,firefox 48.0,4096x2304,1,1,1,1.0
DP-ecf83a2871c94d43,desktop,MacOS,Mac OS X 10_13_4,chrome generic,2880x1800,10,7,7,0.14285714285714285
DP-ecfbfda4ade32f5d,mobile,C6906 Build/14.6.A.1.236,,chrome 64.0 for android,,4,4,4,0.25
DP-ecfccac1cedd7fb8,desktop,Windows,Windows 10,chrome 65.0,1280x800,1,1,1,1.0
DP-ed0abbb58b848dd3,desktop,Windows,Windows 8.1,chrome 62.0,1920x1080,58,41,41,0.024390243902439025
DP-ed13b77adce1d662,desktop,MacOS,Mac,safari generic,2880x1800,4,4,4,0.25
DP-ed1d2ce4d7ac0096,mobile,,Android,chrome 62.0,1280x800,4,4,4,0.25
DP-ed1dc1272071b1e2,mobile,HUAWEI G7-L03 Build/HuaweiG7-L03,,chrome 60.0 for android,,4,3,3,0.3333333333333333
DP-ed23c56b104b7d2d,desktop,rv:58.0,Mac OS X 10.13,firefox 58.0,3360x2100,6,4,4,0.25
DP-ed25e4f6d2cb696a,mobile,Moto X Play Build/NPD26.48-24-1,,chrome 58.0 for android,,1,1,1,1.0
DP-ed263c13cc0f3650,mobile,Studio,,chrome 63.0 for android,,1,1,1,1.0
DP-ed2654896c00d6f4,mobile,iris 870 Build/MRA58K,,android webview 4.0,,1,1,1,1.0
DP-ed2c6d506a84fec2,mobile,SGH-M919 Build/KTU84P,Android,chrome 63.0 for android,1920x1080,1,1,1,1.0
DP-ed30d55ea7690ee9,mobile,LG-M250 Build/NRD90U,,chrome 55.0 for android,,1,1,1,1.0
DP-ed35aaec95968e02,mobile,LG-K200 Build/MXB48T,,chrome 66.0 for android,,6,6,6,0.16666666666666666
DP-ed36fbe1fe0178c9,desktop,HUAWEI CUN-L03 Build/HUAWEICUN-L03,,chrome generic,,1,1,1,1.0
DP-ed4de8a8dadb67c8,mobile,LG-M400 Build/NRD90U,,chrome 66.0 for android,,4,2,2,0.5
DP-ed5ae7d6629eb472,mobile,iOS Device,iOS 11.2.6,chrome 66.0 for ios,2048x1536,2,2,2,0.5
DP-ed68d8470204fa92,mobile,LG-K580 Build/MRA58K,,chrome generic for android,,6,4,4,0.25
DP-ed6d0c2186d68379,mobile,LG-K500 Build/MMB29M,,chrome generic for android,,7,5,5,0.2
DP-ed7ac756da8e738a,mobile,Lenovo-A6020l36 Build/LMY47V,,chrome 43.0 for android,,1,1,1,1.0
DP-ed82ac5bc43520b9,mobile,LG-H840 Build/NRD90U,,chrome 65.0 for android,,18,9,9,0.1111111111111111
DP-ed83e80db002857d,mobile,CHC-U03 Build/HuaweiCHC-U03,,chrome 57.0 for android,,1,1,1,1.0
DP-ed86dc82517b2df8,desktop,Windows,Windows 7,chrome 63.0,2560x1600,7,1,1,1.0
DP-ed8b7afcb3abbbea,mobile,5025G Build/LMY47I,,chrome 61.0 for android,,1,1,1,1.0
DP-ed8c017c073509a2,desktop,Windows,Windows 7,chrome 63.0,1024x768,38,30,30,0.03333333333333333
DP-edb5a9520f4a3869,desktop,rv:48.0,Mac OS X 10.12,firefox 48.0,1440x900,6,2,2,0.5
DP-edb5b407fd0fb122,desktop,,Linux,chrome 63.0,2672x1440,1,1,1,1.0
DP-edc252be51fedc4e,mobile,XT1563 Build/MPDS24.107-52-5,,chrome 62.0 for android,,1,1,1,1.0
DP-edc6b42d6a79ecad,mobile,TA-1027 Build/OPR1.170623.026,,,,3,1,1,1.0
DP-edc9afcbf18d8285,desktop,MacOS,Mac OS X 10_11_5,chrome 65.0,5120x2880,1,1,1,1.0
DP-edd04559d425baec,mobile,SM-G950U Build/R16NW,Android 8.0.0,chrome 65.0 for android,2960x1440,1,1,1,1.0
DP-edd390125b3b2b0d,mobile,SAMSUNG-SM-J327A Build/NRD90M,Android 7.0,chrome 63.0 for android,1280x720,3,3,3,0.3333333333333333
DP-edd720ccb7368f1a,desktop,rv:58.0,Mac OS X 10.12,firefox 58.0,1440x900,4,3,3,0.3333333333333333
DP-ede3d6f499ce267c,mobile,SAMSUNG SM-G955U Build/NRD90M,,samsung browser generic,,1,1,1,1.0
DP-ede8f858197b94ec,mobile,SM-G935V Build/NRD90M,Android 7.0,chrome 65.0 for android,2560x1440,1,1,1,1.0
DP-edebbfc5c6163df7,mobile,SM-N950U Build/NMF26X,Android 7.1.1,android webview 4.0,1920x1080,1,1,1,1.0
DP-edf3d3cee1a1f42f,desktop,rv:58.0,Mac OS X 10.10,firefox 58.0,2560x1600,8,2,2,0.5
DP-edfdc2f50c8de99c,mobile,Ilium X510 Build/MRA58K,,chrome 63.0 for android,,4,3,3,0.3333333333333333
DP-ee11b5e7331d43a6,desktop,MacOS,Mac OS X 10_13_2,chrome 64.0,1280x800,2,2,2,0.5
DP-ee15042a5c7d612c,mobile,LGLK430,Android,chrome generic,,1,1,1,1.0
DP-ee2107935ba38ed2,mobile,D5316 Build/19.4.A.0.182,,android browser 4.0,,2,1,1,1.0
DP-ee2e3b0921333b6c,mobile,LIMIT,,chrome generic for android,,1,1,1,1.0
DP-ee34489b6fb83021,mobile,SM-G530H Build/LRX22G,,chrome 64.0 for android,,16,7,7,0.14285714285714285
DP-ee3a9b099ba68820,mobile,SM-G390F,,chrome 64.0 for android,,2,1,1,1.0
DP-ee3cb8a141dd6ab3,mobile,KIW-L24,,chrome 65.0 for android,,1,1,1,1.0
DP-ee3e018b0949eca9,desktop,MacOS,Mac OS X 10_10_5,chrome 63.0,1152x720,2,2,2,0.5
DP-ee3e88392a0a4d06,desktop,rv:52.0,Windows 10,firefox 52.0,1920x1080,1,1,1,1.0
DP-ee4b8228942561d6,mobile,HTC Desire 530 Build/MMB29M,,chrome 63.0 for android,,15,9,9,0.1111111111111111
DP-ee4baf0859802663,mobile,iOS Device,iOS 11.1.0,chrome 63.0 for ios,2048x1536,2,2,2,0.5
DP-ee4e5663780164a3,desktop,MDDRJS,Windows 7,ie 11.0 for desktop,1366x768,1,1,1,1.0
DP-ee5112e94ce14e56,desktop,rv:57.0,Mac OS X 10.12,firefox 57.0,1920x1200,3,3,3,0.3333333333333333
DP-ee561d1bb6cd811d,mobile,LG-H500 Build/LRX21Y,,chrome 65.0 for android,,4,4,4,0.25
DP-ee591eba0fa88908,mobile,SM-J727P,,chrome 63.0 for android,,1,1,1,1.0
DP-ee593fb9cc965139,mobile,Android 5.1.1,,chrome generic,,6,2,2,0.5
DP-ee62c5c4c426cac9,desktop,Windows,Windows 7,chrome generic,1025x768,1,1,1,1.0
DP-ee65bbda5ddeef1d,mobile,SM-G935V Build/NRD90M,Android 7.0,chrome 63.0 for android,1280x720,1,1,1,1.0
DP-ee65e6b40c28452a,desktop,Windows,Windows 10,firefox 57.0,3360x2100,3,1,1,1.0
DP-ee72b8f4ac197063,mobile,2PYB2,,chrome 66.0 for android,,1,1,1,1.0
DP-ee7416858063fd5a,mobile,Joy,,android webview 4.0,,1,1,1,1.0
DP-ee7b37e03ed210fd,mobile,SAMSUNG SM-G920P Build/NRD90M,,samsung browser 6.2,,1,1,1,1.0
DP-ee82e1384d1eccab,mobile,M4 SS4456 Build/LMY47V,,chrome 66.0 for android,,17,9,9,0.1111111111111111
DP-ee9f0d210450c978,mobile,iOS Device,iOS 11.1.1,mobile safari generic,1334x750,44,31,31,0.03225806451612903
DP-eea052a6a0be81ae,mobile,SM-N950U Build/NMF26X,Android 7.1.1,chrome 63.0 for android,2960x1440,3,3,3,0.3333333333333333
DP-eea0d343e23ed015,mobile,Pixel XL Build/OPM1.171019.021,Android 8.1.0,chrome 65.0 for android,2562x1442,5,3,3,0.3333333333333333
DP-eea767ea5f745856,mobile,iris 870 Build/MRA58K,,chrome 49.0 for android,,1,1,1,1.0
DP-eeb1340fe8888be3,mobile,BLADE A602 Build/MRA58K,,chrome 53.0 for android,,1,1,1,1.0
DP-eeb713d006090bdd,mobile,Moto C Build/NRD90M.070,,chrome 66.0 for android,,1,1,1,1.0
DP-eeb98e95dbb8988b,mobile,SAMSUNG SM-G550T1 Build/MMB29K,,samsung browser 6.4,,9,6,6,0.16666666666666666
DP-eebc309d6d43dbf1,mobile,SM-G550T1 Build/MMB29K,Android 6.0.1,chrome 59.0 for android,1280x720,1,1,1,1.0
DP-eec0668306ed6f00,mobile,LG-V410,,chrome 62.0 for android,,1,1,1,1.0
DP-eec8e44dad1c725b,mobile,Venue,Android 5.0.2,chrome 63.0 for android,1280x800,1,1,1,1.0
DP-eeca3433b1b8c2d0,desktop,rv:59.0,Mac OS X 10.13,firefox 59.0,5120x2880,1,1,1,1.0
DP-eeca3d773fd2c190,desktop,Windows,Windows 10,edge 15.0,1920x1080,343,205,205,0.004878048780487805
DP-eecbb05a85ad643d,mobile,iOS Device,iOS 10.3.3,chrome 65.0 for ios,2048x1536,3,2,2,0.5
DP-eecd7fdce0270cd8,mobile,GT-N8000,,chrome 63.0 for android,,1,1,1,1.0
DP-eed02eb9bf208792,mobile,iOS Device,iOS 9.3.5,chrome 63.0 for ios,2048x1536,4,3,3,0.3333333333333333
DP-eed79f56a77378f5,desktop,MacOS,Mac OS X 10_10_5,chrome 61.0,1280x800,13,7,7,0.14285714285714285
DP-eee6cc3496c20ec5,mobile,SM-A710M Build/LMY47X,,chrome 60.0 for android,,1,1,1,1.0
DP-eeec78c948aca907,mobile,Swift,,chrome 65.0 for android,,1,1,1,1.0
DP-eeee94f5e32ff8e0,mobile,LG-LS777 Build/NRD90U,Android 7.0,chrome 63.0 for android,1280x720,1,1,1,1.0
DP-eeff80c2578aac4a,desktop,Windows,Windows 10,edge 13.0,2736x1824,2,2,2,0.5
DP-ef133b6f881b34ac,desktop,iOS Device,iOS 9.3.5,,1136x640,1,1,1,1.0
DP-ef155ae4294a134e,mobile,Aquaris,,chrome 64.0 for android,,2,1,1,1.0
DP-ef24a1900c14934e,desktop,MacOS,Mac OS X 10_12_6,safari 10.0,1440x900,1,1,1,1.0
DP-ef26dcb954db5b20,desktop,MacOS,Mac OS X 10_6_8,chrome 49.0,2560x1440,2,2,2,0.5
DP-ef2e33965870d077,mobile,K88 Build/MMB29M,Android 6.0.1,chrome 60.0 for android,,9,2,2,0.5
DP-ef2e4239b3a51f7c,desktop,Windows,Windows 7,ie 11.0 for desktop,1279x1023,1,1,1,1.0
DP-ef3bca9f397481a1,mobile,,,android webview 4.0,,60,17,17,0.058823529411764705
DP-ef3d4f6434a2785e,mobile,SM-J320V Build/MMB29M,Android 6.0.1,chrome 50.0 for android,1280x720,1,1,1,1.0
DP-ef461487c2964793,mobile,LG-K200 Build/MXB48T,,chrome generic for android,,15,8,8,0.125
DP-ef49372944394fb9,desktop,Windows,Windows 8,chrome 62.0,1920x1080,3,3,3,0.3333333333333333
DP-ef50ad8466a84c72,mobile,SAMSUNG SM-J727T1 Build/NRD90M,Android 7.0,samsung browser 6.2,1280x720,1,1,1,1.0
DP-ef546a39f71c8320,mobile,iOS Device,iOS 11.2.5,mobile safari generic,2224x1668,8,7,7,0.14285714285714285
DP-ef58df4e96c962b0,mobile,SM-G360V Build/LMY48B,Android 5.1.1,chrome 63.0 for android,801x480,1,1,1,1.0
DP-ef6322bed0909077,mobile,Moto G (4) Build/NPJ25.93-14.5,,chrome generic,,77,24,24,0.041666666666666664
DP-ef64da84561a1f36,desktop,MacOS,Mac,safari generic,1152x720,2,1,1,1.0
DP-ef66075ec30fc893,mobile,HTC Desire 626s Build/LMY47O,Android,chrome 64.0 for android,1280x720,1,1,1,1.0
DP-ef7b97fcba4933e1,desktop,Trident/7.0,Windows 7,ie 11.0 for desktop,1280x620,1,1,1,1.0
DP-ef7de88e0fe11cf4,mobile,LG-M210 Build/NRD90U,Android 7.0,chrome 65.0 for android,1280x720,1,1,1,1.0
DP-ef87dd2dd612363d,mobile,LG-H990 Build/NRD90M,Android 7.0,chrome 63.0 for android,2560x1440,1,1,1,1.0
DP-ef8ee537e8d7317e,mobile,CRO-L03 Build/HUAWEICRO-L03,,chrome 66.0 for android,,3,3,3,0.3333333333333333
DP-ef9caa6d0874c4b3,desktop,MacOS,Mac OS X 10_12_5,safari generic,1680x1050,1,1,1,1.0
DP-efa1c47fe4d40ffc,mobile,SM-T530NU Build/LRX22G,Android 5.0.2,chrome 64.0 for android,1280x800,1,1,1,1.0
DP-efa27adc9fd27cc9,desktop,Windows,Windows 7,,1024x768,1,1,1,1.0
DP-efa42b81c699d608,mobile,GT-I9060L Build/JDQ39,,chrome 65.0 for android,,1,1,1,1.0
DP-efa48e777361f667,mobile,SM-G900V Build/MMB29M,Android 6.0.1,chrome 57.0 for android,1920x1080,1,1,1,1.0
DP-efa731a2bd00868b,desktop,Windows,Windows 10,chrome 61.0,1920x1200,1,1,1,1.0
DP-efb00bd35a11fa2f,mobile,BLA-L29 Build/HUAWEIBLA-L29,,chrome 65.0 for android,,1,1,1,1.0
DP-efb6f31ddbdfe4a2,mobile,LG-H811 Build/MRA58K,Android 6.0,chrome 63.0 for android,2560x1440,2,2,2,0.5
DP-efbcfc65ce9d16f7,mobile,COVET Build/NRD90M,,chrome 65.0 for android,,1,1,1,1.0
DP-efc1a2e1a6ba6946,mobile,P008 Build/NRD90M,Android 7.0,chrome 65.0 for android,2049x1536,7,2,2,0.5
DP-efc1c552524c6726,mobile,LG-D693n Build/LRX22G,,chrome generic,,13,9,9,0.1111111111111111
DP-efcacfa80a3fcf5a,desktop,Windows,Windows 7,chrome 65.0,1920x1201,1,1,1,1.0
DP-efd0336fabd07376,mobile,LG-X165g Build/LRX21M,,chrome 62.0 for android,,1,1,1,1.0
DP-efd137bc75c06fc7,desktop,,,chrome 56.0,,17,11,11,0.09090909090909091
DP-efd1a7ab3586b20f,mobile,HTC Desire 10 lifestyle Build/MMB29M,,chrome 61.0 for android,,1,1,1,1.0
DP-efddc6b671be6dae,mobile,G3223 Build/42.0.A.4.101,,chrome 66.0 for android,,1,1,1,1.0
DP-efe04e4a7508ee94,mobile,HTC One A9 Build/NRD90M,,chrome 64.0 for android,,1,1,1,1.0
DP-efe3377575e1bd3e,desktop,Linux x86_64,,firefox 56.0,,6,3,3,0.3333333333333333
DP-efecd9a813efbd36,mobile,G3223,,chrome 56.0 for android,,1,1,1,1.0
DP-eff101a1e90c34f9,desktop,Windows,Windows 10,edge 17.0,1366x768,6,5,5,0.2
DP-eff72e4160cd5f1f,desktop,rv:11.0,Windows 7,ie 11.0 for desktop,1440x900,34,27,27,0.037037037037037035
DP-effc2d2e78b3241a,mobile,SM-J700M Build/LMY48B,,chrome 51.0 for android,,1,1,1,1.0
DP-effef193e02c3140,mobile,8050G Build/LMY47I,,chrome 65.0 for android,,7,5,5,0.2
DP-f002d9e60f0a0125,mobile,SAMSUNG-SM-G890A Build/NRD90M,Android 7.0,chrome 66.0 for android,2560x1440,2,2,2,0.5
DP-f00a19187153c5fe,mobile,SM-N910T3,,chrome 63.0 for android,,1,1,1,1.0
DP-f019f8677e70f882,desktop,Windows NT 6.1,Windows 7,ie,1440x900,1,1,1,1.0
DP-f03fed6ef2ef1ab0,mobile,BLU ENERGY X PLUS Build/LRX21M,,chrome 55.0 for android,,1,1,1,1.0
DP-f04cc474514c33e5,mobile,SAMSUNG SM-G930T Build/NRD90M,,samsung browser 6.4,,2,1,1,1.0
DP-f04dfb69ce81445e,desktop,Windows,Windows 7,chrome 65.0,1921x1080,3,1,1,1.0
DP-f04e76db1eb8d2cd,desktop,Windows,Windows 8.1,chrome 63.0,,12,10,10,0.1
DP-f05144e7e0e17431,desktop,MacOS,Mac OS X 10_11_6,safari 11.0,1366x768,2,2,2,0.5
DP-f051e6f258522488,mobile,CAM-L03 Build/HUAWEICAM-L03,,chrome 65.0 for android,,24,13,13,0.07692307692307693
DP-f0523e2d419969b9,desktop,SM-G531H Build/LMY48B,,chrome generic,,10,7,7,0.14285714285714285
DP-f05512eb7ef6d0bc,mobile,LG-D693n,,chrome 62.0 for android,,1,1,1,1.0
DP-f05cf36d7ed536d2,mobile,Blade V6 Plus Build/MRA58K,,chrome 50.0 for android,,2,1,1,1.0
DP-f0619012d78defe1,desktop,Windows,Windows XP,firefox 52.0,1280x1024,7,6,6,0.16666666666666666
DP-f066da551381190f,mobile,iris 870 Build/MRA58K,,chrome 63.0 for android,,1,1,1,1.0
DP-f069b87fe5d07dd5,desktop,Windows,Windows 10,edge 16.0,1920x1200,31,24,24,0.041666666666666664
DP-f06ab57514a01445,mobile,SM-G928G Build/MMB29K,,chrome 66.0 for android,,1,1,1,1.0
DP-f08e01f9d6cc1236,desktop,MacOS,Mac OS X 10_13_2,chrome 49.0,1440x900,2,1,1,1.0
DP-f097470985bb6be7,mobile,Moto C Build/NRD90M.063,,chrome generic for android,,1,1,1,1.0
DP-f0977c5ce2e83c54,desktop,,Linux,chrome 64.0,1920x1080,34,6,6,0.16666666666666666
DP-f0985a897f926d93,mobile,,Android,samsung browser 6.2,1280x720,1,1,1,1.0
DP-f09b544f31a415a8,mobile,iOS Device,iOS,mobile,1024x768,6,4,4,0.25
DP-f09f3eca40c60519,mobile,SM-S902L,Android 4.4.2,chrome 66.0 for android,1920x1080,1,1,1,1.0
DP-f0a02b53c5c10230,mobile,Ilium L910 Build/MRA58K,,chrome 65.0 for android,,7,2,2,0.5
DP-f0ad4f23d88327f4,mobile,Hisense F20 Build/MMB29M,,chrome 59.0 for android,,2,1,1,1.0
DP-f0b9c85889858eac,mobile,LG-D693n Build/LRX22G,,chrome 61.0 for android,,7,3,3,0.3333333333333333
DP-f0babfacf160436d,desktop,Windows,Windows 10,edge 15.0,3000x2000,5,4,4,0.25
DP-f0c6349b8b724747,desktop,MacOS,Mac OS X 10_13_3,chrome 63.0,1440x900,6,5,5,0.2
DP-f0c958d5cf8eef5b,desktop,Windows,Windows 10,chrome 60.0,1280x1024,10,6,6,0.16666666666666666
DP-f0d27c0445a71393,mobile,SM-G610M Build/NRD90M,,chrome 63.0 for android,,4,4,4,0.25
DP-f0d54efbd16c8b73,mobile,Lenovo K33b36 Build/NRD90N,,chrome 64.0 for android,,7,6,6,0.16666666666666666
DP-f0dbe81b19e6f601,mobile,SM-G935T Build/NRD90M,Android 7.0,chrome 64.0 for android,1920x1080,2,2,2,0.5
DP-f0e20501021b0a81,desktop,MacOS,Mac OS X 10_13_1,safari generic,5120x2880,34,26,26,0.038461538461538464
DP-f0ee9ae42871b221,mobile,SM-A710M Build/NRD90M,,chrome 64.0 for android,,1,1,1,1.0
DP-f1012fc6fff5ccc7,mobile,SM-G930P Build/NRD90M,Android 7.0,chrome 63.0 for android,2560x1440,1,1,1,1.0
DP-f10237232f751ee7,mobile,SM-T217S Build/KOT49H,Android 4.4.2,chrome 64.0 for android,1024x600,4,1,1,1.0
DP-f116c1859349a554,desktop,Windows,Windows 8,chrome,1280x1024,1,1,1,1.0
DP-f1269b1cc714c5b6,mobile,,Android,chrome 62.0,1920x1080,7,5,5,0.2
DP-f12727f7736ac111,desktop,Windows,Windows 10,firefox 57.0,1600x1200,1,1,1,1.0
DP-f133c3aba0f06d4d,mobile,LG-K530 Build/MMB29M,,chrome 66.0 for android,,3,3,3,0.3333333333333333
DP-f135560785e271ff,desktop,MacOS,Mac OS X 10_13_1,chrome 65.0,1366x768,4,2,2,0.5
DP-f13a5c07405d857f,mobile,E5506 Build/29.2.A.0.166,,chrome 62.0 for android,,1,1,1,1.0
DP-f13b558ecfebe2bf,desktop,Windows,Windows 8.1,chrome 66.0,1280x1024,2,2,2,0.5
DP-f13f502ba70820ae,desktop,MacOS,Mac OS X 10_12_6,chrome 59.0,1280x800,1,1,1,1.0
DP-f13f96e06c76c9f8,mobile,SAMSUNG,,other,,2,2,2,0.5
DP-f145a904e2d5c1bf,desktop,MacOS,Mac OS X 10_12_6,chrome 57.0,3360x2100,1,1,1,1.0
DP-f149738b73cf6e42,mobile,SM-G950U Build/R16NW,Android 8.0.0,chrome 66.0 for android,2220x1080,22,16,16,0.0625
DP-f1561243d7bc2481,mobile,,,facebook,,1,1,1,1.0
DP-f1565fed09294496,desktop,MacOS,Mac OS X 10_11_6,chrome 61.0,4096x2304,3,3,3,0.3333333333333333
DP-f1581b8500cfa598,desktop,MacOS,Mac OS X 10_13_1,chrome 59.0,1440x900,1,1,1,1.0
DP-f15a338f2de71673,mobile,iOS Device,iOS 9.3.5,google,2048x1536,1,1,1,1.0
DP-f165f07886c02d34,desktop,Windows,Windows 7,chrome 64.0,1152x864,1,1,1,1.0
DP-f16a7dc78c3d63eb,mobile,SM-T818V,Android 7.0,chrome 62.0 for android,,1,1,1,1.0
DP-f16b43555929af93,desktop,MacOS,Mac,chrome 62.0,2560x1600,7,7,7,0.14285714285714285
DP-f16c6d47314b9f9a,mobile,Z835 Build/NMF26V,Android 7.1.1,other,855x480,9,9,9,0.1111111111111111
DP-f16e40b2e7fd2dac,mobile,SAMSUNG SM-J120H Build/LMY47V,,chrome generic,,20,10,10,0.1
DP-f16e440276119005,mobile,Z813 Build/LMY47O,,chrome 65.0 for android,,2,2,2,0.5
DP-f16e7c4c09729683,mobile,A3-A20,,chrome 66.0 for android,,1,1,1,1.0
DP-f182bd485fa26aec,desktop,Windows,Windows 10,edge 15.0,1366x768,328,161,161,0.006211180124223602
DP-f185b45d11e0cf6e,mobile,Lenovo A2016b30 Build/MRA58K,,chrome 58.0 for android,,2,1,1,1.0
DP-f18b35bc0a407c77,mobile,SAMSUNG-SM-N900A,,chrome 62.0 for android,,3,2,2,0.5
DP-f18e64c352932524,mobile,SM-S727VL Build/MMB29M,Android 6.0.1,chrome 63.0 for android,1280x720,4,2,2,0.5
DP-f190f27d2115c6fe,mobile,Archos,,chrome 66.0 for android,,1,1,1,1.0
DP-f192923a9a4398e2,mobile,BAC-L03 Build/HUAWEIBAC-L03,,chrome generic for android,,12,8,8,0.125
DP-f199bff95de31c5f,mobile,SM-G955U Build/R16NW,Android 8.0.0,chrome 65.0 for android,2220x1080,1,1,1,1.0
DP-f1a17a871a25f5f5,mobile,SM-S727VL Build/MMB29M,Android 6.0.1,chrome 65.0 for android,1280x720,1,1,1,1.0
DP-f1b0d9d2a6c0e662,mobile,Nexus,Android 7.1.1,chrome 63.0 for android,2048x1536,1,1,1,1.0
DP-f1b29b327bb83382,mobile,Ilium X520 Build/NRD90M,,chrome 58.0 for android,,2,2,2,0.5
DP-f1b5b183a131e66f,mobile,,Android 6.0.1,android webview 4.0,1920x1080,1,1,1,1.0
DP-f1bbfe34741eb9de,mobile,Lenovo PB2-670Y Build/MRA58K,,chrome 61.0 for android,,2,2,2,0.5
DP-f1ca993deb8b7917,mobile,,,mobile safari 9.0,,154,70,70,0.014285714285714285
DP-f1ccfb79c0c6868d,mobile,SM-G928G Build/NRD90M,,chrome generic for android,,5,3,3,0.3333333333333333
DP-f1ddb5a101d813c6,desktop,MacOS,Mac,chrome 64.0,1366x768,1,1,1,1.0
DP-f1defc71539e20a6,mobile,4003A,,chrome 53.0 for android,,1,1,1,1.0
DP-f1df81243c6b2751,mobile,SM-G850M Build/LRX22G,,chrome 64.0 for android,,1,1,1,1.0
DP-f1e2e749e1810667,desktop,rv:48.0,Mac OS X 10.13,firefox 48.0,1440x900,1,1,1,1.0
DP-f1e625a548d210e4,mobile,iOS Device,iOS 11.2.6,chrome,2048x1536,2,2,2,0.5
DP-f1f5a7795dbac648,mobile,SAMSUNG-SGH-I337,,chrome 64.0 for android,,1,1,1,1.0
DP-f1f5e3d94ecda632,mobile,LG-D331 Build/LRX22G,,chrome 64.0 for android,,10,6,6,0.16666666666666666
DP-f1f93c5a39e75ba6,desktop,Windows,Windows 7,ie 11.0 for desktop,1440x900,24,16,16,0.0625
DP-f1ff1f8f71a68a3a,mobile,SM-N910F Build/MMB29M,,chrome 66.0 for android,,1,1,1,1.0
DP-f2009b53b8bed3d4,desktop,Windows,Windows 7,firefox 59.0,1680x1050,8,7,7,0.14285714285714285
DP-f2077a2b5702e080,mobile,SM-E500M Build/KTU84P,,chrome 66.0 for android,,2,2,2,0.5
DP-f213bab410ff213c,mobile,SM-J730G Build/NRD90M,,chrome 64.0 for android,,3,2,2,0.5
DP-f215937843882512,mobile,GT-I9060L Build/JDQ39,,chrome 63.0 for android,,1,1,1,1.0
DP-f21819e9ff03d254,mobile,HTC Desire 10 lifestyle Build/MMB29M,,chrome 64.0 for android,,9,8,8,0.125
DP-f2187ed61799fdd4,desktop,MacOS,Mac OS X 10_7_5,chrome 49.0,1600x900,1,1,1,1.0
DP-f21ebd6e7012ee04,desktop,Windows,Windows 10,firefox generic,1920x1080,18,10,10,0.1
DP-f221e97ad9cb618f,mobile,GT-I8190L Build/JZO54K,,chrome 52.0 for android,,1,1,1,1.0
DP-f22cbeb679b4e5a5,mobile,SM-G955W,,chrome generic for android,,1,1,1,1.0
DP-f2389c8e164f4b00,mobile,SM-T560 Build/KTU84P,,chrome,,1,1,1,1.0
DP-f23ce977ed25f795,desktop,Windows,Windows 7,firefox 60.0,2048x1152,1,1,1,1.0
DP-f24785f59bfd44af,desktop,Windows,Windows 10,edge 16.0,1918x1080,1,1,1,1.0
DP-f24ab99697d422b0,desktop,Windows,,chrome 56.0,,12,4,4,0.25
DP-f24ade7c2e6d575f,mobile,,,mobile safari 10.0,,612,220,220,0.004545454545454545
DP-f24d63001c2ca613,desktop,Windows,Windows 10,chrome 66.0,1366x768,201,112,112,0.008928571428571428
DP-f24fe1ab82eff516,mobile,HUAWEI VNS-L31 Build/HUAWEIVNS-L31,,chrome 64.0 for android,,2,2,2,0.5
DP-f2577afe2c0a8f90,mobile,,Android,chrome 59.0,1280x720,1,1,1,1.0
DP-f259718e60929c4e,mobile,SM-G955U Build/R16NW,Android 8.0.0,chrome generic for android,2220x1081,8,4,4,0.25
DP-f2646b6171db840b,mobile,SM-T710 Build/NRD90M,,chrome generic for android,,1,1,1,1.0
DP-f2756d14e5567a2a,mobile,iOS Device,iOS 11.3.0,google search application 48.0,2048x1536,3,3,3,0.3333333333333333
DP-f28399c54f14d9e7,desktop,MacOS,Mac OS X 10_12_4,chrome 64.0,1440x900,2,1,1,1.0
DP-f283d53b666723a7,desktop,Windows,Windows 10,edge 14.0,3000x2000,3,2,2,0.5
DP-f28676725e2f9d80,mobile,LG-H820,,chrome 65.0 for android,,2,1,1,1.0
DP-f294a1023dda679a,mobile,Redmi Note 3 Build/MMB29M,,chrome 54.0 for android,,1,1,1,1.0
DP-f2a3a06accf55fef,mobile,iOS Device,iOS 11.0.3,mobile safari generic,1136x640,10,9,9,0.1111111111111111
DP-f2a544bcebe8a943,mobile,LGMS330 Build/LMY47V,Android 5.1.1,chrome 62.0 for android,855x480,2,2,2,0.5
DP-f2ae8b926ee6434c,desktop,Windows,Windows 10,edge 17.0,2736x1824,2,2,2,0.5
DP-f2b4d71b1ddd7d4f,desktop,Windows,Windows 10,opera,1600x900,2,2,2,0.5
DP-f2b73261beb75d71,mobile,SM-J7108,,chrome 66.0 for android,,1,1,1,1.0
DP-f2bbca9ae2bdbe78,desktop,Windows,Windows 10,edge 14.0,1600x1200,1,1,1,1.0
DP-f2c4df88bb8cbe1f,mobile,HUAWEI VNS-L53 Build/HUAWEIVNS-L53,,chrome 65.0 for android,,17,10,10,0.1
DP-f2c5ba7064bb8d85,desktop,Trident/7.0,Windows 10,ie 11.0 for tablet,3840x2160,2,2,2,0.5
DP-f2d3ffcbe37d3f5a,mobile,SAMSUNG SM-J701M Build/NRD90M,,samsung browser 6.2,,20,8,8,0.125
DP-f2d62a39af448914,mobile,iOS Device,iOS 11.1.2,mobile safari uiwebview,2208x1242,3,3,3,0.3333333333333333
DP-f2db51f34100352f,mobile,RCT6303W87M7 Build/MRA58K,Android 6.0,chrome 56.0 for android,1280x800,1,1,1,1.0
DP-f2e6cd186741cc8a,mobile,G3223,,chrome generic for android,,2,1,1,1.0
DP-f2e832443a563ce2,desktop,Windows,Windows 10,chrome 65.0,2560x1440,24,15,15,0.06666666666666667
DP-f2f16da4626a9548,desktop,MacOS,Mac OS X 10_12_6,chrome 61.0,,1,1,1,1.0
DP-f2fdc31d7b2d7b8a,mobile,SM-G935F Build/MMB29K,,chrome 62.0 for android,,1,1,1,1.0
DP-f3022eda2176ab49,desktop,MacOS,Mac OS X 10_10_5,safari generic,2560x1600,134,89,89,0.011235955056179775
DP-f3038328e0ba3e64,mobile,SAMSUNG SM-G950F Build/NRD90M,,samsung browser 6.4,,12,11,11,0.09090909090909091
DP-f30847b82d841061,desktop,rv:56.0,Mac OS X 10.10,firefox 56.0,2560x1440,1,1,1,1.0
DP-f30afde15d175397,desktop,Windows,Windows 7,chrome 56.0,1280x1024,3,3,3,0.3333333333333333
DP-f30d63fb55fd6bf1,mobile,HTC One mini Build/KOT49H,,chrome 65.0 for android,,1,1,1,1.0
DP-f3139b115fd94bfd,mobile,SM-G920V Build/MMB29K,Android 6.0.1,chrome 60.0 for android,2560x1440,1,1,1,1.0
DP-f31ec036281a6df9,mobile,SM-G930V Build/NRD90M,Android 7.0,chrome 63.0 for android,1280x720,3,3,3,0.3333333333333333
DP-f325a87c68c328b4,desktop,rv:47.0,,firefox 47.0,,10,7,7,0.14285714285714285
DP-f325f4fc28c75d5c,desktop,MacOS,Mac OS X 10_10_5,chrome 65.0,3360x2100,1,1,1,1.0
DP-f329ea376e3d77d4,mobile,LGMS395,Android 4.4.2,chrome 65.0 for android,801x480,1,1,1,1.0
DP-f32a87aa74aecadc,desktop,rv:52.0,Linux,firefox 52.0,1920x1080,2,2,2,0.5
DP-f32ef55d145ed0a9,desktop,MacOS,Mac OS X 10_11_6,chrome 63.0,3840x2160,1,1,1,1.0
DP-f33d02a6c4aedb1a,mobile,SM-J200H,,chrome 63.0 for android,,1,1,1,1.0
DP-f3411b4cfaed3b56,mobile,Mi A1 Build/OPR1.170623.026,,opera,,3,1,1,1.0
DP-f34520a41979ea39,mobile,SM-A500M Build/LRX22G,,chrome 65.0 for android,,1,1,1,1.0
DP-f3473a187a7c112f,mobile,HUAWEI CUN-L03 Build/HUAWEICUN-L03,,chrome 61.0 for android,,2,2,2,0.5
DP-f3489009da1709a1,mobile,LG-H931,Android 7.1.2,firefox,,1,1,1,1.0
DP-f357962139691e3c,desktop,Windows,,chrome 62.0,,1424,227,227,0.004405286343612335
DP-f35a414602f168e2,mobile,iOS Device,iOS 11.2.1,mobile safari uiwebview,1334x750,4,4,4,0.25
DP-f35ef89b9343867a,mobile,Alcatel_5098O Build/MMB29M,,chrome 62.0 for android,,1,1,1,1.0
DP-f363b7b78b20c307,mobile,SM-P600 Build/LMY47X,Android 5.1.1,chrome 61.0 for android,2560x1600,1,1,1,1.0
DP-f3669b947de43eb2,mobile,Z956 Build/MMB29M,Android 6.0.1,chrome 64.0 for android,1280x720,1,1,1,1.0
DP-f36b3f959c3a3d3f,mobile,SM-A500M Build/LRX22G,,chrome 62.0 for android,,3,2,2,0.5
DP-f36c78f1f87dba21,mobile,Lenovo K33b36 Build/MMB29M,,chrome 62.0 for android,,1,1,1,1.0
DP-f37d52aae09c0528,mobile,LG-H811 Build/MRA58K,Android 6.0,chrome 60.0 for android,2560x1440,1,1,1,1.0
DP-f380e1e1f15267a9,mobile,XT1003,,chrome 65.0 for android,,2,1,1,1.0
DP-f381c7d2fa9534aa,mobile,Lenovo A2016b30 Build/MRA58K,,chrome generic for android,,1,1,1,1.0
DP-f385194e696bc36c,mobile,SM-G570M Build/NRD90M,,chrome generic for android,,8,3,3,0.3333333333333333
DP-f385816324151492,mobile,iOS Device,iOS 11.1.1,mobile safari generic,2001x1125,5,5,5,0.2
DP-f38c8168efeeca57,mobile,Blade V580 Build/LMY47D,,chrome 64.0 for android,,8,4,4,0.25
DP-f38e6de9582b3b18,mobile,rv:58.0,Android 6.0.1,firefox,1920x1080,1,1,1,1.0
DP-f3907a909356e369,mobile,5010S Build/MRA58K,,chrome 66.0 for android,,5,2,2,0.5
DP-f3a36d77327d86ee,mobile,moto,,chrome 62.0 for android,,1,1,1,1.0
DP-f3ab0df03bf1307f,mobile,LG-V495/V49520l,Android 6.0,android webview 4.0,,1,1,1,1.0
DP-f3b23e27593f3691,desktop,rv:56.0,Mac OS X 10.10,firefox 56.0,1680x1050,1,1,1,1.0
DP-f3b305a1d4594fb7,mobile,SAMSUNG SM-G935A Build/NRD90M,Android 7.0,samsung browser 6.2,,2,2,2,0.5
DP-f3b6785ea28b5e66,desktop,MacOS,Mac,chrome 63.0,2560x1440,4,2,2,0.5
DP-f3b78b95da8b0bba,mobile,Moto G (5) Build/NPPS25.137-15-11,,chrome 66.0 for android,,7,3,3,0.3333333333333333
DP-f3bb7229cf72309e,mobile,CRO-L03 Build/HUAWEICRO-L03,,chrome 65.0 for android,,6,5,5,0.2
DP-f3c181ad89c13b69,desktop,MacOS,Mac OS X 10_12_4,chrome 63.0,1280x800,1,1,1,1.0
DP-f3cb69bdb757a9b7,desktop,Linux x86_64,Linux,firefox generic,1920x1080,1,1,1,1.0
DP-f3cd4aa39155369a,mobile,Blade A510 Build/MRA58K,,chrome 66.0 for android,,22,9,9,0.1111111111111111
DP-f3d4244aa838e665,mobile,SM-N920P Build/NRD90M,,chrome generic for android,,3,1,1,1.0
DP-f3d5440bb4530a29,desktop,Windows,Windows 7,firefox 59.0,1280x1023,1,1,1,1.0
DP-f3dec9bc6323d106,mobile,SM-T210,,chrome 64.0 for android,,1,1,1,1.0
DP-f3e28dc32066985b,mobile,LG-H840 Build/NRD90U,,chrome 66.0 for android,,8,5,5,0.2
DP-f3e3064befc5ad59,mobile,5056N,Android 6.0.1,chrome 64.0 for android,1280x720,1,1,1,1.0
DP-f3e6de7730957f8f,mobile,SAMSUNG SM-N950U1 Build/NMF26X,Android 7.1.1,samsung browser 6.2,,7,2,2,0.5
DP-f3eeefa9ee929064,mobile,SAMSUNG SM-G903F Build/MMB29K,,samsung browser 4.0,,2,2,2,0.5
DP-f3f634fc5d8ab542,mobile,SM-G532M Build/MMB29T,,chrome 59.0 for android,,1,1,1,1.0
DP-f3fc326b0ea63c93,mobile,SM-A520F Build/NRD90M,,chrome 62.0 for android,,6,4,4,0.25
DP-f3ffd68c904a4f45,mobile,SM-J500M Build/MMB29M,,chrome 55.0 for android,,1,1,1,1.0
DP-f40249a634f7ceeb,mobile,ONEPLUS A5010 Build/OPM1.171019.011,,android webview 4.0,,5,1,1,1.0
DP-f4047e0c2b8f819b,mobile,S57 Build/KTU84P,,chrome 60.0 for android,,1,1,1,1.0
DP-f406800b28d1a89c,mobile,BLL-L23 Build/HUAWEIBLL-L23,,chrome 62.0 for android,,17,8,8,0.125
DP-f40ff2f20ccbc574,desktop,MacOS,Mac OS X 10_11_6,chrome 66.0,1680x1050,2,1,1,1.0
DP-f411a8119ecd25c4,mobile,LG-K371,Android 7.0,chrome 62.0 for android,1280x720,2,2,2,0.5
DP-f4133569daad868d,desktop,MDDRJS,Windows 10,ie 11.0 for desktop,1920x1080,1,1,1,1.0
DP-f414885f52236bb7,desktop,rv:59.0,Mac OS X 10.11,firefox 59.0,1280x800,2,2,2,0.5
DP-f41bdc0cdbf6d6d8,mobile,TA-1028 Build/NRD90M,,chrome 65.0 for android,,1,1,1,1.0
DP-f4344a00d2171f62,desktop,Windows,Windows XP,firefox 52.0,1024x768,12,10,10,0.1
DP-f43708634b63baef,mobile,SGP521,,chrome 63.0 for android,,3,1,1,1.0
DP-f437e03b97e5344c,mobile,SM-P580 Build/NRD90M,,chrome 64.0 for android,,2,2,2,0.5
DP-f440251ceb371630,mobile,SM-G965U Build/R16NW,Android 8.0.0,chrome 66.0 for android,2220x1081,11,8,8,0.125
DP-f443bed53d79d761,mobile,M4 SS4457 Build/MRA58K,,chrome 62.0 for android,,2,2,2,0.5
DP-f44cb65ff849ad3c,mobile,SM-G850M Build/LRX22G,,chrome 63.0 for android,,1,1,1,1.0
DP-f44f6f35a9b80e14,desktop,Windows,Windows 10,chrome 62.0,1400x1050,1,1,1,1.0
DP-f45189e3c90fe221,mobile,HTC6525LVW,Android 6.0,android webview 4.0,1920x1080,1,1,1,1.0
DP-f456740f06225f30,mobile,XT1563 Build/MPD24.107-52,,chrome 61.0 for android,,3,1,1,1.0
DP-f45de997d235b127,desktop,Windows,,firefox 55.0,,1,1,1,1.0
DP-f46ae2a489af2794,desktop,rv:52.0,Windows 10,firefox,1920x1080,18,14,14,0.07142857142857142
DP-f477513bf589eaa1,mobile,SM-T580 Build/NRD90M,,chrome 65.0 for android,,2,2,2,0.5
DP-f478d50205439e95,mobile,PRA-LX3 Build/HUAWEIPRA-LX3,,chrome 64.0 for android,,19,9,9,0.1111111111111111
DP-f48d5fcb35452e6c,desktop,rv:57.0,Mac OS X 10.10,firefox 57.0,2560x1440,4,3,3,0.3333333333333333
DP-f48f24e3f009a3e9,desktop,rv:57.0,Mac OS X 10.12,firefox 57.0,3360x2100,5,5,5,0.2
DP-f49c377c4fbd2321,mobile,HTC Desire 10 lifestyle Build/MMB29M,,chrome generic for android,,20,13,13,0.07692307692307693
DP-f49f7b82dcc764d4,mobile,SM-T550,,chrome 63.0 for android,,1,1,1,1.0
DP-f4a0b770b03fa059,desktop,Windows,Windows Vista,,1680x1050,1,1,1,1.0
DP-f4aa33d5464e917a,mobile,RS988,Android 7.0,chrome 64.0 for android,2560x1440,1,1,1,1.0
DP-f4af986e6d47f1b9,mobile,CAM-L23,,chrome 63.0 for android,,1,1,1,1.0
DP-f4afa008956ec00b,mobile,rv:60.0,Android 8.0.0,firefox,2076x1080,1,1,1,1.0
DP-f4b6b374f9352884,mobile,LGMS550 Build/MXB48T,Android 6.0.1,chrome 55.0 for android,1280x720,1,1,1,1.0
DP-f4bf0ebf1f21520e,mobile,BLN-L21 Build/HONORBLN-L21,,chrome 64.0 for android,,6,2,2,0.5
DP-f4c0ba77dc3a1f0a,mobile,iOS Device,iOS 11.2.0,mobile safari 11.0,2001x1125,26,24,24,0.041666666666666664
DP-f4c10885cc234212,mobile,Y635-L03 Build/HuaweiY635-L03,,chrome 60.0 for android,,2,2,2,0.5
DP-f4c2d93c0864611b,desktop,MacOS,Mac OS X 10_10_5,chrome 61.0,2560x1600,4,4,4,0.25
DP-f4c35dd9d6fbdedc,mobile,P008 Build/NRD90M,Android 7.0,chrome generic for android,2049x1536,2,1,1,1.0
DP-f4c4478daa6dc4be,desktop,Windows,Windows Vista,chrome 49.0,1280x720,5,5,5,0.2
DP-f4d04260e31357c0,mobile,SAMSUNG-SM-G900A Build/LMY47X,Android 5.1.1,chrome 63.0 for android,1920x1080,1,1,1,1.0
DP-f4d2303dccd4c642,mobile,PRA-LX1 Build/HUAWEIPRA-LX1,,chrome 66.0 for android,,3,3,3,0.3333333333333333
DP-f4d38fe296eb7519,mobile,5010G Build/MRA58K,,other,,1,1,1,1.0
DP-f4ea1f959975de87,mobile,SM-G935W8,,chrome 62.0 for android,,1,1,1,1.0
DP-f4ebccdb0835d8ff,desktop,Windows,Windows 10,chrome 63.0,1920x1281,22,10,10,0.1
DP-f4f5b968313e5831,mobile,E5606,,other,,1,1,1,1.0
DP-f4ff83f91edc4aa1,mobile,Moto G (5) Build/NPPS25.137-93-4,,chrome 65.0 for android,,1,1,1,1.0
DP-f50403740c21fb29,mobile,F5321,,chrome 66.0 for android,,1,1,1,1.0
DP-f50bc55f0a6d94b3,desktop,Windows,Windows 7,chrome generic,1600x900,11,10,10,0.1
DP-f51825a694a2e557,desktop,MacOS,Mac OS X 10_12_6,chrome 62.0,1920x1080,43,34,34,0.029411764705882353
DP-f51c069e8dbd2837,desktop,rv:11.0,Windows 10,ie 11.0 for desktop,1280x768,1,1,1,1.0
DP-f52119db7789c43d,desktop,Windows,Windows 7,chrome 65.0,1024x768,8,7,7,0.14285714285714285
DP-f5216dbb1dcd7298,mobile,iOS Device,iOS,mobile safari 10.0,2208x1242,2,2,2,0.5
DP-f524d635b7989582,mobile,SAMSUNG SM-G930T Build/NRD90M,Android 7.0,samsung browser 5.4,1920x1080,1,1,1,1.0
DP-f526c77aebf17f70,desktop,S.N.O.W.4,Windows 7,ie 11.0 for desktop,1680x1050,1,1,1,1.0
DP-f532bb5ff904c8fe,mobile,SM-T350 Build/MMB29M,Android 6.0.1,chrome 62.0 for android,1024x768,5,3,3,0.3333333333333333
DP-f533ab71cb82ee10,mobile,XT1650 Build/NCLS26.118-23-13-6-5,Android 7.1.1,chrome 66.0 for android,2560x1440,2,2,2,0.5
DP-f5371c910d6a5eda,mobile,STF-L09 Build/HUAWEISTF-L09,,chrome 65.0 for android,,3,2,2,0.5
DP-f54094f2527fb3f0,mobile,VS425PP Build/LMY47V,,chrome 63.0 for android,,3,1,1,1.0
DP-f54a70ca5cf7e2a3,desktop,rv:11.0,Windows 8.1,ie 11.0 for desktop,,1,1,1,1.0
DP-f54d01e7b484cca6,desktop,MacOS,Mac OS X 10_13_3,safari generic,2560x1440,23,19,19,0.05263157894736842
DP-f550d8170e1ef06a,mobile,SM-G610M Build/MMB29K,,other,,37,16,16,0.0625
DP-f5591b2a0c53bc05,mobile,SM-N950U Build/R16NW,Android 8.0.0,chrome generic for android,2220x1081,7,5,5,0.2
DP-f55ced49ccb49159,desktop,Windows,Windows 8.1,chrome 62.0,1600x1200,2,1,1,1.0
DP-f55d8b95580a41b3,desktop,Windows,Windows XP,chrome 49.0,1024x768,27,21,21,0.047619047619047616
DP-f55da3373a567fd1,mobile,iOS Device,iOS 10.3.3,mobile safari 10.0,2001x1125,37,29,29,0.034482758620689655
DP-f5727e5936b070c9,mobile,iOS Device,iOS 11.0.3,chrome 62.0 for ios,2048x1536,4,3,3,0.3333333333333333
DP-f57af1667ee1335e,mobile,PRA-LX1 Build/HUAWEIPRA-LX1,,chrome generic for android,,3,2,2,0.5
DP-f57f7bcdef28efac,desktop,rv:58.0,Windows 7,firefox 58.0,1366x768,2,1,1,1.0
DP-f582a883cc4336cd,desktop,Trident/7.0,Windows 7,ie 11.0 for desktop,1680x1049,6,2,2,0.5
DP-f5875582e4e53197,desktop,Windows,Windows 10,edge 17.0,1366x767,1,1,1,1.0
DP-f591c550897c2e9c,mobile,LG-D331 Build/LRX22G,,chrome 62.0 for android,,2,2,2,0.5
DP-f5ad34b606db2232,mobile,SM-N920R4,Android 7.0,chrome 61.0 for android,,1,1,1,1.0
DP-f5ae0c3ef559b932,desktop,Windows,Windows 7,chrome 63.0,1364x768,6,3,3,0.3333333333333333
DP-f5b3252c527731bc,desktop,MacOS,Mac OS X 10_12_4,safari generic,1440x900,12,7,7,0.14285714285714285
DP-f5b82732ae9527dd,desktop,Windows,Windows 7,chrome 66.0,1727x971,1,1,1,1.0
DP-f5baa126ac333956,desktop,MacOS,Mac OS X 10_11_6,chrome 62.0,1440x900,68,46,46,0.021739130434782608
DP-f5c7c1b874dff3dd,mobile,SAMSUNG SM-S727VL Build/MMB29M,Android 6.0.1,samsung browser 4.0,1280x720,1,1,1,1.0
DP-f5c8b9efa9670cbd,mobile,SAMSUNG SM-N920T Build/NRD90M,Android 7.0,samsung browser 6.4,1921x1081,1,1,1,1.0
DP-f5c95554d39ce088,mobile,GT-I9060L Build/JDQ39,,chrome 64.0 for android,,1,1,1,1.0
DP-f5d3d120a017d029,mobile,ALP-L09 Build/HUAWEIALP-L09S,,chrome generic for android,,1,1,1,1.0
DP-f5e20503863d53ca,mobile,SM-G920P Build/NRD90M,,chrome 65.0 for android,,15,10,10,0.1
DP-f5e3519127b7b371,mobile,Redmi Note 4 Build/NRD90M,,chrome 62.0 for android,,10,4,4,0.25
DP-f5ec363ac6fd0337,mobile,iOS Device,iOS 10.1.1,mobile safari generic,2208x1242,3,3,3,0.3333333333333333
DP-f5f6515a2f4aabf2,mobile,A0001 Build/MHC19Q,,chrome 64.0 for android,,1,1,1,1.0
DP-f5f91b1f97853b03,desktop,rv:59.0,Mac OS X 10.13,firefox 59.0,1680x1050,2,2,2,0.5
DP-f5fc2c45d529e88b,desktop,Trident/7.0,Windows 10,ie 11.0 for tablet,1280x800,1,1,1,1.0
DP-f5febe26d6802029,desktop,Windows,Windows XP,firefox 52.0,1920x1080,2,2,2,0.5
DP-f6015e6f4c7a0a8c,mobile,M4 SS4450 Build/MRA58K,,other,,1,1,1,1.0
DP-f60269431857409c,mobile,XT1032 Build/LPBS23.13-57-2,,chrome 62.0 for android,,1,1,1,1.0
DP-f602cb92fa5e262c,mobile,SAMSUNG SM-P580 Build/NRD90M,,samsung browser 5.2,,1,1,1,1.0
DP-f602fe21571d1553,mobile,SM-J530F Build/NRD90M,Android 7.0,chrome 62.0 for android,1280x720,1,1,1,1.0
DP-f60368d744dc267a,mobile,rv:51.0,Linux,Generic/Android 7.0,2392x1440,1,1,1,1.0
DP-f60b3bb682a77e5f,mobile,SM-J727U Build/NRD90M,,chrome 58.0 for android,,1,1,1,1.0
DP-f60f39b34417f565,mobile,Z9 PLUS Build/NRD90M,,chrome 63.0 for android,,6,2,2,0.5
DP-f6167b5fd68c5872,desktop,Windows,Windows 7,firefox 57.0,2560x1440,2,2,2,0.5
DP-f6209ac3fab4b4c4,mobile,SM-J120H Build/LMY47V,,chrome 53.0 for android,,1,1,1,1.0
DP-f621fe2865290f33,mobile,SM-G950U Build/NRD90M,Android 7.0,chrome 62.0 for android,2960x1440,3,2,2,0.5
DP-f62b44c7877d72ec,mobile,Nexus,Android 7.1.1,chrome 63.0 for android,,1,1,1,1.0
DP-f63cf2310dd54ca0,mobile,SM-A800I,,chrome 63.0 for android,,1,1,1,1.0
DP-f645ad0322c22c60,desktop,rv:47.0,Mac OS X 10.9,firefox 47.0,1920x1080,1,1,1,1.0
DP-f655886cb57cefd7,mobile,SM-G920I,,chrome 50.0 for android,,1,1,1,1.0
DP-f655edf3259f250e,desktop,Windows,Windows 10,edge 14.0,2735x1825,1,1,1,1.0
DP-f65eb2ebf20d00e2,mobile,SM-A510M Build/LMY47X,,chrome 61.0 for android,,1,1,1,1.0
DP-f666b7bde6b17626,mobile,SM-T110 Build/JDQ39,,chrome 66.0 for android,,1,1,1,1.0
DP-f66f89520a60032f,mobile,SAMSUNG SM-A320Y Build/NRD90M,,samsung browser 6.4,,3,2,2,0.5
DP-f671d0ef9453ac5a,desktop,Windows,Windows 7,chrome 66.0,1280x960,1,1,1,1.0
DP-f6784e55b3cafa07,mobile,LG-P714,,chrome 59.0 for android,,1,1,1,1.0
DP-f67953a165285b65,desktop,MacOS,Mac OS X 10_13_1,chrome 64.0,2560x1600,3,3,3,0.3333333333333333
DP-f67c9ac7bdd87640,desktop,Windows,Windows 10,chrome 62.0,3441x1440,2,1,1,1.0
DP-f67fa90391fb80a9,mobile,SM-G950F Build/NRD90M,,chrome 61.0 for android,,28,12,12,0.08333333333333333
DP-f67fc366f3d5ef5c,mobile,SAMSUNG SM-J727T1 Build/NRD90M,Android 7.0,samsung browser 5.4,1280x720,1,1,1,1.0
DP-f682489aa213e9f4,desktop,rv:54.0,Mac OS X 10.11,firefox,2880x1800,1,1,1,1.0
DP-f683bedafe0dc556,mobile,M4 SS4458 Build/MMB29M,,chrome generic for android,,2,2,2,0.5
DP-f685e47b20e3480d,mobile,SM-S903VL,Android 6.0.1,chrome 63.0 for android,1920x1080,2,2,2,0.5
DP-f6871db1ca51bdaa,mobile,Alcatel_5054O,Android 5.1.1,chrome 63.0 for android,1280x720,1,1,1,1.0
DP-f69d11318dbc5a51,mobile,HUAWEI,,chrome generic for android,,2,2,2,0.5
DP-f6ba2253f9260b01,mobile,SM-S727VL Build/MMB29M,,chrome 64.0 for android,,9,7,7,0.14285714285714285
DP-f6c463541f3b4956,mobile,XT1040,,chrome 61.0 for android,,1,1,1,1.0
DP-f6cd7fdf8e915b1d,desktop,rv:57.0,Mac OS X 10.10,firefox 57.0,2560x1600,3,3,3,0.3333333333333333
DP-f6d0860979637b3a,desktop,MacOS,Mac OS X 10_12_4,chrome 62.0,1280x800,2,2,2,0.5
DP-f6d2484d700d9a3f,mobile,SM-T280 Build/LMY47V,Android 5.1.1,chrome 63.0 for android,,3,2,2,0.5
DP-f6d98453f59bcc18,mobile,LG-P714,,chrome 62.0 for android,,1,1,1,1.0
DP-f6dfccc6925e4a75,mobile,HUAWEI Y520-U03 Build/HUAWEIY520-U03,,chrome 60.0 for android,,3,2,2,0.5
DP-f6e0e3ce8bbf8f9e,mobile,Ilium L610 Build/MRA58K,,chrome generic for android,,1,1,1,1.0
DP-f6eb3b5ce6531d54,desktop,MacOS,Mac OS X 10_12_3,safari generic,3360x2100,1,1,1,1.0
DP-f6ed15192f819fc5,desktop,,,chrome 57.0,,54,20,20,0.05
DP-f6eec72981bc9473,mobile,iOS Device,iOS 11.0.1,mobile safari generic,1334x750,7,7,7,0.14285714285714285
DP-f6f05745691a2e1a,desktop,Windows,other,opera,1280x720,1,1,1,1.0
DP-f6ff0cbfa37c7b44,mobile,SM-N900T Build/LRX21V,Android 5.0,chrome 63.0 for android,1920x1080,4,4,4,0.25
DP-f70629b6a904f732,desktop,MacOS,Mac OS X 10_13_4,chrome 66.0,3840x2400,4,3,3,0.3333333333333333
DP-f70ecfcb624aa48b,desktop,MacOS,Mac OS X 10_12_6,chrome 62.0,2304x1440,1,1,1,1.0
DP-f71ccf9c41658e2e,mobile,HUAWEI VNS-L53 Build/HUAWEIVNS-L53,,other,,1,1,1,1.0
DP-f72169217af36d31,mobile,ALE-L23 Build/HuaweiALE-L23,,chrome 66.0 for android,,32,13,13,0.07692307692307693
DP-f725f51250cfa8c1,desktop,MacOS,Mac OS X 10_13_4,safari generic,2880x1800,18,16,16,0.0625
DP-f7297b63d8c58fe0,mobile,SM-G950U Build/R16NW,Android 8.0.0,chrome generic for android,2220x1080,6,6,6,0.16666666666666666
DP-f72ebc228cd27deb,mobile,Moto,,chrome 65.0 for android,,2,1,1,1.0
DP-f733faddcc9dc82b,desktop,MacOS,Mac OS X 10_12_2,safari generic,1920x1080,1,1,1,1.0
DP-f736ce803cdeb801,mobile,VS988 Build/NRD90U,Android 7.0,chrome 62.0 for android,2672x1440,11,9,9,0.1111111111111111
DP-f7404d39488a7d85,desktop,MacOS,Mac OS X 10_13_2,safari 11.0,3360x2100,1,1,1,1.0
DP-f76517ce7589c49a,desktop,MacOS,Mac OS X 10_11_6,chrome 60.0,2560x1440,1,1,1,1.0
DP-f76d647d5d4564fc,desktop,rv:52.0,Mac OS X 10.12,firefox 52.0,1920x1080,1,1,1,1.0
DP-f7746a697ea97ee3,mobile,SM-G900M Build/MMB29M,,chrome 65.0 for android,,4,1,1,1.0
DP-f786688573f0fd5c,mobile,iOS Device,iOS 11.1.2,mobile safari 11.0,2001x1125,164,109,109,0.009174311926605505
DP-f78a41d243347e6d,mobile,iOS Device,iOS 11.3.1,chrome 66.0 for ios,2048x1536,9,4,4,0.25
DP-f78e0d2a0a555dec,desktop,MacOS,Mac OS X 10_12_6,safari 10.0,1280x800,3,2,2,0.5
DP-f78f4679f03bcbe9,mobile,Blade A510 Build/MRA58K,,chrome 64.0 for android,,5,3,3,0.3333333333333333
DP-f790b6b3679791c7,desktop,rv:50.0,Mac OS X 10.10,firefox,1680x1050,2,2,2,0.5
DP-f7928ce4ecc6652f,mobile,HTC One A9s Build/MRA58K,,chrome 64.0 for android,,1,1,1,1.0
DP-f795a67451ad8152,desktop,MacOS,Mac OS X 10_13_2,chrome 63.0,5120x2880,12,12,12,0.08333333333333333
DP-f79850d8a6cf08c1,mobile,PMID7102DC,,chrome 64.0 for android,,1,1,1,1.0
DP-f79ced1cb5e4f619,mobile,LG-X230 Build/MRA58K,,chrome generic for android,,18,4,4,0.25
DP-f7a63ae1d30df017,mobile,LG-H901,Android 7.0,chrome 64.0 for android,2560x1440,1,1,1,1.0
DP-f7a648abf069f48d,mobile,XT1063 Build/MPB24.65-34-3,,chrome 64.0 for android,,2,2,2,0.5
DP-f7af42a0b76a10b8,mobile,WAS-LX3 Build/HUAWEIWAS-LX3,,chrome 62.0 for android,,12,6,6,0.16666666666666666
DP-f7b8eff58ff5141e,mobile,LG-D373 Build/KOT49I.V10a,,chrome 61.0 for android,,1,1,1,1.0
DP-f7c1aed4769bcd06,desktop,Windows,Windows 7,chrome 66.0,1728x972,1,1,1,1.0
DP-f7c558792c298ca4,desktop,Linux x86_64,,firefox 59.0,,7,5,5,0.2
DP-f7ca7199bbd66636,mobile,iOS Device,iOS 10.3.1,mobile safari 10.0,2048x1536,37,24,24,0.041666666666666664
DP-f7de60fa4cdb7858,desktop,Windows,Windows 10,chrome 61.0,1600x900,2,2,2,0.5
DP-f7df2e90875ee6e0,mobile,SM-G900H Build/MMB29K,,chrome 62.0 for android,,1,1,1,1.0
DP-f7df45f5ba39f4d5,mobile,iOS Device,iOS 11.1.2,chrome 62.0 for ios,2048x1536,10,9,9,0.1111111111111111
DP-f7e09384d603b31d,desktop,rv:60.0,Mac OS X 10.9,firefox 60.0,1280x800,1,1,1,1.0
DP-f7ea09161392c588,mobile,TOMMY2,,chrome 62.0 for android,,1,1,1,1.0
DP-f7ea9c1ca89cc9e4,mobile,SM-J500M Build/MMB29M,,chrome 50.0 for android,,10,5,5,0.2
DP-f7ecb4cfc5d2e207,desktop,rv:59.0,Mac OS X 10.11,firefox 59.0,4096x2304,1,1,1,1.0
DP-f7f89974fbe0d9db,mobile,REVVLPLUS,Android 7.1.1,chrome generic for android,1920x1080,1,1,1,1.0
DP-f8022470c571b291,mobile,iOS Device,iOS 10.2.1,mobile safari 10.0,2048x1536,45,35,35,0.02857142857142857
DP-f8079d06349aeabe,mobile,HUAWEI VNS-L23 Build/HUAWEIVNS-L23,,chrome 54.0 for android,,1,1,1,1.0
DP-f813f53d8f87c1e7,mobile,E5506,,chrome generic for android,,1,1,1,1.0
DP-f8199d73ecee331b,desktop,MacOS,Mac OS X 10_12,safari 10.0,1440x900,4,1,1,1.0
DP-f81c347bf68a4676,mobile,IdeaTabA1000-F,,chrome 61.0 for android,,1,1,1,1.0
DP-f824f915444117c1,desktop,Trident/7.0,Windows 10,ie 11.0 for tablet,1366x768,51,34,34,0.029411764705882353
DP-f825520a41b9c2b9,mobile,MotoG3 Build/MPIS24.107-55-2-17,,chrome 58.0 for android,,1,1,1,1.0
DP-f82b3f51912e9ac5,desktop,CHC-U03 Build/HuaweiCHC-U03,,chrome generic,,28,13,13,0.07692307692307693
DP-f82ba1431b88d1f8,mobile,Moto Z2 Play Build/NPSS26.118-19-11,,chrome 64.0 for android,,1,1,1,1.0
DP-f82f09e2f8015741,desktop,MacOS,Mac OS X 10_13_1,chrome 62.0,3360x2100,10,9,9,0.1111111111111111
DP-f8323f5a8ba7c0e5,mobile,SAMSUNG-SM-G935A Build/NRD90M,Android 7.0,chrome 66.0 for android,1920x1080,1,1,1,1.0
DP-f836eb48b1cfddd9,desktop,Linux x86_64,Linux,firefox,1024x768,1,1,1,1.0
DP-f836f157732291bb,mobile,XT1225,,chrome generic for android,,1,1,1,1.0
DP-f8373d6c6d49eae9,desktop,rv:57.0,Windows 8.1,firefox 57.0,,1,1,1,1.0
DP-f83fcafe37133261,mobile,Moto Z2 Play Build/NPSS26.118-19-6,,chrome 63.0 for android,,10,4,4,0.25
DP-f85373cab165360c,mobile,Moto G Play Build/MPIS24.241-15.3-7,,chrome 56.0 for android,,1,1,1,1.0
DP-f856c1d228809eb8,mobile,SM-N950U Build/R16NW,Android 8.0.0,chrome 66.0 for android,2220x1080,5,5,5,0.2
DP-f858a1a7a74279d2,mobile,iOS Device,iOS 11.2.0,chrome 62.0 for ios,2732x2048,1,1,1,1.0
DP-f85abb95c669a500,mobile,Android,,android browser 4.0,,1,1,1,1.0
DP-f869af59eca0b428,desktop,MacOS,Mac OS X 10_12_4,chrome generic,2560x1600,2,1,1,1.0
DP-f86ec1cded47bed5,mobile,LG-H990 Build/NRD90M,,chrome 65.0 for android,,1,1,1,1.0
DP-f87085117c05b4ea,desktop,Windows,Windows 8.1,firefox 58.0,2160x1440,1,1,1,1.0
DP-f88187fd8d427ac8,mobile,MYA-L23,,chrome 62.0 for android,,1,1,1,1.0
DP-f8822e753ce3457e,mobile,SM-T670,Android 5.1.1,chrome 66.0 for android,1920x1080,3,1,1,1.0
DP-f896b4b4784bda5d,mobile,5025G Build/LMY47I,,chrome 62.0 for android,,8,4,4,0.25
DP-f89a543a7cfbc22a,mobile,SM-G930F Build/NRD90M,,chrome generic for android,,5,4,4,0.25
DP-f8a9d73b0fb6d393,mobile,XT1008,,chrome,,1,1,1,1.0
DP-f8aac6e6afc6dcbf,mobile,A952,,android webview 4.0,,1,1,1,1.0
DP-f8add9a34c59bc69,mobile,SM-T713 Build/NRD90M,,chrome generic for android,,1,1,1,1.0
DP-f8be014b84ba5f31,desktop,MacOS,Mac OS X 10_10_5,chrome 59.0,1680x1050,1,1,1,1.0
DP-f8bf2104ab7ac8f3,mobile,Gigaset,,chrome 65.0 for android,,1,1,1,1.0
DP-f8cf8a10c1a83658,mobile,SAMSUNG-SM-N900A Build/LRX21V,Android 5.0,chrome generic,1920x1080,1,1,1,1.0
DP-f8d3d0edea9a2a08,mobile,E6553,,chrome 63.0 for android,,3,3,3,0.3333333333333333
DP-f8db60099b386b47,desktop,Windows,Windows 7,firefox 52.0,1680x1050,1,1,1,1.0
DP-f8e341fb808679e1,mobile,SGH-I337M Build/LRX22C,,chrome 64.0 for android,,2,2,2,0.5
DP-f8ebf7db4f0f061f,mobile,Hisense F20 Build/MMB29M,,chrome 61.0 for android,,1,1,1,1.0
DP-f8f44b806686a3dc,desktop,rv:56.0,Mac OS X 10.12,firefox 56.0,1440x900,2,2,2,0.5
DP-f8f73e38817ff9cb,mobile,TA-1025,,chrome 65.0 for android,,1,1,1,1.0
DP-f8fceb80a8e182df,mobile,SM-J730GM Build/NRD90M,,chrome 62.0 for android,,6,4,4,0.25
DP-f8ff835a387656e6,mobile,XT1650 Build/NPLS26.118-20-5-3,,chrome 64.0 for android,,1,1,1,1.0
DP-f9008a81416cf178,mobile,LG-K200 Build/MXB48T,,LG/K-200,,1,1,1,1.0
DP-f9035b9d53aa2609,mobile,SM-A710M Build/NRD90M,,chrome 61.0 for android,,1,1,1,1.0
DP-f90632a4cd63f2e2,mobile,BAC-L03 Build/HUAWEIBAC-L03,,chrome 63.0 for android,,15,9,9,0.1111111111111111
DP-f90a29de8526544f,mobile,Z410,,chrome 61.0 for android,,1,1,1,1.0
DP-f90fa5ca81bd320f,desktop,Trident/7.0,Windows 7,ie 11.0 for desktop,1062x630,1,1,1,1.0
DP-f9108b5217d24f08,desktop,MacOS,Mac OS X 10_10_5,chrome 56.0,1440x900,1,1,1,1.0
DP-f914d781c4f8332d,desktop,MacOS,Mac,safari,1680x1050,2,2,2,0.5
DP-f91d6f954ca5ccde,mobile,SAMSUNG-SM-G920A Build/MMB29K,Android 6.0.1,chrome 63.0 for android,2560x1440,1,1,1,1.0
DP-f91f9f82e05a35ea,mobile,SM-T280 Build/LMY47V,,chrome 63.0 for android,,1,1,1,1.0
DP-f927b9b6507c9dc8,mobile,CHC-U03 Build/HuaweiCHC-U03,,chrome 58.0 for android,,2,2,2,0.5
DP-f927c027e1cd76e1,desktop,Windows,Windows 10,chrome 66.0,2256x1504,1,1,1,1.0
DP-f92e6230d36c2c25,mobile,LG-M700 Build/NMF26X,,chrome 65.0 for android,,59,19,19,0.05263157894736842
DP-f933c7d0a2037013,desktop,MacOS,Mac OS X 10_13_4,chrome 65.0,3600x2250,1,1,1,1.0
DP-f93c06acfe7390a8,mobile,SM-J700M Build/MMB29K,,chrome 66.0 for android,,48,24,24,0.041666666666666664
DP-f949904f532559fa,mobile,SAMSUNG SM-G891A Build/NRD90M,,samsung browser 6.2,,1,1,1,1.0
DP-f94bd43935a9edd9,desktop,Trident/7.0,Windows 10,ie 11.0 for desktop,1279x1023,1,1,1,1.0
DP-f94fd803fa3266e0,mobile,SM-G531H Build/LMY48B,,chrome 64.0 for android,,64,19,19,0.05263157894736842
DP-f9550242deb1cec5,mobile,LG-H542 Build/LRX22G,,chrome 52.0 for android,,3,1,1,1.0
DP-f95a3f6a8462802c,mobile,HUAWEI CUN-L03 Build/HUAWEICUN-L03,,chrome 65.0 for android,,3,1,1,1.0
DP-f95e1c768d1974ff,mobile,PLAYTAB,,chrome 55.0 for android,,1,1,1,1.0
DP-f9628b3a12f7d19b,desktop,Windows,Windows 7,chrome 59.0,2560x1080,3,1,1,1.0
DP-f9635ac834db15db,mobile,NYX_A1,,chrome 63.0 for android,,1,1,1,1.0
DP-f96cdf59df42dbcd,mobile,SM-G950U1 Build/NRD90M,Android 7.0,chrome 63.0 for android,2220x1080,7,5,5,0.2
DP-f97a09b70e3f76fa,desktop,Windows,Windows 8.1,chrome 65.0,1440x900,6,6,6,0.16666666666666666
DP-f98e6ef5002f3e40,desktop,Trident/7.0,Windows 7,ie 11.0 for desktop,1024x768,37,31,31,0.03225806451612903
DP-f99103bc640b2ee0,mobile,SM-A710M Build/LMY47X,,chrome 57.0 for android,,1,1,1,1.0
DP-f9924e8a9ee47427,mobile,VS425PP Build/LMY47V,Android 5.1.1,android browser 4.0,855x480,1,1,1,1.0
DP-f994e62026a40d2d,mobile,LG-H420 Build/LRX21Y,,chrome 49.0 for android,,1,1,1,1.0
DP-f9a6b7a593925010,mobile,SM-G925V Build/NRD90M,Android 7.0,chrome 61.0 for android,2560x1440,11,2,2,0.5
DP-f9a9bfcc665511f9,desktop,,Android,chrome,1366x768,1,1,1,1.0
DP-f9b30a098fa2a6a8,desktop,Windows,Windows 7,opera 49.0,1366x768,2,2,2,0.5
DP-f9bdf97cdc379bbb,mobile,es-mx,,android webview 4.0,,1,1,1,1.0
DP-f9c1a9e9795c10df,mobile,F3111 Build/33.3.A.1.97,,chrome 64.0 for android,,1,1,1,1.0
DP-f9c49fdeda747e71,desktop,Windows,Windows 10,chrome 58.0,3840x2160,2,1,1,1.0
DP-f9c575341d1fd9c4,mobile,LG-D693n Build/LRX22G,,chrome 60.0 for android,,10,6,6,0.16666666666666666
DP-f9c5d738894e9a9c,desktop,rv:56.0,Mac OS X 10.10,firefox 56.0,1440x900,1,1,1,1.0
DP-f9c5f171a6c04390,mobile,LGMS550 Build/MXB48T,,chrome 55.0 for android,,1,1,1,1.0
DP-f9c63c3e9065f60d,desktop,BOIE9,Windows 7,ie 11.0 for desktop,1600x900,1,1,1,1.0
DP-f9cef114f46e0fde,mobile,rv:57.0,Android 7.0,Generic/Android 7.0,2368x1440,1,1,1,1.0
DP-f9cf06319e5747e7,desktop,Trident/7.0,Windows 7,ie 11.0 for desktop,1600x837,2,1,1,1.0
DP-f9d8d35f05f22a59,desktop,MacOS,Mac OS X 10_13_2,chrome 62.0,1360x768,1,1,1,1.0
DP-f9deedfedaa434a1,desktop,Windows,Windows 8.1,firefox 57.0,1920x1200,2,2,2,0.5
DP-f9e512422e16d058,mobile,Lenovo K33b36 Build/MMB29M,,chrome 65.0 for android,,7,4,4,0.25
DP-f9eae94a8e5342fc,desktop,rv:11.0,Windows 7,ie 11.0 for desktop,1280x1023,3,3,3,0.3333333333333333
DP-f9ff8e022a21116c,desktop,Windows,Windows 10,firefox 57.0,3840x2160,17,11,11,0.09090909090909091
DP-fa00068cf04dcd31,mobile,F5121 Build/34.3.A.0.252,,chrome 65.0 for android,,2,2,2,0.5
DP-fa14d8af45bcb599,mobile,SM-A300H Build/LRX22G,,chrome 66.0 for android,,11,8,8,0.125
DP-fa2aee012addb049,mobile,LGMS428,,chrome 64.0 for android,,2,1,1,1.0
DP-fa3372f482cb6305,mobile,LG-H735 Build/LMY47V,,chrome 63.0 for android,,1,1,1,1.0
DP-fa38b6e8ac3fcda5,desktop,rv:59.0,Mac OS X 10.13,firefox 59.0,2560x1440,1,1,1,1.0
DP-fa407234926ea5a4,mobile,SM-G950W,Android 8.0.0,chrome 65.0 for android,2220x1081,1,1,1,1.0
DP-fa4325a9b1fe8317,mobile,LG-X240 Build/MRA58K,,chrome 62.0 for android,,4,4,4,0.25
DP-fa5156dcde25fcde,desktop,rv:57.0,Mac OS X 10.12,firefox 57.0,2560x1600,25,19,19,0.05263157894736842
DP-fa53a78bb3531789,mobile,SM-G610M Build/MMB29K,,chrome 58.0 for android,,1,1,1,1.0
DP-fa5f600286d98bc6,mobile,ALE-L21 Build/HuaweiALE-L21,,chrome 63.0 for android,,14,5,5,0.2
DP-fa6caafd0b4922b0,mobile,SM-J500G,,chrome 55.0 for android,,1,1,1,1.0
DP-fa7010eb210271bb,mobile,SM-A720F Build/NRD90M,,chrome generic for android,,4,3,3,0.3333333333333333
DP-fa75070a90798aad,mobile,D6708,Android 5.1.1,chrome 61.0 for android,1920x1080,1,1,1,1.0
DP-fa77b2940e208757,desktop,Windows,Windows 7,chrome 63.0,1680x1050,226,132,132,0.007575757575757576
DP-fa79ff520b8f6e55,mobile,SM-G531H Build/LMY48B,,chrome 54.0 for android,,2,2,2,0.5
DP-fa7da02f9d9a2bad,mobile,Moto C Build/NRD90M.054,,chrome generic for android,,1,1,1,1.0
DP-fa8b96cfc373bd95,mobile,5015A Build/LMY47I,,chrome 66.0 for android,,1,1,1,1.0
DP-fa93f11f115f81cc,mobile,LG-X165g Build/LRX21M,,chrome 63.0 for android,,1,1,1,1.0
DP-fa943f81a27b4437,mobile,iOS Device,iOS 10.3.3,mobile safari generic,2224x1668,1,1,1,1.0
DP-faad6f0959292ab6,mobile,iOS Device,iOS 10.3.2,mobile safari 10.0,1136x640,27,21,21,0.047619047619047616
DP-fab6fa61f44d78aa,mobile,LG-K428 Build/NRD90U,Android 7.0,chrome 62.0 for android,1280x720,1,1,1,1.0
DP-fab71a6a544a6d03,mobile,SM-T113 Build/KTU84P,,chrome 65.0 for android,,1,1,1,1.0
DP-fab9c6d8d952071e,desktop,rv:49.0,Mac OS X 10.12,firefox,1280x800,2,1,1,1.0
DP-fabdbda27a958ce9,mobile,F8331,,chrome 64.0 for android,,1,1,1,1.0
DP-fac0e2b12ff1d7b5,mobile,LG-K420,,chrome 65.0 for android,,1,1,1,1.0
DP-fac1d1afd081475b,mobile,XT1008 Build/LPBS23.13-56-2,,chrome 65.0 for android,,1,1,1,1.0
DP-fac613f8e01bf2cc,desktop,Windows,Windows 7,chrome 62.0,1280x1025,11,9,9,0.1111111111111111
DP-fac9094af4f74a08,desktop,rv:52.0,,firefox,,20,7,7,0.14285714285714285
DP-facddbd349af59b8,desktop,Moto G (5) Plus Build/NPN25.137-15,,chrome generic,,1,1,1,1.0
DP-fad4cf71e5ffe55b,mobile,LG-K410 Build/LRX22G,,chrome 61.0 for android,,10,8,8,0.125
DP-fae1bec0c510eea9,mobile,MacOS,Mac OS X 10_11_6,other,2560x1600,2,1,1,1.0
DP-fae4754e38924244,mobile,GT-I8190L Build/JZO54K,,chrome 63.0 for android,,1,1,1,1.0
DP-fae9a6622a33ac20,mobile,LGLS755,,chrome 63.0 for android,,1,1,1,1.0
DP-fafd75f4f6829ed9,mobile,SM-N910C Build/MMB29K,,chrome 61.0 for android,,2,1,1,1.0
DP-fb0256ff288c03ce,desktop,rv:52.0,Mac OS X 10.11,firefox 52.0,2560x1600,1,1,1,1.0
DP-fb0743b065de7d65,mobile,VS995 Build/NRD90M,Android 7.0,chrome 59.0 for android,2560x1440,1,1,1,1.0
DP-fb117aaeb180186d,mobile,SM-G925T Build/NRD90M,,chrome 62.0 for android,,1,1,1,1.0
DP-fb1416006c33f1a3,mobile,HUAWEI NXT-L09 Build/HUAWEINXT-L09,,chrome 62.0 for android,,2,2,2,0.5
DP-fb1bb41d95f6c773,mobile,M4 SS4451 Build/LMY47D,,chrome 59.0 for android,,1,1,1,1.0
DP-fb2ba408f593b7ee,desktop,Windows,Windows 10,edge 15.0,2255x1503,1,1,1,1.0
DP-fb30fc279042eeac,desktop,SGH-I747M,,chrome generic,,1,1,1,1.0
DP-fb341f9cb1dad14f,desktop,Windows,Windows Vista,chrome,1280x800,1,1,1,1.0
DP-fb47415a25431984,mobile,SM-T580 Build/NRD90M,,chrome 64.0 for android,,1,1,1,1.0
DP-fb534480af14c515,desktop,MacOS,Mac OS X 10_11_6,safari generic,1680x1050,25,24,24,0.041666666666666664
DP-fb537caf88e0577c,desktop,MacOS,Mac OS X 10_12_6,safari 11.0,3360x2100,3,3,3,0.3333333333333333
DP-fb560de10f1ece57,mobile,5011A Build/NRD90M,,chrome 65.0 for android,,6,4,4,0.25
DP-fb563be8bff644be,desktop,rv:11.0,Windows 7,ie 11.0 for desktop,1680x1049,1,1,1,1.0
DP-fb5676a13d053550,mobile,SM-T530 Build/LRX22G,,chrome 63.0 for android,,1,1,1,1.0
DP-fb5784abc5857911,mobile,iOS Device,iOS 11.2.5,mobile safari generic,2732x2048,17,14,14,0.07142857142857142
DP-fb585d2c780d6bda,desktop,rv:55.0,Windows 7,firefox 55.0,1920x1080,1,1,1,1.0
DP-fb5d9f923e7318a3,desktop,MacOS,Mac OS X 10_10_5,safari generic,1152x720,4,3,3,0.3333333333333333
DP-fb616eb4a370236a,mobile,SM-G550T1 Build/MMB29K,Android 6.0.1,chrome 63.0 for android,1280x720,10,4,4,0.25
DP-fb64651905cf4d69,mobile,SAMSUNG SM-G930F Build/NRD90M,,other,,1,1,1,1.0
DP-fb766ee66b6a7ca1,mobile,LG-H650 Build/LMY47V,,chrome 64.0 for android,,1,1,1,1.0
DP-fb7e8a97c60bd7c8,mobile,Blade A465 Build/LMY47D,,chrome 64.0 for android,,1,1,1,1.0
DP-fb867e212d7ec456,mobile,SM-J700M Build/LMY48B,,chrome 54.0 for android,,1,1,1,1.0
DP-fb8da87361caf9e7,desktop,Windows,Windows 7,firefox 57.0,1280x720,2,2,2,0.5
DP-fb950b94ec9dc472,mobile,Nexus 5 Build/M4B30Z,,chrome 64.0 for android,,1,1,1,1.0
DP-fb955b52e603a374,mobile,F3313 Build/37.0.A.2.108,,chrome 63.0 for android,,27,11,11,0.09090909090909091
DP-fb96f58c965a9735,mobile,SAMSUNG-SM-G900A Build/MMB29M,Android 6.0.1,chrome 62.0 for android,1920x1080,2,2,2,0.5
DP-fb9b5df02614ea4f,mobile,iOS Device,iOS 11.2.6,mobile safari generic,2048x1536,154,97,97,0.010309278350515464
DP-fb9fda6806dfb6e0,mobile,,Android,chrome 58.0,960x540,1,1,1,1.0
DP-fba39238235de312,mobile,Moto C Build/NRD90M.063,,chrome 62.0 for android,,9,6,6,0.16666666666666666
DP-fbae818e59661f08,mobile,SM-G950U Build/NRD90M,,chrome generic for android,,1,1,1,1.0
DP-fbb880dddd7e6232,mobile,SM-T820 Build/NRD90M,,chrome 66.0 for android,,1,1,1,1.0
DP-fbc0e92b0f243f53,desktop,MacOS,Mac OS X 10_13_4,chrome generic,3360x2100,4,4,4,0.25
DP-fbc35906cccd67b0,mobile,Build/OPR6.170623.013,Android 8.0.0,,,4,3,3,0.3333333333333333
DP-fbc4f64f7d5d4247,mobile,HP,,chrome 60.0 for android,,1,1,1,1.0
DP-fbca8a9786df3585,mobile,SLA-L03 Build/HUAWEISLA-L03,,chrome 65.0 for android,,15,9,9,0.1111111111111111
DP-fbd04f0f1badcbb6,mobile,Alcatel_5044R Build/NRD90M,Android 7.0,chrome 63.0 for android,,1,1,1,1.0
DP-fbd538e8ce2f6ffb,mobile,SM-A510M Build/MMB29K,,chrome generic for android,,1,1,1,1.0
DP-fbdcf61391e9512c,mobile,SM-G925V Build/NRD90M,,chrome 63.0 for android,,1,1,1,1.0
DP-fbdf33df312ed5d0,desktop,rv:57.0,Mac OS X 10.9,firefox 57.0,2560x1600,1,1,1,1.0
DP-fbe553b9420ed9aa,mobile,F3213 Build/36.1.A.1.86,,chrome 62.0 for android,,15,7,7,0.14285714285714285
DP-fbeb7c739329acaf,mobile,Z832 Build/MMB29M,Android 6.0.1,chrome 46.0 for android,855x480,5,1,1,1.0
DP-fbf38cdbea35a592,mobile,Nexus 5X Build/OPM3.171019.013,,chrome 63.0 for android,,2,1,1,1.0
DP-fbfead548f294311,desktop,Windows,Windows 10,opera 52.0,1920x1080,1,1,1,1.0
DP-fc02d0eccd6a1b3d,mobile,RS988 Build/MMB29M,Android 6.0.1,chrome 63.0 for android,2560x1440,5,1,1,1.0
DP-fc054bea2320ee57,mobile,E2306 Build/26.3.A.1.33,,chrome 65.0 for android,,6,6,6,0.16666666666666666
DP-fc19867e6f002b82,mobile,Blade A510 Build/MRA58K,,chrome generic for android,,4,1,1,1.0
DP-fc23fa8481fba22a,desktop,MacOS,Mac OS X 10_12_5,safari generic,2048x1280,2,1,1,1.0
DP-fc2706ae7bd1dce0,mobile,5011A Build/NRD90M,,chrome 62.0 for android,,1,1,1,1.0
DP-fc29648a94ceffd7,mobile,XT1064 Build/MPB24.65-34-3,,chrome 61.0 for android,,1,1,1,1.0
DP-fc2afe436f56452d,mobile,SM-J500M Build/MMB29M,,chrome 61.0 for android,,3,2,2,0.5
DP-fc306a4650062ee2,mobile,SM-G935P Build/NRD90M,,chrome 63.0 for android,,2,2,2,0.5
DP-fc33b487b9aefd8b,mobile,S60 Build/MMB29M,,chrome 63.0 for android,,1,1,1,1.0
DP-fc35f46c1f8d22cc,mobile,ALP-L09 Build/HUAWEIALP-L09,,chrome 66.0 for android,,1,1,1,1.0
DP-fc3e5d4a9f4d5926,mobile,SM-A520F Build/NRD90M,,chrome 65.0 for android,,25,16,16,0.0625
DP-fc3f946358ed0f52,mobile,HUAWEI G7-L03 Build/HuaweiG7-L03,,chrome 57.0 for android,,1,1,1,1.0
DP-fc40437a8d462c87,mobile,M4 SS4457 Build/MRA58K,,chrome 63.0 for android,,4,3,3,0.3333333333333333
DP-fc41e1ce81ab3d0e,mobile,LG-E975,,chrome 57.0 for android,,2,1,1,1.0
DP-fc45d9609d164704,mobile,Pixel 2 Build/OPM1.171019.011,,chrome 63.0 for android,,1,1,1,1.0
DP-fc5992925baeccb3,mobile,G8141,,chrome 66.0 for android,,1,1,1,1.0
DP-fc701b0045a5723f,mobile,MotoG3-TE Build/MPDS24.65-33-1-30,,chrome 54.0 for android,,1,1,1,1.0
DP-fc76f105aa6e5407,mobile,ASUS_P00J,Android 7.0,chrome 63.0 for android,,1,1,1,1.0
DP-fc8224ad4bf5600e,desktop,MacOS,Mac OS X 10_10_5,safari 9.0,1440x900,2,1,1,1.0
DP-fc8436a044459772,mobile,HTC Desire 626s Build/LMY47O,,chrome 55.0 for android,,3,3,3,0.3333333333333333
DP-fc9657ebfe8d3be6,mobile,SAMSUNG-SM-G900A Build/LRX21T,Android 5.0,chrome 64.0 for android,1920x1080,2,1,1,1.0
DP-fc975881352d97ca,mobile,XT1650,,chrome 66.0 for android,,2,2,2,0.5
DP-fc9d981f60668386,desktop,Windows,Windows Vista,firefox 52.0,1360x768,7,1,1,1.0
DP-fc9de9edfcc7b592,desktop,rv:52.0,,firefox 52.0,,40,27,27,0.037037037037037035
DP-fca5ee7e65e843fe,desktop,MacOS,Mac OS X 10_13_4,chrome 66.0,1152x720,2,2,2,0.5
DP-fca608c486a47cd9,desktop,Windows,Windows 10,chrome 62.0,3840x2160,26,19,19,0.05263157894736842
DP-fcada4c75bf9ff1a,desktop,MacOS,Mac OS X 10_7_5,chrome 49.0,1344x756,1,1,1,1.0
DP-fcbc7210c50d7afc,mobile,iOS Device,iOS 10.1.1,mobile safari 10.0,1136x640,11,9,9,0.1111111111111111
DP-fcbfc1f1d9a6d188,mobile,Hisense L675 Build/MRA58K,,chrome 61.0 for android,,1,1,1,1.0
DP-fcc2a9ece7e96eb5,mobile,Redmi 5 Plus Build/N2G47H,,chrome 64.0 for android,,1,1,1,1.0
DP-fcc4f3667989b77c,desktop,Windows NT 6.2,Windows 8,ie,1138x640,1,1,1,1.0
DP-fcc5f2da70a5f35c,desktop,MacOS,Mac OS X 10_11_6,chrome 62.0,5120x2880,2,1,1,1.0
DP-fcd22c8c8878acb8,desktop,MacOS,Mac OS X 10_10_5,chrome 62.0,1600x900,4,4,4,0.25
DP-fce0918c5ad13997,mobile,HUAWEI Build/MMB28B,,chrome 63.0 for android,,1,1,1,1.0
DP-fcf987c3414b33b2,mobile,SM-G900I,,chrome 61.0 for android,,1,1,1,1.0
DP-fd05d547aec0745c,mobile,SAMSUNG SM-J700T Build/NMF26X,,samsung browser 6.2,,1,1,1,1.0
DP-fd1094f3871c7fc1,mobile,XT1064 Build/MPB24.65-34-3,,chrome 64.0 for android,,5,3,3,0.3333333333333333
DP-fd21c0eab218ac30,desktop,Windows,Windows 10,edge 14.0,3840x2160,4,4,4,0.25
DP-fd222816fd801abc,desktop,MacOS,Mac OS X 10_11_6,safari generic,1280x800,218,111,111,0.009009009009009009
DP-fd231301a0bd7ec2,mobile,SM-A510M Build/MMB29K,,chrome 64.0 for android,,2,2,2,0.5
DP-fd596ef1ac56eaca,desktop,MacOS,Mac OS X 10_13_2,chrome 66.0,1440x900,1,1,1,1.0
DP-fd61dd762d219206,desktop,rv:57.0,,firefox 57.0,,203,89,89,0.011235955056179775
DP-fd667851aa6c6d11,mobile,SAMSUNG SM-G610M Build/NRD90M,,samsung browser generic,,2,2,2,0.5
DP-fd69b7c14fe07223,desktop,MacOS,Mac OS X 10_10_5,chrome 62.0,1920x1200,1,1,1,1.0
DP-fd6af6d14e160877,mobile,HUAWEI,,chrome 58.0 for android,,1,1,1,1.0
DP-fd6f55cc7f4bb2d0,mobile,SM-J327T1 Build/NRD90M,,chrome 60.0 for android,,1,1,1,1.0
DP-fd716e8884736d70,mobile,SM-J701M Build/NRD90M,,chrome 60.0 for android,,8,2,2,0.5
DP-fd786a9d06ce09ba,mobile,D5306 Build/19.4.A.0.182,,chrome 60.0 for android,,1,1,1,1.0
DP-fd82a38e2dc74251,mobile,R831L,,chrome 65.0 for android,,1,1,1,1.0
DP-fd8aecf728c8cbbf,desktop,Trident/7.0,Windows 8.1,ie 11.0 for desktop,2160x1440,7,5,5,0.2
DP-fd9599c5af1d16a4,mobile,VS501 Build/NRD90U,Android 7.0,chrome 66.0 for android,1280x720,1,1,1,1.0
DP-fd9f59fc243d211a,mobile,LG-X220 Build/LMY47I,,chrome 50.0 for android,,10,6,6,0.16666666666666666
DP-fda2e6ce3dfa3cc1,mobile,SM-G955U Build/NRD90M,Android 7.0,chrome 65.0 for android,2220x1080,3,2,2,0.5
DP-fda6100f86cbfa96,desktop,rv:59.0,Mac OS X 10.12,firefox 59.0,1440x900,3,3,3,0.3333333333333333
DP-fdb74ef15bbf9fa9,mobile,Moto G Play Build/NJH47F,,chrome 63.0 for android,,1,1,1,1.0
DP-fdba0c3940d662b0,desktop,Windows,Windows 7,chrome 63.0,1360x768,25,18,18,0.05555555555555555
DP-fdc86f90556cad34,desktop,,Linux,chrome 56.0,1280x720,1,1,1,1.0
DP-fddf7bc809caf1b5,mobile,LG-H542 Build/LRX22G,,chrome 64.0 for android,,2,2,2,0.5
DP-fdec9d2fe19b1477,mobile,TA-1025 Build/OPR1.170623.026,,chrome 66.0 for android,,2,2,2,0.5
DP-fdf147d8e303df3f,desktop,Linux x86_64,Linux,firefox 59.0,1366x768,1,1,1,1.0
DP-fdfff023ad401336,mobile,SAMSUNG SM-G928G Build/NRD90M,,samsung browser generic,,2,2,2,0.5
DP-fe015e07da28766e,desktop,MacOS,Mac OS X 10_11_6,chrome 55.0,2560x1600,1,1,1,1.0
DP-fe0459022fb0931b,mobile,iOS Device,iOS 11.2.5,mobile safari 11.0,2001x1125,6,5,5,0.2
DP-fe196f70d76e0d6a,mobile,LG-K212,Android 6.0.1,chrome 66.0 for android,1280x720,1,1,1,1.0
DP-fe1e85e03efcadf8,mobile,SM-G920P,Android 6.0.1,chrome 66.0 for android,2560x1440,4,2,2,0.5
DP-fe1fb4cba5dcb4c6,desktop,MacOS,Mac OS X 10_13_4,chrome 64.0,1440x900,1,1,1,1.0
DP-fe2f3b71a12ca49d,mobile,SM-T710 Build/NRD90M,,chrome 64.0 for android,,8,3,3,0.3333333333333333
DP-fe342e81f3ba4ff0,desktop,,Linux,chrome 62.0,1280x1024,3,3,3,0.3333333333333333
DP-fe3657f52500c415,mobile,ALE-L23 Build/HuaweiALE-L23,,chrome 64.0 for android,,71,22,22,0.045454545454545456
DP-fe36ba42c00d012c,mobile,SM-G610M Build/MMB29K,,chrome 61.0 for android,,2,2,2,0.5
DP-fe3929c1265f40eb,mobile,SAMSUNG-SM-G900A Build/KOT49H,,chrome 66.0 for android,,1,1,1,1.0
DP-fe3e4b8a8d689e6a,desktop,MacOS,Mac OS X 10_11_6,opera 49.0,5120x2880,1,1,1,1.0
DP-fe44d8a211aea4f0,mobile,LG-K220 Build/MXB48T,,chrome 63.0 for android,,8,5,5,0.2
DP-fe483e696cf8a569,mobile,iOS Device,iOS 11.2.6,google,2208x1242,1,1,1,1.0
DP-fe5ef7e71d0b6376,mobile,LGUS992,Android 7.0,chrome generic for android,2560x1440,1,1,1,1.0
DP-fe5f086ec1ae4616,desktop,MacOS,Mac OS X 10_12_5,chrome 60.0,3360x2100,1,1,1,1.0
DP-fe66c2dd93837ef6,mobile,LG-D331,,chrome 64.0 for android,,1,1,1,1.0
DP-fe6c4afc7ad17e0a,mobile,SM-J730GM Build/NRD90M,,android webview 4.0,,3,2,2,0.5
DP-fe6d2616b517795d,desktop,rv:46.0,,firefox,,1,1,1,1.0
DP-fe77521489c18650,desktop,rv:60.0,Mac OS X 10.13,firefox generic,3360x2100,1,1,1,1.0
DP-fe7a336f20b6f772,desktop,MacOS,Mac OS X 10_13_2,chrome 62.0,4096x2304,1,1,1,1.0
DP-fe7f7fa7c18c9b53,mobile,F3213 Build/36.1.A.1.86,,chrome 66.0 for android,,10,7,7,0.14285714285714285
DP-fe828a7740cf8367,desktop,Windows,Windows XP,firefox,1024x768,1,1,1,1.0
DP-fe931828eae13c2a,desktop,LG-D320 Build/KOT49I.V10a,,chrome generic,,63,33,33,0.030303030303030304
DP-fe959b5217730c1a,desktop,,Linux,chrome 63.0,1366x768,68,41,41,0.024390243902439025
DP-fe9bb80501e4f59a,desktop,MacOS,Mac OS X 10_11_4,chrome 61.0,1440x900,1,1,1,1.0
DP-fe9e57914532bfdc,mobile,iOS Device,iOS 11.0.3,mobile safari uiwebview,2208x1242,2,2,2,0.5
DP-fe9ff1df432aa1cd,mobile,SAMSUNG SM-J320FN Build/LMY47V,,chrome generic,,2,2,2,0.5
DP-feaf1b184c4d0881,mobile,iOS Device,iOS 9.3.5,chrome,1024x768,1,1,1,1.0
DP-feb14e14a8135a4e,mobile,HTC Desire 10 lifestyle Build/MMB29M,,chrome 62.0 for android,,8,5,5,0.2
DP-feb220c295174788,mobile,iOS Device,iOS 9.3.5,mobile safari 9.0,2001x1125,1,1,1,1.0
DP-feb9ed73bc7aab04,desktop,Windows,Windows 10,chrome 65.0,3000x2000,7,6,6,0.16666666666666666
DP-fec3a5966fb223ca,mobile,SM-G900R4,Android 6.0.1,chrome 62.0 for android,1920x1080,1,1,1,1.0
DP-fec4c49f4315c40c,mobile,XT1008,,chrome 63.0 for android,,2,2,2,0.5
DP-fed99780aee698b1,desktop,Windows,Windows 7,chrome,1920x1200,3,2,2,0.5
DP-fed9a9c2159516d3,desktop,,,firefox 60.0,,3,3,3,0.3333333333333333
DP-fedccbb651bee39f,mobile,SAMSUNG SM-A520F Build/NRD90M,,samsung browser 5.2,,1,1,1,1.0
DP-fedd8c4931966d0d,desktop,Windows,Windows 7,chrome 65.0,1600x1200,5,4,4,0.25
DP-feef32c74aff1524,mobile,SM-P580 Build/NRD90M,Android 7.0,chrome 63.0 for android,1920x1200,1,1,1,1.0
DP-fef11d3c43e80f2b,desktop,MacOS,Mac OS X 10_13_2,chrome 62.0,1920x1080,5,4,4,0.25
DP-fef9348988bfa175,desktop,Windows,Windows 10,edge 16.0,1919x1079,28,18,18,0.05555555555555555
DP-ff047bbe95c2a786,desktop,Windows,Windows 10,chrome 60.0,1920x1080,58,28,28,0.03571428571428571
DP-ff0f09d6e7343f82,mobile,SM-S120VL,Android 6.0.1,chrome 62.0 for android,801x480,1,1,1,1.0
DP-ff13590ff9684115,desktop,Windows,Windows 10,chrome 65.0,1502x844,4,3,3,0.3333333333333333
DP-ff1e72e5d9ad3677,mobile,LGMS330 Build/LMY47V,Android 5.1.1,chrome 51.0 for android,855x480,1,1,1,1.0
DP-ff1ed241c62d3476,mobile,F3113 Build/33.3.A.1.97,,chrome generic for android,,1,1,1,1.0
DP-ff1f9ae88693678d,mobile,LG-M327 Build/NRD90U,,chrome 56.0 for android,,2,1,1,1.0
DP-ff220461e7a20399,desktop,MacOS,Mac OS X 10_9_5,chrome 63.0,2880x1800,8,7,7,0.14285714285714285
DP-ff333fd8e4028d6d,mobile,SM-T827V Build/NRD90M,Android 7.0,chrome 63.0 for android,,1,1,1,1.0
DP-ff358e5053e6a409,desktop,Trident/7.0,Windows 10,ie 11.0 for tablet,1679x1049,5,3,3,0.3333333333333333
DP-ff48968621c5d189,mobile,orbis,,chrome 63.0 for android,,3,2,2,0.5
DP-ff4d27110ee57ebf,mobile,SM-G935V,Android 6.0.1,chrome 63.0 for android,2560x1440,1,1,1,1.0
DP-ff51ba14955a8a4a,mobile,SM-N910F Build/MMB29M,,chrome 64.0 for android,,10,2,2,0.5
DP-ff552461ae3bb3dd,desktop,Windows,Windows 10,firefox 57.0,3201x1800,2,1,1,1.0
DP-ff6b8338ca8553a6,mobile,SM-N950F Build/NMF26X,,chrome 59.0 for android,,1,1,1,1.0
DP-ff6d4b0a34d20485,mobile,iOS Device,iOS 10.3.2,mobile safari generic,1136x640,7,5,5,0.2
DP-ff81bae26ed34d55,mobile,SM-G550T Build/MMB29K,Android 6.0.1,chrome 59.0 for android,1280x720,3,3,3,0.3333333333333333
DP-ff83c8b2267208ab,mobile,CPH1701,,chrome 64.0 for android,,3,3,3,0.3333333333333333
DP-ff89250c586bf59a,desktop,rv:53.0,Windows 10,firefox,1600x900,1,1,1,1.0
DP-ff8aff50a1dbd491,mobile,iOS Device,iOS 11.2.5,google search application 49.0,1334x750,1,1,1,1.0
DP-ff91524dbe561c8c,desktop,MacOS,Mac OS X 10_12_5,chrome 64.0,2880x1800,2,2,2,0.5
DP-ff9569cac8478841,desktop,,,firefox 58.0,,47,29,29,0.034482758620689655
DP-ff957d5d1d45f9d4,desktop,rv:52.0,Windows 10,firefox,1366x768,8,5,5,0.2
DP-ffa17d82735b8410,mobile,XT1565,Android 7.1.1,chrome 65.0 for android,1920x1080,1,1,1,1.0
DP-ffa2c8d139930a8c,desktop,Windows,Windows 10,firefox 55.0,1920x1080,1,1,1,1.0
DP-ffa78bf598a15095,mobile,SM-A720F Build/NRD90M,,chrome 66.0 for android,,12,8,8,0.125
DP-ffab70dca2552537,desktop,Trident/7.0,Windows 7,ie 11.0 for desktop,1280x720,16,15,15,0.06666666666666667
DP-ffb06f607215267c,mobile,LG-D320 Build/KOT49I.V10a,,chrome 63.0 for android,,1,1,1,1.0
DP-ffb1e6aaf64150d2,mobile,LG-H420 Build/LRX21Y,,other,,2,2,2,0.5
DP-ffb4a7899558593e,mobile,SM-G928V,,chrome 63.0 for android,,2,2,2,0.5
DP-ffb4e1ab70987944,mobile,SAMSUNG-SM-G900A Build/LRX21T,Android 5.0,chrome 62.0 for android,1920x1080,3,2,2,0.5
DP-ffbb508e0c5a9cb8,mobile,SM-G900P Build/MMB29M,Android 6.0.1,android webview 4.0,1920x1080,1,1,1,1.0
DP-ffbf2027d388e0c6,mobile,Moto G (4) Build/NPJS25.93-14-10,,chrome generic,,99,31,31,0.03225806451612903
DP-ffc647afd52f0253,mobile,Pixel Build/OPM2.171019.029,Android 8.1.0,chrome 65.0 for android,1921x1081,5,4,4,0.25
DP-ffcc8b0a1a0255dd,desktop,Windows,Windows 10,edge 16.0,1366x767,257,32,32,0.03125
DP-ffd8d45570587723,mobile,SAMSUNG-SM-N920A Build/NRD90M,,chrome 64.0 for android,,1,1,1,1.0
DP-ffddb7b9ed104ed9,mobile,SAMSUNG SM-G610M Build/MMB29K,,samsung browser 4.0,,3,3,3,0.3333333333333333
DP-ffdfbc1530ae8a85,mobile,SM-G930T Build/NRD90M,Android 7.0,chrome 66.0 for android,1920x1080,7,5,5,0.2
DP-ffe6dac7ff2623a8,desktop,Windows,Windows 10,ie 11.0 for tablet,1440x900,1,1,1,1.0
DP-ffee4e540dfb9bc3,desktop,MacOS,Mac OS X 10_12_5,chrome 58.0,1366x768,1,1,1,1.0
DP-fff2378af79986c2,mobile,HUAWEI VNS-L53 Build/HUAWEIVNS-L53,,chrome 64.0 for android,,29,12,12,0.08333333333333333
DP-fff502b459602f31,mobile,E5506 Build/29.2.A.0.166,,chrome 63.0 for android,,7,3,3,0.3333333333333333
DP-fffd4bee810d7314,desktop,MacOS,Mac OS X 10_9_5,,1920x1080,1,1,1,1.0
