from_case_id,to_txn_id,is_first_fraud,sequence_in_case
CC-0001,3000120,True,1
CC-0002,3000332,True,1
CC-0003,3000607,False,1
CC-0004,3000906,True,1
CC-0004,3001040,False,2
CC-0005,3000183,True,1
CC-0006,3001230,True,1
CC-0007,3000264,True,1
CC-0008,3001018,True,1
CC-0009,3002486,False,1
CC-0010,3002792,False,1
CC-0011,3000989,True,1
CC-0012,3002019,True,1
CC-0013,3002951,True,1
CC-0014,3002010,True,1
CC-0015,3002758,False,1
CC-0016,3001839,True,1
CC-0017,3003172,False,1
CC-0018,3001565,True,1
CC-0019,3002476,True,1
CC-0020,3000808,True,1
CC-0020,3000825,False,2
CC-0020,3003871,False,3
CC-0020,3003906,False,4
CC-0021,3003708,False,1
CC-0022,3001611,True,1
CC-0023,3004228,False,1
CC-0024,3003459,True,1
CC-0024,3003503,False,2
CC-0025,3003546,True,1
CC-0026,3004354,False,1
CC-0027,3003757,True,1
CC-0028,3003607,True,1
CC-0029,3000150,True,1
CC-0029,3002210,False,2
CC-0029,3002242,False,3
CC-0030,3003913,True,1
CC-0031,3001820,True,1
CC-0032,3005276,False,1
CC-0033,3001937,True,1
CC-0033,3001952,False,2
CC-0033,3001999,False,3
CC-0034,3005972,False,1
CC-0035,3004895,True,1
CC-0036,3003325,True,1
CC-0037,3006461,False,1
CC-0038,3006275,False,1
CC-0039,3004695,True,1
CC-0040,3006416,False,1
CC-0041,3003842,True,1
CC-0042,3006354,False,1
CC-0043,3002981,True,1
CC-0044,3005476,True,1
CC-0045,3001632,True,1
CC-0045,3002781,False,2
CC-0045,3003811,False,3
CC-0045,3005310,False,4
CC-0046,3002840,True,1
CC-0047,3002820,True,1
CC-0047,3002828,False,2
CC-0047,3004711,False,3
CC-0047,3004734,False,4
CC-0047,3004746,False,5
CC-0048,3006432,True,1
CC-0049,3004818,True,1
CC-0049,3004823,False,2
CC-0050,3006044,True,1
CC-0051,3006772,True,1
CC-0051,3006774,False,2
CC-0052,3004914,True,1
CC-0053,3006690,True,1
CC-0054,3004838,True,1
CC-0055,3005851,True,1
CC-0056,3003521,True,1
CC-0057,3006366,True,1
CC-0058,3007307,False,1
CC-0059,3000904,True,1
CC-0059,3001479,False,2
CC-0059,3005523,False,3
CC-0059,3005542,False,4
CC-0060,3003331,True,1
CC-0060,3003334,False,2
CC-0061,3006964,False,1
CC-0062,3003096,True,1
CC-0062,3003109,False,2
CC-0062,3003149,False,3
CC-0062,3006742,False,4
CC-0063,3000256,True,1
CC-0063,3001075,False,2
CC-0063,3005210,False,3
CC-0063,3006200,False,4
CC-0063,3006850,False,5
CC-0063,3006853,False,6
CC-0063,3006859,False,7
CC-0063,3006872,False,8
CC-0063,3006996,False,9
CC-0063,3007008,False,10
CC-0063,3007451,False,11
CC-0063,3007722,False,12
CC-0064,3004342,True,1
CC-0064,3004343,False,2
CC-0065,3007293,False,1
CC-0066,3008267,False,1
CC-0067,3005969,True,1
CC-0067,3005996,False,2
CC-0067,3006014,False,3
CC-0068,3008568,False,1
CC-0069,3007099,False,1
CC-0070,3004140,True,1
CC-0071,3005539,True,1
CC-0072,3005146,True,1
CC-0073,3008421,True,1
CC-0074,3008726,True,1
CC-0075,3006561,True,1
CC-0076,3004802,True,1
CC-0076,3004910,False,2
CC-0077,3009019,False,1
CC-0078,3005866,True,1
CC-0078,3006663,False,2
CC-0079,3002258,True,1
CC-0079,3005470,False,2
CC-0080,3004998,True,1
CC-0081,3005023,True,1
CC-0082,3008084,False,1
CC-0083,3009363,False,1
CC-0084,3007469,True,1
CC-0084,3007992,False,2
CC-0085,3001404,True,1
CC-0085,3001462,False,2
CC-0085,3004832,False,3
CC-0085,3004849,False,4
CC-0085,3004876,False,5
CC-0085,3008631,False,6
CC-0085,3008861,False,7
CC-0086,3009332,True,1
CC-0087,3008876,True,1
CC-0088,3009046,False,1
CC-0089,3007653,True,1
CC-0089,3007655,False,2
CC-0089,3007659,False,3
CC-0090,3007110,True,1
CC-0090,3007173,False,2
CC-0090,3007336,False,3
CC-0090,3008705,False,4
CC-0091,3009776,False,1
CC-0092,3008731,True,1
CC-0093,3006978,True,1
CC-0093,3007013,False,2
CC-0094,3009721,True,1
CC-0095,3000824,True,1
CC-0095,3001548,False,2
CC-0095,3004896,False,3
CC-0095,3008509,False,4
CC-0095,3008623,False,5
CC-0096,3010143,False,1
CC-0097,3007851,True,1
CC-0098,3009884,False,1
CC-0099,3010003,False,1
CC-0100,3009606,True,1
CC-0101,3008404,True,1
CC-0102,3009982,True,1
CC-0102,3010017,False,2
CC-0103,3009937,True,1
CC-0104,3007244,True,1
CC-0105,3006763,True,1
CC-0106,3007053,True,1
CC-0107,3006794,True,1
CC-0107,3008592,False,2
CC-0108,3007044,True,1
CC-0108,3007399,False,2
CC-0108,3008926,False,3
CC-0109,3003071,True,1
CC-0109,3003075,False,2
CC-0109,3003320,False,3
CC-0109,3008965,False,4
CC-0110,3011067,True,1
CC-0111,3011102,False,1
CC-0112,3009177,True,1
CC-0113,3009654,True,1
CC-0113,3009915,False,2
CC-0113,3010101,False,3
CC-0114,3006484,True,1
CC-0114,3006490,False,2
CC-0114,3008929,False,3
CC-0115,3010439,True,1
CC-0116,3011782,False,1
CC-0117,3009933,True,1
CC-0118,3003589,True,1
CC-0118,3006216,False,2
CC-0118,3006218,False,3
CC-0118,3006841,False,4
CC-0118,3007047,False,5
CC-0118,3009082,False,6
CC-0118,3009582,False,7
CC-0118,3010271,False,8
CC-0118,3010597,False,9
CC-0118,3010612,False,10
CC-0119,3008565,True,1
CC-0120,3011959,False,1
CC-0121,3000987,True,1
CC-0121,3001956,False,2
CC-0121,3002701,False,3
CC-0121,3003925,False,4
CC-0121,3005620,False,5
CC-0121,3005655,False,6
CC-0121,3006995,False,7
CC-0121,3008896,False,8
CC-0121,3009065,False,9
CC-0121,3009193,False,10
CC-0121,3011530,False,11
CC-0122,3000003,True,1
CC-0122,3000004,False,2
CC-0122,3000018,False,3
CC-0122,3000184,False,4
CC-0122,3000192,False,5
CC-0122,3000195,False,6
CC-0122,3000247,False,7
CC-0122,3000250,False,8
CC-0122,3001605,False,9
CC-0122,3002036,False,10
CC-0122,3002049,False,11
CC-0122,3002470,False,12
CC-0122,3002968,False,13
CC-0122,3004811,False,14
CC-0122,3004814,False,15
CC-0122,3004975,False,16
CC-0122,3004986,False,17
CC-0122,3004993,False,18
CC-0122,3006488,False,19
CC-0122,3006669,False,20
CC-0122,3006678,False,21
CC-0122,3006716,False,22
CC-0122,3008147,False,23
CC-0122,3009546,False,24
CC-0122,3009550,False,25
CC-0122,3010532,False,26
CC-0123,3010596,True,1
CC-0124,3001781,True,1
CC-0124,3004827,False,2
CC-0124,3005102,False,3
CC-0124,3005319,False,4
CC-0124,3010794,False,5
CC-0125,3013020,False,1
CC-0126,3007920,True,1
CC-0126,3012310,False,2
CC-0127,3008943,True,1
CC-0127,3009007,False,2
CC-0128,3006300,True,1
CC-0128,3006319,False,2
CC-0128,3006370,False,3
CC-0128,3009164,False,4
CC-0128,3010670,False,5
CC-0129,3012058,True,1
CC-0130,3013144,False,1
CC-0131,3012049,True,1
CC-0131,3012141,False,2
CC-0132,3010098,True,1
CC-0132,3010183,False,2
CC-0133,3010265,True,1
CC-0133,3011064,False,2
CC-0133,3011784,False,3
CC-0134,3010896,True,1
CC-0135,3000443,True,1
CC-0135,3000447,False,2
CC-0135,3001402,False,3
CC-0135,3008139,False,4
CC-0135,3009085,False,5
CC-0135,3012311,False,6
CC-0135,3012373,False,7
CC-0135,3012385,False,8
CC-0136,3007069,True,1
CC-0136,3008456,False,2
CC-0136,3008469,False,3
CC-0136,3010884,False,4
CC-0137,3000196,True,1
CC-0137,3003954,False,2
CC-0137,3009763,False,3
CC-0137,3009897,False,4
CC-0137,3009912,False,5
CC-0138,3013442,False,1
CC-0139,3011661,True,1
CC-0140,3012366,True,1
CC-0141,3001763,True,1
CC-0141,3006168,False,2
CC-0141,3009906,False,3
CC-0141,3013608,False,4
CC-0142,3013367,True,1
CC-0143,3010171,True,1
CC-0144,3013652,True,1
CC-0145,3008038,True,1
CC-0145,3009645,False,2
CC-0145,3010562,False,3
CC-0145,3012772,False,4
CC-0145,3012779,False,5
CC-0146,3010417,True,1
CC-0147,3003711,True,1
CC-0147,3003833,False,2
CC-0147,3004555,False,3
CC-0147,3011026,False,4
CC-0148,3011148,True,1
CC-0149,3013918,False,1
CC-0150,3013327,True,1
CC-0151,3012259,True,1
CC-0151,3012321,False,2
CC-0151,3012324,False,3
CC-0151,3012349,False,4
CC-0151,3012362,False,5
CC-0151,3013605,False,6
CC-0152,3014083,True,1
CC-0152,3014516,False,2
CC-0152,3014562,False,3
CC-0153,3000050,True,1
CC-0153,3000106,False,2
CC-0153,3001568,False,3
CC-0153,3001586,False,4
CC-0153,3003219,False,5
CC-0153,3003250,False,6
CC-0153,3005568,False,7
CC-0153,3005608,False,8
CC-0153,3007588,False,9
CC-0153,3008131,False,10
CC-0153,3008679,False,11
CC-0153,3008740,False,12
CC-0153,3008811,False,13
CC-0153,3008828,False,14
CC-0153,3008839,False,15
CC-0153,3009139,False,16
CC-0153,3009170,False,17
CC-0153,3009210,False,18
CC-0153,3009257,False,19
CC-0153,3009761,False,20
CC-0153,3011072,False,21
CC-0154,3012749,True,1
CC-0155,3010908,True,1
CC-0156,3012817,True,1
CC-0157,3011384,True,1
CC-0158,3012334,True,1
CC-0159,3013882,True,1
CC-0160,3010994,True,1
CC-0161,3014874,True,1
CC-0162,3013315,True,1
CC-0162,3013321,False,2
CC-0163,3014714,True,1
CC-0164,3013363,True,1
CC-0164,3013390,False,2
CC-0165,3014561,False,1
CC-0166,3015854,True,1
CC-0167,3011326,True,1
CC-0167,3013878,False,2
CC-0168,3011876,True,1
CC-0169,3010863,True,1
CC-0169,3015795,False,2
CC-0170,3014716,False,1
CC-0171,3015501,True,1
CC-0172,3012224,True,1
CC-0173,3016376,True,1
CC-0174,3014786,True,1
CC-0175,3016060,False,1
CC-0176,3011851,True,1
CC-0176,3011917,False,2
CC-0176,3015709,False,3
CC-0176,3015858,False,4
CC-0177,3015024,True,1
CC-0177,3015237,False,2
CC-0177,3015860,False,3
CC-0178,3013648,True,1
CC-0179,3012288,True,1
CC-0180,3016685,False,1
CC-0181,3016271,True,1
CC-0182,3017090,False,1
CC-0183,3015640,True,1
CC-0184,3012882,True,1
CC-0184,3012889,False,2
CC-0184,3014312,False,3
CC-0184,3016375,False,4
CC-0185,3012859,True,1
CC-0186,3015808,True,1
CC-0187,3014037,True,1
CC-0188,3013716,True,1
CC-0188,3013725,False,2
CC-0188,3013735,False,3
CC-0189,3017211,False,1
CC-0190,3014478,True,1
CC-0191,3014783,True,1
CC-0192,3015557,True,1
CC-0193,3015674,True,1
CC-0194,3015051,True,1
CC-0195,3017328,True,1
CC-0196,3018128,False,1
CC-0197,3014411,True,1
CC-0198,3017880,False,1
CC-0199,3017195,True,1
CC-0199,3017199,False,2
CC-0200,3006024,True,1
CC-0200,3009500,False,2
CC-0200,3009620,False,3
CC-0200,3015717,False,4
CC-0200,3015853,False,5
CC-0201,3016131,True,1
CC-0201,3017425,False,2
CC-0202,3017359,True,1
CC-0202,3017380,False,2
CC-0203,3012955,True,1
CC-0203,3014799,False,2
CC-0204,3015025,True,1
CC-0205,3016269,True,1
CC-0205,3016789,False,2
CC-0206,3017337,True,1
CC-0207,3015079,True,1
CC-0208,3019187,False,1
CC-0209,3015213,True,1
CC-0209,3015829,False,2
CC-0210,3019445,False,1
CC-0211,3011540,True,1
CC-0211,3011564,False,2
CC-0211,3018493,False,3
CC-0212,3018685,True,1
CC-0213,3018631,True,1
CC-0213,3019317,False,2
CC-0214,3020134,True,1
CC-0215,3020232,True,1
CC-0216,3018129,True,1
CC-0217,3018758,True,1
CC-0218,3020148,True,1
CC-0219,3020422,False,1
CC-0220,3017705,True,1
CC-0221,3017516,True,1
CC-0222,3020654,False,1
CC-0223,3008217,True,1
CC-0223,3008237,False,2
CC-0223,3008575,False,3
CC-0223,3009966,False,4
CC-0223,3016957,False,5
CC-0224,3020285,False,1
CC-0225,3018749,True,1
CC-0226,3001580,True,1
CC-0226,3006078,False,2
CC-0226,3006088,False,3
CC-0226,3008495,False,4
CC-0226,3015345,False,5
CC-0226,3015406,False,6
CC-0226,3018146,False,7
CC-0227,3020349,True,1
CC-0228,3017400,True,1
CC-0228,3019089,False,2
CC-0228,3019133,False,3
CC-0228,3019259,False,4
CC-0228,3019376,False,5
CC-0228,3019785,False,6
CC-0228,3019804,False,7
CC-0228,3019958,False,8
CC-0228,3019965,False,9
CC-0228,3020011,False,10
CC-0228,3020021,False,11
CC-0229,3021125,False,1
CC-0230,3010108,True,1
CC-0230,3012793,False,2
CC-0230,3019186,False,3
CC-0231,3020692,True,1
CC-0232,3018241,True,1
CC-0232,3018273,False,2
CC-0232,3018312,False,3
CC-0232,3018315,False,4
CC-0232,3018430,False,5
CC-0233,3017915,True,1
CC-0234,3021425,False,1
CC-0235,3020586,True,1
CC-0235,3020624,False,2
CC-0236,3019066,True,1
CC-0236,3021250,False,2
CC-0237,3015540,True,1
CC-0237,3018609,False,2
CC-0238,3005074,True,1
CC-0238,3008451,False,2
CC-0238,3014534,False,3
CC-0238,3014608,False,4
CC-0238,3014682,False,5
CC-0238,3015252,False,6
CC-0238,3015319,False,7
CC-0238,3015399,False,8
CC-0238,3016560,False,9
CC-0238,3017828,False,10
CC-0238,3017836,False,11
CC-0239,3021887,False,1
CC-0240,3017132,True,1
CC-0240,3020865,False,2
CC-0241,3020576,True,1
CC-0241,3020578,False,2
CC-0242,3021128,True,1
CC-0243,3016079,True,1
CC-0243,3016080,False,2
CC-0243,3016472,False,3
CC-0243,3016483,False,4
CC-0243,3017821,False,5
CC-0244,3021039,True,1
CC-0245,3021843,True,1
CC-0246,3019370,True,1
CC-0247,3020434,True,1
CC-0248,3021812,False,1
CC-0249,3022604,True,1
CC-0249,3022619,False,2
CC-0249,3022632,False,3
CC-0250,3018959,True,1
CC-0250,3021896,False,2
CC-0251,3018221,True,1
CC-0252,3022091,False,1
CC-0253,3019623,True,1
CC-0254,3008657,True,1
CC-0254,3011862,False,2
CC-0254,3016234,False,3
CC-0254,3017580,False,4
CC-0254,3017620,False,5
CC-0254,3021233,False,6
CC-0255,3014915,True,1
CC-0255,3014994,False,2
CC-0255,3018610,False,3
CC-0255,3019093,False,4
CC-0255,3019154,False,5
CC-0255,3019614,False,6
CC-0255,3022316,False,7
CC-0256,3021528,True,1
CC-0256,3021559,False,2
CC-0257,3019389,True,1
CC-0258,3019714,True,1
CC-0259,3023480,False,1
CC-0260,3024000,False,1
CC-0261,3023710,False,1
CC-0262,3022355,True,1
CC-0263,3020849,True,1
CC-0264,3023797,False,1
CC-0265,3023311,False,1
CC-0266,3024170,True,1
CC-0267,3024590,False,1
CC-0268,3020024,True,1
CC-0269,3024461,False,1
CC-0270,3023542,False,1
CC-0271,3024489,False,1
CC-0272,3021927,True,1
CC-0273,3014296,True,1
CC-0273,3016478,False,2
CC-0273,3021713,False,3
CC-0274,3021495,True,1
CC-0274,3021498,False,2
CC-0274,3023783,False,3
CC-0274,3023800,False,4
CC-0275,3023399,True,1
CC-0276,3016231,True,1
CC-0276,3023566,False,2
CC-0276,3023570,False,3
CC-0277,3021740,True,1
CC-0278,3023205,True,1
CC-0279,3023648,True,1
CC-0279,3024089,False,2
CC-0280,3022262,True,1
CC-0281,3024726,False,1
CC-0282,3022971,True,1
CC-0282,3024760,False,2
CC-0283,3023529,True,1
CC-0284,3021611,True,1
CC-0284,3021658,False,2
CC-0285,3018930,True,1
CC-0285,3023427,False,2
CC-0285,3023496,False,3
CC-0285,3023533,False,4
CC-0285,3023609,False,5
CC-0286,3022389,True,1
CC-0286,3023667,False,2
CC-0287,3023281,True,1
CC-0288,3020382,True,1
CC-0288,3022648,False,2
CC-0289,3024924,True,1
CC-0290,3009374,True,1
CC-0290,3011289,False,2
CC-0290,3015408,False,3
CC-0290,3015422,False,4
CC-0290,3017329,False,5
CC-0290,3020058,False,6
CC-0290,3022349,False,7
CC-0290,3023880,False,8
CC-0291,3022078,True,1
CC-0291,3024175,False,2
CC-0292,3025452,False,1
CC-0293,3018827,True,1
CC-0293,3021900,False,2
CC-0294,3022279,True,1
CC-0295,3024693,True,1
CC-0295,3024727,False,2
CC-0296,3026023,False,1
CC-0297,3022248,True,1
CC-0298,3026984,True,1
CC-0299,3026197,False,1
CC-0300,3027653,False,1
CC-0301,3026849,False,1
CC-0302,3024215,True,1
CC-0303,3025127,True,1
CC-0304,3022765,True,1
CC-0305,3017193,True,1
CC-0305,3020833,False,2
CC-0305,3022405,False,3
CC-0305,3022983,False,4
CC-0306,3026352,True,1
CC-0307,3024247,True,1
CC-0308,3027882,False,1
CC-0309,3027037,True,1
CC-0310,3027813,True,1
CC-0310,3027929,False,2
CC-0311,3024122,True,1
CC-0312,3024079,True,1
CC-0312,3024093,False,2
CC-0312,3024126,False,3
CC-0313,3025150,True,1
CC-0314,3028382,True,1
CC-0315,3028428,False,1
CC-0316,3026149,True,1
CC-0317,3027987,False,1
CC-0318,3028543,False,1
CC-0319,3028034,True,1
CC-0320,3026212,True,1
CC-0321,3024869,True,1
CC-0322,3021279,True,1
CC-0322,3027797,False,2
CC-0322,3027830,False,3
CC-0323,3024328,True,1
CC-0323,3028154,False,2
CC-0324,3024554,True,1
CC-0325,3028532,True,1
CC-0326,3028017,True,1
CC-0327,3025619,True,1
CC-0328,3016942,True,1
CC-0328,3017315,False,2
CC-0328,3018566,False,3
CC-0328,3020310,False,4
CC-0328,3026538,False,5
CC-0329,3027363,True,1
CC-0329,3027401,False,2
CC-0330,3027435,True,1
CC-0331,3010909,True,1
CC-0331,3010931,False,2
CC-0331,3010934,False,3
CC-0331,3011272,False,4
CC-0331,3012746,False,5
CC-0331,3012770,False,6
CC-0331,3013205,False,7
CC-0331,3013937,False,8
CC-0331,3013982,False,9
CC-0331,3015426,False,10
CC-0331,3015485,False,11
CC-0331,3016031,False,12
CC-0331,3019489,False,13
CC-0331,3022828,False,14
CC-0331,3022878,False,15
CC-0331,3024107,False,16
CC-0331,3025242,False,17
CC-0332,3027057,True,1
CC-0333,3020863,True,1
CC-0333,3022390,False,2
CC-0333,3024675,False,3
CC-0333,3027059,False,4
CC-0333,3027064,False,5
CC-0334,3013573,True,1
CC-0334,3016251,False,2
CC-0334,3016314,False,3
CC-0334,3017486,False,4
CC-0334,3021897,False,5
CC-0334,3022340,False,6
CC-0334,3025192,False,7
CC-0334,3025256,False,8
CC-0335,3026055,True,1
CC-0336,3029190,True,1
CC-0337,3028697,True,1
CC-0338,3028921,False,1
CC-0339,3029100,False,1
CC-0340,3027478,True,1
CC-0341,3025576,True,1
CC-0342,3020499,True,1
CC-0342,3026321,False,2
CC-0342,3026347,False,3
CC-0343,3015019,True,1
CC-0343,3016184,False,2
CC-0343,3016214,False,3
CC-0343,3016223,False,4
CC-0343,3022222,False,5
CC-0343,3026725,False,6
CC-0343,3026749,False,7
CC-0343,3027125,False,8
CC-0343,3027151,False,9
CC-0344,3030396,False,1
CC-0345,3030424,False,1
CC-0346,3028407,True,1
CC-0347,3023252,True,1
CC-0347,3023256,False,2
CC-0347,3023259,False,3
CC-0347,3027937,False,4
CC-0347,3027978,False,5
CC-0347,3027982,False,6
CC-0347,3027986,False,7
CC-0347,3028004,False,8
CC-0347,3028044,False,9
CC-0348,3030019,False,1
CC-0349,3028754,True,1
CC-0350,3031227,False,1
CC-0351,3028709,True,1
CC-0352,3026769,True,1
CC-0353,3026830,True,1
CC-0354,3029691,False,1
CC-0355,3028288,True,1
CC-0356,3030055,True,1
CC-0357,3025678,True,1
CC-0357,3029776,False,2
CC-0358,3025016,True,1
CC-0358,3026264,False,2
CC-0358,3028648,False,3
CC-0359,3030906,True,1
CC-0360,3028621,True,1
CC-0361,3026148,True,1
CC-0361,3027156,False,2
CC-0361,3027320,False,3
CC-0361,3030241,False,4
CC-0362,3030957,False,1
CC-0363,3024586,True,1
CC-0363,3030970,False,2
CC-0363,3031040,False,3
CC-0364,3027248,True,1
CC-0364,3027561,False,2
CC-0364,3027604,False,3
CC-0365,3024748,True,1
CC-0365,3028713,False,2
CC-0365,3029951,False,3
CC-0365,3030951,False,4
CC-0365,3031006,False,5
CC-0365,3032109,False,6
CC-0366,3029652,True,1
CC-0366,3030551,False,2
CC-0367,3030642,True,1
CC-0368,3032233,False,1
CC-0369,3028556,True,1
CC-0370,3030014,True,1
CC-0370,3030042,False,2
CC-0370,3030311,False,3
CC-0370,3030361,False,4
CC-0370,3030371,False,5
CC-0370,3030384,False,6
CC-0370,3030528,False,7
CC-0370,3030537,False,8
CC-0370,3030620,False,9
CC-0370,3030625,False,10
CC-0371,3031588,True,1
CC-0372,3029752,True,1
CC-0372,3029777,False,2
CC-0372,3029807,False,3
CC-0372,3032111,False,4
CC-0372,3032124,False,5
CC-0373,3028924,True,1
CC-0374,3032623,False,1
CC-0375,3029497,True,1
CC-0375,3029542,False,2
CC-0376,3031228,True,1
CC-0376,3031274,False,2
CC-0377,3030265,True,1
CC-0377,3030298,False,2
CC-0377,3031502,False,3
CC-0377,3031510,False,4
CC-0377,3031512,False,5
CC-0377,3031513,False,6
CC-0377,3031550,False,7
CC-0378,3023976,True,1
CC-0378,3029484,False,2
CC-0379,3031475,True,1
CC-0379,3032438,False,2
CC-0380,3033315,True,1
CC-0380,3033335,False,2
CC-0380,3033343,False,3
CC-0381,3030425,True,1
CC-0381,3030563,False,2
CC-0382,3034258,False,1
CC-0383,3033032,False,1
CC-0384,3033245,False,1
CC-0385,3032303,True,1
CC-0386,3033337,False,1
CC-0387,3026773,True,1
CC-0387,3026795,False,2
CC-0387,3029220,False,3
CC-0387,3030654,False,4
CC-0387,3030701,False,5
CC-0388,3034811,False,1
CC-0389,3033654,True,1
CC-0390,3033053,True,1
CC-0391,3031566,True,1
CC-0392,3033781,True,1
CC-0393,3033472,False,1
CC-0394,3032480,True,1
CC-0394,3032861,False,2
CC-0395,3030883,True,1
CC-0395,3034747,False,2
CC-0396,3033992,True,1
CC-0397,3034699,False,1
CC-0398,3031559,True,1
CC-0399,3035993,False,1
CC-0400,3034531,False,1
CC-0401,3033483,True,1
CC-0401,3033502,False,2
CC-0402,3034748,True,1
CC-0402,3034874,False,2
CC-0403,3030518,True,1
CC-0403,3032080,False,2
CC-0404,3028484,True,1
CC-0404,3032240,False,2
CC-0404,3034359,False,3
CC-0404,3034443,False,4
CC-0405,3035077,False,1
CC-0406,3034031,True,1
CC-0407,3035236,False,1
CC-0408,3036275,False,1
CC-0409,3029665,True,1
CC-0409,3033268,False,2
CC-0410,3035664,True,1
CC-0410,3035680,False,2
CC-0411,3033461,True,1
CC-0412,3033318,True,1
CC-0413,3035998,False,1
CC-0414,3034746,True,1
CC-0415,3033877,True,1
CC-0416,3033941,True,1
CC-0417,3035384,True,1
CC-0418,3035405,True,1
CC-0418,3035433,False,2
CC-0418,3035436,False,3
CC-0418,3035448,False,4
CC-0418,3035477,False,5
CC-0418,3035490,False,6
CC-0418,3035511,False,7
CC-0419,3036086,True,1
CC-0419,3036233,False,2
CC-0420,3034117,True,1
CC-0421,3029395,True,1
CC-0421,3035020,False,2
CC-0422,3033579,True,1
CC-0423,3033967,True,1
CC-0424,3035381,True,1
CC-0425,3037725,False,1
CC-0426,3034985,True,1
CC-0427,3033867,True,1
CC-0427,3035200,False,2
CC-0427,3035237,False,3
CC-0427,3035278,False,4
CC-0428,3037190,False,1
CC-0429,3032177,True,1
CC-0429,3033094,False,2
CC-0429,3034703,False,3
CC-0429,3036381,False,4
CC-0430,3038418,False,1
CC-0431,3036386,True,1
CC-0432,3038607,True,1
CC-0433,3038367,False,1
CC-0434,3037808,True,1
CC-0435,3038831,False,1
CC-0436,3037649,True,1
CC-0437,3027307,True,1
CC-0437,3030037,False,2
CC-0437,3034285,False,3
CC-0437,3035543,False,4
CC-0437,3037718,False,5
CC-0437,3037780,False,6
CC-0437,3037854,False,7
CC-0437,3037986,False,8
CC-0438,3038967,False,1
CC-0439,3039011,False,1
CC-0440,3036992,True,1
CC-0441,3039492,False,1
CC-0442,3036548,True,1
CC-0443,3039956,False,1
CC-0444,3039540,False,1
CC-0445,3039733,False,1
CC-0446,3039229,True,1
CC-0447,3032749,True,1
CC-0447,3036424,False,2
CC-0447,3036436,False,3
CC-0447,3036445,False,4
CC-0447,3036446,False,5
CC-0448,3037736,True,1
CC-0449,3038060,True,1
CC-0450,3034439,True,1
CC-0450,3040043,False,2
CC-0451,3037862,True,1
CC-0451,3038053,False,2
CC-0451,3038114,False,3
CC-0451,3038615,False,4
CC-0452,3017933,True,1
CC-0452,3022016,False,2
CC-0452,3028766,False,3
CC-0452,3028774,False,4
CC-0452,3032580,False,5
CC-0452,3032612,False,6
CC-0452,3032648,False,7
CC-0452,3033610,False,8
CC-0452,3035981,False,9
CC-0452,3036494,False,10
CC-0452,3036497,False,11
CC-0452,3036504,False,12
CC-0453,3033919,True,1
CC-0453,3037359,False,2
CC-0454,3039150,True,1
CC-0454,3039253,False,2
CC-0454,3039469,False,3
CC-0454,3039781,False,4
CC-0454,3039789,False,5
CC-0454,3040275,False,6
CC-0455,3031357,True,1
CC-0455,3031844,False,2
CC-0455,3035242,False,3
CC-0455,3035259,False,4
CC-0455,3035303,False,5
CC-0455,3039278,False,6
CC-0455,3039442,False,7
CC-0455,3039856,False,8
CC-0456,3029719,True,1
CC-0456,3029736,False,2
CC-0456,3029833,False,3
CC-0456,3029985,False,4
CC-0456,3031847,False,5
CC-0456,3036840,False,6
CC-0457,3038533,True,1
CC-0458,3037114,True,1
CC-0458,3037166,False,2
CC-0458,3037261,False,3
CC-0459,3041234,True,1
CC-0460,3024423,True,1
CC-0460,3030253,False,2
CC-0460,3036633,False,3
CC-0461,3039254,True,1
CC-0462,3040382,True,1
CC-0463,3004308,True,1
CC-0463,3004904,False,2
CC-0463,3005494,False,3
CC-0463,3005930,False,4
CC-0463,3006473,False,5
CC-0463,3007571,False,6
CC-0463,3011953,False,7
CC-0463,3012858,False,8
CC-0463,3013587,False,9
CC-0463,3015525,False,10
CC-0463,3018866,False,11
CC-0463,3021068,False,12
CC-0463,3024874,False,13
CC-0463,3024880,False,14
CC-0463,3029948,False,15
CC-0463,3030058,False,16
CC-0463,3032334,False,17
CC-0463,3038729,False,18
CC-0464,3040280,True,1
CC-0464,3040482,False,2
CC-0465,3038741,True,1
CC-0466,3039290,True,1
CC-0467,3012791,True,1
CC-0467,3012922,False,2
CC-0467,3018737,False,3
CC-0467,3024961,False,4
CC-0467,3025566,False,5
CC-0467,3025610,False,6
CC-0467,3031872,False,7
CC-0467,3037062,False,8
CC-0468,3041220,False,1
CC-0469,3042137,True,1
CC-0470,3042445,False,1
CC-0471,3041412,False,1
CC-0472,3032654,True,1
CC-0472,3038288,False,2
CC-0473,3041621,False,1
CC-0474,3042842,True,1
CC-0475,3037895,True,1
CC-0475,3037954,False,2
CC-0475,3040915,False,3
CC-0476,3041723,False,1
CC-0477,3041022,True,1
CC-0478,3042475,True,1
CC-0479,3041404,False,1
CC-0480,3019757,True,1
CC-0480,3020004,False,2
CC-0480,3020583,False,3
CC-0480,3022905,False,4
CC-0480,3023341,False,5
CC-0480,3023938,False,6
CC-0480,3031523,False,7
CC-0480,3031547,False,8
CC-0480,3036867,False,9
CC-0480,3036922,False,10
CC-0480,3040824,False,11
CC-0480,3040910,False,12
CC-0481,3039941,True,1
CC-0482,3039765,True,1
CC-0482,3039767,False,2
CC-0482,3039801,False,3
CC-0482,3040116,False,4
CC-0482,3040120,False,5
CC-0482,3040129,False,6
CC-0482,3040150,False,7
CC-0482,3040167,False,8
CC-0483,3043635,False,1
CC-0484,3042723,True,1
CC-0485,3040545,True,1
CC-0486,3042493,False,1
CC-0487,3043204,False,1
CC-0488,3043733,False,1
CC-0489,3043790,False,1
CC-0490,3041302,True,1
CC-0491,3042013,True,1
CC-0492,3044042,False,1
CC-0493,3044053,False,1
CC-0494,3043682,True,1
CC-0495,3043453,True,1
CC-0496,3010078,True,1
CC-0496,3012878,False,2
CC-0496,3017276,False,3
CC-0496,3020816,False,4
CC-0496,3023168,False,5
CC-0496,3027744,False,6
CC-0496,3028120,False,7
CC-0496,3032536,False,8
CC-0496,3034251,False,9
CC-0496,3035579,False,10
CC-0496,3036333,False,11
CC-0496,3042039,False,12
CC-0497,3040510,True,1
CC-0497,3041273,False,2
CC-0498,3031554,True,1
CC-0498,3031628,False,2
CC-0498,3031686,False,3
CC-0498,3032422,False,4
CC-0498,3033022,False,5
CC-0498,3035524,False,6
CC-0498,3036957,False,7
CC-0498,3041186,False,8
CC-0498,3043181,False,9
CC-0499,3042657,True,1
CC-0499,3042847,False,2
CC-0500,3042529,True,1
CC-0501,3030488,True,1
CC-0501,3034831,False,2
CC-0501,3037527,False,3
CC-0501,3038238,False,4
CC-0501,3042256,False,5
CC-0502,3044202,True,1
CC-0503,3040534,True,1
CC-0503,3042956,False,2
CC-0504,3037369,True,1
CC-0504,3039132,False,2
CC-0504,3039196,False,3
CC-0504,3043063,False,4
CC-0505,3021547,True,1
CC-0505,3025341,False,2
CC-0505,3030339,False,3
CC-0505,3036970,False,4
CC-0505,3041319,False,5
CC-0506,3037792,True,1
CC-0506,3041089,False,2
CC-0506,3041145,False,3
CC-0507,3026078,True,1
CC-0507,3026162,False,2
CC-0507,3026260,False,3
CC-0507,3026350,False,4
CC-0507,3026374,False,5
CC-0507,3026925,False,6
CC-0507,3030001,False,7
CC-0507,3030341,False,8
CC-0507,3032017,False,9
CC-0507,3037272,False,10
CC-0507,3042125,False,11
CC-0507,3042127,False,12
CC-0508,3041850,True,1
CC-0509,3039577,True,1
CC-0509,3039806,False,2
CC-0509,3041493,False,3
CC-0509,3041606,False,4
CC-0510,3044174,True,1
CC-0511,3043573,True,1
CC-0512,3043492,True,1
CC-0512,3043577,False,2
CC-0513,3043135,True,1
CC-0514,3041983,True,1
CC-0515,3043516,True,1
CC-0516,3045489,False,1
CC-0517,3044684,True,1
CC-0518,3045400,True,1
CC-0519,3034681,True,1
CC-0519,3038112,False,2
CC-0519,3038678,False,3
CC-0519,3038768,False,4
CC-0519,3038787,False,5
CC-0519,3045664,False,6
CC-0519,3045696,False,7
CC-0519,3046901,False,8
CC-0520,3044575,True,1
CC-0521,3044693,True,1
CC-0522,3045204,False,1
CC-0523,3038229,True,1
CC-0523,3044512,False,2
CC-0523,3046251,False,3
CC-0523,3046298,False,4
CC-0524,3024432,True,1
CC-0524,3025185,False,2
CC-0524,3030100,False,3
CC-0524,3034169,False,4
CC-0524,3037627,False,5
CC-0524,3037764,False,6
CC-0524,3037772,False,7
CC-0524,3037803,False,8
CC-0524,3038663,False,9
CC-0524,3042486,False,10
CC-0524,3044811,False,11
CC-0525,3046054,False,1
CC-0526,3046516,False,1
CC-0527,3038894,True,1
CC-0527,3038922,False,2
CC-0527,3047100,False,3
CC-0528,3044199,True,1
CC-0528,3044647,False,2
CC-0528,3044712,False,3
CC-0528,3046741,False,4
CC-0528,3047248,False,5
CC-0528,3047302,False,6
CC-0528,3047732,False,7
CC-0529,3035821,True,1
CC-0529,3043628,False,2
CC-0530,3044734,True,1
CC-0531,3032389,True,1
CC-0531,3032398,False,2
CC-0531,3032401,False,3
CC-0531,3036148,False,4
CC-0531,3036178,False,5
CC-0531,3037778,False,6
CC-0531,3037965,False,7
CC-0531,3037994,False,8
CC-0531,3038001,False,9
CC-0531,3038002,False,10
CC-0531,3038017,False,11
CC-0531,3038027,False,12
CC-0531,3038028,False,13
CC-0531,3038040,False,14
CC-0531,3038068,False,15
CC-0531,3038074,False,16
CC-0531,3038096,False,17
CC-0531,3038100,False,18
CC-0531,3046367,False,19
CC-0532,3045976,True,1
CC-0533,3032451,True,1
CC-0533,3035977,False,2
CC-0533,3043251,False,3
CC-0534,3047859,False,1
CC-0535,3037814,True,1
CC-0535,3037888,False,2
CC-0535,3044146,False,3
CC-0536,3047270,False,1
CC-0537,3047296,True,1
CC-0537,3047320,False,2
CC-0538,3048224,True,1
CC-0539,3048101,False,1
CC-0540,3044601,True,1
CC-0541,3040177,True,1
CC-0541,3045925,False,2
CC-0542,3046299,True,1
CC-0543,3038455,True,1
CC-0543,3045564,False,2
CC-0544,3046768,True,1
CC-0544,3047141,False,2
CC-0545,3048324,True,1
CC-0546,3047896,False,1
CC-0547,3027753,True,1
CC-0547,3027888,False,2
CC-0547,3033423,False,3
CC-0547,3033546,False,4
CC-0547,3036126,False,5
CC-0547,3040322,False,6
CC-0547,3042308,False,7
CC-0547,3047922,False,8
CC-0548,3034656,True,1
CC-0548,3041939,False,2
CC-0548,3041965,False,3
CC-0548,3042016,False,4
CC-0548,3042054,False,5
CC-0548,3042106,False,6
CC-0548,3043521,False,7
CC-0548,3044973,False,8
CC-0549,3048759,True,1
CC-0549,3048769,False,2
CC-0550,3044987,True,1
CC-0551,3044927,True,1
CC-0552,3046328,True,1
CC-0553,3048830,False,1
CC-0554,3048211,True,1
CC-0555,3041353,True,1
CC-0555,3041702,False,2
CC-0555,3045671,False,3
CC-0555,3045793,False,4
CC-0556,3044819,True,1
CC-0557,3047737,True,1
CC-0557,3047789,False,2
CC-0558,3045744,True,1
CC-0559,3049113,False,1
CC-0560,3048886,False,1
CC-0561,3049154,False,1
CC-0562,3047903,True,1
CC-0562,3048500,False,2
CC-0563,3048906,True,1
CC-0564,3020801,True,1
CC-0564,3026407,False,2
CC-0564,3032530,False,3
CC-0564,3036269,False,4
CC-0564,3036300,False,5
CC-0564,3043482,False,6
CC-0564,3044730,False,7
CC-0564,3046390,False,8
CC-0564,3046485,False,9
CC-0564,3047564,False,10
CC-0564,3047569,False,11
CC-0564,3048623,False,12
CC-0565,3048163,True,1
CC-0566,3049979,False,1
CC-0567,3050374,False,1
CC-0568,3049301,False,1
CC-0569,3050343,True,1
CC-0569,3050409,False,2
CC-0569,3050443,False,3
CC-0569,3050465,False,4
CC-0569,3050476,False,5
CC-0570,3043982,True,1
CC-0570,3049242,False,2
CC-0570,3049668,False,3
CC-0571,3049541,True,1
CC-0572,3049939,False,1
CC-0573,3050288,False,1
CC-0574,3050325,False,1
CC-0575,3049469,False,1
CC-0576,3047784,True,1
CC-0577,3051107,False,1
CC-0578,3025199,True,1
CC-0578,3027276,False,2
CC-0578,3033694,False,3
CC-0578,3039169,False,4
CC-0578,3046234,False,5
CC-0579,3043893,True,1
CC-0579,3050173,False,2
CC-0580,3051166,False,1
CC-0581,3050290,True,1
CC-0582,3049796,False,1
CC-0583,3047890,True,1
CC-0584,3046725,True,1
CC-0584,3046760,False,2
CC-0585,3052328,False,1
CC-0586,3049972,True,1
CC-0587,3052144,False,1
CC-0588,3037998,True,1
CC-0588,3041257,False,2
CC-0588,3045144,False,3
CC-0588,3048357,False,4
CC-0588,3048431,False,5
CC-0588,3049087,False,6
CC-0588,3049124,False,7
CC-0589,3052755,False,1
CC-0590,3047510,True,1
CC-0590,3048522,False,2
CC-0590,3048565,False,3
CC-0591,3052726,False,1
CC-0592,3050248,True,1
CC-0593,3052128,False,1
CC-0594,3052389,False,1
CC-0595,3048615,True,1
CC-0596,3048808,True,1
CC-0597,3043064,True,1
CC-0597,3045506,False,2
CC-0597,3045598,False,3
CC-0597,3050740,False,4
CC-0598,3048790,True,1
CC-0599,3052533,False,1
CC-0600,3052987,False,1
CC-0601,3052640,False,1
CC-0602,3052786,False,1
CC-0603,3052199,True,1
CC-0604,3045905,True,1
CC-0604,3046229,False,2
CC-0604,3049000,False,3
CC-0605,3050005,True,1
CC-0606,3051701,True,1
CC-0606,3051775,False,2
CC-0607,3047204,True,1
CC-0607,3049662,False,2
CC-0608,3051231,True,1
CC-0609,3049397,True,1
CC-0610,3053173,False,1
CC-0611,3045895,True,1
CC-0611,3049481,False,2
CC-0611,3049515,False,3
CC-0612,3049153,True,1
CC-0613,3042294,True,1
CC-0613,3049679,False,2
CC-0613,3049942,False,3
CC-0614,3043141,True,1
CC-0614,3050874,False,2
CC-0615,3051990,True,1
CC-0616,3053450,False,1
CC-0617,3049402,True,1
CC-0618,3050012,True,1
CC-0619,3054907,False,1
CC-0620,3054022,False,1
CC-0621,3053272,False,1
CC-0622,3052718,True,1
CC-0623,3053433,False,1
CC-0624,3053486,False,1
CC-0625,3050950,True,1
CC-0626,3054524,True,1
CC-0627,3053046,True,1
CC-0628,3054354,False,1
CC-0629,3054392,True,1
CC-0630,3055441,False,1
CC-0631,3052607,True,1
CC-0631,3052737,False,2
CC-0632,3050791,True,1
CC-0633,3050277,True,1
CC-0634,3056161,False,1
CC-0635,3056212,False,1
CC-0636,3029217,True,1
CC-0636,3033872,False,2
CC-0636,3033984,False,3
CC-0636,3040690,False,4
CC-0636,3043718,False,5
CC-0636,3044501,False,6
CC-0636,3045523,False,7
CC-0636,3047260,False,8
CC-0636,3047283,False,9
CC-0636,3047327,False,10
CC-0636,3054501,False,11
CC-0636,3054556,False,12
CC-0636,3054560,False,13
CC-0636,3054797,False,14
CC-0636,3054874,False,15
CC-0636,3054928,False,16
CC-0637,3054725,False,1
CC-0638,3052046,True,1
CC-0639,3047193,True,1
CC-0639,3053034,False,2
CC-0640,3053851,True,1
CC-0641,3056366,False,1
CC-0642,3055216,False,1
CC-0643,3051700,True,1
CC-0643,3054323,False,2
CC-0644,3056709,True,1
CC-0645,3053799,True,1
CC-0646,3050930,True,1
CC-0646,3053265,False,2
CC-0646,3053269,False,3
CC-0647,3057009,False,1
CC-0648,3056555,False,1
CC-0649,3055591,True,1
CC-0649,3055868,False,2
CC-0650,3053763,True,1
CC-0651,3052562,True,1
CC-0652,3055316,True,1
CC-0653,3046178,True,1
CC-0653,3048417,False,2
CC-0653,3053031,False,3
CC-0654,3056778,False,1
CC-0655,3055394,True,1
CC-0655,3055439,False,2
CC-0656,3056646,False,1
CC-0657,3056929,False,1
CC-0658,3054665,True,1
CC-0659,3057214,True,1
CC-0660,3053193,True,1
CC-0660,3053198,False,2
CC-0660,3053199,False,3
CC-0660,3053215,False,4
CC-0661,3034693,True,1
CC-0661,3035838,False,2
CC-0661,3035891,False,3
CC-0661,3036859,False,4
CC-0661,3036886,False,5
CC-0661,3040007,False,6
CC-0661,3043036,False,7
CC-0661,3047183,False,8
CC-0661,3047249,False,9
CC-0661,3051436,False,10
CC-0661,3052552,False,11
CC-0661,3057055,False,12
CC-0662,3055162,True,1
CC-0662,3057015,False,2
CC-0663,3053521,True,1
CC-0664,3054887,True,1
CC-0665,3056387,True,1
CC-0666,3056570,True,1
CC-0666,3056626,False,2
CC-0667,3056253,True,1
CC-0668,3040400,True,1
CC-0668,3040410,False,2
CC-0668,3048593,False,3
CC-0668,3048599,False,4
CC-0668,3056021,False,5
CC-0669,3057877,False,1
CC-0670,3057503,False,1
CC-0671,3052972,True,1
CC-0671,3053856,False,2
CC-0671,3055727,False,3
CC-0671,3055764,False,4
CC-0672,3056146,True,1
CC-0672,3056194,False,2
CC-0673,3057579,False,1
CC-0674,3058475,False,1
CC-0675,3058845,False,1
CC-0676,3057594,False,1
CC-0677,3057987,False,1
CC-0678,3058963,False,1
CC-0679,3055728,True,1
CC-0680,3059052,False,1
CC-0681,3057859,False,1
CC-0682,3059406,False,1
CC-0683,3058081,False,1
CC-0684,3058136,False,1
CC-0685,3056643,True,1
CC-0686,3055261,True,1
CC-0687,3059198,False,1
CC-0688,3059871,True,1
CC-0688,3059998,False,2
CC-0689,3057898,True,1
CC-0690,3055680,True,1
CC-0691,3053244,True,1
CC-0691,3058205,False,2
CC-0691,3058335,False,3
CC-0692,3060275,False,1
CC-0693,3057275,True,1
CC-0694,3055769,True,1
CC-0694,3058943,False,2
CC-0695,3059304,True,1
CC-0696,3060995,False,1
CC-0697,3057989,True,1
CC-0697,3058138,False,2
CC-0697,3060165,False,3
CC-0698,3058217,True,1
CC-0698,3059044,False,2
CC-0698,3059239,False,3
CC-0699,3061378,False,1
CC-0700,3009840,True,1
CC-0700,3009923,False,2
CC-0700,3012375,False,3
CC-0700,3013060,False,4
CC-0700,3016293,False,5
CC-0700,3017478,False,6
CC-0700,3017481,False,7
CC-0700,3017497,False,8
CC-0700,3018253,False,9
CC-0700,3020473,False,10
CC-0700,3027861,False,11
CC-0700,3032504,False,12
CC-0700,3032518,False,13
CC-0700,3033143,False,14
CC-0700,3035292,False,15
CC-0700,3035426,False,16
CC-0700,3035485,False,17
CC-0700,3036173,False,18
CC-0700,3036423,False,19
CC-0700,3039496,False,20
CC-0700,3043896,False,21
CC-0700,3045324,False,22
CC-0700,3047306,False,23
CC-0700,3047319,False,24
CC-0700,3047367,False,25
CC-0700,3047402,False,26
CC-0700,3049312,False,27
CC-0700,3049381,False,28
CC-0700,3051178,False,29
CC-0700,3054340,False,30
CC-0700,3058632,False,31
CC-0700,3058711,False,32
CC-0700,3061370,False,33
CC-0700,3061845,False,34
CC-0700,3062062,False,35
CC-0700,3062064,False,36
CC-0701,3061218,False,1
CC-0702,3062124,False,1
CC-0703,3058962,True,1
CC-0704,3059630,True,1
CC-0705,3054416,True,1
CC-0705,3057343,False,2
CC-0705,3057436,False,3
CC-0706,3036021,True,1
CC-0706,3040197,False,2
CC-0706,3046673,False,3
CC-0706,3053316,False,4
CC-0706,3059514,False,5
CC-0706,3060048,False,6
CC-0706,3062121,False,7
CC-0707,3060732,True,1
CC-0708,3055842,True,1
CC-0708,3058557,False,2
CC-0709,3062079,False,1
CC-0710,3060447,True,1
CC-0711,3060816,True,1
CC-0711,3060883,False,2
CC-0712,3061878,True,1
CC-0713,3059105,True,1
CC-0713,3059150,False,2
CC-0714,3061618,True,1
CC-0715,3057288,True,1
CC-0715,3060940,False,2
CC-0716,3062590,True,1
CC-0717,3057985,True,1
CC-0718,3058998,True,1
CC-0719,3061807,True,1
CC-0719,3061819,False,2
CC-0720,3041330,True,1
CC-0720,3042612,False,2
CC-0720,3042873,False,3
CC-0720,3044787,False,4
CC-0720,3044802,False,5
CC-0720,3044818,False,6
CC-0720,3046510,False,7
CC-0720,3046577,False,8
CC-0720,3048217,False,9
CC-0720,3048377,False,10
CC-0720,3048453,False,11
CC-0720,3052059,False,12
CC-0720,3054283,False,13
CC-0720,3055259,False,14
CC-0720,3055626,False,15
CC-0720,3057554,False,16
CC-0721,3059671,True,1
CC-0721,3059713,False,2
CC-0722,3063253,False,1
CC-0723,3062659,True,1
CC-0724,3061799,True,1
CC-0724,3061818,False,2
CC-0724,3061864,False,3
CC-0724,3062902,False,4
CC-0724,3062997,False,5
CC-0725,3063379,False,1
CC-0726,3063048,False,1
CC-0727,3060139,True,1
CC-0728,3059851,True,1
CC-0729,3062637,False,1
CC-0730,3055096,True,1
CC-0730,3055155,False,2
CC-0730,3063734,False,3
CC-0730,3063802,False,4
CC-0731,3057613,True,1
CC-0731,3063200,False,2
CC-0732,3063606,True,1
CC-0733,3063255,False,1
CC-0734,3063957,True,1
CC-0734,3064198,False,2
CC-0735,3063296,False,1
CC-0736,3063409,False,1
CC-0737,3057298,True,1
CC-0737,3057821,False,2
CC-0737,3057910,False,3
CC-0737,3061292,False,4
CC-0737,3061898,False,5
CC-0738,3064741,True,1
CC-0738,3064751,False,2
CC-0738,3064795,False,3
CC-0738,3064888,False,4
CC-0739,3064901,True,1
CC-0740,3062602,True,1
CC-0741,3066008,False,1
CC-0742,3065085,True,1
CC-0743,3064480,False,1
CC-0744,3061383,True,1
CC-0745,3066458,False,1
CC-0746,3060243,True,1
CC-0746,3060318,False,2
CC-0747,3065589,True,1
CC-0747,3065658,False,2
CC-0747,3065718,False,3
CC-0748,3064444,False,1
CC-0749,3066141,False,1
CC-0750,3048717,True,1
CC-0750,3054432,False,2
CC-0750,3054521,False,3
CC-0750,3055827,False,4
CC-0750,3058351,False,5
CC-0750,3058358,False,6
CC-0750,3058433,False,7
CC-0750,3063760,False,8
CC-0750,3065578,False,9
CC-0751,3063136,True,1
CC-0752,3066537,True,1
CC-0753,3064700,True,1
CC-0754,3066278,False,1
CC-0755,3064716,True,1
CC-0755,3066796,False,2
CC-0755,3066821,False,3
CC-0756,3066090,False,1
CC-0757,3065576,False,1
CC-0758,3066271,False,1
CC-0759,3065788,True,1
CC-0760,3066888,True,1
CC-0761,3066859,False,1
CC-0762,3064413,True,1
CC-0763,3065813,True,1
CC-0764,3055045,True,1
CC-0764,3062368,False,2
CC-0765,3035514,True,1
CC-0765,3037820,False,2
CC-0765,3041471,False,3
CC-0765,3046450,False,4
CC-0765,3051040,False,5
CC-0765,3055339,False,6
CC-0765,3055384,False,7
CC-0765,3055413,False,8
CC-0765,3058830,False,9
CC-0765,3059799,False,10
CC-0765,3059825,False,11
CC-0765,3063989,False,12
CC-0765,3063997,False,13
CC-0766,3059664,True,1
CC-0766,3066021,False,2
CC-0766,3066091,False,3
CC-0767,3062660,True,1
CC-0768,3067437,False,1
CC-0769,3067444,False,1
CC-0770,3064124,True,1
CC-0771,3064502,True,1
CC-0771,3065178,False,2
CC-0771,3065247,False,3
CC-0772,3050677,True,1
CC-0772,3059117,False,2
CC-0772,3067027,False,3
CC-0773,3052652,True,1
CC-0773,3057397,False,2
CC-0773,3065481,False,3
CC-0774,3061447,True,1
CC-0774,3065879,False,2
CC-0774,3065947,False,3
CC-0774,3066051,False,4
CC-0774,3066137,False,5
CC-0775,3065715,True,1
CC-0775,3066450,False,2
CC-0776,3068486,False,1
CC-0777,3067172,False,1
CC-0778,3063117,True,1
CC-0779,3060895,True,1
CC-0779,3065204,False,2
CC-0779,3065323,False,3
CC-0780,3066801,True,1
CC-0781,3068202,True,1
CC-0782,3064056,True,1
CC-0783,3065773,True,1
CC-0784,3062538,True,1
CC-0785,3068764,False,1
CC-0786,3068957,False,1
CC-0787,3069306,False,1
CC-0788,3056574,True,1
CC-0788,3062587,False,2
CC-0788,3065956,False,3
CC-0788,3066692,False,4
CC-0788,3066892,False,5
CC-0788,3066902,False,6
CC-0788,3067061,False,7
CC-0789,3068673,False,1
CC-0790,3067530,False,1
CC-0791,3065022,True,1
CC-0791,3065120,False,2
CC-0791,3065126,False,3
CC-0792,3066571,True,1
CC-0793,3066149,True,1
CC-0794,3069451,False,1
CC-0795,3067526,True,1
CC-0796,3069655,False,1
CC-0797,3064185,True,1
CC-0798,3067009,True,1
CC-0799,3064593,True,1
CC-0800,3066541,True,1
CC-0800,3066621,False,2
CC-0800,3066750,False,3
CC-0800,3066774,False,4
CC-0801,3066913,True,1
CC-0802,3070660,False,1
CC-0803,3070548,False,1
CC-0804,3068280,True,1
CC-0805,3068775,True,1
CC-0806,3060648,True,1
CC-0806,3060655,False,2
CC-0806,3060803,False,3
CC-0806,3064842,False,4
CC-0806,3064854,False,5
CC-0806,3064886,False,6
CC-0806,3064938,False,7
CC-0806,3064942,False,8
CC-0806,3066790,False,9
CC-0807,3069812,False,1
CC-0808,3069497,False,1
CC-0809,3070534,True,1
CC-0810,3065890,True,1
CC-0811,3069116,True,1
CC-0812,3069437,True,1
CC-0813,3068893,True,1
CC-0813,3069770,False,2
CC-0813,3070942,False,3
CC-0814,3071386,False,1
CC-0815,3070750,False,1
CC-0816,3070971,True,1
CC-0817,3070494,True,1
CC-0818,3071069,True,1
CC-0819,3070880,True,1
CC-0820,3067064,True,1
CC-0820,3067098,False,2
CC-0821,3067755,True,1
CC-0822,3068302,True,1
CC-0822,3068456,False,2
CC-0823,3068115,True,1
CC-0824,3063258,True,1
CC-0824,3067837,False,2
CC-0825,3057212,True,1
CC-0825,3057677,False,2
CC-0825,3062769,False,3
CC-0825,3068367,False,4
CC-0826,3068476,True,1
CC-0827,3066767,True,1
CC-0827,3067479,False,2
CC-0828,3072230,False,1
CC-0829,3045743,True,1
CC-0829,3053196,False,2
CC-0829,3054546,False,3
CC-0829,3062431,False,4
CC-0829,3069589,False,5
CC-0829,3069706,False,6
CC-0829,3070348,False,7
CC-0830,3060654,True,1
CC-0830,3069067,False,2
CC-0831,3072335,False,1
CC-0832,3072370,True,1
CC-0833,3072464,False,1
CC-0834,3061629,True,1
CC-0834,3062355,False,2
CC-0834,3062358,False,3
CC-0834,3070669,False,4
CC-0835,3065957,True,1
CC-0835,3067282,False,2
CC-0836,3071867,False,1
CC-0837,3068654,True,1
CC-0838,3062301,True,1
CC-0838,3066592,False,2
CC-0838,3071853,False,3
CC-0838,3072030,False,4
CC-0839,3071936,False,1
CC-0840,3073879,False,1
CC-0841,3072005,False,1
CC-0842,3072965,True,1
CC-0842,3073115,False,2
CC-0843,3073124,False,1
CC-0844,3073630,False,1
CC-0845,3073694,False,1
CC-0846,3073395,False,1
CC-0847,3074512,False,1
CC-0848,3072725,False,1
CC-0849,3065357,True,1
CC-0849,3065401,False,2
CC-0849,3065415,False,3
CC-0849,3065441,False,4
CC-0849,3065582,False,5
CC-0849,3069830,False,6
CC-0850,3067804,True,1
CC-0850,3068970,False,2
CC-0851,3072560,False,1
CC-0852,3073367,False,1
CC-0853,3070969,True,1
CC-0854,3074540,True,1
CC-0855,3069383,True,1
CC-0856,3071625,True,1
CC-0856,3071647,False,2
CC-0857,3067120,True,1
CC-0857,3071777,False,2
CC-0858,3069032,True,1
CC-0859,3071665,True,1
CC-0860,3070892,True,1
CC-0860,3073502,False,2
CC-0860,3073582,False,3
CC-0860,3074218,False,4
CC-0861,3075626,False,1
CC-0862,3073861,False,1
CC-0863,3070067,True,1
CC-0864,3074951,False,1
CC-0865,3075657,False,1
CC-0866,3062876,True,1
CC-0866,3062908,False,2
CC-0866,3072604,False,3
CC-0866,3072665,False,4
CC-0866,3072715,False,5
CC-0866,3072736,False,6
CC-0866,3072883,False,7
CC-0866,3072896,False,8
CC-0866,3076686,False,9
CC-0867,3071771,True,1
CC-0868,3076544,True,1
CC-0868,3076579,False,2
CC-0868,3076590,False,3
CC-0868,3076752,False,4
CC-0869,3063052,True,1
CC-0869,3070741,False,2
CC-0869,3072026,False,3
CC-0869,3072059,False,4
CC-0869,3072330,False,5
CC-0869,3072334,False,6
CC-0869,3072405,False,7
CC-0870,3076370,False,1
CC-0871,3076247,False,1
CC-0872,3074924,True,1
CC-0873,3076736,False,1
CC-0874,3076518,False,1
CC-0875,3073334,True,1
CC-0876,3074792,True,1
CC-0877,3076648,False,1
CC-0878,3076490,True,1
CC-0878,3076555,False,2
CC-0878,3076565,False,3
CC-0879,3074553,True,1
CC-0879,3074600,False,2
CC-0879,3074661,False,3
CC-0879,3074687,False,4
CC-0879,3074755,False,5
CC-0880,3074970,True,1
CC-0881,3077162,False,1
CC-0882,3078162,False,1
CC-0883,3071606,True,1
CC-0883,3075494,False,2
CC-0884,3074243,True,1
CC-0884,3074518,False,2
CC-0885,3077502,False,1
CC-0886,3078273,False,1
CC-0887,3077009,False,1
CC-0888,3077400,False,1
CC-0889,3077784,False,1
CC-0890,3073101,True,1
CC-0891,3074208,True,1
CC-0892,3077718,False,1
CC-0893,3077792,False,1
CC-0894,3079708,False,1
CC-0895,3079770,True,1
CC-0896,3078520,False,1
CC-0897,3079412,True,1
CC-0898,3079531,False,1
CC-0899,3074894,True,1
CC-0899,3076002,False,2
CC-0899,3076059,False,3
CC-0899,3076950,False,4
CC-0900,3078479,False,1
CC-0901,3078574,False,1
CC-0902,3079040,True,1
CC-0903,3077870,False,1
CC-0904,3079176,False,1
CC-0905,3080047,False,1
CC-0906,3080183,False,1
CC-0907,3079533,False,1
CC-0908,3078674,False,1
CC-0909,3079124,False,1
CC-0910,3078793,False,1
CC-0911,3079276,True,1
CC-0912,3080836,False,1
CC-0913,3074159,True,1
CC-0914,3074598,True,1
CC-0914,3074750,False,2
CC-0914,3076959,False,3
CC-0914,3080610,False,4
CC-0915,3070508,True,1
CC-0915,3077392,False,2
CC-0916,3080097,True,1
CC-0916,3080170,False,2
CC-0916,3080456,False,3
CC-0917,3076663,True,1
CC-0918,3081623,False,1
CC-0919,3079733,True,1
CC-0920,3080116,True,1
CC-0921,3081614,False,1
CC-0922,3081155,False,1
CC-0923,3080124,False,1
CC-0924,3080540,False,1
CC-0925,3080295,False,1
CC-0926,3076878,True,1
CC-0927,3076793,True,1
CC-0927,3080111,False,2
CC-0928,3081570,True,1
CC-0929,3080656,False,1
CC-0930,3078978,True,1
CC-0931,3081309,False,1
CC-0932,3070947,True,1
CC-0932,3080272,False,2
CC-0933,3081809,False,1
CC-0934,3081369,False,1
CC-0935,3081655,True,1
CC-0936,3079501,True,1
CC-0936,3079691,False,2
CC-0937,3080201,True,1
CC-0938,3081986,True,1
CC-0939,3076915,True,1
CC-0940,3081866,False,1
CC-0941,3078483,True,1
CC-0942,3078965,True,1
CC-0943,3066779,True,1
CC-0943,3072920,False,2
CC-0943,3073076,False,3
CC-0943,3073096,False,4
CC-0943,3073238,False,5
CC-0943,3073265,False,6
CC-0943,3074825,False,7
CC-0943,3074873,False,8
CC-0943,3076419,False,9
CC-0943,3076553,False,10
CC-0943,3077233,False,11
CC-0944,3080202,True,1
CC-0945,3078495,True,1
CC-0945,3078629,False,2
CC-0946,3082513,False,1
CC-0947,3081549,True,1
CC-0948,3080764,True,1
CC-0949,3078583,True,1
CC-0949,3078755,False,2
CC-0949,3080257,False,3
CC-0949,3080731,False,4
CC-0949,3080777,False,5
CC-0949,3083019,False,6
CC-0950,3082241,True,1
CC-0951,3083109,False,1
CC-0952,3083139,False,1
CC-0953,3083583,False,1
CC-0954,3083294,False,1
CC-0955,3084012,False,1
CC-0956,3083278,False,1
CC-0957,3083438,False,1
CC-0958,3083458,False,1
CC-0959,3084057,False,1
CC-0960,3079339,True,1
CC-0960,3079368,False,2
CC-0960,3079417,False,3
CC-0961,3079626,True,1
CC-0962,3083577,False,1
CC-0963,3084445,False,1
CC-0964,3082987,False,1
CC-0965,3084624,False,1
CC-0966,3083794,False,1
CC-0967,3083436,False,1
CC-0968,3084700,False,1
CC-0969,3083985,False,1
CC-0970,3079419,True,1
CC-0971,3082254,True,1
CC-0972,3085175,False,1
CC-0973,3080811,True,1
CC-0974,3086050,False,1
CC-0975,3076514,True,1
CC-0975,3077222,False,2
CC-0975,3079757,False,3
CC-0975,3079760,False,4
CC-0975,3079837,False,5
CC-0976,3079937,True,1
CC-0976,3080620,False,2
CC-0976,3080806,False,3
CC-0976,3082414,False,4
CC-0977,3085784,False,1
CC-0978,3082377,True,1
CC-0979,3086446,False,1
CC-0980,3079131,True,1
CC-0981,3010163,True,1
CC-0981,3010219,False,2
CC-0981,3011097,False,3
CC-0981,3012611,False,4
CC-0981,3013694,False,5
CC-0981,3013695,False,6
CC-0981,3018743,False,7
CC-0981,3019269,False,8
CC-0981,3020744,False,9
CC-0981,3027669,False,10
CC-0981,3028219,False,11
CC-0981,3028438,False,12
CC-0981,3030296,False,13
CC-0981,3031071,False,14
CC-0981,3031593,False,15
CC-0981,3032133,False,16
CC-0981,3034694,False,17
CC-0981,3036530,False,18
CC-0981,3037543,False,19
CC-0981,3037614,False,20
CC-0981,3041240,False,21
CC-0981,3046096,False,22
CC-0981,3048911,False,23
CC-0981,3049146,False,24
CC-0981,3050537,False,25
CC-0981,3051448,False,26
CC-0981,3051482,False,27
CC-0981,3052914,False,28
CC-0981,3053362,False,29
CC-0981,3056180,False,30
CC-0981,3064074,False,31
CC-0981,3066843,False,32
CC-0981,3066855,False,33
CC-0981,3075627,False,34
CC-0981,3076385,False,35
CC-0981,3078453,False,36
CC-0981,3078497,False,37
CC-0981,3080655,False,38
CC-0981,3080697,False,39
CC-0982,3085928,False,1
CC-0983,3085206,False,1
CC-0984,3085095,False,1
CC-0985,3082280,True,1
CC-0986,3087162,False,1
CC-0987,3085769,False,1
CC-0988,3085882,False,1
CC-0989,3082343,True,1
CC-0990,3081740,True,1
CC-0991,3086457,False,1
CC-0992,3086823,False,1
CC-0993,3081608,True,1
CC-0994,3086837,False,1
CC-0995,3085835,True,1
CC-0996,3080892,True,1
CC-0996,3081102,False,2
CC-0997,3087496,False,1
CC-0998,3045915,True,1
CC-0998,3052649,False,2
CC-0998,3060618,False,3
CC-0998,3060649,False,4
CC-0998,3063451,False,5
CC-0998,3063582,False,6
CC-0998,3064964,False,7
CC-0998,3065122,False,8
CC-0998,3066270,False,9
CC-0998,3068197,False,10
CC-0998,3075565,False,11
CC-0998,3082885,False,12
CC-0998,3083807,False,13
CC-0998,3086334,False,14
CC-0999,3080875,True,1
CC-0999,3083566,False,2
CC-0999,3083648,False,3
CC-0999,3083784,False,4
CC-0999,3083866,False,5
CC-1000,3087509,False,1
CC-1001,3086169,False,1
CC-1002,3085512,True,1
CC-1003,3087510,True,1
CC-1004,3086393,False,1
CC-1005,3081626,True,1
CC-1006,3087673,False,1
CC-1007,3084451,True,1
CC-1008,3087345,False,1
CC-1009,3086031,True,1
CC-1010,3081960,True,1
CC-1011,3080022,True,1
CC-1011,3082015,False,2
CC-1012,3075431,True,1
CC-1012,3084135,False,2
CC-1013,3083032,True,1
CC-1014,3086434,True,1
CC-1014,3087854,False,2
CC-1015,3075128,True,1
CC-1015,3076906,False,2
CC-1015,3082202,False,3
CC-1015,3086681,False,4
CC-1015,3086696,False,5
CC-1015,3086757,False,6
CC-1015,3086769,False,7
CC-1015,3086838,False,8
CC-1015,3086872,False,9
CC-1016,3087827,False,1
CC-1017,3082375,True,1
CC-1018,3083385,True,1
CC-1018,3083443,False,2
CC-1019,3088102,False,1
CC-1020,3086293,True,1
CC-1021,3088320,True,1
CC-1022,3088862,False,1
CC-1023,3075052,True,1
CC-1023,3083050,False,2
CC-1024,3089152,False,1
CC-1025,3089159,False,1
CC-1026,3085513,True,1
CC-1027,3089662,False,1
CC-1028,3086999,True,1
CC-1029,3090204,False,1
CC-1030,3090245,False,1
CC-1031,3088612,False,1
CC-1032,3089785,True,1
CC-1033,3085305,True,1
CC-1034,3088468,False,1
CC-1035,3083790,True,1
CC-1036,3090167,False,1
CC-1037,3091711,False,1
CC-1038,3083757,True,1
CC-1038,3087040,False,2
CC-1039,3091973,False,1
CC-1040,3090758,False,1
CC-1041,3091505,True,1
CC-1041,3091517,False,2
CC-1041,3091633,False,3
CC-1042,3089944,False,1
CC-1043,3089163,True,1
CC-1044,3089665,False,1
CC-1045,3076032,True,1
CC-1045,3081343,False,2
CC-1045,3081424,False,3
CC-1045,3087541,False,4
CC-1046,3088577,True,1
CC-1046,3088684,False,2
CC-1047,3090326,False,1
CC-1048,3087780,True,1
CC-1049,3089532,False,1
CC-1050,3085479,True,1
CC-1051,3091597,False,1
CC-1052,3092016,False,1
CC-1053,3089918,False,1
CC-1054,3090920,False,1
CC-1055,3077744,True,1
CC-1055,3077849,False,2
CC-1055,3078804,False,3
CC-1055,3078820,False,4
CC-1055,3078829,False,5
CC-1055,3088105,False,6
CC-1056,3031806,True,1
CC-1056,3035501,False,2
CC-1056,3035738,False,3
CC-1056,3040952,False,4
CC-1056,3041174,False,5
CC-1056,3042525,False,6
CC-1056,3042624,False,7
CC-1056,3043950,False,8
CC-1056,3045227,False,9
CC-1056,3052803,False,10
CC-1056,3056803,False,11
CC-1056,3059207,False,12
CC-1056,3059961,False,13
CC-1056,3060772,False,14
CC-1056,3062424,False,15
CC-1056,3062488,False,16
CC-1056,3063492,False,17
CC-1056,3064629,False,18
CC-1056,3071061,False,19
CC-1056,3071091,False,20
CC-1056,3071116,False,21
CC-1056,3071333,False,22
CC-1056,3076328,False,23
CC-1056,3076738,False,24
CC-1056,3077255,False,25
CC-1056,3078484,False,26
CC-1056,3081748,False,27
CC-1056,3086298,False,28
CC-1057,3091437,False,1
CC-1058,3090591,False,1
CC-1059,3091466,False,1
CC-1060,3091094,False,1
CC-1061,3091559,False,1
CC-1062,3091993,True,1
CC-1063,3087604,True,1
CC-1064,3046216,True,1
CC-1064,3046713,False,2
CC-1064,3050009,False,3
CC-1064,3053413,False,4
CC-1064,3054231,False,5
CC-1064,3059644,False,6
CC-1064,3062415,False,7
CC-1064,3062433,False,8
CC-1064,3064941,False,9
CC-1064,3068579,False,10
CC-1064,3068858,False,11
CC-1064,3070908,False,12
CC-1064,3072199,False,13
CC-1064,3073851,False,14
CC-1064,3082819,False,15
CC-1064,3082898,False,16
CC-1064,3088857,False,17
CC-1064,3092119,False,18
CC-1065,3090551,False,1
CC-1066,3090135,True,1
CC-1067,3087643,True,1
CC-1067,3088542,False,2
CC-1067,3089088,False,3
CC-1067,3089260,False,4
CC-1068,3088671,True,1
CC-1069,3079894,True,1
CC-1069,3087660,False,2
CC-1069,3087970,False,3
CC-1070,3092202,False,1
CC-1071,3088050,True,1
CC-1072,3091443,True,1
CC-1073,3086060,True,1
CC-1073,3092315,False,2
CC-1074,3082020,True,1
CC-1074,3082101,False,2
CC-1074,3091153,False,3
CC-1075,3092415,True,1
CC-1076,3077415,True,1
CC-1076,3086207,False,2
CC-1077,3092650,False,1
CC-1078,3074079,True,1
CC-1078,3081468,False,2
CC-1078,3081474,False,3
CC-1078,3088469,False,4
CC-1078,3090231,False,5
CC-1079,3092946,False,1
CC-1080,3087618,True,1
CC-1081,3092290,False,1
CC-1082,3089205,True,1
CC-1083,3093366,False,1
CC-1084,3091779,True,1
CC-1084,3092159,False,2
CC-1084,3092180,False,3
CC-1084,3092183,False,4
CC-1085,3086062,True,1
CC-1085,3093284,False,2
CC-1086,3082978,True,1
CC-1086,3087991,False,2
CC-1087,3089347,True,1
CC-1088,3091822,True,1
CC-1088,3091824,False,2
CC-1088,3091836,False,3
CC-1088,3091851,False,4
CC-1088,3091922,False,5
CC-1089,3087740,True,1
CC-1089,3091946,False,2
CC-1090,3095024,False,1
CC-1091,3093790,True,1
CC-1092,3094968,False,1
CC-1093,3087750,True,1
CC-1093,3087759,False,2
CC-1093,3087799,False,3
CC-1093,3087800,False,4
CC-1093,3090722,False,5
CC-1094,3095975,False,1
CC-1095,3094760,False,1
CC-1096,3094369,False,1
CC-1097,3094658,False,1
CC-1098,3095310,True,1
CC-1099,3071874,True,1
CC-1099,3079982,False,2
CC-1099,3084258,False,3
CC-1099,3093153,False,4
CC-1100,3096702,False,1
CC-1101,3094930,False,1
CC-1102,3050732,True,1
CC-1102,3054202,False,2
CC-1102,3055020,False,3
CC-1102,3057362,False,4
CC-1102,3058246,False,5
CC-1102,3065647,False,6
CC-1102,3070564,False,7
CC-1102,3072675,False,8
CC-1102,3072763,False,9
CC-1102,3077214,False,10
CC-1102,3080588,False,11
CC-1102,3080592,False,12
CC-1102,3080675,False,13
CC-1102,3085526,False,14
CC-1102,3085687,False,15
CC-1102,3090831,False,16
CC-1102,3093941,False,17
CC-1102,3096473,False,18
CC-1103,3092167,True,1
CC-1104,3093873,True,1
CC-1104,3093897,False,2
CC-1105,3096726,True,1
CC-1106,3095406,False,1
CC-1107,3095426,False,1
CC-1108,3097609,False,1
CC-1109,3097669,False,1
CC-1110,3096890,False,1
CC-1111,3095121,False,1
CC-1112,3097753,False,1
CC-1113,3095186,True,1
CC-1114,3095180,False,1
CC-1115,3098373,False,1
CC-1116,3085120,True,1
CC-1116,3096441,False,2
CC-1116,3097454,False,3
CC-1117,3097028,False,1
CC-1118,3095818,False,1
CC-1119,3093498,True,1
CC-1120,3098695,False,1
CC-1121,3095707,True,1
CC-1121,3097696,False,2
CC-1122,3096095,False,1
CC-1123,3097880,True,1
CC-1124,3096337,False,1
CC-1125,3093114,True,1
CC-1125,3093198,False,2
CC-1125,3093927,False,3
CC-1125,3098103,False,4
CC-1126,3098160,False,1
CC-1127,3095765,True,1
CC-1128,3099059,True,1
CC-1129,3097895,False,1
CC-1130,3098821,False,1
CC-1131,3099511,False,1
CC-1132,3098833,False,1
CC-1133,3095677,True,1
CC-1134,3099249,False,1
CC-1135,3099536,False,1
CC-1136,3098917,False,1
CC-1137,3099411,False,1
CC-1138,3099809,False,1
CC-1139,3098870,False,1
CC-1140,3095796,True,1
CC-1141,3061595,True,1
CC-1141,3061657,False,2
CC-1141,3065744,False,3
CC-1141,3068035,False,4
CC-1141,3069454,False,5
CC-1141,3076127,False,6
CC-1141,3082070,False,7
CC-1141,3084164,False,8
CC-1141,3085765,False,9
CC-1141,3086971,False,10
CC-1141,3087014,False,11
CC-1141,3087299,False,12
CC-1141,3087336,False,13
CC-1141,3088738,False,14
CC-1141,3088740,False,15
CC-1141,3098047,False,16
CC-1142,3099458,False,1
CC-1143,3099104,False,1
CC-1144,3094341,True,1
CC-1145,3095733,True,1
CC-1145,3099196,False,2
CC-1145,3099216,False,3
CC-1146,3099223,True,1
CC-1147,3099572,False,1
CC-1148,3096979,True,1
CC-1149,3099601,False,1
CC-1150,3079771,True,1
CC-1150,3090631,False,2
CC-1150,3094042,False,3
CC-1151,3099465,True,1
CC-1151,3099537,False,2
CC-1152,3098261,True,1
CC-1153,3100055,False,1
CC-1154,3099555,True,1
CC-1154,3099628,False,2
CC-1155,3099831,False,1
CC-1156,3099944,True,1
CC-1157,3099386,True,1
CC-1158,3095703,True,1
CC-1159,3100189,False,1
CC-1160,3087524,True,1
CC-1160,3097590,False,2
CC-1161,3096532,True,1
CC-1162,3100457,False,1
CC-1163,3100112,False,1
CC-1164,3100647,False,1
CC-1165,3102006,False,1
CC-1166,3099081,True,1
CC-1167,3098738,True,1
CC-1168,3101233,False,1
CC-1169,3082035,True,1
CC-1169,3087934,False,2
CC-1169,3091738,False,3
CC-1169,3091845,False,4
CC-1169,3093830,False,5
CC-1169,3093850,False,6
CC-1169,3099485,False,7
CC-1170,3096902,True,1
CC-1170,3098655,False,2
CC-1171,3096862,True,1
CC-1172,3099179,True,1
CC-1172,3099234,False,2
CC-1172,3102572,False,3
CC-1173,3099621,True,1
CC-1173,3099645,False,2
CC-1174,3102208,False,1
CC-1175,3103681,False,1
CC-1176,3102229,False,1
CC-1177,3092385,True,1
CC-1177,3096270,False,2
CC-1177,3096362,False,3
CC-1177,3096601,False,4
CC-1178,3099128,True,1
CC-1179,3097071,True,1
CC-1180,3103213,True,1
CC-1181,3099602,True,1
CC-1182,3102064,False,1
CC-1183,3101297,False,1
CC-1184,3103269,False,1
CC-1185,3101725,False,1
CC-1186,3094222,True,1
CC-1186,3099401,False,2
CC-1187,3102764,False,1
CC-1188,3100425,True,1
CC-1189,3001666,True,1
CC-1189,3002200,False,2
CC-1189,3002600,False,3
CC-1189,3003264,False,4
CC-1189,3007384,False,5
CC-1189,3010104,False,6
CC-1189,3012897,False,7
CC-1189,3013176,False,8
CC-1189,3013204,False,9
CC-1189,3013230,False,10
CC-1189,3013292,False,11
CC-1189,3015728,False,12
CC-1189,3015895,False,13
CC-1189,3016185,False,14
CC-1189,3016489,False,15
CC-1189,3016530,False,16
CC-1189,3017035,False,17
CC-1189,3019392,False,18
CC-1189,3019822,False,19
CC-1189,3023214,False,20
CC-1189,3023815,False,21
CC-1189,3023865,False,22
CC-1189,3024950,False,23
CC-1189,3024953,False,24
CC-1189,3026495,False,25
CC-1189,3026541,False,26
CC-1189,3026564,False,27
CC-1189,3027145,False,28
CC-1189,3029376,False,29
CC-1189,3030857,False,30
CC-1189,3030990,False,31
CC-1189,3030991,False,32
CC-1189,3031031,False,33
CC-1189,3031238,False,34
CC-1189,3033827,False,35
CC-1189,3035221,False,36
CC-1189,3035244,False,37
CC-1189,3035607,False,38
CC-1189,3035654,False,39
CC-1189,3035825,False,40
CC-1189,3035893,False,41
CC-1189,3037434,False,42
CC-1189,3037461,False,43
CC-1189,3037956,False,44
CC-1189,3038022,False,45
CC-1189,3038448,False,46
CC-1189,3038549,False,47
CC-1189,3039591,False,48
CC-1189,3039728,False,49
CC-1189,3041820,False,50
CC-1189,3043517,False,51
CC-1189,3047588,False,52
CC-1189,3052263,False,53
CC-1189,3054102,False,54
CC-1189,3055519,False,55
CC-1189,3056204,False,56
CC-1189,3056293,False,57
CC-1189,3056410,False,58
CC-1189,3060664,False,59
CC-1189,3066828,False,60
CC-1189,3075890,False,61
CC-1189,3076103,False,62
CC-1189,3076355,False,63
CC-1189,3076416,False,64
CC-1189,3076441,False,65
CC-1189,3076898,False,66
CC-1189,3077990,False,67
CC-1189,3079051,False,68
CC-1189,3079734,False,69
CC-1189,3079846,False,70
CC-1189,3081230,False,71
CC-1189,3081243,False,72
CC-1189,3081375,False,73
CC-1189,3081523,False,74
CC-1189,3081743,False,75
CC-1189,3081823,False,76
CC-1189,3082405,False,77
CC-1189,3082423,False,78
CC-1189,3083834,False,79
CC-1189,3084613,False,80
CC-1189,3085439,False,81
CC-1189,3085829,False,82
CC-1189,3086129,False,83
CC-1189,3086846,False,84
CC-1189,3087534,False,85
CC-1189,3087994,False,86
CC-1189,3090389,False,87
CC-1189,3092152,False,88
CC-1189,3093006,False,89
CC-1189,3096100,False,90
CC-1189,3096611,False,91
CC-1189,3096730,False,92
CC-1189,3097083,False,93
CC-1189,3097189,False,94
CC-1189,3098680,False,95
CC-1189,3103220,False,96
CC-1189,3103764,False,97
CC-1189,3103890,False,98
CC-1190,3102496,False,1
CC-1191,3103267,False,1
CC-1192,3097988,True,1
CC-1192,3098220,False,2
CC-1192,3103590,False,3
CC-1192,3103614,False,4
CC-1193,3101424,True,1
CC-1194,3099909,True,1
CC-1195,3071850,True,1
CC-1195,3074030,False,2
CC-1195,3076613,False,3
CC-1195,3077472,False,4
CC-1195,3081893,False,5
CC-1195,3088992,False,6
CC-1195,3091457,False,7
CC-1195,3091485,False,8
CC-1195,3091937,False,9
CC-1195,3093410,False,10
CC-1195,3099177,False,11
CC-1196,3103168,False,1
CC-1197,3099390,True,1
CC-1197,3099972,False,2
CC-1198,3100136,True,1
CC-1199,3102728,False,1
CC-1200,3060076,True,1
CC-1200,3063189,False,2
CC-1200,3063228,False,3
CC-1200,3063294,False,4
CC-1200,3063885,False,5
CC-1200,3069965,False,6
CC-1200,3070122,False,7
CC-1200,3070128,False,8
CC-1200,3070420,False,9
CC-1200,3071001,False,10
CC-1200,3076817,False,11
CC-1200,3078304,False,12
CC-1200,3080203,False,13
CC-1200,3088613,False,14
CC-1200,3089849,False,15
CC-1200,3092230,False,16
CC-1200,3093729,False,17
CC-1200,3098459,False,18
CC-1201,3104256,False,1
CC-1202,3100540,True,1
CC-1202,3100706,False,2
CC-1203,3104692,False,1
CC-1204,3101649,True,1
CC-1205,3103911,False,1
CC-1206,3104520,False,1
CC-1207,3071208,True,1
CC-1207,3074132,False,2
CC-1207,3079189,False,3
CC-1207,3087975,False,4
CC-1207,3088631,False,5
CC-1207,3088664,False,6
CC-1207,3088673,False,7
CC-1207,3099565,False,8
CC-1207,3099824,False,9
CC-1207,3099867,False,10
CC-1208,3101152,True,1
CC-1209,3098114,True,1
CC-1209,3103639,False,2
CC-1210,3100360,True,1
CC-1210,3100411,False,2
CC-1211,3104680,False,1
CC-1212,3104894,False,1
CC-1213,3103925,False,1
CC-1214,3104030,False,1
CC-1215,3103057,True,1
CC-1215,3104431,False,2
CC-1216,3072881,True,1
CC-1216,3082292,False,2
CC-1216,3089459,False,3
CC-1216,3092498,False,4
CC-1216,3092579,False,5
CC-1216,3095954,False,6
CC-1216,3096112,False,7
CC-1216,3099432,False,8
CC-1216,3099457,False,9
CC-1216,3099768,False,10
CC-1217,3047565,True,1
CC-1217,3051610,False,2
CC-1217,3059068,False,3
CC-1217,3063890,False,4
CC-1217,3067332,False,5
CC-1217,3069395,False,6
CC-1217,3069561,False,7
CC-1217,3079156,False,8
CC-1217,3080931,False,9
CC-1217,3082321,False,10
CC-1217,3085605,False,11
CC-1217,3089743,False,12
CC-1217,3090765,False,13
CC-1217,3090818,False,14
CC-1217,3097560,False,15
CC-1217,3099596,False,16
CC-1217,3099829,False,17
CC-1217,3103497,False,18
CC-1218,3105097,True,1
CC-1219,3103467,True,1
CC-1220,3105157,False,1
CC-1221,3105154,True,1
CC-1222,3100221,True,1
CC-1223,3103828,True,1
CC-1224,3098810,True,1
CC-1224,3099941,False,2
CC-1225,3090277,True,1
CC-1225,3100524,False,2
CC-1226,3100824,True,1
CC-1226,3102221,False,2
CC-1227,3105728,False,1
CC-1228,3074366,True,1
CC-1228,3074509,False,2
CC-1228,3076463,False,3
CC-1228,3077093,False,4
CC-1228,3081149,False,5
CC-1228,3081192,False,6
CC-1228,3086913,False,7
CC-1228,3091426,False,8
CC-1228,3100127,False,9
CC-1228,3101379,False,10
CC-1229,3089252,True,1
CC-1229,3100479,False,2
CC-1230,3103052,True,1
CC-1231,3105700,False,1
CC-1232,3106548,False,1
CC-1233,3105859,False,1
CC-1234,3100580,True,1
CC-1235,3046235,True,1
CC-1235,3053612,False,2
CC-1235,3057241,False,3
CC-1235,3060578,False,4
CC-1235,3060629,False,5
CC-1235,3063441,False,6
CC-1235,3064369,False,7
CC-1235,3066309,False,8
CC-1235,3066657,False,9
CC-1235,3066684,False,10
CC-1235,3066895,False,11
CC-1235,3069530,False,12
CC-1235,3076657,False,13
CC-1235,3082128,False,14
CC-1235,3083865,False,15
CC-1235,3084416,False,16
CC-1235,3087013,False,17
CC-1235,3091307,False,18
CC-1235,3093024,False,19
CC-1235,3094046,False,20
CC-1235,3103530,False,21
CC-1236,3105781,False,1
CC-1237,3103481,True,1
CC-1238,3105628,False,1
CC-1239,3101687,True,1
CC-1240,3106140,False,1
CC-1241,3106726,True,1
CC-1242,3033677,True,1
CC-1242,3033785,False,2
CC-1242,3036775,False,3
CC-1242,3039436,False,4
CC-1242,3043166,False,5
CC-1242,3046099,False,6
CC-1242,3047589,False,7
CC-1242,3049742,False,8
CC-1242,3057355,False,9
CC-1242,3063616,False,10
CC-1242,3068270,False,11
CC-1242,3069837,False,12
CC-1242,3075684,False,13
CC-1242,3076404,False,14
CC-1242,3080155,False,15
CC-1242,3082312,False,16
CC-1242,3084283,False,17
CC-1242,3084536,False,18
CC-1242,3088503,False,19
CC-1242,3091496,False,20
CC-1242,3091549,False,21
CC-1242,3093354,False,22
CC-1242,3093365,False,23
CC-1242,3093681,False,24
CC-1242,3099623,False,25
CC-1242,3100354,False,26
CC-1242,3102060,False,27
CC-1242,3102279,False,28
CC-1242,3102787,False,29
CC-1242,3105131,False,30
CC-1242,3106022,False,31
CC-1243,3099334,True,1
CC-1243,3099862,False,2
CC-1243,3101144,False,3
CC-1244,3106664,False,1
CC-1245,3103655,True,1
CC-1246,3106777,False,1
CC-1247,3106056,False,1
CC-1248,3101799,True,1
CC-1249,3102637,True,1
CC-1250,3105133,True,1
CC-1251,3107814,False,1
CC-1252,3104239,True,1
CC-1253,3096399,True,1
CC-1253,3103373,False,2
CC-1254,3107329,False,1
CC-1255,3105662,True,1
CC-1256,3107488,False,1
CC-1257,3108381,False,1
CC-1258,3097862,True,1
CC-1258,3103321,False,2
CC-1259,3107384,False,1
CC-1260,3108555,False,1
CC-1261,3107110,False,1
CC-1262,3108890,False,1
CC-1263,3103549,True,1
CC-1263,3103618,False,2
CC-1264,3108902,False,1
CC-1265,3096685,True,1
CC-1265,3105939,False,2
CC-1266,3108373,False,1
CC-1267,3109181,False,1
CC-1268,3106321,True,1
CC-1269,3108760,True,1
CC-1270,3097277,True,1
CC-1270,3103931,False,2
CC-1270,3103993,False,3
CC-1271,3110448,True,1
CC-1272,3109444,False,1
CC-1273,3107065,True,1
CC-1273,3109551,False,2
CC-1274,3110497,True,1
CC-1275,3062582,True,1
CC-1275,3070839,False,2
CC-1275,3073292,False,3
CC-1275,3073403,False,4
CC-1275,3073465,False,5
CC-1275,3079523,False,6
CC-1275,3082367,False,7
CC-1275,3084492,False,8
CC-1275,3084639,False,9
CC-1275,3096456,False,10
CC-1275,3099115,False,11
CC-1275,3107088,False,12
CC-1275,3107209,False,13
CC-1276,3110494,True,1
CC-1276,3110581,False,2
CC-1277,3109579,False,1
CC-1278,3097010,True,1
CC-1278,3107928,False,2
CC-1279,3110319,True,1
CC-1280,3110483,False,1
CC-1281,3100081,True,1
CC-1281,3105172,False,2
CC-1282,3109595,True,1
CC-1282,3109645,False,2
CC-1282,3109719,False,3
CC-1283,3109688,True,1
CC-1284,3110011,False,1
CC-1285,3105314,True,1
CC-1285,3108210,False,2
CC-1285,3108354,False,3
CC-1286,3108553,True,1
CC-1286,3108641,False,2
CC-1287,3110501,False,1
CC-1288,3108144,True,1
CC-1289,3059050,True,1
CC-1289,3062152,False,2
CC-1289,3070801,False,3
CC-1289,3078062,False,4
CC-1289,3078124,False,5
CC-1289,3078577,False,6
CC-1289,3078605,False,7
CC-1289,3079616,False,8
CC-1289,3080255,False,9
CC-1289,3082042,False,10
CC-1289,3082125,False,11
CC-1289,3082261,False,12
CC-1289,3082379,False,13
CC-1289,3085027,False,14
CC-1289,3085052,False,15
CC-1289,3086102,False,16
CC-1289,3086203,False,17
CC-1289,3086425,False,18
CC-1289,3087029,False,19
CC-1289,3087086,False,20
CC-1289,3089779,False,21
CC-1289,3089801,False,22
CC-1289,3089829,False,23
CC-1289,3089905,False,24
CC-1289,3090812,False,25
CC-1289,3091743,False,26
CC-1289,3091765,False,27
CC-1289,3092300,False,28
CC-1289,3093875,False,29
CC-1289,3095545,False,30
CC-1289,3095973,False,31
CC-1289,3096121,False,32
CC-1289,3096319,False,33
CC-1289,3096375,False,34
CC-1289,3096391,False,35
CC-1289,3097041,False,36
CC-1289,3097044,False,37
CC-1289,3097333,False,38
CC-1289,3097385,False,39
CC-1289,3097914,False,40
CC-1289,3098169,False,41
CC-1289,3098303,False,42
CC-1289,3100625,False,43
CC-1289,3101211,False,44
CC-1289,3102520,False,45
CC-1289,3102575,False,46
CC-1289,3102863,False,47
CC-1289,3105308,False,48
CC-1289,3107538,False,49
CC-1290,3111248,False,1
CC-1291,3110388,True,1
CC-1292,3110893,True,1
CC-1293,3081145,True,1
CC-1293,3081191,False,2
CC-1293,3081517,False,3
CC-1293,3085733,False,4
CC-1293,3085759,False,5
CC-1293,3087851,False,6
CC-1293,3098221,False,7
CC-1293,3105036,False,8
CC-1293,3105060,False,9
CC-1293,3110106,False,10
CC-1294,3104219,True,1
CC-1294,3104258,False,2
CC-1294,3108735,False,3
CC-1295,3111449,False,1
CC-1296,3109451,True,1
CC-1297,3109823,True,1
CC-1298,3109291,True,1
CC-1299,3111112,True,1
CC-1299,3112391,False,2
CC-1300,3085934,True,1
CC-1300,3087675,False,2
CC-1300,3099357,False,3
CC-1300,3108719,False,4
CC-1300,3108745,False,5
CC-1301,3108825,True,1
CC-1302,3109316,True,1
CC-1302,3109337,False,2
CC-1302,3109371,False,3
CC-1302,3110484,False,4
CC-1302,3111522,False,5
CC-1302,3111529,False,6
CC-1302,3111632,False,7
CC-1302,3112661,False,8
CC-1303,3112706,False,1
CC-1304,3112256,False,1
CC-1305,3104597,True,1
CC-1305,3107174,False,2
CC-1306,3112439,False,1
CC-1307,3112087,False,1
CC-1308,3107351,True,1
CC-1309,3098962,True,1
CC-1309,3104548,False,2
CC-1309,3109600,False,3
CC-1310,3111349,False,1
CC-1311,3111704,False,1
CC-1312,3110520,True,1
CC-1313,3113745,False,1
CC-1314,3110492,True,1
CC-1315,3108541,True,1
CC-1316,3112483,True,1
CC-1316,3112623,False,2
CC-1317,3113962,False,1
CC-1318,3109281,True,1
CC-1319,3108432,True,1
CC-1319,3108450,False,2
CC-1319,3108455,False,3
CC-1320,3112223,False,1
CC-1321,3114017,False,1
CC-1322,3108332,True,1
CC-1323,3113300,False,1
CC-1324,3113706,True,1
CC-1325,3109811,True,1
CC-1325,3110049,False,2
CC-1326,3114881,False,1
CC-1327,3114462,False,1
CC-1328,3110632,True,1
CC-1329,3110077,True,1
CC-1329,3110519,False,2
CC-1329,3114498,False,3
CC-1330,3108818,True,1
CC-1330,3114928,False,2
CC-1331,3089203,True,1
CC-1331,3089207,False,2
CC-1331,3089324,False,3
CC-1331,3089333,False,4
CC-1331,3089530,False,5
CC-1331,3091545,False,6
CC-1331,3091868,False,7
CC-1331,3092020,False,8
CC-1331,3092044,False,9
CC-1331,3092075,False,10
CC-1331,3098390,False,11
CC-1331,3098399,False,12
CC-1331,3098552,False,13
CC-1331,3098645,False,14
CC-1331,3098658,False,15
CC-1331,3101263,False,16
CC-1331,3101328,False,17
CC-1331,3101695,False,18
CC-1331,3101794,False,19
CC-1331,3101829,False,20
CC-1331,3101839,False,21
CC-1331,3101859,False,22
CC-1331,3101937,False,23
CC-1331,3102063,False,24
CC-1331,3102085,False,25
CC-1331,3102090,False,26
CC-1331,3102159,False,27
CC-1331,3103318,False,28
CC-1331,3104096,False,29
CC-1331,3104193,False,30
CC-1331,3109045,False,31
CC-1331,3110542,False,32
CC-1331,3110602,False,33
CC-1331,3112129,False,34
CC-1331,3112175,False,35
CC-1331,3112216,False,36
CC-1331,3112233,False,37
CC-1331,3112253,False,38
CC-1331,3112263,False,39
CC-1331,3112355,False,40
CC-1331,3112435,False,41
CC-1331,3112770,False,42
CC-1331,3114052,False,43
CC-1331,3114107,False,44
CC-1331,3114743,False,45
CC-1332,3110283,True,1
CC-1333,3114026,False,1
CC-1334,3101533,True,1
CC-1334,3107684,False,2
CC-1334,3110771,False,3
CC-1335,3109226,True,1
CC-1335,3109263,False,2
CC-1335,3109318,False,3
CC-1335,3109617,False,4
CC-1335,3109625,False,5
CC-1336,3114837,False,1
CC-1337,3110367,True,1
CC-1338,3097058,True,1
CC-1338,3097098,False,2
CC-1338,3098714,False,3
CC-1338,3106109,False,4
CC-1338,3112386,False,5
CC-1338,3112644,False,6
CC-1338,3112672,False,7
CC-1339,3110307,True,1
CC-1340,3111800,True,1
CC-1341,3114308,True,1
CC-1341,3114360,False,2
CC-1342,3113793,True,1
CC-1343,3114537,True,1
CC-1344,3115474,False,1
CC-1345,3111848,True,1
CC-1346,3110951,True,1
CC-1347,3116116,False,1
CC-1348,3115074,True,1
CC-1349,3111755,True,1
CC-1350,3115499,True,1
CC-1351,3116068,False,1
CC-1352,3115875,False,1
CC-1353,3112986,True,1
CC-1354,3113942,True,1
CC-1355,3111605,True,1
CC-1356,3113510,True,1
CC-1357,3098346,True,1
CC-1357,3104650,False,2
CC-1357,3114742,False,3
CC-1357,3114900,False,4
CC-1358,3116832,True,1
CC-1359,3116514,False,1
CC-1360,3117542,False,1
CC-1361,3117577,False,1
CC-1362,3116684,False,1
CC-1363,3117365,False,1
CC-1364,3117112,False,1
CC-1365,3117207,False,1
CC-1366,3116864,False,1
CC-1367,3116407,True,1
CC-1368,3115798,True,1
CC-1369,3115501,True,1
CC-1370,3114089,True,1
CC-1370,3114298,False,2
CC-1371,3114936,True,1
CC-1372,3115778,True,1
CC-1372,3116433,False,2
CC-1372,3116553,False,3
CC-1373,3116891,False,1
CC-1374,3118539,False,1
CC-1375,3115029,True,1
CC-1376,3106063,True,1
CC-1376,3115337,False,2
CC-1377,3117042,False,1
CC-1378,3117499,False,1
CC-1379,3114786,True,1
CC-1380,3113999,True,1
CC-1381,3118352,False,1
CC-1382,3117402,False,1
CC-1383,3118964,False,1
CC-1384,3113582,True,1
CC-1385,3095232,True,1
CC-1385,3095824,False,2
CC-1385,3095921,False,3
CC-1385,3097658,False,4
CC-1385,3103604,False,5
CC-1385,3103687,False,6
CC-1385,3104963,False,7
CC-1385,3105064,False,8
CC-1385,3112918,False,9
CC-1386,3117238,False,1
CC-1387,3111635,True,1
CC-1387,3116669,False,2
CC-1387,3116742,False,3
CC-1387,3118604,False,4
CC-1388,3116399,True,1
CC-1389,3118646,False,1
CC-1390,3036171,True,1
CC-1390,3036259,False,2
CC-1390,3037914,False,3
CC-1390,3037936,False,4
CC-1390,3038393,False,5
CC-1390,3038408,False,6
CC-1390,3040216,False,7
CC-1390,3044355,False,8
CC-1390,3046764,False,9
CC-1390,3052642,False,10
CC-1390,3052676,False,11
CC-1390,3054242,False,12
CC-1390,3054316,False,13
CC-1390,3055352,False,14
CC-1390,3055473,False,15
CC-1390,3055810,False,16
CC-1390,3060415,False,17
CC-1390,3060489,False,18
CC-1390,3060559,False,19
CC-1390,3066672,False,20
CC-1390,3066707,False,21
CC-1390,3074513,False,22
CC-1390,3079957,False,23
CC-1390,3081711,False,24
CC-1390,3084722,False,25
CC-1390,3089336,False,26
CC-1390,3098553,False,27
CC-1390,3099496,False,28
CC-1390,3102625,False,29
CC-1390,3105206,False,30
CC-1390,3105231,False,31
CC-1390,3105234,False,32
CC-1390,3105241,False,33
CC-1390,3110197,False,34
CC-1390,3112326,False,35
CC-1390,3115583,False,36
CC-1390,3116226,False,37
CC-1390,3116238,False,38
CC-1390,3116418,False,39
CC-1391,3117610,False,1
CC-1392,3118882,True,1
CC-1393,3119399,False,1
CC-1394,3119219,False,1
CC-1395,3116336,True,1
CC-1396,3119380,False,1
CC-1397,3118859,False,1
CC-1398,3115597,True,1
CC-1399,3119065,False,1
CC-1400,3119103,True,1
CC-1401,3114582,True,1
CC-1401,3114830,False,2
CC-1401,3116449,False,3
CC-1401,3119847,False,4
CC-1402,3119582,False,1
CC-1403,3116257,True,1
CC-1404,3119684,False,1
CC-1405,3119865,True,1
CC-1405,3120032,False,2
CC-1406,3115644,True,1
CC-1407,3115645,True,1
CC-1408,3117987,True,1
CC-1408,3118063,False,2
CC-1409,3119098,True,1
CC-1410,3116568,True,1
CC-1411,3117581,True,1
CC-1412,3120387,False,1
CC-1413,3117948,True,1
CC-1414,3116707,True,1
CC-1414,3116713,False,2
CC-1415,3119449,True,1
CC-1415,3119453,False,2
CC-1416,3120492,False,1
CC-1417,3116972,True,1
CC-1418,3118642,True,1
CC-1419,3121423,False,1
CC-1420,3121126,False,1
CC-1421,3119055,True,1
CC-1422,3120190,False,1
CC-1423,3119743,True,1
CC-1424,3120033,True,1
CC-1425,3108979,True,1
CC-1425,3118375,False,2
CC-1426,3121745,False,1
CC-1427,3122075,False,1
CC-1428,3120838,True,1
CC-1429,3120890,False,1
CC-1430,3109911,True,1
CC-1430,3116188,False,2
CC-1430,3116196,False,3
CC-1430,3116269,False,4
CC-1430,3118227,False,5
CC-1431,3122176,False,1
CC-1432,3120826,False,1
CC-1433,3116763,True,1
CC-1434,3122400,False,1
CC-1435,3121985,False,1
CC-1436,3074648,True,1
CC-1436,3076934,False,2
CC-1436,3081779,False,3
CC-1436,3087995,False,4
CC-1436,3090193,False,5
CC-1436,3090234,False,6
CC-1436,3093742,False,7
CC-1436,3099748,False,8
CC-1436,3099870,False,9
CC-1436,3102776,False,10
CC-1436,3102806,False,11
CC-1436,3105084,False,12
CC-1436,3109598,False,13
CC-1436,3109601,False,14
CC-1436,3117882,False,15
CC-1436,3118259,False,16
CC-1436,3122058,False,17
CC-1437,3117745,True,1
CC-1437,3117768,False,2
CC-1438,3119408,True,1
CC-1439,3112852,True,1
CC-1439,3112942,False,2
CC-1439,3112959,False,3
CC-1439,3113144,False,4
CC-1439,3114160,False,5
CC-1439,3115054,False,6
CC-1439,3115117,False,7
CC-1439,3116076,False,8
CC-1439,3117224,False,9
CC-1439,3117422,False,10
CC-1439,3117448,False,11
CC-1439,3117459,False,12
CC-1439,3119094,False,13
CC-1439,3121742,False,14
CC-1440,3122345,False,1
CC-1441,3123215,True,1
CC-1442,3120096,True,1
CC-1443,3119823,True,1
CC-1443,3119825,False,2
CC-1444,3114060,True,1
CC-1444,3120752,False,2
CC-1445,3123021,False,1
CC-1446,3120028,True,1
CC-1447,3123009,False,1
CC-1448,3122654,True,1
CC-1448,3123657,False,2
CC-1448,3123665,False,3
CC-1448,3123703,False,4
CC-1449,3123216,False,1
CC-1450,3075860,True,1
CC-1450,3076708,False,2
CC-1450,3083388,False,3
CC-1450,3085750,False,4
CC-1450,3086238,False,5
CC-1450,3091016,False,6
CC-1450,3091249,False,7
CC-1450,3097964,False,8
CC-1450,3102590,False,9
CC-1450,3112866,False,10
CC-1450,3118311,False,11
CC-1450,3118695,False,12
CC-1450,3122604,False,13
CC-1450,3122656,False,14
CC-1451,3119929,True,1
CC-1452,3092583,True,1
CC-1452,3092845,False,2
CC-1452,3094574,False,3
CC-1452,3103238,False,4
CC-1452,3103252,False,5
CC-1452,3103493,False,6
CC-1452,3103696,False,7
CC-1452,3103892,False,8
CC-1452,3106753,False,9
CC-1452,3106772,False,10
CC-1452,3106911,False,11
CC-1452,3109165,False,12
CC-1452,3110765,False,13
CC-1452,3110772,False,14
CC-1452,3112018,False,15
CC-1452,3112698,False,16
CC-1452,3112820,False,17
CC-1452,3113829,False,18
CC-1452,3113852,False,19
CC-1452,3114405,False,20
CC-1452,3114408,False,21
CC-1452,3121291,False,22
CC-1453,3110685,True,1
CC-1453,3110701,False,2
CC-1453,3113872,False,3
CC-1453,3117897,False,4
CC-1453,3119936,False,5
CC-1453,3123407,False,6
CC-1454,3119329,True,1
CC-1454,3119372,False,2
CC-1454,3120109,False,3
CC-1454,3120115,False,4
CC-1455,3117481,True,1
CC-1455,3118577,False,2
CC-1455,3122847,False,3
CC-1456,3115728,True,1
CC-1456,3120996,False,2
CC-1457,3121677,True,1
CC-1458,3118688,True,1
CC-1458,3118785,False,2
CC-1458,3122885,False,3
CC-1459,3123487,True,1
CC-1460,3109193,True,1
CC-1460,3112037,False,2
CC-1460,3120078,False,3
CC-1460,3120804,False,4
CC-1460,3121822,False,5
CC-1461,3123736,True,1
CC-1461,3124539,False,2
CC-1462,3124238,False,1
CC-1463,3124436,True,1
CC-1464,3124924,False,1
CC-1465,3123375,True,1
CC-1466,3124117,True,1
CC-1467,3123829,True,1
CC-1468,3122548,True,1
CC-1468,3123178,False,2
CC-1469,3125236,False,1
CC-1470,3124854,True,1
CC-1471,3126489,False,1
CC-1472,3126332,True,1
CC-1473,3122958,True,1
CC-1474,3122553,True,1
CC-1475,3106996,True,1
CC-1475,3107600,False,2
CC-1475,3107670,False,3
CC-1475,3112239,False,4
CC-1475,3112324,False,5
CC-1475,3117085,False,6
CC-1475,3117123,False,7
CC-1475,3120420,False,8
CC-1475,3120423,False,9
CC-1475,3122136,False,10
CC-1476,3123271,True,1
CC-1476,3123345,False,2
CC-1477,3121914,True,1
CC-1478,3124586,True,1
CC-1479,3124902,True,1
CC-1480,3125188,False,1
CC-1481,3126083,True,1
CC-1482,3114100,True,1
CC-1482,3114108,False,2
CC-1482,3114159,False,3
CC-1482,3114199,False,4
CC-1482,3122537,False,5
CC-1483,3127007,True,1
CC-1484,3125423,True,1
CC-1485,3123700,True,1
CC-1485,3123708,False,2
CC-1485,3123734,False,3
CC-1485,3123742,False,4
CC-1486,3125784,True,1
CC-1487,3125506,True,1
CC-1487,3125563,False,2
CC-1488,3126545,True,1
CC-1489,3126760,True,1
CC-1490,3127523,False,1
CC-1491,3115513,True,1
CC-1491,3116721,False,2
CC-1491,3117892,False,3
CC-1491,3117898,False,4
CC-1491,3117906,False,5
CC-1491,3117928,False,6
CC-1491,3117970,False,7
CC-1491,3122587,False,8
CC-1491,3123912,False,9
CC-1491,3124573,False,10
CC-1491,3126896,False,11
CC-1492,3123656,True,1
CC-1492,3127111,False,2
CC-1492,3127156,False,3
CC-1493,3125375,True,1
CC-1493,3125598,False,2
CC-1494,3127638,True,1
CC-1494,3127670,False,2
CC-1495,3090934,True,1
CC-1495,3090959,False,2
CC-1495,3100582,False,3
CC-1495,3100653,False,4
CC-1495,3103927,False,5
CC-1495,3104494,False,6
CC-1495,3112451,False,7
CC-1495,3119326,False,8
CC-1495,3123279,False,9
CC-1495,3126360,False,10
CC-1495,3126689,False,11
CC-1496,3127812,True,1
CC-1496,3127825,False,2
CC-1496,3127837,False,3
CC-1496,3127843,False,4
CC-1496,3127847,False,5
CC-1496,3127856,False,6
CC-1497,3127307,True,1
CC-1498,3122772,True,1
CC-1498,3122971,False,2
CC-1498,3127571,False,3
CC-1498,3127587,False,4
CC-1498,3127610,False,5
CC-1498,3127619,False,6
CC-1498,3127623,False,7
CC-1498,3127626,False,8
CC-1498,3127641,False,9
CC-1498,3127666,False,10
CC-1499,3128163,False,1
CC-1500,3128143,True,1
CC-1501,3113549,True,1
CC-1501,3118474,False,2
CC-1501,3118528,False,3
CC-1501,3118552,False,4
CC-1501,3121976,False,5
CC-1501,3125364,False,6
CC-1502,3126338,True,1
CC-1503,3127130,True,1
CC-1503,3127685,False,2
CC-1503,3128018,False,3
CC-1504,3119883,True,1
CC-1504,3126895,False,2
CC-1505,3129122,False,1
CC-1506,3128494,True,1
CC-1507,3113088,True,1
CC-1507,3113454,False,2
CC-1507,3117848,False,3
CC-1507,3121950,False,4
CC-1507,3123063,False,5
CC-1507,3123121,False,6
CC-1507,3123211,False,7
CC-1507,3123306,False,8
CC-1507,3123408,False,9
CC-1507,3126357,False,10
CC-1507,3126384,False,11
CC-1508,3129016,True,1
CC-1508,3129063,False,2
CC-1509,3126994,True,1
CC-1510,3125160,True,1
CC-1510,3127254,False,2
CC-1511,3111458,True,1
CC-1511,3120261,False,2
CC-1511,3120293,False,3
CC-1511,3121074,False,4
CC-1511,3126603,False,5
CC-1512,3125225,True,1
CC-1513,3125262,True,1
CC-1514,3118985,True,1
CC-1514,3122746,False,2
CC-1514,3126657,False,3
CC-1514,3127378,False,4
CC-1514,3127544,False,5
CC-1514,3127579,False,6
CC-1515,3128342,False,1
CC-1516,3126237,True,1
CC-1517,3129160,True,1
CC-1518,3126608,True,1
CC-1519,3127565,True,1
CC-1520,3127831,True,1
CC-1521,3129952,True,1
CC-1522,3129161,False,1
CC-1523,3130703,False,1
CC-1524,3114927,True,1
CC-1524,3116044,False,2
CC-1524,3116067,False,3
CC-1524,3118262,False,4
CC-1524,3123330,False,5
CC-1524,3123365,False,6
CC-1524,3125754,False,7
CC-1524,3128335,False,8
CC-1524,3130355,False,9
CC-1524,3130383,False,10
CC-1524,3130550,False,11
CC-1524,3130553,False,12
CC-1524,3130567,False,13
CC-1524,3130593,False,14
CC-1525,3130964,True,1
CC-1526,3127694,True,1
CC-1526,3127695,False,2
CC-1527,3130877,False,1
CC-1528,3125306,True,1
CC-1528,3125545,False,2
CC-1528,3125626,False,3
CC-1528,3125744,False,4
CC-1528,3128724,False,5
CC-1528,3128732,False,6
CC-1529,3115603,True,1
CC-1529,3118793,False,2
CC-1529,3123073,False,3
CC-1529,3123844,False,4
CC-1529,3123876,False,5
CC-1529,3124944,False,6
CC-1529,3130057,False,7
CC-1530,3131134,False,1
CC-1531,3126595,True,1
CC-1531,3129603,False,2
CC-1532,3127881,True,1
CC-1533,3131080,False,1
CC-1534,3131189,True,1
CC-1535,3117559,True,1
CC-1535,3123117,False,2
CC-1535,3124041,False,3
CC-1535,3126696,False,4
CC-1535,3128136,False,5
CC-1535,3130035,False,6
CC-1536,3127752,True,1
CC-1536,3127894,False,2
CC-1536,3127972,False,3
CC-1536,3127985,False,4
CC-1536,3128019,False,5
CC-1536,3128328,False,6
CC-1536,3130287,False,7
CC-1537,3126731,True,1
CC-1537,3129626,False,2
CC-1538,3127882,True,1
CC-1539,3125346,True,1
CC-1539,3128192,False,2
CC-1540,3118091,True,1
CC-1540,3120705,False,2
CC-1540,3127168,False,3
CC-1540,3130927,False,4
CC-1541,3131943,True,1
CC-1542,3131154,True,1
CC-1543,3128107,True,1
CC-1544,3130493,True,1
CC-1545,3132495,False,1
CC-1546,3129968,True,1
CC-1547,3132118,True,1
CC-1547,3132738,False,2
CC-1548,3129496,True,1
CC-1549,3132182,False,1
CC-1550,3132298,True,1
CC-1551,3129772,True,1
CC-1551,3129872,False,2
CC-1552,3129380,True,1
CC-1553,3129361,True,1
CC-1553,3130807,False,2
CC-1554,3130503,True,1
CC-1554,3131102,False,2
CC-1555,3131506,True,1
CC-1556,3133696,True,1
CC-1557,3131573,True,1
CC-1558,3130806,True,1
CC-1559,3133115,True,1
CC-1560,3130427,True,1
CC-1560,3130450,False,2
CC-1561,3132620,True,1
CC-1562,3087810,True,1
CC-1562,3094854,False,2
CC-1562,3096052,False,3
CC-1562,3100286,False,4
CC-1562,3101818,False,5
CC-1562,3101824,False,6
CC-1562,3101834,False,7
CC-1562,3101978,False,8
CC-1562,3102907,False,9
CC-1562,3103124,False,10
CC-1562,3104904,False,11
CC-1562,3115102,False,12
CC-1562,3121725,False,13
CC-1562,3121915,False,14
CC-1562,3126324,False,15
CC-1562,3130671,False,16
CC-1562,3131614,False,17
CC-1562,3132134,False,18
CC-1563,3134356,True,1
CC-1564,3133084,True,1
CC-1565,3134288,True,1
CC-1566,3131905,True,1
CC-1567,3134120,False,1
CC-1568,3131106,True,1
CC-1569,3130196,True,1
CC-1569,3130199,False,2
CC-1569,3131572,False,3
CC-1569,3131683,False,4
CC-1570,3133721,True,1
CC-1571,3134167,True,1
CC-1571,3134185,False,2
CC-1572,3129863,True,1
CC-1572,3134314,False,2
CC-1572,3134317,False,3
CC-1572,3134326,False,4
CC-1572,3134334,False,5
CC-1572,3134344,False,6
CC-1572,3134347,False,7
CC-1573,3133283,True,1
CC-1574,3131835,True,1
CC-1575,3131950,True,1
CC-1576,3131597,True,1
CC-1576,3132069,False,2
CC-1576,3132270,False,3
CC-1577,3131728,True,1
CC-1578,3135359,False,1
CC-1579,3131383,True,1
CC-1580,3132957,True,1
CC-1581,3134441,True,1
CC-1582,3134867,True,1
CC-1583,3120056,True,1
CC-1583,3123942,False,2
CC-1583,3125328,False,3
CC-1583,3126140,False,4
CC-1583,3126358,False,5
CC-1583,3127481,False,6
CC-1583,3127683,False,7
CC-1583,3127684,False,8
CC-1583,3127708,False,9
CC-1583,3127715,False,10
CC-1583,3127720,False,11
CC-1583,3127875,False,12
CC-1583,3133280,False,13
CC-1584,3134930,False,1
CC-1585,3135868,True,1
CC-1586,3133707,True,1
CC-1586,3133754,False,2
CC-1586,3133763,False,3
CC-1586,3133800,False,4
CC-1587,3132400,True,1
CC-1588,3134763,True,1
CC-1589,3136399,False,1
CC-1590,3129448,True,1
CC-1590,3134448,False,2
CC-1591,3132812,True,1
CC-1592,3135453,True,1
CC-1592,3135536,False,2
CC-1593,3131075,True,1
CC-1593,3135778,False,2
CC-1593,3135788,False,3
CC-1593,3135797,False,4
CC-1593,3135800,False,5
CC-1593,3135812,False,6
CC-1593,3135841,False,7
CC-1594,3131364,True,1
CC-1594,3131440,False,2
CC-1594,3131459,False,3
CC-1594,3136508,False,4
CC-1595,3136446,True,1
CC-1596,3133369,True,1
CC-1597,3136758,False,1
CC-1598,3134330,True,1
CC-1598,3134333,False,2
CC-1598,3134361,False,3
CC-1599,3133810,True,1
CC-1600,3137761,False,1
CC-1601,3134983,True,1
CC-1602,3136604,True,1
CC-1603,3137766,False,1
CC-1604,3136693,True,1
CC-1605,3137385,False,1
CC-1606,3137592,False,1
CC-1607,3135838,True,1
CC-1608,3137179,True,1
CC-1608,3137852,False,2
CC-1609,3137431,True,1
CC-1610,3137741,False,1
CC-1611,3133966,True,1
CC-1611,3133985,False,2
CC-1611,3137779,False,3
CC-1612,3135560,True,1
CC-1613,3137580,True,1
CC-1613,3137777,False,2
CC-1614,3134461,True,1
CC-1615,3137694,False,1
CC-1616,3135298,True,1
CC-1617,3135829,True,1
CC-1618,3134505,True,1
CC-1619,3137844,True,1
CC-1620,3132780,True,1
CC-1620,3133015,False,2
CC-1620,3134545,False,3
CC-1620,3137116,False,4
CC-1621,3136742,True,1
CC-1622,3108737,True,1
CC-1622,3110731,False,2
CC-1622,3113267,False,3
CC-1622,3113320,False,4
CC-1622,3119110,False,5
CC-1622,3120063,False,6
CC-1622,3120064,False,7
CC-1622,3122088,False,8
CC-1622,3123349,False,9
CC-1622,3129257,False,10
CC-1622,3129345,False,11
CC-1622,3130279,False,12
CC-1622,3135349,False,13
CC-1623,3138293,True,1
CC-1624,3096521,True,1
CC-1624,3103016,False,2
CC-1624,3108957,False,3
CC-1624,3113134,False,4
CC-1624,3118899,False,5
CC-1624,3123029,False,6
CC-1624,3128947,False,7
CC-1624,3133318,False,8
CC-1624,3134620,False,9
CC-1625,3137752,True,1
CC-1626,3134985,True,1
CC-1627,3136238,True,1
CC-1628,3137036,True,1
CC-1628,3137362,False,2
CC-1628,3137391,False,3
CC-1629,3136165,True,1
CC-1629,3136188,False,2
CC-1630,3131720,True,1
CC-1630,3132440,False,2
CC-1630,3137515,False,3
CC-1630,3137526,False,4
CC-1631,3137951,True,1
CC-1632,3139185,False,1
CC-1633,3139669,True,1
CC-1634,3138523,False,1
CC-1635,3139773,False,1
CC-1636,3137499,True,1
CC-1637,3138591,False,1
CC-1638,3139664,True,1
CC-1639,3136126,True,1
CC-1640,3139986,True,1
CC-1641,3124613,True,1
CC-1641,3126110,False,2
CC-1641,3128596,False,3
CC-1641,3131989,False,4
CC-1641,3135122,False,5
CC-1641,3137616,False,6
CC-1641,3137888,False,7
CC-1642,3138178,True,1
CC-1643,3120062,True,1
CC-1643,3120068,False,2
CC-1643,3127736,False,3
CC-1643,3129784,False,4
CC-1643,3133389,False,5
CC-1643,3134078,False,6
CC-1643,3140062,False,7
CC-1644,3135430,True,1
CC-1644,3135502,False,2
CC-1644,3139694,False,3
CC-1644,3139794,False,4
CC-1645,3140647,False,1
CC-1646,3140652,True,1
CC-1647,3137941,True,1
CC-1648,3134108,True,1
CC-1648,3134151,False,2
CC-1648,3139890,False,3
CC-1648,3139934,False,4
CC-1648,3140042,False,5
CC-1649,3140860,True,1
CC-1649,3140878,False,2
CC-1650,3141116,True,1
CC-1651,3138274,True,1
CC-1652,3141032,False,1
CC-1653,3139777,True,1
CC-1654,3137944,True,1
CC-1655,3140966,True,1
CC-1656,3141085,True,1
CC-1657,3139515,True,1
CC-1657,3140026,False,2
CC-1658,3139105,True,1
CC-1658,3139565,False,2
CC-1659,3140309,True,1
CC-1660,3141131,False,1
CC-1661,3138920,True,1
CC-1662,3141361,True,1
CC-1663,3138536,True,1
CC-1664,3140025,True,1
CC-1665,3132369,True,1
CC-1665,3135079,False,2
CC-1665,3138874,False,3
CC-1665,3139159,False,4
CC-1665,3139308,False,5
CC-1666,3141672,False,1
CC-1667,3136493,True,1
CC-1667,3139300,False,2
CC-1667,3140629,False,3
CC-1668,3141247,True,1
CC-1668,3141257,False,2
CC-1668,3141276,False,3
CC-1669,3123986,True,1
CC-1669,3128774,False,2
CC-1669,3133587,False,3
CC-1669,3139247,False,4
CC-1670,3138828,True,1
CC-1671,3139032,True,1
CC-1671,3140764,False,2
CC-1672,3138558,True,1
CC-1673,3140508,True,1
CC-1674,3141339,True,1
CC-1674,3141343,False,2
CC-1674,3141344,False,3
CC-1674,3141348,False,4
CC-1674,3141352,False,5
CC-1675,3140257,True,1
CC-1675,3141197,False,2
CC-1676,3141279,True,1
CC-1677,3140156,True,1
CC-1677,3140225,False,2
CC-1678,3141435,True,1
CC-1678,3141452,False,2
CC-1679,3137854,True,1
CC-1679,3141989,False,2
CC-1680,3142513,False,1
CC-1681,3139314,True,1
CC-1682,3143118,True,1
CC-1683,3139941,True,1
CC-1684,3142437,True,1
CC-1685,3139342,True,1
CC-1686,3142413,True,1
CC-1686,3143425,False,2
CC-1687,3143151,True,1
CC-1688,3139672,True,1
CC-1689,3139721,True,1
CC-1690,3140120,True,1
CC-1690,3140184,False,2
CC-1690,3141186,False,3
CC-1691,3134464,True,1
CC-1691,3141044,False,2
CC-1692,3142605,True,1
CC-1692,3142623,False,2
CC-1693,3137656,True,1
CC-1693,3137670,False,2
CC-1693,3137690,False,3
CC-1693,3140792,False,4
CC-1694,3141533,True,1
CC-1695,3143830,True,1
CC-1695,3143889,False,2
CC-1696,3143109,False,1
CC-1697,3141092,True,1
CC-1698,3134596,True,1
CC-1698,3134902,False,2
CC-1698,3139824,False,3
CC-1698,3140395,False,4
CC-1698,3141209,False,5
CC-1699,3140974,True,1
CC-1699,3144339,False,2
CC-1700,3143364,True,1
CC-1701,3140356,True,1
CC-1701,3141098,False,2
CC-1701,3141115,False,3
CC-1702,3144735,False,1
CC-1703,3137785,True,1
CC-1703,3137817,False,2
CC-1703,3141103,False,3
CC-1703,3141894,False,4
CC-1703,3141904,False,5
CC-1703,3141957,False,6
CC-1703,3143033,False,7
CC-1704,3142564,True,1
CC-1704,3142591,False,2
CC-1705,3141546,True,1
CC-1706,3141704,True,1
CC-1707,3141462,True,1
CC-1708,3144757,True,1
CC-1709,3144077,False,1
CC-1710,3143243,True,1
CC-1710,3143343,False,2
CC-1711,3142768,True,1
CC-1712,3133649,True,1
CC-1712,3136764,False,2
CC-1712,3141654,False,3
CC-1712,3141716,False,4
CC-1713,3144746,True,1
CC-1714,3116384,True,1
CC-1714,3120191,False,2
CC-1714,3125195,False,3
CC-1714,3130402,False,4
CC-1714,3131975,False,5
CC-1714,3132005,False,6
CC-1714,3132166,False,7
CC-1714,3132256,False,8
CC-1714,3132371,False,9
CC-1714,3132389,False,10
CC-1714,3132399,False,11
CC-1714,3137296,False,12
CC-1714,3140633,False,13
CC-1714,3140835,False,14
CC-1714,3144149,False,15
CC-1714,3144221,False,16
CC-1715,3119886,True,1
CC-1715,3121702,False,2
CC-1715,3127874,False,3
CC-1715,3130008,False,4
CC-1715,3136051,False,5
CC-1715,3136701,False,6
CC-1715,3142854,False,7
CC-1715,3144737,False,8
CC-1716,3142621,True,1
CC-1716,3142662,False,2
CC-1717,3139709,True,1
CC-1717,3142084,False,2
CC-1717,3144585,False,3
CC-1718,3142299,True,1
CC-1719,3130881,True,1
CC-1719,3134114,False,2
CC-1719,3137407,False,3
CC-1719,3137421,False,4
CC-1719,3140980,False,5
CC-1719,3140988,False,6
CC-1719,3140992,False,7
CC-1719,3140996,False,8
CC-1719,3140999,False,9
CC-1719,3141003,False,10
CC-1719,3141004,False,11
CC-1719,3141019,False,12
CC-1719,3141030,False,13
CC-1719,3142058,False,14
CC-1720,3143402,True,1
CC-1721,3142347,True,1
CC-1721,3144919,False,2
CC-1721,3144928,False,3
CC-1722,3141665,True,1
CC-1723,3143247,True,1
CC-1724,3144306,True,1
CC-1725,3145021,True,1
CC-1725,3145024,False,2
CC-1726,3139919,True,1
CC-1726,3142840,False,2
CC-1727,3131656,True,1
CC-1727,3138049,False,2
CC-1727,3140983,False,3
CC-1727,3143203,False,4
CC-1727,3145413,False,5
CC-1728,3137892,True,1
CC-1728,3144893,False,2
CC-1729,3145958,True,1
CC-1730,3137468,True,1
CC-1730,3141097,False,2
CC-1730,3141113,False,3
CC-1730,3143607,False,4
CC-1731,3145909,True,1
CC-1732,3145742,False,1
CC-1733,3144495,True,1
CC-1733,3145331,False,2
CC-1734,3140916,True,1
CC-1734,3142294,False,2
CC-1734,3144774,False,3
CC-1735,3141295,True,1
CC-1735,3144679,False,2
CC-1736,3146481,True,1
CC-1737,3143858,True,1
CC-1738,3140243,True,1
CC-1738,3140889,False,2
CC-1738,3144806,False,3
CC-1739,3145504,True,1
CC-1740,3142805,True,1
CC-1741,3146350,True,1
CC-1742,3146635,True,1
CC-1743,3147171,True,1
CC-1743,3147182,False,2
CC-1744,3143287,True,1
CC-1745,3146502,True,1
CC-1746,3147428,False,1
CC-1747,3122622,True,1
CC-1747,3127706,False,2
CC-1747,3130286,False,3
CC-1747,3130798,False,4
CC-1747,3131041,False,5
CC-1747,3133455,False,6
CC-1747,3134500,False,7
CC-1747,3141089,False,8
CC-1747,3146697,False,9
CC-1748,3143700,True,1
CC-1748,3144013,False,2
CC-1748,3144036,False,3
CC-1748,3144239,False,4
CC-1748,3144268,False,5
CC-1749,3140350,True,1
CC-1749,3141359,False,2
CC-1749,3144666,False,3
CC-1749,3147469,False,4
CC-1750,3143789,True,1
CC-1750,3143790,False,2
CC-1750,3143828,False,3
CC-1750,3143845,False,4
CC-1751,3144935,True,1
CC-1752,3144583,True,1
CC-1752,3145812,False,2
CC-1752,3145937,False,3
CC-1752,3145964,False,4
CC-1753,3144490,True,1
CC-1754,3140378,True,1
CC-1754,3140489,False,2
CC-1754,3140503,False,3
CC-1754,3146806,False,4
CC-1755,3146359,True,1
CC-1756,3134079,True,1
CC-1756,3137190,False,2
CC-1756,3137943,False,3
CC-1756,3137947,False,4
CC-1756,3144412,False,5
CC-1757,3147792,False,1
CC-1758,3144977,True,1
CC-1759,3147682,True,1
CC-1760,3144881,True,1
CC-1761,3147609,False,1
CC-1762,3145012,True,1
CC-1763,3146039,True,1
CC-1763,3146161,False,2
CC-1764,3145898,True,1
CC-1765,3145885,True,1
CC-1766,3147326,True,1
CC-1766,3147404,False,2
CC-1766,3147412,False,3
CC-1767,3147226,True,1
CC-1768,3146712,True,1
CC-1769,3148143,True,1
CC-1770,3140186,True,1
CC-1770,3147049,False,2
CC-1771,3144314,True,1
CC-1771,3145416,False,2
CC-1771,3147354,False,3
CC-1772,3148333,True,1
CC-1772,3148337,False,2
CC-1773,3145923,True,1
CC-1774,3144748,True,1
CC-1774,3144785,False,2
CC-1774,3144795,False,3
CC-1774,3144804,False,4
CC-1774,3144834,False,5
CC-1774,3145280,False,6
CC-1774,3145997,False,7
CC-1775,3148301,True,1
CC-1775,3148315,False,2
CC-1775,3148320,False,3
CC-1775,3148324,False,4
CC-1776,3141230,True,1
CC-1776,3141245,False,2
CC-1776,3141421,False,3
CC-1776,3146127,False,4
CC-1777,3147162,True,1
CC-1777,3147242,False,2
CC-1777,3147282,False,3
CC-1778,3147261,True,1
CC-1778,3147340,False,2
CC-1779,3147599,True,1
CC-1780,3141719,True,1
CC-1780,3147231,False,2
CC-1781,3147662,True,1
CC-1782,3138431,True,1
CC-1782,3140681,False,2
CC-1782,3146288,False,3
CC-1783,3141836,True,1
CC-1783,3141888,False,2
CC-1783,3141993,False,3
CC-1783,3142427,False,4
CC-1783,3142677,False,5
CC-1783,3146951,False,6
CC-1783,3147203,False,7
CC-1784,3149244,False,1
CC-1785,3147061,True,1
CC-1786,3150016,True,1
CC-1787,3149177,True,1
CC-1788,3149123,True,1
CC-1789,3147776,True,1
CC-1790,3148480,True,1
CC-1791,3148097,True,1
CC-1792,3149975,True,1
CC-1792,3150042,False,2
CC-1793,3143261,True,1
CC-1793,3143746,False,2
CC-1793,3144152,False,3
CC-1793,3147159,False,4
CC-1793,3147447,False,5
CC-1793,3148034,False,6
CC-1793,3149541,False,7
CC-1794,3147337,True,1
CC-1794,3147922,False,2
CC-1794,3148057,False,3
CC-1795,3147566,True,1
CC-1795,3147645,False,2
CC-1796,3148204,True,1
CC-1796,3148218,False,2
CC-1797,3149920,True,1
CC-1798,3150193,True,1
CC-1799,3148043,True,1
CC-1799,3149429,False,2
CC-1800,3147847,True,1
CC-1801,3149265,True,1
CC-1802,3150923,False,1
CC-1803,3147438,True,1
CC-1803,3150370,False,2
CC-1804,3150166,True,1
CC-1805,3148360,True,1
CC-1805,3150678,False,2
CC-1806,3149544,True,1
CC-1807,3149967,True,1
CC-1808,3148293,True,1
CC-1808,3148350,False,2
CC-1809,3146743,True,1
CC-1809,3150788,False,2
CC-1810,3148583,True,1
CC-1811,3150468,True,1
CC-1812,3148386,True,1
CC-1813,3143481,True,1
CC-1813,3149427,False,2
CC-1814,3148793,True,1
CC-1815,3137187,True,1
CC-1815,3141217,False,2
CC-1815,3142423,False,3
CC-1815,3146450,False,4
CC-1815,3151041,False,5
CC-1816,3148701,True,1
CC-1816,3148731,False,2
CC-1816,3148930,False,3
CC-1817,3144954,True,1
CC-1817,3151399,False,2
CC-1817,3151434,False,3
CC-1818,3149475,True,1
CC-1819,3149793,True,1
CC-1820,3149195,True,1
CC-1820,3149198,False,2
CC-1820,3149227,False,3
CC-1821,3147618,True,1
CC-1821,3150236,False,2
CC-1822,3148555,True,1
CC-1823,3151847,True,1
CC-1824,3152436,False,1
CC-1825,3150027,True,1
CC-1826,3151657,True,1
CC-1827,3151596,True,1
CC-1828,3151460,True,1
CC-1829,3150245,True,1
CC-1830,3149264,True,1
CC-1831,3149075,True,1
CC-1832,3152632,True,1
CC-1832,3152712,False,2
CC-1832,3153249,False,3
CC-1832,3153261,False,4
CC-1832,3153295,False,5
CC-1833,3136824,True,1
CC-1833,3140191,False,2
CC-1833,3144457,False,3
CC-1833,3145169,False,4
CC-1833,3149324,False,5
CC-1834,3149791,True,1
CC-1834,3149820,False,2
CC-1835,3150822,True,1
CC-1835,3150836,False,2
CC-1836,3151384,True,1
CC-1837,3144631,True,1
CC-1837,3144655,False,2
CC-1837,3147119,False,3
CC-1837,3151292,False,4
CC-1838,3153150,False,1
CC-1839,3151259,True,1
CC-1839,3151284,False,2
CC-1839,3151440,False,3
CC-1839,3151473,False,4
CC-1840,3150170,True,1
CC-1840,3150208,False,2
CC-1841,3154331,False,1
CC-1842,3153456,False,1
CC-1843,3152300,True,1
CC-1844,3150627,True,1
CC-1844,3150649,False,2
CC-1845,3154165,True,1
CC-1846,3152202,True,1
CC-1846,3152340,False,2
CC-1847,3151610,True,1
CC-1848,3151136,True,1
CC-1849,3147529,True,1
CC-1849,3150970,False,2
CC-1849,3152301,False,3
CC-1850,3151050,True,1
CC-1851,3153398,True,1
CC-1852,3152455,True,1
CC-1853,3154674,False,1
CC-1854,3153658,True,1
CC-1854,3153674,False,2
CC-1855,3151672,True,1
CC-1856,3150918,True,1
CC-1856,3153253,False,2
CC-1857,3154780,True,1
CC-1857,3154782,False,2
CC-1858,3154941,True,1
CC-1859,3155034,True,1
CC-1860,3154596,True,1
CC-1860,3154603,False,2
CC-1860,3154617,False,3
CC-1861,3154004,True,1
CC-1862,3153761,True,1
CC-1863,3154656,True,1
CC-1864,3152335,True,1
CC-1864,3152345,False,2
CC-1864,3152359,False,3
CC-1864,3154322,False,4
CC-1865,3154919,True,1
CC-1866,3152898,True,1
CC-1867,3152653,True,1
CC-1868,3154312,True,1
CC-1869,3152864,True,1
CC-1870,3155900,True,1
CC-1871,3154954,True,1
CC-1871,3154967,False,2
CC-1871,3154968,False,3
CC-1872,3155980,True,1
CC-1873,3154045,True,1
CC-1873,3155013,False,2
CC-1874,3153446,True,1
CC-1875,3153995,True,1
CC-1875,3154046,False,2
CC-1875,3154220,False,3
CC-1876,3150547,True,1
CC-1876,3154032,False,2
CC-1876,3154245,False,3
CC-1877,3153852,True,1
CC-1878,3156690,False,1
CC-1879,3156387,True,1
CC-1879,3156389,False,2
CC-1879,3156392,False,3
CC-1879,3156399,False,4
CC-1879,3156461,False,5
CC-1880,3156509,True,1
CC-1881,3157113,False,1
CC-1882,3153903,True,1
CC-1883,3154370,True,1
CC-1884,3154311,True,1
CC-1884,3154314,False,2
CC-1884,3154348,False,3
CC-1884,3154353,False,4
CC-1884,3154362,False,5
CC-1884,3154390,False,6
CC-1884,3154395,False,7
CC-1884,3154410,False,8
CC-1885,3155134,True,1
CC-1886,3157402,True,1
CC-1887,3157481,False,1
CC-1888,3156172,True,1
CC-1889,3154511,True,1
CC-1890,3156280,True,1
CC-1891,3157867,True,1
CC-1892,3154972,True,1
CC-1893,3155037,True,1
CC-1893,3155048,False,2
CC-1893,3155306,False,3
CC-1893,3155344,False,4
CC-1893,3155361,False,5
CC-1894,3158150,True,1
CC-1895,3158135,True,1
CC-1896,3156848,True,1
CC-1897,3155942,True,1
CC-1898,3157748,True,1
CC-1899,3156435,True,1
CC-1899,3156454,False,2
CC-1900,3158192,True,1
CC-1901,3155088,True,1
CC-1902,3151947,True,1
CC-1902,3154649,False,2
CC-1902,3155373,False,3
CC-1903,3155817,True,1
CC-1904,3157073,True,1
CC-1905,3155038,True,1
CC-1905,3155084,False,2
CC-1905,3155741,False,3
CC-1906,3153415,True,1
CC-1906,3155246,False,2
CC-1907,3153005,True,1
CC-1907,3157880,False,2
CC-1907,3157898,False,3
CC-1908,3158093,True,1
CC-1909,3153255,True,1
CC-1909,3157403,False,2
CC-1909,3158035,False,3
CC-1910,3157908,True,1
CC-1911,3155800,True,1
CC-1912,3158429,True,1
CC-1912,3158469,False,2
CC-1913,3152265,True,1
CC-1913,3156176,False,2
CC-1913,3158747,False,3
CC-1913,3158806,False,4
CC-1914,3156866,True,1
CC-1914,3156868,False,2
CC-1915,3154301,True,1
CC-1915,3156185,False,2
CC-1916,3158920,True,1
CC-1917,3156512,True,1
CC-1917,3156542,False,2
CC-1918,3159374,True,1
CC-1918,3159384,False,2
CC-1919,3156350,True,1
CC-1920,3158780,True,1
CC-1920,3158786,False,2
CC-1921,3155947,True,1
CC-1922,3153046,True,1
CC-1922,3157589,False,2
CC-1923,3159187,True,1
CC-1924,3158821,True,1
CC-1925,3154582,True,1
CC-1925,3156117,False,2
CC-1925,3156207,False,3
CC-1926,3147878,True,1
CC-1926,3148068,False,2
CC-1926,3148660,False,3
CC-1926,3149553,False,4
CC-1926,3152216,False,5
CC-1926,3157237,False,6
CC-1927,3159721,True,1
CC-1928,3157799,True,1
CC-1929,3157618,True,1
CC-1929,3158073,False,2
CC-1929,3158085,False,3
CC-1929,3158100,False,4
CC-1929,3158168,False,5
CC-1930,3122735,True,1
CC-1930,3123210,False,2
CC-1930,3124095,False,3
CC-1930,3126141,False,4
CC-1930,3128516,False,5
CC-1930,3129455,False,6
CC-1930,3131696,False,7
CC-1930,3133244,False,8
CC-1930,3133826,False,9
CC-1930,3133896,False,10
CC-1930,3135002,False,11
CC-1930,3135276,False,12
CC-1930,3135454,False,13
CC-1930,3135473,False,14
CC-1930,3135569,False,15
CC-1930,3136068,False,16
CC-1930,3136141,False,17
CC-1930,3136648,False,18
CC-1930,3139111,False,19
CC-1930,3139125,False,20
CC-1930,3141926,False,21
CC-1930,3146369,False,22
CC-1930,3146419,False,23
CC-1930,3148225,False,24
CC-1930,3153743,False,25
CC-1930,3153792,False,26
CC-1930,3153841,False,27
CC-1930,3155098,False,28
CC-1930,3155099,False,29
CC-1930,3155370,False,30
CC-1930,3155584,False,31
CC-1930,3157989,False,32
CC-1931,3157812,True,1
CC-1931,3157828,False,2
CC-1932,3160591,True,1
CC-1933,3158487,True,1
CC-1934,3158864,True,1
CC-1935,3159702,True,1
CC-1936,3159957,True,1
CC-1936,3159961,False,2
CC-1937,3157492,True,1
CC-1938,3160495,False,1
CC-1939,3157818,True,1
CC-1939,3157822,False,2
CC-1940,3158181,True,1
CC-1941,3154588,True,1
CC-1941,3154667,False,2
CC-1941,3160836,False,3
CC-1942,3158543,True,1
CC-1943,3160101,True,1
CC-1944,3161299,False,1
CC-1945,3157863,True,1
CC-1946,3146332,True,1
CC-1946,3146389,False,2
CC-1946,3151156,False,3
CC-1946,3156330,False,4
CC-1946,3159910,False,5
CC-1947,3144536,True,1
CC-1947,3150962,False,2
CC-1947,3152621,False,3
CC-1947,3153797,False,4
CC-1947,3155389,False,5
CC-1947,3156083,False,6
CC-1947,3157232,False,7
CC-1947,3158298,False,8
CC-1947,3159900,False,9
CC-1947,3159918,False,10
CC-1948,3130982,True,1
CC-1948,3131602,False,2
CC-1948,3133380,False,3
CC-1948,3133390,False,4
CC-1948,3137628,False,5
CC-1948,3137868,False,6
CC-1948,3137877,False,7
CC-1948,3137894,False,8
CC-1948,3137900,False,9
CC-1948,3140610,False,10
CC-1948,3141221,False,11
CC-1948,3141267,False,12
CC-1948,3141325,False,13
CC-1948,3142316,False,14
CC-1948,3143681,False,15
CC-1948,3147785,False,16
CC-1948,3147849,False,17
CC-1948,3150242,False,18
CC-1948,3151439,False,19
CC-1948,3151448,False,20
CC-1948,3156272,False,21
CC-1948,3157521,False,22
CC-1948,3157556,False,23
CC-1948,3158242,False,24
CC-1948,3158441,False,25
CC-1948,3159023,False,26
CC-1949,3159644,True,1
CC-1949,3159677,False,2
CC-1949,3159728,False,3
CC-1949,3159759,False,4
CC-1950,3159409,True,1
CC-1951,3154998,True,1
CC-1951,3155007,False,2
CC-1951,3159651,False,3
CC-1952,3156691,True,1
CC-1952,3158538,False,2
CC-1953,3161059,True,1
CC-1954,3160364,True,1
CC-1955,3160471,True,1
CC-1956,3153323,True,1
CC-1956,3154115,False,2
CC-1956,3160146,False,3
CC-1956,3160693,False,4
CC-1957,3158662,True,1
CC-1957,3158691,False,2
CC-1958,3159557,True,1
CC-1959,3151777,True,1
CC-1959,3155993,False,2
CC-1959,3159527,False,3
CC-1959,3159593,False,4
CC-1959,3159616,False,5
CC-1959,3159618,False,6
CC-1960,3158236,True,1
CC-1960,3159298,False,2
CC-1961,3159346,True,1
CC-1962,3157814,True,1
CC-1962,3160620,False,2
CC-1962,3160897,False,3
CC-1963,3160370,True,1
CC-1964,3152701,True,1
CC-1964,3153001,False,2
CC-1964,3153299,False,3
CC-1964,3155540,False,4
CC-1964,3158486,False,5
CC-1965,3161741,True,1
CC-1966,3161542,False,1
CC-1967,3160330,True,1
CC-1968,3161798,True,1
CC-1969,3158716,True,1
CC-1969,3161876,False,2
CC-1970,3162158,True,1
CC-1971,3161042,True,1
CC-1972,3162728,True,1
CC-1973,3154670,True,1
CC-1973,3154703,False,2
CC-1973,3154713,False,3
CC-1973,3158289,False,4
CC-1973,3158291,False,5
CC-1973,3160115,False,6
CC-1974,3149574,True,1
CC-1974,3151431,False,2
CC-1974,3151756,False,3
CC-1974,3154814,False,4
CC-1974,3154820,False,5
CC-1974,3154864,False,6
CC-1974,3155620,False,7
CC-1974,3159273,False,8
CC-1974,3163802,False,9
CC-1975,3158023,True,1
CC-1975,3162883,False,2
CC-1976,3163897,True,1
CC-1977,3162476,True,1
CC-1978,3163746,True,1
CC-1979,3162984,True,1
CC-1980,3161277,True,1
CC-1981,3162747,True,1
CC-1982,3164194,False,1
CC-1983,3164023,True,1
CC-1983,3164032,False,2
CC-1984,3163084,True,1
CC-1984,3164247,False,2
CC-1985,3161314,True,1
CC-1986,3162507,True,1
CC-1987,3164142,True,1
CC-1988,3156417,True,1
CC-1988,3156523,False,2
CC-1988,3156936,False,3
CC-1988,3160172,False,4
CC-1988,3160762,False,5
CC-1988,3163265,False,6
CC-1989,3162662,True,1
CC-1990,3160147,True,1
CC-1990,3162292,False,2
CC-1991,3163853,True,1
CC-1991,3164004,False,2
CC-1991,3164010,False,3
CC-1991,3164019,False,4
CC-1991,3164024,False,5
CC-1991,3164038,False,6
CC-1991,3164040,False,7
CC-1991,3164043,False,8
CC-1991,3164060,False,9
CC-1992,3161675,True,1
CC-1992,3162768,False,2
CC-1992,3162778,False,3
CC-1993,3161532,True,1
CC-1994,3164528,True,1
CC-1994,3164563,False,2
CC-1995,3165178,True,1
CC-1995,3165430,False,2
CC-1996,3162051,True,1
CC-1997,3162490,True,1
CC-1997,3162693,False,2
CC-1997,3163499,False,3
CC-1997,3163627,False,4
CC-1997,3164086,False,5
CC-1998,3132472,True,1
CC-1998,3133952,False,2
CC-1998,3133978,False,3
CC-1998,3137836,False,4
CC-1998,3137952,False,5
CC-1998,3144791,False,6
CC-1998,3146770,False,7
CC-1998,3148146,False,8
CC-1998,3148163,False,9
CC-1998,3148172,False,10
CC-1998,3148192,False,11
CC-1998,3150470,False,12
CC-1998,3154255,False,13
CC-1998,3159991,False,14
CC-1998,3163866,False,15
CC-1998,3165279,False,16
CC-1998,3165403,False,17
CC-1999,3162961,True,1
CC-2000,3165342,True,1
CC-2001,3161276,True,1
CC-2001,3161283,False,2
CC-2001,3164262,False,3
CC-2001,3164315,False,4
CC-2001,3164317,False,5
CC-2001,3164351,False,6
CC-2002,3163683,True,1
CC-2003,3162664,True,1
CC-2003,3162735,False,2
CC-2004,3160201,True,1
CC-2004,3160244,False,2
CC-2004,3160245,False,3
CC-2004,3160311,False,4
CC-2004,3162022,False,5
CC-2004,3162318,False,6
CC-2005,3162998,True,1
CC-2006,3161726,True,1
CC-2006,3163251,False,2
CC-2007,3165811,False,1
CC-2008,3164209,True,1
CC-2009,3166100,True,1
CC-2010,3165848,True,1
CC-2010,3165870,False,2
CC-2010,3165888,False,3
CC-2011,3160680,True,1
CC-2011,3160797,False,2
CC-2011,3162138,False,3
CC-2011,3166054,False,4
CC-2011,3166257,False,5
CC-2012,3159269,True,1
CC-2012,3163407,False,2
CC-2013,3165411,True,1
CC-2014,3160188,True,1
CC-2014,3164658,False,2
CC-2014,3166724,False,3
CC-2015,3166213,True,1
CC-2015,3166333,False,2
CC-2016,3166890,True,1
CC-2017,3166565,False,1
CC-2018,3164843,True,1
CC-2019,3164152,True,1
CC-2020,3166711,False,1
CC-2021,3167217,False,1
CC-2022,3166391,True,1
CC-2023,3158039,True,1
CC-2023,3161848,False,2
CC-2023,3165151,False,3
CC-2024,3165388,True,1
CC-2025,3167194,True,1
CC-2026,3165789,True,1
CC-2027,3165345,True,1
CC-2028,3167069,True,1
CC-2029,3165381,True,1
CC-2030,3167763,True,1
CC-2031,3166681,True,1
CC-2032,3165625,True,1
CC-2033,3168295,True,1
CC-2034,3167348,True,1
CC-2035,3159155,True,1
CC-2035,3165139,False,2
CC-2035,3165211,False,3
CC-2036,3167191,True,1
CC-2037,3167933,False,1
CC-2038,3167953,True,1
CC-2039,3164761,True,1
CC-2039,3167048,False,2
CC-2040,3166062,True,1
CC-2041,3168795,False,1
CC-2042,3168658,False,1
CC-2043,3166065,True,1
CC-2044,3166708,True,1
CC-2045,3163858,True,1
CC-2045,3165225,False,2
CC-2046,3167963,True,1
CC-2047,3165559,True,1
CC-2048,3166435,True,1
CC-2048,3168471,False,2
CC-2049,3169232,True,1
CC-2049,3169304,False,2
CC-2050,3151358,True,1
CC-2050,3151453,False,2
CC-2050,3152319,False,3
CC-2050,3154939,False,4
CC-2050,3160673,False,5
CC-2050,3161308,False,6
CC-2050,3161316,False,7
CC-2050,3162060,False,8
CC-2050,3166701,False,9
CC-2050,3166741,False,10
CC-2050,3168364,False,11
CC-2050,3168390,False,12
CC-2050,3168628,False,13
CC-2050,3168659,False,14
CC-2050,3168801,False,15
CC-2051,3156759,True,1
CC-2051,3162346,False,2
CC-2051,3164475,False,3
CC-2051,3166541,False,4
CC-2051,3166621,False,5
CC-2052,3169714,False,1
CC-2053,3159535,True,1
CC-2053,3162629,False,2
CC-2053,3164151,False,3
CC-2053,3168459,False,4
CC-2054,3168865,True,1
CC-2055,3168723,True,1
CC-2056,3169831,False,1
CC-2057,3123327,True,1
CC-2057,3127092,False,2
CC-2057,3127147,False,3
CC-2057,3127173,False,4
CC-2057,3128049,False,5
CC-2057,3128910,False,6
CC-2057,3128917,False,7
CC-2057,3128931,False,8
CC-2057,3128954,False,9
CC-2057,3129079,False,10
CC-2057,3129186,False,11
CC-2057,3130554,False,12
CC-2057,3135049,False,13
CC-2057,3137274,False,14
CC-2057,3140794,False,15
CC-2057,3142113,False,16
CC-2057,3144940,False,17
CC-2057,3150345,False,18
CC-2057,3154021,False,19
CC-2057,3154061,False,20
CC-2057,3156069,False,21
CC-2057,3156709,False,22
CC-2057,3157207,False,23
CC-2057,3158065,False,24
CC-2057,3158910,False,25
CC-2057,3159057,False,26
CC-2057,3159469,False,27
CC-2057,3159545,False,28
CC-2057,3160709,False,29
CC-2057,3161012,False,30
CC-2057,3161170,False,31
CC-2057,3161180,False,32
CC-2057,3161253,False,33
CC-2057,3161258,False,34
CC-2057,3161261,False,35
CC-2057,3161272,False,36
CC-2057,3161868,False,37
CC-2057,3161890,False,38
CC-2057,3161964,False,39
CC-2057,3161983,False,40
CC-2057,3162354,False,41
CC-2057,3164207,False,42
CC-2057,3164480,False,43
CC-2057,3164625,False,44
CC-2057,3165249,False,45
CC-2057,3165298,False,46
CC-2057,3167314,False,47
CC-2057,3169603,False,48
CC-2058,3169657,False,1
CC-2059,3165986,True,1
CC-2059,3169541,False,2
CC-2059,3169544,False,3
CC-2059,3169583,False,4
CC-2060,3169879,True,1
CC-2060,3169884,False,2
CC-2061,3168781,True,1
CC-2062,3168846,True,1
CC-2062,3168901,False,2
CC-2063,3165849,True,1
CC-2063,3169986,False,2
CC-2064,3158276,True,1
CC-2064,3163994,False,2
CC-2064,3166201,False,3
CC-2064,3169811,False,4
CC-2065,3169874,True,1
CC-2066,3168839,True,1
CC-2067,3167915,True,1
CC-2068,3167862,True,1
CC-2069,3154612,True,1
CC-2069,3154627,False,2
CC-2069,3160225,False,3
CC-2069,3161290,False,4
CC-2069,3161296,False,5
CC-2069,3165543,False,6
CC-2069,3165649,False,7
CC-2069,3169256,False,8
CC-2069,3169289,False,9
CC-2069,3169781,False,10
CC-2070,3168916,True,1
CC-2071,3170590,True,1
CC-2072,3170730,True,1
CC-2073,3170002,True,1
CC-2073,3170005,False,2
CC-2074,3170418,True,1
CC-2075,3167837,True,1
CC-2076,3167796,True,1
CC-2077,3170523,False,1
CC-2078,3170136,False,1
CC-2079,3168544,True,1
CC-2080,3168180,True,1
CC-2081,3168395,True,1
CC-2082,3169877,True,1
CC-2083,3162316,True,1
CC-2083,3162336,False,2
CC-2083,3167835,False,3
CC-2083,3167962,False,4
CC-2083,3167983,False,5
CC-2083,3170344,False,6
CC-2083,3170355,False,7
CC-2084,3170919,True,1
CC-2084,3170932,False,2
CC-2085,3150053,True,1
CC-2085,3154631,False,2
CC-2085,3156105,False,3
CC-2085,3158077,False,4
CC-2085,3158081,False,5
CC-2085,3159798,False,6
CC-2085,3165707,False,7
CC-2085,3167586,False,8
CC-2085,3167860,False,9
CC-2085,3167893,False,10
CC-2085,3167929,False,11
CC-2086,3158827,True,1
CC-2086,3161839,False,2
CC-2086,3163115,False,3
CC-2086,3167839,False,4
CC-2086,3167881,False,5
CC-2086,3167910,False,6
CC-2086,3167919,False,7
CC-2086,3168009,False,8
CC-2086,3168014,False,9
CC-2086,3168176,False,10
CC-2086,3168198,False,11
CC-2086,3168965,False,12
CC-2086,3169039,False,13
CC-2086,3170130,False,14
CC-2087,3171000,False,1
CC-2088,3170017,True,1
CC-2089,3171494,False,1
CC-2090,3170864,True,1
CC-2091,3170944,False,1
CC-2092,3172092,True,1
CC-2093,3169896,True,1
CC-2094,3170468,True,1
CC-2095,3171762,False,1
CC-2096,3172573,False,1
CC-2097,3171876,True,1
CC-2098,3171480,True,1
CC-2099,3164722,True,1
CC-2099,3169626,False,2
CC-2100,3172151,False,1
CC-2101,3170785,True,1
CC-2102,3172116,True,1
CC-2103,3172519,True,1
CC-2104,3169637,True,1
CC-2104,3171985,False,2
CC-2105,3172693,False,1
CC-2106,3166788,True,1
CC-2106,3171422,False,2
CC-2107,3172479,True,1
CC-2108,3171743,True,1
CC-2109,3172738,True,1
CC-2110,3167713,True,1
CC-2110,3171982,False,2
CC-2111,3170821,True,1
CC-2112,3170996,True,1
CC-2113,3164398,True,1
CC-2113,3170111,False,2
CC-2114,3172838,True,1
CC-2115,3171730,True,1
CC-2115,3173039,False,2
CC-2116,3170060,True,1
CC-2117,3170485,True,1
CC-2118,3171551,True,1
CC-2119,3172857,True,1
CC-2120,3171209,True,1
CC-2121,3172456,True,1
CC-2122,3172483,True,1
CC-2123,3171899,True,1
CC-2124,3171563,True,1
CC-2125,3163799,True,1
CC-2125,3166038,False,2
CC-2125,3168245,False,3
CC-2125,3168745,False,4
CC-2125,3168880,False,5
CC-2125,3172759,False,6
CC-2126,3172220,True,1
CC-2127,3173735,True,1
CC-2128,3171763,True,1
CC-2129,3174653,False,1
CC-2130,3172035,True,1
CC-2131,3174360,True,1
CC-2132,3174090,False,1
CC-2133,3174111,True,1
CC-2133,3174165,False,2
CC-2134,3169112,True,1
CC-2134,3174210,False,2
CC-2135,3172920,True,1
CC-2136,3175220,False,1
CC-2137,3173967,True,1
CC-2138,3174789,False,1
CC-2139,3173594,True,1
CC-2140,3172438,True,1
CC-2140,3173085,False,2
CC-2140,3173103,False,3
CC-2140,3173839,False,4
CC-2140,3173920,False,5
CC-2140,3174064,False,6
CC-2140,3174079,False,7
CC-2140,3174099,False,8
CC-2140,3174102,False,9
CC-2140,3174621,False,10
CC-2140,3174713,False,11
CC-2141,3174816,True,1
CC-2142,3173021,True,1
CC-2143,3175394,True,1
CC-2144,3173216,True,1
CC-2145,3168565,True,1
CC-2145,3169628,False,2
CC-2145,3170621,False,3
CC-2145,3170943,False,4
CC-2145,3171335,False,5
CC-2145,3172119,False,6
CC-2145,3172192,False,7
CC-2145,3174646,False,8
CC-2145,3174661,False,9
CC-2146,3175121,True,1
CC-2147,3175451,False,1
CC-2148,3174959,True,1
CC-2149,3175785,True,1
CC-2150,3170511,True,1
CC-2150,3170758,False,2
CC-2150,3170788,False,3
CC-2150,3170791,False,4
CC-2150,3170808,False,5
CC-2150,3170811,False,6
CC-2150,3170822,False,7
CC-2150,3170827,False,8
CC-2150,3175221,False,9
CC-2151,3172297,True,1
CC-2151,3173548,False,2
CC-2152,3173913,True,1
CC-2152,3173931,False,2
CC-2153,3175515,True,1
CC-2154,3149743,True,1
CC-2154,3152326,False,2
CC-2154,3152338,False,3
CC-2154,3158109,False,4
CC-2154,3162454,False,5
CC-2154,3166312,False,6
CC-2154,3167873,False,7
CC-2154,3167886,False,8
CC-2154,3172978,False,9
CC-2154,3172979,False,10
CC-2154,3174190,False,11
CC-2155,3174467,True,1
CC-2156,3172935,True,1
CC-2157,3174976,True,1
CC-2158,3175508,True,1
CC-2158,3175595,False,2
CC-2158,3175598,False,3
CC-2158,3175612,False,4
CC-2159,3173705,True,1
CC-2159,3173717,False,2
CC-2159,3173760,False,3
CC-2160,3173376,True,1
CC-2161,3173494,True,1
CC-2161,3173507,False,2
CC-2161,3173542,False,3
CC-2162,3175234,True,1
CC-2162,3175296,False,2
CC-2163,3174145,True,1
CC-2164,3175703,True,1
CC-2165,3172178,True,1
CC-2165,3175847,False,2
CC-2166,3130268,True,1
CC-2166,3133170,False,2
CC-2166,3137705,False,3
CC-2166,3142382,False,4
CC-2166,3144962,False,5
CC-2166,3147954,False,6
CC-2166,3151086,False,7
CC-2166,3156005,False,8
CC-2166,3158961,False,9
CC-2166,3160787,False,10
CC-2166,3163044,False,11
CC-2166,3163083,False,12
CC-2166,3163183,False,13
CC-2166,3165327,False,14
CC-2166,3165338,False,15
CC-2166,3165362,False,16
CC-2166,3165374,False,17
CC-2166,3165445,False,18
CC-2166,3170398,False,19
CC-2166,3170408,False,20
CC-2166,3170726,False,21
CC-2166,3170748,False,22
CC-2166,3172457,False,23
CC-2166,3173997,False,24
CC-2167,3171067,True,1
CC-2167,3175748,False,2
CC-2167,3176201,False,3
CC-2168,3176019,True,1
CC-2169,3174904,True,1
CC-2170,3173643,True,1
CC-2171,3174609,True,1
CC-2172,3176267,True,1
CC-2173,3171417,True,1
CC-2173,3174013,False,2
CC-2174,3177538,True,1
CC-2175,3175483,True,1
CC-2175,3177210,False,2
CC-2176,3174232,True,1
CC-2177,3177710,True,1
CC-2178,3178032,True,1
CC-2179,3176473,True,1
CC-2180,3178084,True,1
CC-2180,3178101,False,2
CC-2181,3175067,True,1
CC-2182,3175189,True,1
CC-2183,3175798,True,1
CC-2183,3175827,False,2
CC-2184,3175681,True,1
CC-2185,3149603,True,1
CC-2185,3149651,False,2
CC-2185,3149659,False,3
CC-2185,3152197,False,4
CC-2185,3152239,False,5
CC-2185,3153123,False,6
CC-2185,3158410,False,7
CC-2185,3160394,False,8
CC-2185,3160437,False,9
CC-2185,3160444,False,10
CC-2185,3161378,False,11
CC-2185,3163596,False,12
CC-2185,3164586,False,13
CC-2185,3164624,False,14
CC-2185,3165837,False,15
CC-2185,3167917,False,16
CC-2185,3168265,False,17
CC-2185,3170712,False,18
CC-2185,3170764,False,19
CC-2185,3170831,False,20
CC-2185,3170859,False,21
CC-2185,3170877,False,22
CC-2185,3171084,False,23
CC-2185,3171099,False,24
CC-2185,3176910,False,25
CC-2185,3176937,False,26
CC-2186,3175796,True,1
CC-2187,3174390,True,1
CC-2187,3175364,False,2
CC-2187,3175980,False,3
CC-2188,3176670,True,1
CC-2189,3176448,True,1
CC-2190,3176839,True,1
CC-2191,3171600,True,1
CC-2191,3172543,False,2
CC-2191,3173012,False,3
CC-2191,3177110,False,4
CC-2191,3177147,False,5
CC-2191,3177168,False,6
CC-2191,3177177,False,7
CC-2192,3176972,True,1
CC-2193,3176766,True,1
CC-2194,3174427,True,1
CC-2194,3176156,False,2
CC-2194,3176598,False,3
CC-2195,3176352,True,1
CC-2195,3176591,False,2
CC-2195,3176597,False,3
CC-2195,3176601,False,4
CC-2196,3177828,True,1
CC-2197,3178889,False,1
CC-2198,3175825,True,1
CC-2198,3176573,False,2
CC-2199,3170086,True,1
CC-2199,3173146,False,2
CC-2199,3173163,False,3
CC-2199,3175906,False,4
CC-2200,3177290,True,1
CC-2201,3178820,True,1
CC-2201,3178825,False,2
CC-2201,3178830,False,3
CC-2202,3177426,True,1
CC-2202,3177820,False,2
CC-2202,3177919,False,3
CC-2202,3178034,False,4
CC-2203,3176791,True,1
CC-2204,3169169,True,1
CC-2204,3171509,False,2
CC-2204,3173949,False,3
CC-2204,3173961,False,4
CC-2204,3175157,False,5
CC-2204,3177503,False,6
CC-2205,3179422,True,1
CC-2206,3179056,False,1
CC-2207,3179579,False,1
CC-2208,3168029,True,1
CC-2208,3171005,False,2
CC-2208,3176094,False,3
CC-2209,3178484,True,1
CC-2210,3173791,True,1
CC-2210,3176526,False,2
CC-2211,3171920,True,1
CC-2211,3175912,False,2
CC-2211,3178880,False,3
CC-2211,3178883,False,4
CC-2212,3176499,True,1
CC-2213,3177374,True,1
CC-2213,3177683,False,2
CC-2213,3178237,False,3
CC-2214,3180131,True,1
CC-2215,3180388,True,1
CC-2216,3178016,True,1
CC-2217,3173837,True,1
CC-2217,3176840,False,2
CC-2217,3176853,False,3
CC-2217,3177375,False,4
CC-2218,3179305,True,1
CC-2219,3178805,True,1
CC-2219,3178808,False,2
CC-2220,3180106,True,1
CC-2220,3180166,False,2
CC-2221,3179925,False,1
CC-2222,3178846,True,1
CC-2223,3177948,True,1
CC-2224,3173438,True,1
CC-2224,3173443,False,2
CC-2224,3174443,False,3
CC-2224,3174453,False,4
CC-2224,3178951,False,5
CC-2225,3179628,True,1
CC-2226,3178855,True,1
CC-2226,3178863,False,2
CC-2227,3174006,True,1
CC-2227,3178767,False,2
CC-2228,3178814,True,1
CC-2229,3172751,True,1
CC-2229,3172769,False,2
CC-2229,3177575,False,3
CC-2229,3177677,False,4
CC-2229,3181413,False,5
CC-2229,3181445,False,6
CC-2230,3178330,True,1
CC-2231,3180081,True,1
CC-2232,3177860,True,1
CC-2232,3178041,False,2
CC-2232,3178055,False,3
CC-2233,3181200,True,1
CC-2234,3181504,True,1
CC-2235,3179976,True,1
CC-2236,3180492,True,1
CC-2237,3181551,False,1
CC-2238,3181302,False,1
CC-2239,3175354,True,1
CC-2239,3180318,False,2
CC-2240,3175993,True,1
CC-2240,3180114,False,2
CC-2241,3181375,True,1
CC-2242,3179215,True,1
CC-2242,3179226,False,2
CC-2243,3181745,True,1
CC-2244,3180292,True,1
CC-2245,3175715,True,1
CC-2245,3175740,False,2
CC-2245,3175954,False,3
CC-2245,3178217,False,4
CC-2245,3178241,False,5
CC-2245,3179754,False,6
CC-2245,3179858,False,7
CC-2246,3178816,True,1
CC-2247,3103128,True,1
CC-2247,3103840,False,2
CC-2247,3105307,False,3
CC-2247,3107103,False,4
CC-2247,3107222,False,5
CC-2247,3107272,False,6
CC-2247,3108201,False,7
CC-2247,3110562,False,8
CC-2247,3112024,False,9
CC-2247,3112443,False,10
CC-2247,3112469,False,11
CC-2247,3112492,False,12
CC-2247,3112619,False,13
CC-2247,3112633,False,14
CC-2247,3115350,False,15
CC-2247,3115368,False,16
CC-2247,3115540,False,17
CC-2247,3115541,False,18
CC-2247,3115556,False,19
CC-2247,3116598,False,20
CC-2247,3116633,False,21
CC-2247,3120105,False,22
CC-2247,3120848,False,23
CC-2247,3122525,False,24
CC-2247,3122913,False,25
CC-2247,3122940,False,26
CC-2247,3123793,False,27
CC-2247,3124057,False,28
CC-2247,3124062,False,29
CC-2247,3126430,False,30
CC-2247,3126462,False,31
CC-2247,3126630,False,32
CC-2247,3127810,False,33
CC-2247,3127879,False,34
CC-2247,3129905,False,35
CC-2247,3131142,False,36
CC-2247,3135973,False,37
CC-2247,3136623,False,38
CC-2247,3136967,False,39
CC-2247,3136983,False,40
CC-2247,3137009,False,41
CC-2247,3137056,False,42
CC-2247,3139688,False,43
CC-2247,3142913,False,44
CC-2247,3145228,False,45
CC-2247,3145244,False,46
CC-2247,3147966,False,47
CC-2247,3148124,False,48
CC-2247,3149626,False,49
CC-2247,3149704,False,50
CC-2247,3152296,False,51
CC-2247,3154589,False,52
CC-2247,3154618,False,53
CC-2247,3154621,False,54
CC-2247,3154637,False,55
CC-2247,3154869,False,56
CC-2247,3155100,False,57
CC-2247,3156116,False,58
CC-2247,3156137,False,59
CC-2247,3156171,False,60
CC-2247,3158070,False,61
CC-2247,3163015,False,62
CC-2247,3164850,False,63
CC-2247,3167028,False,64
CC-2247,3167097,False,65
CC-2247,3169089,False,66
CC-2247,3169102,False,67
CC-2247,3169155,False,68
CC-2247,3169159,False,69
CC-2247,3174243,False,70
CC-2247,3179879,False,71
CC-2248,3060719,True,1
CC-2248,3067350,False,2
CC-2248,3076344,False,3
CC-2248,3082329,False,4
CC-2248,3090432,False,5
CC-2248,3090438,False,6
CC-2248,3092305,False,7
CC-2248,3093503,False,8
CC-2248,3095708,False,9
CC-2248,3101433,False,10
CC-2248,3101836,False,11
CC-2248,3110921,False,12
CC-2248,3116156,False,13
CC-2248,3118589,False,14
CC-2248,3118866,False,15
CC-2248,3119767,False,16
CC-2248,3119775,False,17
CC-2248,3123751,False,18
CC-2248,3127764,False,19
CC-2248,3129562,False,20
CC-2248,3130502,False,21
CC-2248,3131984,False,22
CC-2248,3133428,False,23
CC-2248,3134439,False,24
CC-2248,3137607,False,25
CC-2248,3137820,False,26
CC-2248,3141393,False,27
CC-2248,3144971,False,28
CC-2248,3146746,False,29
CC-2248,3151217,False,30
CC-2248,3151489,False,31
CC-2248,3151499,False,32
CC-2248,3151562,False,33
CC-2248,3151564,False,34
CC-2248,3151566,False,35
CC-2248,3151568,False,36
CC-2248,3151570,False,37
CC-2248,3152213,False,38
CC-2248,3152276,False,39
CC-2248,3152977,False,40
CC-2248,3157233,False,41
CC-2248,3158226,False,42
CC-2248,3158243,False,43
CC-2248,3158452,False,44
CC-2248,3161185,False,45
CC-2248,3162447,False,46
CC-2248,3164290,False,47
CC-2248,3164295,False,48
CC-2248,3164296,False,49
CC-2248,3164297,False,50
CC-2248,3164301,False,51
CC-2248,3164303,False,52
CC-2248,3164305,False,53
CC-2248,3166935,False,54
CC-2248,3168129,False,55
CC-2248,3169847,False,56
CC-2248,3169864,False,57
CC-2248,3172916,False,58
CC-2248,3174531,False,59
CC-2248,3175745,False,60
CC-2248,3177090,False,61
CC-2248,3178420,False,62
CC-2248,3178483,False,63
CC-2248,3178641,False,64
CC-2248,3181275,False,65
CC-2249,3178937,True,1
CC-2249,3179353,False,2
CC-2249,3179381,False,3
CC-2250,3180434,True,1
CC-2250,3180443,False,2
CC-2251,3180721,True,1
CC-2251,3182005,False,2
CC-2252,3181976,False,1
CC-2253,3178854,True,1
CC-2254,3181135,True,1
CC-2255,3180096,True,1
CC-2256,3176309,True,1
CC-2256,3179385,False,2
CC-2256,3179391,False,3
CC-2256,3179404,False,4
CC-2257,3181696,True,1
CC-2258,3179539,True,1
CC-2259,3182129,True,1
CC-2260,3182157,True,1
CC-2261,3182354,False,1
CC-2262,3182644,True,1
CC-2263,3181820,True,1
CC-2264,3182158,True,1
CC-2265,3180606,True,1
CC-2266,3179790,True,1
CC-2266,3180082,False,2
CC-2267,3159795,True,1
CC-2267,3163248,False,2
CC-2267,3163343,False,3
CC-2267,3164136,False,4
CC-2267,3165162,False,5
CC-2267,3167908,False,6
CC-2267,3167972,False,7
CC-2267,3167976,False,8
CC-2267,3168736,False,9
CC-2267,3169130,False,10
CC-2267,3169194,False,11
CC-2267,3174633,False,12
CC-2267,3177511,False,13
CC-2267,3178253,False,14
CC-2267,3178343,False,15
CC-2267,3179043,False,16
CC-2267,3179088,False,17
CC-2267,3179102,False,18
CC-2267,3181464,False,19
CC-2267,3181507,False,20
CC-2267,3182351,False,21
CC-2267,3182374,False,22
CC-2268,3182906,True,1
CC-2269,3183582,True,1
CC-2270,3181731,True,1
CC-2270,3181735,False,2
CC-2270,3182040,False,3
CC-2270,3182298,False,4
CC-2271,3120691,True,1
CC-2271,3120795,False,2
CC-2271,3126867,False,3
CC-2271,3127542,False,4
CC-2271,3127624,False,5
CC-2271,3127744,False,6
CC-2271,3132046,False,7
CC-2271,3138368,False,8
CC-2271,3139273,False,9
CC-2271,3141174,False,10
CC-2271,3141210,False,11
CC-2271,3141512,False,12
CC-2271,3141954,False,13
CC-2271,3141965,False,14
CC-2271,3145539,False,15
CC-2271,3145586,False,16
CC-2271,3147361,False,17
CC-2271,3148064,False,18
CC-2271,3148270,False,19
CC-2271,3151294,False,20
CC-2271,3155740,False,21
CC-2271,3157002,False,22
CC-2271,3157861,False,23
CC-2271,3159265,False,24
CC-2271,3159426,False,25
CC-2271,3163464,False,26
CC-2271,3165339,False,27
CC-2271,3165423,False,28
CC-2271,3167182,False,29
CC-2271,3169484,False,30
CC-2271,3171227,False,31
CC-2271,3172049,False,32
CC-2271,3172057,False,33
CC-2271,3172334,False,34
CC-2271,3172336,False,35
CC-2271,3172377,False,36
CC-2271,3172380,False,37
CC-2271,3177787,False,38
CC-2271,3177880,False,39
CC-2271,3177887,False,40
CC-2271,3177945,False,41
CC-2271,3181247,False,42
CC-2272,3182561,True,1
CC-2273,3182392,True,1
CC-2274,3181191,True,1
CC-2275,3180672,True,1
CC-2276,3176908,True,1
CC-2276,3181529,False,2
CC-2276,3181576,False,3
CC-2277,3182252,True,1
CC-2278,3183436,True,1
CC-2278,3183659,False,2
CC-2279,3182096,True,1
CC-2280,3175334,True,1
CC-2280,3175387,False,2
CC-2280,3179688,False,3
CC-2280,3179690,False,4
CC-2280,3179808,False,5
CC-2280,3182775,False,6
CC-2280,3184167,False,7
CC-2280,3184192,False,8
CC-2280,3184529,False,9
CC-2281,3182857,True,1
CC-2282,3178562,True,1
CC-2282,3178567,False,2
CC-2282,3179750,False,3
CC-2282,3182280,False,4
CC-2283,3184038,False,1
CC-2284,3182848,True,1
CC-2284,3183074,False,2
CC-2285,3184457,False,1
CC-2286,3177429,True,1
CC-2286,3181720,False,2
CC-2287,3182913,True,1
CC-2287,3184654,False,2
CC-2288,3182170,True,1
CC-2289,3182365,True,1
CC-2290,3182573,True,1
CC-2290,3182589,False,2
CC-2291,3181875,True,1
CC-2292,3175909,True,1
CC-2292,3179725,False,2
CC-2292,3180004,False,3
CC-2292,3184583,False,4
CC-2292,3184598,False,5
CC-2292,3184602,False,6
CC-2293,3179395,True,1
CC-2293,3182339,False,2
CC-2294,3184524,True,1
CC-2295,3181501,True,1
CC-2295,3182647,False,2
CC-2295,3182699,False,3
CC-2296,3185238,True,1
CC-2296,3185294,False,2
CC-2297,3183791,True,1
CC-2297,3183942,False,2
CC-2298,3181705,True,1
CC-2298,3182714,False,2
CC-2298,3182724,False,3
CC-2299,3179209,True,1
CC-2299,3183400,False,2
CC-2300,3180308,True,1
CC-2300,3181676,False,2
CC-2300,3182376,False,3
CC-2301,3181813,True,1
CC-2301,3182600,False,2
CC-2302,3184790,True,1
CC-2303,3183998,True,1
CC-2304,3183834,True,1
CC-2304,3183872,False,2
CC-2305,3183077,True,1
CC-2305,3183366,False,2
CC-2306,3184780,True,1
CC-2307,3185318,True,1
CC-2308,3184260,True,1
CC-2309,3183927,True,1
CC-2310,3175278,True,1
CC-2310,3177440,False,2
CC-2310,3179099,False,3
CC-2310,3180231,False,4
CC-2310,3185334,False,5
CC-2310,3185347,False,6
CC-2310,3185472,False,7
CC-2311,3185325,False,1
CC-2312,3182843,True,1
CC-2313,3183433,True,1
CC-2314,3186203,True,1
CC-2314,3186255,False,2
CC-2315,3186490,False,1
CC-2316,3185416,True,1
CC-2317,3180028,True,1
CC-2317,3185795,False,2
CC-2318,3186524,True,1
CC-2319,3181759,True,1
CC-2319,3184686,False,2
CC-2320,3184293,True,1
CC-2321,3183759,True,1
CC-2321,3183854,False,2
CC-2322,3185587,True,1
CC-2322,3185993,False,2
CC-2323,3187154,False,1
CC-2324,3185636,True,1
CC-2325,3185709,True,1
CC-2326,3187409,True,1
CC-2326,3187461,False,2
CC-2327,3179594,True,1
CC-2327,3182656,False,2
CC-2327,3186016,False,3
CC-2328,3185677,True,1
CC-2329,3184243,True,1
CC-2330,3186171,True,1
CC-2331,3186809,True,1
CC-2331,3186829,False,2
CC-2332,3185737,True,1
CC-2333,3187616,True,1
CC-2334,3184668,True,1
CC-2335,3184705,True,1
CC-2336,3155503,True,1
CC-2336,3156175,False,2
CC-2336,3158597,False,3
CC-2336,3158598,False,4
CC-2336,3158651,False,5
CC-2336,3161249,False,6
CC-2336,3164474,False,7
CC-2336,3164482,False,8
CC-2336,3164498,False,9
CC-2336,3168255,False,10
CC-2336,3170576,False,11
CC-2336,3170702,False,12
CC-2336,3170908,False,13
CC-2336,3175903,False,14
CC-2336,3178477,False,15
CC-2336,3178505,False,16
CC-2336,3179488,False,17
CC-2336,3182729,False,18
CC-2336,3182861,False,19
CC-2336,3182893,False,20
CC-2336,3185711,False,21
CC-2336,3185791,False,22
CC-2336,3185885,False,23
CC-2337,3187036,True,1
CC-2338,3184786,True,1
CC-2339,3186920,True,1
CC-2340,3186335,True,1
CC-2341,3185613,True,1
CC-2342,3185724,True,1
CC-2342,3185728,False,2
CC-2343,3185947,True,1
CC-2344,3187961,True,1
CC-2345,3183191,True,1
CC-2345,3183259,False,2
CC-2345,3183334,False,3
CC-2345,3183348,False,4
CC-2345,3186374,False,5
CC-2345,3186477,False,6
CC-2346,3187479,True,1
CC-2346,3187510,False,2
CC-2347,3186289,True,1
CC-2347,3186658,False,2
CC-2347,3186728,False,3
CC-2348,3184722,True,1
CC-2348,3184726,False,2
CC-2348,3187988,False,3
CC-2349,3186352,True,1
CC-2350,3185489,True,1
CC-2351,3187649,True,1
CC-2352,3185546,True,1
CC-2353,3187280,True,1
CC-2354,3188346,False,1
CC-2355,3187872,False,1
CC-2356,3186358,True,1
CC-2356,3186362,False,2
CC-2356,3186387,False,3
CC-2356,3186412,False,4
CC-2356,3186790,False,5
CC-2357,3187246,True,1
CC-2358,3179875,True,1
CC-2358,3180116,False,2
CC-2358,3180531,False,3
CC-2358,3180687,False,4
CC-2358,3180797,False,5
CC-2358,3181368,False,6
CC-2358,3183349,False,7
CC-2358,3183731,False,8
CC-2358,3184472,False,9
CC-2358,3184494,False,10
CC-2358,3184980,False,11
CC-2358,3186194,False,12
CC-2358,3186632,False,13
CC-2358,3186716,False,14
CC-2359,3180026,True,1
CC-2359,3180229,False,2
CC-2359,3184626,False,3
CC-2359,3185338,False,4
CC-2359,3185405,False,5
CC-2359,3187288,False,6
CC-2359,3187290,False,7
CC-2359,3187837,False,8
CC-2360,3188177,False,1
CC-2361,3187772,True,1
CC-2362,3189169,False,1
CC-2363,3178674,True,1
CC-2363,3178698,False,2
CC-2363,3179175,False,3
CC-2363,3179191,False,4
CC-2363,3179230,False,5
CC-2363,3181296,False,6
CC-2363,3184024,False,7
CC-2363,3186750,False,8
CC-2364,3186388,True,1
CC-2364,3187955,False,2
CC-2364,3187969,False,3
CC-2364,3188016,False,4
CC-2364,3188925,False,5
CC-2365,3189189,True,1
CC-2366,3187570,True,1
CC-2367,3190006,False,1
CC-2368,3186630,True,1
CC-2368,3186708,False,2
CC-2368,3187535,False,3
CC-2368,3187551,False,4
CC-2368,3187557,False,5
CC-2369,3189543,True,1
CC-2369,3189573,False,2
CC-2369,3189598,False,3
CC-2369,3189611,False,4
CC-2370,3188990,True,1
CC-2370,3189081,False,2
CC-2371,3187681,True,1
CC-2372,3188456,True,1
CC-2372,3188514,False,2
CC-2373,3186901,True,1
CC-2374,3188181,True,1
CC-2375,3190136,True,1
CC-2376,3188314,True,1
CC-2377,3188698,True,1
CC-2377,3188748,False,2
CC-2377,3188866,False,3
CC-2378,3188872,True,1
CC-2379,3188741,True,1
CC-2380,3190184,True,1
CC-2381,3189724,True,1
CC-2382,3187644,True,1
CC-2383,3178932,True,1
CC-2383,3178945,False,2
CC-2383,3182998,False,3
CC-2383,3184783,False,4
CC-2383,3188595,False,5
CC-2384,3190297,True,1
CC-2385,3186969,True,1
CC-2385,3187529,False,2
CC-2385,3187544,False,3
CC-2385,3187547,False,4
CC-2385,3187562,False,5
CC-2385,3187564,False,6
CC-2385,3187569,False,7
CC-2385,3189580,False,8
CC-2385,3189625,False,9
CC-2385,3189780,False,10
CC-2386,3188586,True,1
CC-2386,3188622,False,2
CC-2387,3188964,True,1
CC-2388,3190131,True,1
CC-2389,3189458,True,1
CC-2389,3190582,False,2
CC-2390,3177370,True,1
CC-2390,3178481,False,2
CC-2390,3180540,False,3
CC-2390,3180621,False,4
CC-2390,3181467,False,5
CC-2390,3181593,False,6
CC-2390,3181615,False,7
CC-2390,3183553,False,8
CC-2390,3184344,False,9
CC-2390,3188159,False,10
CC-2390,3189017,False,11
CC-2390,3190124,False,12
CC-2390,3190210,False,13
CC-2390,3190238,False,14
CC-2390,3190337,False,15
CC-2390,3190338,False,16
CC-2390,3190342,False,17
CC-2390,3190348,False,18
CC-2391,3188517,True,1
CC-2392,3189847,True,1
CC-2393,3188260,True,1
CC-2393,3188277,False,2
CC-2393,3188359,False,3
CC-2394,3128855,True,1
CC-2394,3129757,False,2
CC-2394,3136012,False,3
CC-2394,3140826,False,4
CC-2394,3140857,False,5
CC-2394,3140882,False,6
CC-2394,3141204,False,7
CC-2394,3141288,False,8
CC-2394,3141298,False,9
CC-2394,3141852,False,10
CC-2394,3143144,False,11
CC-2394,3143769,False,12
CC-2394,3143833,False,13
CC-2394,3144645,False,14
CC-2394,3144670,False,15
CC-2394,3144710,False,16
CC-2394,3144771,False,17
CC-2394,3144775,False,18
CC-2394,3144825,False,19
CC-2394,3144846,False,20
CC-2394,3144857,False,21
CC-2394,3144908,False,22
CC-2394,3144911,False,23
CC-2394,3144956,False,24
CC-2394,3144966,False,25
CC-2394,3145373,False,26
CC-2394,3145640,False,27
CC-2394,3145643,False,28
CC-2394,3146947,False,29
CC-2394,3147936,False,30
CC-2394,3151224,False,31
CC-2394,3156076,False,32
CC-2394,3157612,False,33
CC-2394,3157627,False,34
CC-2394,3160413,False,35
CC-2394,3163830,False,36
CC-2394,3166596,False,37
CC-2394,3166633,False,38
CC-2394,3166713,False,39
CC-2394,3166755,False,40
CC-2394,3169442,False,41
CC-2394,3169448,False,42
CC-2394,3171083,False,43
CC-2394,3171139,False,44
CC-2394,3172051,False,45
CC-2394,3172504,False,46
CC-2394,3173804,False,47
CC-2394,3173983,False,48
CC-2394,3174981,False,49
CC-2394,3177419,False,50
CC-2394,3177519,False,51
CC-2394,3180234,False,52
CC-2394,3180577,False,53
CC-2394,3180896,False,54
CC-2394,3181018,False,55
CC-2394,3181272,False,56
CC-2394,3182425,False,57
CC-2394,3183671,False,58
CC-2394,3183695,False,59
CC-2394,3185708,False,60
CC-2394,3185796,False,61
CC-2394,3187679,False,62
CC-2394,3188424,False,63
CC-2394,3190311,False,64
CC-2394,3191105,False,65
CC-2395,3188432,True,1
CC-2395,3190224,False,2
CC-2395,3190443,False,3
CC-2396,3188339,True,1
CC-2397,3188620,True,1
CC-2398,3190455,True,1
CC-2399,3189330,True,1
CC-2400,3185646,True,1
CC-2400,3188244,False,2
CC-2400,3188252,False,3
CC-2401,3190969,False,1
CC-2402,3191716,True,1
CC-2403,3191176,False,1
CC-2404,3189386,True,1
CC-2405,3189677,True,1
CC-2406,3191215,True,1
CC-2406,3191296,False,2
CC-2407,3190981,True,1
CC-2408,3189378,True,1
CC-2408,3189460,False,2
CC-2409,3163036,True,1
CC-2409,3163053,False,2
CC-2409,3164653,False,3
CC-2409,3166011,False,4
CC-2409,3169205,False,5
CC-2409,3169750,False,6
CC-2409,3169753,False,7
CC-2409,3169765,False,8
CC-2409,3171006,False,9
CC-2409,3171057,False,10
CC-2409,3171058,False,11
CC-2409,3171924,False,12
CC-2409,3176820,False,13
CC-2409,3177337,False,14
CC-2409,3178788,False,15
CC-2409,3178792,False,16
CC-2409,3181592,False,17
CC-2409,3184578,False,18
CC-2409,3184595,False,19
CC-2409,3184612,False,20
CC-2409,3184650,False,21
CC-2409,3184660,False,22
CC-2409,3185989,False,23
CC-2409,3186261,False,24
CC-2409,3190501,False,25
CC-2409,3190506,False,26
CC-2409,3190508,False,27
CC-2409,3190510,False,28
CC-2409,3190511,False,29
CC-2409,3190512,False,30
CC-2409,3190513,False,31
CC-2409,3190514,False,32
CC-2409,3190518,False,33
CC-2409,3190519,False,34
CC-2409,3190520,False,35
CC-2409,3191530,False,36
CC-2410,3189139,True,1
CC-2411,3189300,True,1
CC-2411,3189342,False,2
CC-2411,3189375,False,3
CC-2412,3191700,True,1
CC-2413,3178873,True,1
CC-2413,3184571,False,2
CC-2413,3189633,False,3
CC-2413,3189636,False,4
CC-2413,3189715,False,5
CC-2414,3190077,True,1
CC-2415,3192635,True,1
CC-2416,3187664,True,1
CC-2416,3192078,False,2
CC-2416,3192250,False,3
CC-2417,3190539,True,1
CC-2418,3191196,True,1
CC-2419,3189744,True,1
CC-2420,3192372,True,1
CC-2421,3191983,True,1
CC-2421,3192408,False,2
CC-2422,3192455,True,1
CC-2423,3190563,True,1
CC-2424,3189185,True,1
CC-2424,3189574,False,2
CC-2424,3189615,False,3
CC-2424,3189618,False,4
CC-2424,3189624,False,5
CC-2424,3189631,False,6
CC-2424,3189640,False,7
CC-2424,3189644,False,8
CC-2424,3189658,False,9
CC-2424,3189660,False,10
CC-2424,3189667,False,11
CC-2424,3189678,False,12
CC-2424,3189684,False,13
CC-2424,3189687,False,14
CC-2424,3189709,False,15
CC-2424,3189720,False,16
CC-2424,3190509,False,17
CC-2425,3193189,False,1
CC-2426,3190532,True,1
CC-2426,3190535,False,2
CC-2427,3191692,True,1
CC-2428,3186397,True,1
CC-2428,3186398,False,2
CC-2428,3186422,False,3
CC-2428,3191222,False,4
CC-2429,3192820,True,1
CC-2430,3193488,True,1
CC-2431,3193207,True,1
CC-2432,3190758,True,1
CC-2432,3191102,False,2
CC-2433,3193149,True,1
CC-2434,3194141,True,1
CC-2435,3194365,True,1
CC-2436,3192945,True,1
CC-2437,3166581,True,1
CC-2437,3169660,False,2
CC-2437,3174629,False,3
CC-2437,3175774,False,4
CC-2437,3177648,False,5
CC-2437,3177872,False,6
CC-2437,3177927,False,7
CC-2437,3178380,False,8
CC-2437,3179481,False,9
CC-2437,3179486,False,10
CC-2437,3179491,False,11
CC-2437,3180821,False,12
CC-2437,3180858,False,13
CC-2437,3186001,False,14
CC-2437,3186067,False,15
CC-2437,3186501,False,16
CC-2437,3188247,False,17
CC-2437,3191968,False,18
CC-2437,3192006,False,19
CC-2438,3191428,True,1
CC-2438,3191469,False,2
CC-2439,3191512,True,1
CC-2440,3192194,True,1
CC-2441,3194934,True,1
CC-2441,3195017,False,2
CC-2442,3191954,True,1
CC-2443,3195614,True,1
CC-2444,3195705,False,1
CC-2445,3195433,True,1
CC-2446,3190471,True,1
CC-2446,3190473,False,2
CC-2446,3190478,False,3
CC-2446,3193236,False,4
CC-2447,3193949,True,1
CC-2448,3195811,True,1
CC-2449,3193362,True,1
CC-2450,3194274,True,1
CC-2451,3194665,True,1
CC-2452,3195979,False,1
CC-2453,3193415,True,1
CC-2453,3193417,False,2
CC-2454,3190392,True,1
CC-2454,3190408,False,2
CC-2454,3194953,False,3
CC-2455,3195843,False,1
CC-2456,3194302,True,1
CC-2457,3192246,True,1
CC-2457,3192336,False,2
CC-2457,3192363,False,3
CC-2457,3194142,False,4
CC-2458,3186895,True,1
CC-2458,3188047,False,2
CC-2458,3191183,False,3
CC-2458,3193929,False,4
CC-2458,3193981,False,5
CC-2459,3193022,True,1
CC-2459,3193597,False,2
CC-2459,3193727,False,3
CC-2459,3193735,False,4
CC-2460,3188119,True,1
CC-2460,3188122,False,2
CC-2460,3188124,False,3
CC-2460,3188139,False,4
CC-2460,3188198,False,5
CC-2460,3188206,False,6
CC-2460,3193358,False,7
CC-2461,3193498,True,1
CC-2462,3196305,True,1
CC-2463,3187643,True,1
CC-2463,3187645,False,2
CC-2463,3192061,False,3
CC-2463,3194258,False,4
CC-2464,3196396,True,1
CC-2465,3195939,True,1
CC-2465,3196051,False,2
CC-2466,3185941,True,1
CC-2466,3187981,False,2
CC-2466,3190774,False,3
CC-2466,3190775,False,4
CC-2466,3193559,False,5
CC-2466,3193619,False,6
CC-2467,3193678,True,1
CC-2468,3194533,True,1
CC-2469,3196018,True,1
CC-2470,3193935,True,1
CC-2471,3195649,True,1
CC-2471,3195722,False,2
CC-2472,3196293,True,1
CC-2472,3196297,False,2
CC-2473,3191037,True,1
CC-2473,3194831,False,2
CC-2474,3192034,True,1
CC-2474,3192092,False,2
CC-2474,3195323,False,3
CC-2475,3195145,True,1
CC-2475,3196176,False,2
CC-2476,3196249,True,1
CC-2476,3196267,False,2
CC-2477,3195344,True,1
CC-2478,3196043,True,1
CC-2478,3196355,False,2
CC-2479,3196888,True,1
CC-2480,3195405,True,1
CC-2480,3195445,False,2
CC-2480,3195462,False,3
CC-2481,3182272,True,1
CC-2481,3183964,False,2
CC-2481,3187251,False,3
CC-2481,3187291,False,4
CC-2481,3187530,False,5
CC-2481,3189973,False,6
CC-2481,3193969,False,7
CC-2481,3194019,False,8
CC-2481,3196736,False,9
CC-2482,3196842,True,1
CC-2483,3177799,True,1
CC-2483,3181918,False,2
CC-2483,3181939,False,3
CC-2483,3184675,False,4
CC-2483,3187632,False,5
CC-2483,3190410,False,6
CC-2483,3192847,False,7
CC-2483,3194877,False,8
CC-2483,3194917,False,9
CC-2483,3194919,False,10
CC-2483,3194924,False,11
CC-2484,3196862,False,1
CC-2485,3196412,True,1
CC-2486,3197517,True,1
CC-2487,3197740,False,1
CC-2488,3196319,True,1
CC-2489,3186256,True,1
CC-2489,3188772,False,2
CC-2489,3189355,False,3
CC-2489,3189444,False,4
CC-2489,3193371,False,5
CC-2489,3195672,False,6
CC-2489,3196114,False,7
CC-2489,3196168,False,8
CC-2489,3197196,False,9
CC-2490,3196348,True,1
CC-2491,3194852,True,1
CC-2492,3194728,True,1
CC-2493,3192998,True,1
CC-2493,3196390,False,2
CC-2493,3196397,False,3
CC-2494,3196515,True,1
CC-2495,3196323,True,1
CC-2495,3196328,False,2
CC-2496,3196292,True,1
CC-2496,3196295,False,2
CC-2497,3195408,True,1
CC-2498,3199021,True,1
CC-2499,3198907,True,1
CC-2500,3199175,True,1
CC-2501,3196205,True,1
CC-2502,3199236,False,1
CC-2503,3190420,True,1
CC-2503,3190440,False,2
CC-2503,3192572,False,3
CC-2503,3196518,False,4
CC-2504,3196175,True,1
CC-2505,3192604,True,1
CC-2505,3193196,False,2
CC-2505,3194147,False,3
CC-2505,3196113,False,4
CC-2505,3197306,False,5
CC-2506,3197729,True,1
CC-2507,3197397,True,1
CC-2507,3197418,False,2
CC-2508,3196832,True,1
CC-2508,3198099,False,2
CC-2509,3198569,True,1
CC-2510,3197585,True,1
CC-2511,3177230,True,1
CC-2511,3179763,False,2
CC-2511,3183036,False,3
CC-2511,3185902,False,4
CC-2511,3185903,False,5
CC-2511,3186095,False,6
CC-2511,3188439,False,7
CC-2511,3191356,False,8
CC-2511,3194593,False,9
CC-2511,3196818,False,10
CC-2511,3197118,False,11
CC-2512,3196808,True,1
CC-2512,3196823,False,2
CC-2512,3196854,False,3
CC-2512,3196866,False,4
CC-2513,3198439,True,1
CC-2514,3199138,True,1
CC-2515,3197841,True,1
CC-2515,3197877,False,2
CC-2515,3197921,False,3
CC-2516,3198797,True,1
CC-2517,3196644,True,1
CC-2518,3199109,True,1
CC-2519,3198348,True,1
CC-2520,3186002,True,1
CC-2520,3190740,False,2
CC-2520,3193855,False,3
CC-2520,3193868,False,4
CC-2520,3196891,False,5
CC-2521,3197077,True,1
CC-2521,3197099,False,2
CC-2522,3198293,True,1
CC-2523,3199146,True,1
CC-2524,3192357,True,1
CC-2524,3195267,False,2
CC-2524,3198292,False,3
CC-2525,3197403,True,1
CC-2526,3194907,True,1
CC-2526,3196064,False,2
CC-2526,3198039,False,3
CC-2526,3198059,False,4
CC-2527,3200546,True,1
CC-2528,3188530,True,1
CC-2528,3188825,False,2
CC-2528,3188846,False,3
CC-2528,3191039,False,4
CC-2528,3191060,False,5
CC-2528,3195416,False,6
CC-2528,3195488,False,7
CC-2528,3197473,False,8
CC-2528,3197485,False,9
CC-2528,3200040,False,10
CC-2529,3199902,True,1
CC-2530,3201074,False,1
CC-2531,3198887,True,1
CC-2532,3198752,True,1
CC-2532,3199261,False,2
CC-2533,3201581,False,1
CC-2534,3200603,False,1
CC-2535,3200396,True,1
CC-2536,3198486,True,1
CC-2537,3201647,False,1
CC-2538,3198421,True,1
CC-2538,3199485,False,2
CC-2539,3199703,True,1
CC-2539,3199802,False,2
CC-2540,3199209,True,1
CC-2541,3198744,True,1
CC-2542,3199699,True,1
CC-2543,3194483,True,1
CC-2543,3197037,False,2
CC-2543,3197061,False,3
CC-2543,3199852,False,4
CC-2544,3199135,True,1
CC-2545,3201992,True,1
CC-2545,3202040,False,2
CC-2546,3200997,True,1
CC-2546,3201911,False,2
CC-2547,3199287,True,1
CC-2547,3199289,False,2
CC-2547,3199290,False,3
CC-2548,3200903,True,1
CC-2549,3200940,True,1
CC-2550,3200431,True,1
CC-2551,3201305,True,1
CC-2551,3201313,False,2
CC-2552,3198267,True,1
CC-2552,3199405,False,2
CC-2553,3199635,True,1
CC-2554,3202177,True,1
CC-2555,3200500,True,1
CC-2556,3187477,True,1
CC-2556,3188824,False,2
CC-2556,3188896,False,3
CC-2556,3189547,False,4
CC-2556,3192015,False,5
CC-2556,3192436,False,6
CC-2556,3193135,False,7
CC-2556,3194892,False,8
CC-2556,3195920,False,9
CC-2556,3196557,False,10
CC-2556,3197156,False,11
CC-2556,3198881,False,12
CC-2556,3201302,False,13
CC-2556,3201344,False,14
CC-2557,3193333,True,1
CC-2557,3193338,False,2
CC-2557,3198789,False,3
CC-2557,3200357,False,4
CC-2558,3202145,True,1
CC-2558,3202151,False,2
CC-2558,3202162,False,3
CC-2559,3200905,True,1
CC-2560,3198839,True,1
CC-2560,3199944,False,2
CC-2560,3199988,False,3
CC-2560,3200760,False,4
CC-2560,3200774,False,5
CC-2560,3200813,False,6
CC-2561,3197708,True,1
CC-2561,3202249,False,2
CC-2562,3200039,True,1
CC-2563,3200473,True,1
CC-2564,3200757,True,1
CC-2565,3189882,True,1
CC-2565,3195375,False,2
CC-2565,3196915,False,3
CC-2565,3197197,False,4
CC-2565,3197830,False,5
CC-2565,3200797,False,6
CC-2566,3199882,True,1
CC-2566,3200175,False,2
CC-2567,3200461,True,1
CC-2568,3200668,True,1
CC-2569,3200680,True,1
CC-2570,3201737,True,1
CC-2571,3200366,True,1
CC-2571,3200442,False,2
CC-2572,3199325,True,1
CC-2572,3204124,False,2
CC-2573,3201859,True,1
CC-2574,3201841,True,1
CC-2574,3201978,False,2
CC-2575,3202852,True,1
CC-2575,3202863,False,2
CC-2576,3202423,True,1
CC-2577,3204051,False,1
CC-2578,3201169,True,1
CC-2579,3204262,True,1
CC-2580,3202393,True,1
CC-2580,3202448,False,2
CC-2581,3202217,True,1
CC-2582,3204475,True,1
CC-2583,3195089,True,1
CC-2583,3198102,False,2
CC-2583,3202409,False,3
CC-2583,3202505,False,4
CC-2584,3202092,True,1
CC-2585,3201445,True,1
CC-2585,3202725,False,2
CC-2585,3202778,False,3
CC-2586,3203865,True,1
CC-2587,3202102,True,1
CC-2588,3190320,True,1
CC-2588,3190603,False,2
CC-2588,3191805,False,3
CC-2588,3191824,False,4
CC-2588,3192386,False,5
CC-2588,3192433,False,6
CC-2588,3193399,False,7
CC-2588,3193650,False,8
CC-2588,3193664,False,9
CC-2588,3193689,False,10
CC-2588,3194721,False,11
CC-2588,3194742,False,12
CC-2588,3194782,False,13
CC-2588,3194969,False,14
CC-2588,3196257,False,15
CC-2588,3196334,False,16
CC-2588,3196387,False,17
CC-2588,3198487,False,18
CC-2588,3198499,False,19
CC-2588,3200271,False,20
CC-2588,3200306,False,21
CC-2588,3201436,False,22
CC-2588,3201448,False,23
CC-2588,3201551,False,24
CC-2588,3201556,False,25
CC-2588,3202694,False,26
CC-2588,3202743,False,27
CC-2588,3202790,False,28
CC-2588,3202808,False,29
CC-2589,3203872,True,1
CC-2589,3203948,False,2
CC-2590,3197065,True,1
CC-2590,3197149,False,2
CC-2590,3197204,False,3
CC-2590,3197345,False,4
CC-2590,3197547,False,5
CC-2590,3197582,False,6
CC-2590,3199029,False,7
CC-2590,3199284,False,8
CC-2590,3201848,False,9
CC-2590,3204767,False,10
CC-2591,3204849,False,1
CC-2592,3204891,True,1
CC-2593,3204609,True,1
CC-2594,3205186,False,1
CC-2595,3199561,True,1
CC-2595,3204558,False,2
CC-2596,3203361,True,1
CC-2597,3203583,True,1
CC-2598,3202807,True,1
CC-2598,3202850,False,2
CC-2599,3203737,True,1
CC-2600,3202830,True,1
CC-2601,3204386,True,1
CC-2602,3199097,True,1
CC-2602,3204214,False,2
CC-2603,3198123,True,1
CC-2603,3198561,False,2
CC-2603,3203029,False,3
CC-2604,3202914,True,1
CC-2605,3204815,True,1
CC-2605,3205389,False,2
CC-2606,3205030,True,1
CC-2607,3204786,True,1
CC-2607,3206482,False,2
CC-2608,3206000,False,1
CC-2609,3203626,True,1
CC-2609,3203676,False,2
CC-2610,3206358,True,1
CC-2610,3206450,False,2
CC-2610,3207092,False,3
CC-2611,3203911,True,1
CC-2612,3191138,True,1
CC-2612,3192744,False,2
CC-2612,3192752,False,3
CC-2612,3192794,False,4
CC-2612,3192848,False,5
CC-2612,3193926,False,6
CC-2612,3195160,False,7
CC-2612,3197057,False,8
CC-2612,3197095,False,9
CC-2612,3197185,False,10
CC-2612,3200647,False,11
CC-2612,3200709,False,12
CC-2612,3200738,False,13
CC-2612,3202547,False,14
CC-2612,3206448,False,15
CC-2613,3206936,True,1
CC-2613,3207023,False,2
CC-2614,3205693,True,1
CC-2615,3197523,True,1
CC-2615,3202116,False,2
CC-2615,3202120,False,3
CC-2615,3202123,False,4
CC-2615,3203066,False,5
CC-2615,3206122,False,6
CC-2616,3207104,True,1
CC-2617,3205723,True,1
CC-2618,3207485,False,1
CC-2619,3206103,True,1
CC-2620,3206254,True,1
CC-2621,3200566,True,1
CC-2621,3205046,False,2
CC-2622,3183511,True,1
CC-2622,3185792,False,2
CC-2622,3189088,False,3
CC-2622,3189326,False,4
CC-2622,3189446,False,5
CC-2622,3193583,False,6
CC-2622,3193608,False,7
CC-2622,3198992,False,8
CC-2622,3199012,False,9
CC-2622,3201028,False,10
CC-2622,3201619,False,11
CC-2622,3205675,False,12
CC-2622,3207704,False,13
CC-2623,3206480,True,1
CC-2624,3205656,True,1
CC-2625,3204947,True,1
CC-2625,3206229,False,2
CC-2626,3207224,True,1
CC-2626,3207290,False,2
CC-2627,3207556,True,1
CC-2628,3205732,True,1
CC-2629,3202267,True,1
CC-2629,3205001,False,2
CC-2630,3205623,True,1
CC-2631,3205538,True,1
CC-2631,3205575,False,2
CC-2631,3205608,False,3
CC-2632,3206681,True,1
CC-2633,3194778,True,1
CC-2633,3199168,False,2
CC-2633,3203228,False,3
CC-2633,3203256,False,4
CC-2633,3207779,False,5
CC-2633,3207807,False,6
CC-2633,3207811,False,7
CC-2634,3206716,True,1
CC-2634,3207612,False,2
CC-2635,3195679,True,1
CC-2635,3197152,False,2
CC-2635,3197250,False,3
CC-2635,3197321,False,4
CC-2635,3197712,False,5
CC-2635,3198098,False,6
CC-2635,3198107,False,7
CC-2635,3199927,False,8
CC-2635,3204879,False,9
CC-2635,3205976,False,10
CC-2636,3206175,True,1
CC-2637,3203175,True,1
CC-2637,3206790,False,2
CC-2638,3208807,False,1
CC-2639,3208623,True,1
CC-2640,3199511,True,1
CC-2640,3201930,False,2
CC-2640,3202115,False,3
CC-2640,3202175,False,4
CC-2640,3205978,False,5
CC-2640,3207646,False,6
CC-2641,3208773,False,1
CC-2642,3206629,True,1
CC-2643,3194584,True,1
CC-2643,3198003,False,2
CC-2643,3198014,False,3
CC-2643,3198028,False,4
CC-2643,3198036,False,5
CC-2643,3198114,False,6
CC-2643,3198258,False,7
CC-2643,3198263,False,8
CC-2643,3198291,False,9
CC-2643,3198360,False,10
CC-2643,3201707,False,11
CC-2643,3206697,False,12
CC-2644,3207657,True,1
CC-2645,3207648,True,1
CC-2646,3204399,True,1
CC-2646,3206758,False,2
CC-2646,3207645,False,3
CC-2646,3208512,False,4
CC-2647,3207003,True,1
CC-2648,3207218,True,1
CC-2649,3207726,True,1
CC-2649,3193380,False,2
CC-2649,3183118,False,3
CC-2650,3203881,True,1
CC-2650,3203912,False,2
CC-2650,3204011,False,3
CC-2650,3208143,False,4
CC-2650,3209269,False,5
CC-2651,3207083,True,1
CC-2651,3207109,False,2
CC-2652,3207295,True,1
CC-2653,3207336,True,1
CC-2654,3206602,True,1
CC-2654,3207057,False,2
CC-2655,3210120,True,1
CC-2656,3202810,True,1
CC-2656,3204476,False,2
CC-2656,3204975,False,3
CC-2656,3208557,False,4
CC-2656,3208622,False,5
CC-2656,3208646,False,6
CC-2656,3208825,False,7
CC-2656,3209198,False,8
CC-2657,3208378,True,1
CC-2657,3208430,False,2
CC-2658,3207611,True,1
CC-2659,3206343,True,1
CC-2659,3208076,False,2
CC-2659,3208115,False,3
CC-2660,3205165,True,1
CC-2660,3207794,False,2
CC-2660,3208222,False,3
CC-2661,3209409,True,1
CC-2661,3209494,False,2
CC-2662,3209313,True,1
CC-2663,3209595,True,1
CC-2664,3208737,True,1
CC-2665,3209216,True,1
CC-2666,3209975,True,1
CC-2667,3208821,True,1
CC-2668,3210750,True,1
CC-2669,3210976,False,1
CC-2670,3208970,True,1
CC-2671,3208564,True,1
CC-2672,3206144,True,1
CC-2672,3206949,False,2
CC-2672,3209855,False,3
CC-2673,3186138,True,1
CC-2673,3186160,False,2
CC-2673,3186448,False,3
CC-2673,3187009,False,4
CC-2673,3187050,False,5
CC-2673,3188317,False,6
CC-2673,3188386,False,7
CC-2673,3189940,False,8
CC-2673,3193275,False,9
CC-2673,3194839,False,10
CC-2673,3194942,False,11
CC-2673,3196129,False,12
CC-2673,3196157,False,13
CC-2673,3196538,False,14
CC-2673,3196540,False,15
CC-2673,3196886,False,16
CC-2673,3198442,False,17
CC-2673,3198938,False,18
CC-2673,3199813,False,19
CC-2673,3199827,False,20
CC-2673,3199856,False,21
CC-2673,3200333,False,22
CC-2673,3200410,False,23
CC-2673,3204764,False,24
CC-2673,3207341,False,25
CC-2673,3207390,False,26
CC-2673,3208778,False,27
CC-2673,3209214,False,28
CC-2673,3209716,False,29
CC-2673,3209784,False,30
CC-2673,3210458,False,31
CC-2673,3210460,False,32
CC-2673,3210467,False,33
CC-2674,3209663,True,1
CC-2675,3210189,True,1
CC-2676,3210915,False,1
CC-2677,3208858,True,1
CC-2677,3210132,False,2
CC-2678,3207908,True,1
CC-2679,3199877,True,1
CC-2679,3199943,False,2
CC-2679,3203071,False,3
CC-2679,3205488,False,4
CC-2679,3209712,False,5
CC-2680,3209554,True,1
CC-2681,3211600,True,1
CC-2682,3211610,True,1
CC-2683,3209856,True,1
CC-2684,3211592,True,1
CC-2685,3211051,False,1
CC-2686,3210498,True,1
CC-2687,3209076,True,1
CC-2687,3209104,False,2
CC-2688,3209443,True,1
CC-2689,3210258,True,1
CC-2690,3212047,True,1
CC-2691,3202352,True,1
CC-2691,3207526,False,2
CC-2691,3207530,False,3
CC-2691,3207543,False,4
CC-2691,3209742,False,5
CC-2691,3210597,False,6
CC-2692,3212797,False,1
CC-2693,3209795,True,1
CC-2694,3188498,True,1
CC-2694,3190809,False,2
CC-2694,3196352,False,3
CC-2694,3202019,False,4
CC-2694,3206636,False,5
CC-2694,3207254,False,6
CC-2694,3207278,False,7
CC-2694,3207300,False,8
CC-2694,3207321,False,9
CC-2694,3207339,False,10
CC-2694,3209599,False,11
CC-2695,3212716,False,1
CC-2696,3209613,True,1
CC-2696,3209811,False,2
CC-2696,3212222,False,3
CC-2697,3211091,True,1
CC-2697,3211913,False,2
CC-2698,3209502,True,1
CC-2698,3212019,False,2
CC-2699,3204581,True,1
CC-2699,3204622,False,2
CC-2699,3205837,False,3
CC-2699,3205932,False,4
CC-2699,3206896,False,5
CC-2699,3210914,False,6
CC-2699,3210972,False,7
CC-2699,3212117,False,8
CC-2699,3212526,False,9
CC-2699,3212561,False,10
CC-2699,3212568,False,11
CC-2699,3212577,False,12
CC-2700,3212380,True,1
CC-2700,3212385,False,2
CC-2701,3212988,True,1
CC-2702,3210774,True,1
CC-2702,3210898,False,2
CC-2703,3213349,True,1
CC-2704,3208993,True,1
CC-2704,3212340,False,2
CC-2704,3212367,False,3
CC-2705,3210502,True,1
CC-2706,3210895,True,1
CC-2706,3210948,False,2
CC-2707,3211977,True,1
CC-2708,3204350,True,1
CC-2708,3209368,False,2
CC-2708,3210930,False,3
CC-2708,3210991,False,4
CC-2708,3211005,False,5
CC-2709,3210852,True,1
CC-2710,3213383,True,1
CC-2711,3208634,True,1
CC-2711,3211302,False,2
CC-2711,3212494,False,3
CC-2711,3212497,False,4
CC-2712,3212020,True,1
CC-2712,3212323,False,2
CC-2713,3194745,True,1
CC-2713,3196079,False,2
CC-2713,3196389,False,3
CC-2713,3198032,False,4
CC-2713,3199126,False,5
CC-2713,3199140,False,6
CC-2713,3199142,False,7
CC-2713,3199170,False,8
CC-2713,3202297,False,9
CC-2713,3206101,False,10
CC-2713,3206257,False,11
CC-2713,3208067,False,12
CC-2713,3212907,False,13
CC-2713,3212951,False,14
CC-2713,3212972,False,15
CC-2714,3202668,True,1
CC-2714,3206333,False,2
CC-2714,3211157,False,3
CC-2714,3211219,False,4
CC-2714,3212219,False,5
CC-2714,3212233,False,6
CC-2715,3213465,True,1
CC-2715,3213485,False,2
CC-2716,3203970,True,1
CC-2716,3206378,False,2
CC-2716,3207930,False,3
CC-2716,3208000,False,4
CC-2716,3209774,False,5
CC-2716,3213038,False,6
CC-2717,3205296,True,1
CC-2717,3205317,False,2
CC-2717,3210098,False,3
CC-2717,3211111,False,4
CC-2717,3211443,False,5
CC-2717,3211509,False,6
CC-2718,3212950,True,1
CC-2719,3206190,True,1
CC-2719,3206705,False,2
CC-2719,3206911,False,3
CC-2719,3208554,False,4
CC-2719,3208660,False,5
CC-2719,3208693,False,6
CC-2719,3211788,False,7
CC-2720,3211618,True,1
CC-2721,3210212,True,1
CC-2721,3210727,False,2
CC-2722,3206871,True,1
CC-2722,3211552,False,2
CC-2722,3211581,False,3
CC-2723,3213993,True,1
CC-2723,3214083,False,2
CC-2724,3214012,True,1
CC-2724,3214037,False,2
CC-2725,3211465,True,1
CC-2725,3212556,False,2
CC-2726,3212805,True,1
CC-2727,3213371,True,1
CC-2727,3213768,False,2
CC-2728,3213536,True,1
CC-2728,3213546,False,2
CC-2729,3212861,True,1
CC-2729,3212890,False,2
CC-2729,3212963,False,3
CC-2729,3212968,False,4
CC-2730,3213980,True,1
CC-2731,3212422,True,1
CC-2732,3210430,True,1
CC-2732,3215089,False,2
CC-2733,3213122,True,1
CC-2734,3200119,True,1
CC-2734,3204389,False,2
CC-2734,3204405,False,3
CC-2734,3205578,False,4
CC-2734,3205915,False,5
CC-2734,3205927,False,6
CC-2734,3211061,False,7
CC-2734,3211080,False,8
CC-2734,3211133,False,9
CC-2734,3211196,False,10
CC-2734,3211208,False,11
CC-2734,3211306,False,12
CC-2734,3211323,False,13
CC-2734,3211853,False,14
CC-2734,3211868,False,15
CC-2735,3214993,True,1
CC-2735,3215132,False,2
CC-2735,3215187,False,3
CC-2736,3214669,True,1
CC-2736,3214673,False,2
CC-2737,3212351,True,1
CC-2738,3212387,True,1
CC-2738,3212393,False,2
CC-2739,3212397,True,1
CC-2740,3216036,False,1
CC-2741,3214936,False,1
CC-2742,3215618,False,1
CC-2743,3215668,False,1
CC-2744,3209442,True,1
CC-2744,3213085,False,2
CC-2744,3213102,False,3
CC-2745,3215039,True,1
CC-2746,3212394,True,1
CC-2746,3215104,False,2
CC-2746,3215194,False,3
CC-2746,3215210,False,4
CC-2746,3215274,False,5
CC-2746,3215281,False,6
CC-2747,3214226,True,1
CC-2747,3214241,False,2
CC-2748,3213308,True,1
CC-2749,3215667,False,1
CC-2750,3213352,True,1
CC-2750,3213358,False,2
CC-2751,3213816,True,1
CC-2752,3214250,True,1
CC-2753,3208719,True,1
CC-2753,3210934,False,2
CC-2753,3214156,False,3
CC-2754,3215223,True,1
CC-2755,3216281,False,1
CC-2756,3214648,True,1
CC-2757,3215351,True,1
CC-2758,3216412,True,1
CC-2758,3216470,False,2
CC-2759,3213901,True,1
CC-2760,3207282,True,1
CC-2760,3211115,False,2
CC-2760,3211382,False,3
CC-2760,3211498,False,4
CC-2760,3215321,False,5
CC-2761,3207631,True,1
CC-2761,3207635,False,2
CC-2761,3207641,False,3
CC-2761,3208022,False,4
CC-2761,3209391,False,5
CC-2761,3209394,False,6
CC-2761,3209411,False,7
CC-2761,3209414,False,8
CC-2761,3209425,False,9
CC-2761,3209444,False,10
CC-2761,3209450,False,11
CC-2761,3209499,False,12
CC-2761,3209501,False,13
CC-2761,3209506,False,14
CC-2761,3209507,False,15
CC-2761,3209530,False,16
CC-2761,3209536,False,17
CC-2761,3209564,False,18
CC-2761,3209566,False,19
CC-2761,3209573,False,20
CC-2761,3209577,False,21
CC-2761,3209578,False,22
CC-2761,3209582,False,23
CC-2761,3209593,False,24
CC-2761,3209604,False,25
CC-2761,3211703,False,26
CC-2761,3212112,False,27
CC-2761,3212911,False,28
CC-2761,3212958,False,29
CC-2761,3212962,False,30
CC-2761,3212976,False,31
CC-2761,3212997,False,32
CC-2761,3213005,False,33
CC-2761,3213015,False,34
CC-2761,3213026,False,35
CC-2761,3213028,False,36
CC-2761,3213048,False,37
CC-2761,3213058,False,38
CC-2761,3216727,False,39
CC-2761,3216729,False,40
CC-2761,3216752,False,41
CC-2761,3216824,False,42
CC-2761,3216886,False,43
CC-2762,3204865,True,1
CC-2762,3208580,False,2
CC-2762,3210180,False,3
CC-2762,3211074,False,4
CC-2762,3212363,False,5
CC-2762,3212416,False,6
CC-2762,3212468,False,7
CC-2762,3217083,False,8
CC-2763,3217108,False,1
CC-2764,3218322,False,1
CC-2765,3215995,True,1
CC-2766,3218223,True,1
CC-2767,3217122,True,1
CC-2767,3217128,False,2
CC-2768,3215459,True,1
CC-2769,3218544,True,1
CC-2770,3218462,False,1
CC-2771,3210224,True,1
CC-2771,3215449,False,2
CC-2771,3217641,False,3
CC-2771,3217687,False,4
CC-2772,3217262,True,1
CC-2772,3217281,False,2
CC-2773,3218668,False,1
CC-2774,3218786,True,1
CC-2775,3218272,True,1
CC-2776,3217253,True,1
CC-2777,3215334,True,1
CC-2778,3217743,True,1
CC-2779,3211650,True,1
CC-2779,3211680,False,2
CC-2779,3216865,False,3
CC-2780,3218303,True,1
CC-2781,3216815,True,1
CC-2782,3218780,True,1
CC-2783,3218605,True,1
CC-2784,3210379,True,1
CC-2784,3216105,False,2
CC-2785,3213100,True,1
CC-2785,3216280,False,2
CC-2786,3217570,True,1
CC-2787,3203403,True,1
CC-2787,3208559,False,2
CC-2787,3211720,False,3
CC-2787,3214542,False,4
CC-2787,3218351,False,5
CC-2787,3218404,False,6
CC-2788,3219020,False,1
CC-2789,3218333,True,1
CC-2790,3219160,True,1
CC-2791,3218784,True,1
CC-2792,3218697,True,1
CC-2793,3217398,True,1
CC-2794,3218105,True,1
CC-2795,3217766,True,1
CC-2796,3218331,True,1
CC-2797,3216655,True,1
CC-2798,3219254,True,1
CC-2798,3219572,False,2
CC-2799,3216701,True,1
CC-2799,3218551,False,2
CC-2800,3051659,True,1
CC-2800,3053895,False,2
CC-2800,3058838,False,3
CC-2800,3058898,False,4
CC-2800,3063160,False,5
CC-2800,3068320,False,6
CC-2800,3068430,False,7
CC-2800,3073301,False,8
CC-2800,3074834,False,9
CC-2800,3074898,False,10
CC-2800,3076284,False,11
CC-2800,3077635,False,12
CC-2800,3080477,False,13
CC-2800,3081490,False,14
CC-2800,3081646,False,15
CC-2800,3083820,False,16
CC-2800,3086869,False,17
CC-2800,3086972,False,18
CC-2800,3093185,False,19
CC-2800,3093275,False,20
CC-2800,3096999,False,21
CC-2800,3097056,False,22
CC-2800,3101535,False,23
CC-2800,3103225,False,24
CC-2800,3103793,False,25
CC-2800,3103861,False,26
CC-2800,3103888,False,27
CC-2800,3105524,False,28
CC-2800,3105533,False,29
CC-2800,3105976,False,30
CC-2800,3110852,False,31
CC-2800,3115014,False,32
CC-2800,3120673,False,33
CC-2800,3123084,False,34
CC-2800,3123203,False,35
CC-2800,3125028,False,36
CC-2800,3125345,False,37
CC-2800,3125350,False,38
CC-2800,3125358,False,39
CC-2800,3126810,False,40
CC-2800,3132043,False,41
CC-2800,3136212,False,42
CC-2800,3136247,False,43
CC-2800,3136340,False,44
CC-2800,3136388,False,45
CC-2800,3136424,False,46
CC-2800,3136862,False,47
CC-2800,3141029,False,48
CC-2800,3143796,False,49
CC-2800,3147331,False,50
CC-2800,3148126,False,51
CC-2800,3148190,False,52
CC-2800,3148410,False,53
CC-2800,3148419,False,54
CC-2800,3149164,False,55
CC-2800,3150480,False,56
CC-2800,3151316,False,57
CC-2800,3151354,False,58
CC-2800,3154159,False,59
CC-2800,3158046,False,60
CC-2800,3162976,False,61
CC-2800,3163957,False,62
CC-2800,3164221,False,63
CC-2800,3165866,False,64
CC-2800,3167757,False,65
CC-2800,3168797,False,66
CC-2800,3170024,False,67
CC-2800,3172640,False,68
CC-2800,3172647,False,69
CC-2800,3173788,False,70
CC-2800,3173834,False,71
CC-2800,3176578,False,72
CC-2800,3180422,False,73
CC-2800,3182459,False,74
CC-2800,3184898,False,75
CC-2800,3185910,False,76
CC-2800,3185926,False,77
CC-2800,3187059,False,78
CC-2800,3187635,False,79
CC-2800,3187780,False,80
CC-2800,3190707,False,81
CC-2800,3190771,False,82
CC-2800,3190857,False,83
CC-2800,3191160,False,84
CC-2800,3193145,False,85
CC-2800,3193391,False,86
CC-2800,3194044,False,87
CC-2800,3196702,False,88
CC-2800,3196705,False,89
CC-2800,3196709,False,90
CC-2800,3196809,False,91
CC-2800,3197038,False,92
CC-2800,3197054,False,93
CC-2800,3197084,False,94
CC-2800,3197090,False,95
CC-2800,3197126,False,96
CC-2800,3197128,False,97
CC-2800,3197135,False,98
CC-2800,3200557,False,99
CC-2800,3202169,False,100
CC-2800,3202670,False,101
CC-2800,3203057,False,102
CC-2800,3205168,False,103
CC-2800,3209650,False,104
CC-2800,3209744,False,105
CC-2800,3210411,False,106
CC-2800,3210452,False,107
CC-2800,3210456,False,108
CC-2800,3213511,False,109
CC-2800,3214754,False,110
CC-2800,3214772,False,111
CC-2800,3214799,False,112
CC-2800,3218737,False,113
CC-2800,3219641,False,114
CC-2800,3219661,False,115
CC-2801,3215751,True,1
CC-2801,3217749,False,2
CC-2802,3220097,False,1
CC-2803,3218300,True,1
CC-2803,3219716,False,2
CC-2803,3219764,False,3
CC-2804,3219906,True,1
CC-2804,3219928,False,2
CC-2804,3220003,False,3
CC-2805,3218354,True,1
CC-2806,3219127,True,1
CC-2807,3217969,True,1
CC-2807,3220664,False,2
CC-2807,3220853,False,3
CC-2808,3217815,True,1
CC-2808,3217821,False,2
CC-2809,3220727,True,1
CC-2810,3220240,False,1
CC-2811,3220242,True,1
CC-2812,3206650,True,1
CC-2812,3207673,False,2
CC-2812,3210968,False,3
CC-2812,3213359,False,4
CC-2812,3213360,False,5
CC-2812,3213365,False,6
CC-2812,3213370,False,7
CC-2812,3215208,False,8
CC-2812,3215317,False,9
CC-2812,3215571,False,10
CC-2812,3215630,False,11
CC-2812,3215687,False,12
CC-2812,3216319,False,13
CC-2812,3218763,False,14
CC-2813,3215904,True,1
CC-2813,3215934,False,2
CC-2813,3216014,False,3
CC-2813,3216024,False,4
CC-2813,3218308,False,5
CC-2813,3218329,False,6
CC-2813,3218381,False,7
CC-2814,3221222,True,1
CC-2815,3220996,True,1
CC-2815,3221236,False,2
CC-2816,3220631,True,1
CC-2817,3220442,True,1
CC-2818,3219619,True,1
CC-2818,3219632,False,2
CC-2819,3218723,True,1
CC-2820,3218880,True,1
CC-2821,3218260,True,1
CC-2822,3220750,True,1
CC-2823,3218225,True,1
CC-2824,3221574,False,1
CC-2825,3218553,True,1
CC-2825,3218617,False,2
CC-2825,3218908,False,3
CC-2825,3218935,False,4
CC-2825,3218943,False,5
CC-2825,3218962,False,6
CC-2826,3221001,True,1
CC-2827,3221528,True,1
CC-2828,3221318,True,1
CC-2828,3221325,False,2
CC-2829,3217867,True,1
CC-2829,3219932,False,2
CC-2830,3219102,True,1
CC-2831,3221338,True,1
CC-2831,3221378,False,2
CC-2832,3220322,True,1
CC-2833,3220544,True,1
CC-2834,3215295,True,1
CC-2834,3215680,False,2
CC-2834,3218944,False,3
CC-2834,3220136,False,4
CC-2835,3214566,True,1
CC-2835,3217029,False,2
CC-2835,3219759,False,3
CC-2835,3219796,False,4
CC-2836,3219326,True,1
CC-2836,3219339,False,2
CC-2837,3221210,True,1
CC-2838,3221261,True,1
CC-2839,3221284,True,1
CC-2840,3219968,True,1
CC-2841,3195594,True,1
CC-2841,3200032,False,2
CC-2841,3203709,False,3
CC-2841,3206875,False,4
CC-2841,3208756,False,5
CC-2841,3208770,False,6
CC-2841,3209258,False,7
CC-2841,3209707,False,8
CC-2841,3212298,False,9
CC-2841,3212330,False,10
CC-2841,3214300,False,11
CC-2841,3214901,False,12
CC-2841,3215212,False,13
CC-2841,3215222,False,14
CC-2841,3217658,False,15
CC-2841,3221717,False,16
CC-2842,3221993,True,1
CC-2843,3220519,True,1
CC-2844,3208124,True,1
CC-2844,3212337,False,2
CC-2844,3212471,False,3
CC-2844,3215182,False,4
CC-2844,3218756,False,5
CC-2844,3219972,False,6
CC-2845,3215285,True,1
CC-2845,3215342,False,2
CC-2845,3220580,False,3
CC-2846,3222505,True,1
CC-2847,3220324,True,1
CC-2848,3222449,True,1
CC-2849,3219107,True,1
CC-2849,3222490,False,2
CC-2850,3222954,False,1
CC-2851,3220937,True,1
CC-2852,3217459,True,1
CC-2852,3221995,False,2
CC-2852,3222545,False,3
CC-2853,3191163,True,1
CC-2853,3191166,False,2
CC-2853,3191178,False,3
CC-2853,3191235,False,4
CC-2853,3192367,False,5
CC-2853,3192460,False,6
CC-2853,3192494,False,7
CC-2853,3195038,False,8
CC-2853,3195055,False,9
CC-2853,3196279,False,10
CC-2853,3196287,False,11
CC-2853,3198972,False,12
CC-2853,3203051,False,13
CC-2853,3204729,False,14
CC-2853,3204734,False,15
CC-2853,3204807,False,16
CC-2853,3206514,False,17
CC-2853,3206631,False,18
CC-2853,3206923,False,19
CC-2853,3206982,False,20
CC-2853,3207605,False,21
CC-2853,3207617,False,22
CC-2853,3210274,False,23
CC-2853,3211937,False,24
CC-2853,3212938,False,25
CC-2853,3214954,False,26
CC-2853,3215058,False,27
CC-2853,3217394,False,28
CC-2853,3217480,False,29
CC-2853,3220889,False,30
CC-2853,3220948,False,31
CC-2854,3220566,True,1
CC-2854,3220584,False,2
CC-2855,3221230,True,1
CC-2856,3216749,True,1
CC-2856,3220602,False,2
CC-2857,3220814,True,1
CC-2857,3220870,False,2
CC-2858,3222517,True,1
CC-2859,3221588,True,1
CC-2859,3221864,False,2
CC-2860,3222220,True,1
CC-2861,3223238,True,1
CC-2862,3216268,True,1
CC-2862,3217130,False,2
CC-2862,3221219,False,3
CC-2863,3220751,True,1
CC-2863,3220856,False,2
CC-2864,3222073,True,1
CC-2865,3223053,True,1
CC-2866,3222910,False,1
CC-2867,3221974,True,1
CC-2868,3222144,True,1
CC-2869,3223483,True,1
CC-2869,3223520,False,2
CC-2869,3224021,False,3
CC-2869,3224041,False,4
CC-2870,3218465,True,1
CC-2870,3220848,False,2
CC-2871,3222367,True,1
CC-2872,3220907,True,1
CC-2872,3221011,False,2
CC-2872,3221029,False,3
CC-2872,3221032,False,4
CC-2872,3221110,False,5
CC-2872,3221132,False,6
CC-2873,3221136,True,1
CC-2874,3215769,True,1
CC-2874,3220427,False,2
CC-2874,3222386,False,3
CC-2875,3221784,True,1
CC-2876,3221255,True,1
CC-2877,3221763,True,1
CC-2877,3221766,False,2
CC-2877,3221798,False,3
CC-2878,3221617,True,1
CC-2879,3221576,True,1
CC-2879,3221663,False,2
CC-2879,3222076,False,3
CC-2880,3224125,False,1
CC-2881,3222455,True,1
CC-2882,3222616,True,1
CC-2883,3213607,True,1
CC-2883,3213645,False,2
CC-2883,3214977,False,3
CC-2883,3218515,False,4
CC-2883,3222637,False,5
CC-2884,3222660,True,1
CC-2885,3224702,True,1
CC-2886,3224436,True,1
CC-2886,3224442,False,2
CC-2887,3214890,True,1
CC-2887,3214891,False,2
CC-2887,3215365,False,3
CC-2887,3215385,False,4
CC-2887,3215387,False,5
CC-2887,3215405,False,6
CC-2887,3215490,False,7
CC-2887,3215627,False,8
CC-2887,3215789,False,9
CC-2887,3215801,False,10
CC-2887,3215852,False,11
CC-2887,3217869,False,12
CC-2887,3223349,False,13
CC-2888,3224899,True,1
CC-2888,3224900,False,2
CC-2888,3224903,False,3
CC-2888,3224906,False,4
CC-2888,3224907,False,5
CC-2889,3217982,True,1
CC-2889,3218168,False,2
CC-2889,3223451,False,3
CC-2889,3223693,False,4
CC-2890,3221965,True,1
CC-2890,3221968,False,2
CC-2890,3223864,False,3
CC-2891,3224578,True,1
CC-2892,3224795,True,1
CC-2893,3220756,True,1
CC-2893,3223327,False,2
CC-2893,3223331,False,3
CC-2893,3223372,False,4
CC-2894,3223857,True,1
CC-2894,3224005,False,2
CC-2895,3225311,True,1
CC-2896,3225557,True,1
CC-2897,3220640,True,1
CC-2897,3220665,False,2
CC-2897,3224301,False,3
CC-2897,3224371,False,4
CC-2898,3206164,True,1
CC-2898,3209209,False,2
CC-2898,3213767,False,3
CC-2898,3217996,False,4
CC-2898,3218034,False,5
CC-2898,3221057,False,6
CC-2898,3223022,False,7
CC-2899,3225554,True,1
CC-2899,3225599,False,2
CC-2900,3224537,True,1
CC-2900,3225306,False,2
CC-2901,3224223,True,1
CC-2902,3224089,True,1
CC-2903,3224107,True,1
CC-2904,3224077,True,1
CC-2905,3222494,True,1
CC-2905,3222509,False,2
CC-2905,3222601,False,3
CC-2905,3222742,False,4
CC-2906,3223826,True,1
CC-2907,3226254,False,1
CC-2908,3224070,True,1
CC-2909,3225551,True,1
CC-2910,3224320,True,1
CC-2910,3224977,False,2
CC-2911,3225520,False,1
CC-2912,3226319,True,1
CC-2913,3225691,True,1
CC-2914,3225454,True,1
CC-2915,3206499,True,1
CC-2915,3206925,False,2
CC-2915,3210689,False,3
CC-2915,3213324,False,4
CC-2915,3214880,False,5
CC-2915,3214940,False,6
CC-2915,3216251,False,7
CC-2915,3216797,False,8
CC-2915,3216836,False,9
CC-2915,3220947,False,10
CC-2915,3220966,False,11
CC-2915,3225230,False,12
CC-2915,3225231,False,13
CC-2915,3225291,False,14
CC-2916,3225481,True,1
CC-2917,3225515,True,1
CC-2918,3224683,True,1
CC-2919,3223032,True,1
CC-2919,3224590,False,2
CC-2920,3226826,True,1
CC-2921,3223803,True,1
CC-2921,3223923,False,2
CC-2921,3223926,False,3
CC-2921,3224012,False,4
CC-2921,3224389,False,5
CC-2921,3225166,False,6
CC-2921,3225174,False,7
CC-2922,3225585,True,1
CC-2922,3225711,False,2
CC-2922,3225736,False,3
CC-2923,3223936,True,1
CC-2924,3226033,True,1
CC-2925,3223979,True,1
CC-2926,3222112,True,1
CC-2926,3225912,False,2
CC-2927,3227124,True,1
CC-2928,3226616,True,1
CC-2929,3226022,True,1
CC-2930,3226564,True,1
CC-2930,3227032,False,2
CC-2931,3224850,True,1
CC-2932,3226470,True,1
CC-2933,3225767,True,1
CC-2934,3227368,True,1
CC-2935,3227871,True,1
CC-2935,3227895,False,2
CC-2936,3225559,True,1
CC-2936,3225562,False,2
CC-2937,3227523,False,1
CC-2938,3226590,True,1
CC-2939,3224835,True,1
CC-2940,3221121,True,1
CC-2940,3225649,False,2
CC-2941,3224292,True,1
CC-2941,3225362,False,2
CC-2942,3223200,True,1
CC-2942,3223226,False,2
CC-2942,3224870,False,3
CC-2942,3224875,False,4
CC-2942,3226798,False,5
CC-2943,3227142,True,1
CC-2943,3227147,False,2
CC-2944,3225692,True,1
CC-2945,3217954,True,1
CC-2945,3218174,False,2
CC-2945,3218194,False,3
CC-2945,3220313,False,4
CC-2945,3220336,False,5
CC-2945,3221525,False,6
CC-2945,3222281,False,7
CC-2945,3222287,False,8
CC-2945,3222353,False,9
CC-2945,3223572,False,10
CC-2945,3225878,False,11
CC-2945,3226916,False,12
CC-2946,3223135,True,1
CC-2946,3227500,False,2
CC-2947,3222820,True,1
CC-2947,3222847,False,2
CC-2947,3222865,False,3
CC-2947,3224968,False,4
CC-2948,3224912,True,1
CC-2948,3224915,False,2
CC-2948,3224916,False,3
CC-2948,3224917,False,4
CC-2949,3226863,True,1
CC-2949,3226933,False,2
CC-2949,3226934,False,3
CC-2950,3226289,True,1
CC-2951,3222799,True,1
CC-2951,3222808,False,2
CC-2951,3222829,False,3
CC-2951,3224187,False,4
CC-2951,3225399,False,5
CC-2952,3229047,False,1
CC-2953,3226021,True,1
CC-2954,3227532,True,1
CC-2955,3220473,True,1
CC-2955,3220482,False,2
CC-2955,3220490,False,3
CC-2955,3223940,False,4
CC-2955,3226763,False,5
CC-2955,3227106,False,6
CC-2955,3229000,False,7
CC-2956,3229414,False,1
CC-2957,3225796,True,1
CC-2958,3229562,True,1
CC-2959,3226807,True,1
CC-2960,3227904,True,1
CC-2961,3227327,True,1
CC-2961,3227403,False,2
CC-2961,3227835,False,3
CC-2961,3228743,False,4
CC-2961,3228785,False,5
CC-2961,3228798,False,6
CC-2961,3228852,False,7
CC-2961,3229095,False,8
CC-2961,3229473,False,9
CC-2961,3229693,False,10
CC-2962,3227169,True,1
CC-2963,3228905,True,1
CC-2963,3229011,False,2
CC-2964,3226855,True,1
CC-2965,3205789,True,1
CC-2965,3206250,False,2
CC-2965,3211630,False,3
CC-2965,3211679,False,4
CC-2965,3211692,False,5
CC-2965,3214231,False,6
CC-2965,3215303,False,7
CC-2965,3216459,False,8
CC-2965,3221703,False,9
CC-2965,3225459,False,10
CC-2965,3226499,False,11
CC-2965,3227024,False,12
CC-2965,3227069,False,13
CC-2965,3229751,False,14
CC-2966,3229794,True,1
CC-2967,3230434,True,1
CC-2967,3230473,False,2
CC-2967,3230608,False,3
CC-2968,3230654,True,1
CC-2969,3229432,False,1
CC-2970,3227353,True,1
CC-2970,3227380,False,2
CC-2970,3227673,False,3
CC-2970,3227738,False,4
CC-2970,3229257,False,5
CC-2970,3229353,False,6
CC-2970,3229395,False,7
CC-2970,3229440,False,8
CC-2970,3229741,False,9
CC-2970,3230015,False,10
CC-2970,3230689,False,11
CC-2971,3207649,True,1
CC-2971,3229520,False,2
CC-2972,3231007,True,1
CC-2972,3231023,False,2
CC-2972,3231036,False,3
CC-2972,3231094,False,4
CC-2973,3227554,True,1
CC-2974,3228200,True,1
CC-2974,3228205,False,2
CC-2975,3228060,True,1
CC-2976,3210665,True,1
CC-2976,3213425,False,2
CC-2976,3213433,False,3
CC-2976,3213441,False,4
CC-2976,3213461,False,5
CC-2976,3213470,False,6
CC-2976,3213623,False,7
CC-2976,3216509,False,8
CC-2976,3220882,False,9
CC-2976,3221519,False,10
CC-2976,3221585,False,11
CC-2976,3225110,False,12
CC-2976,3229622,False,13
CC-2976,3229717,False,14
CC-2977,3221389,True,1
CC-2977,3223393,False,2
CC-2977,3223529,False,3
CC-2977,3228159,False,4
CC-2978,3230391,True,1
CC-2979,3229972,True,1
CC-2980,3227913,True,1
CC-2981,3230715,True,1
CC-2982,3229261,True,1
CC-2983,3230322,True,1
CC-2984,3222916,True,1
CC-2984,3223230,False,2
CC-2984,3228836,False,3
CC-2985,3181760,True,1
CC-2985,3231674,False,2
CC-2985,3183441,False,3
CC-2986,3230964,True,1
CC-2987,3230853,True,1
CC-2988,3229112,True,1
CC-2989,3228093,True,1
CC-2989,3228114,False,2
CC-2989,3228120,False,3
CC-2989,3228148,False,4
CC-2989,3231695,False,5
CC-2989,3231697,False,6
CC-2989,3231698,False,7
CC-2989,3231702,False,8
CC-2989,3231705,False,9
CC-2990,3229238,True,1
CC-2991,3228828,True,1
CC-2992,3228502,True,1
CC-2992,3228599,False,2
CC-2993,3228300,True,1
CC-2994,3230597,True,1
CC-2995,3228480,True,1
CC-2995,3228580,False,2
CC-2995,3228620,False,3
CC-2996,3223316,True,1
CC-2996,3223732,False,2
CC-2996,3226945,False,3
CC-2996,3231469,False,4
CC-2997,3227605,True,1
CC-2997,3227894,False,2
CC-2997,3230419,False,3
CC-2998,3227780,True,1
CC-2998,3227848,False,2
CC-2998,3229568,False,3
CC-2998,3230118,False,4
CC-2998,3231489,False,5
CC-2998,3231491,False,6
CC-2999,3231574,True,1
CC-3000,3223891,True,1
CC-3000,3229466,False,2
CC-3000,3229503,False,3
CC-3001,3229121,True,1
CC-3002,3230160,True,1
CC-3003,3231977,True,1
CC-3004,3230666,True,1
CC-3005,3231266,True,1
CC-3006,3232052,True,1
CC-3007,3232960,True,1
CC-3008,3224677,True,1
CC-3008,3224722,False,2
CC-3008,3224813,False,3
CC-3008,3228695,False,4
CC-3009,3231565,True,1
CC-3010,3232941,False,1
CC-3011,3232503,True,1
CC-3012,3231551,True,1
CC-3013,3227860,True,1
CC-3013,3229420,False,2
CC-3014,3231022,True,1
CC-3015,3224133,True,1
CC-3015,3229316,False,2
CC-3016,3229369,True,1
CC-3017,3232618,True,1
CC-3018,3230847,True,1
CC-3019,3233298,True,1
CC-3020,3233131,False,1
CC-3021,3234417,True,1
CC-3022,3232536,True,1
CC-3023,3233718,True,1
CC-3023,3233781,False,2
CC-3024,3228855,True,1
CC-3024,3234241,False,2
CC-3025,3230803,True,1
CC-3025,3232515,False,2
CC-3025,3232522,False,3
CC-3026,3234877,True,1
CC-3027,3233244,True,1
CC-3028,3232946,True,1
CC-3029,3230435,True,1
CC-3029,3234966,False,2
CC-3030,3234296,True,1
CC-3031,3230945,True,1
CC-3031,3233454,False,2
CC-3031,3233554,False,3
CC-3031,3233556,False,4
CC-3032,3232590,True,1
CC-3033,3235195,True,1
CC-3034,3228584,True,1
CC-3034,3230251,False,2
CC-3034,3232305,False,3
CC-3035,3233612,True,1
CC-3035,3233968,False,2
CC-3036,3234569,True,1
CC-3037,3234760,True,1
CC-3038,3232535,True,1
CC-3039,3227364,True,1
CC-3039,3228001,False,2
CC-3039,3229286,False,3
CC-3039,3231610,False,4
CC-3039,3231612,False,5
CC-3039,3232900,False,6
CC-3039,3233820,False,7
CC-3039,3234600,False,8
CC-3040,3230425,True,1
CC-3040,3232057,False,2
CC-3041,3225428,True,1
CC-3041,3226477,False,2
CC-3041,3226528,False,3
CC-3041,3228923,False,4
CC-3041,3228989,False,5
CC-3041,3229427,False,6
CC-3041,3229542,False,7
CC-3041,3235780,False,8
CC-3041,3235840,False,9
CC-3042,3230952,True,1
CC-3042,3232403,False,2
CC-3043,3233520,True,1
CC-3044,3234677,True,1
CC-3044,3235624,False,2
CC-3045,3235382,True,1
CC-3045,3236092,False,2
CC-3046,3235034,True,1
CC-3047,3223360,True,1
CC-3047,3225928,False,2
CC-3047,3225944,False,3
CC-3047,3225954,False,4
CC-3047,3226055,False,5
CC-3047,3226067,False,6
CC-3047,3226189,False,7
CC-3047,3226237,False,8
CC-3047,3228355,False,9
CC-3047,3233680,False,10
CC-3048,3235627,True,1
CC-3049,3235099,True,1
CC-3050,3235943,False,1
CC-3051,3234870,True,1
CC-3052,3236182,True,1
CC-3052,3236212,False,2
CC-3052,3236316,False,3
CC-3053,3234469,True,1
CC-3054,3220455,True,1
CC-3054,3224110,False,2
CC-3054,3226545,False,3
CC-3054,3226572,False,4
CC-3054,3226594,False,5
CC-3054,3226681,False,6
CC-3054,3227173,False,7
CC-3054,3229029,False,8
CC-3054,3230889,False,9
CC-3054,3231274,False,10
CC-3054,3231495,False,11
CC-3054,3232363,False,12
CC-3054,3232431,False,13
CC-3054,3232527,False,14
CC-3055,3227262,True,1
CC-3055,3234025,False,2
CC-3055,3234033,False,3
CC-3056,3232828,True,1
CC-3057,3218930,True,1
CC-3057,3220076,False,2
CC-3057,3221830,False,3
CC-3057,3222476,False,4
CC-3057,3225925,False,5
CC-3057,3226020,False,6
CC-3057,3229636,False,7
CC-3057,3229649,False,8
CC-3057,3232759,False,9
CC-3057,3232842,False,10
CC-3057,3233129,False,11
CC-3057,3233315,False,12
CC-3057,3234979,False,13
CC-3057,3235207,False,14
CC-3057,3235210,False,15
CC-3058,3232585,True,1
CC-3059,3235851,True,1
CC-3060,3232657,True,1
CC-3061,3233124,True,1
CC-3062,3233386,True,1
CC-3063,3230180,True,1
CC-3063,3233570,False,2
CC-3063,3236393,False,3
CC-3064,3236213,True,1
CC-3065,3236548,True,1
CC-3066,3226585,True,1
CC-3066,3227379,False,2
CC-3066,3234183,False,3
CC-3067,3230530,True,1
CC-3067,3232593,False,2
CC-3067,3233130,False,3
CC-3067,3233174,False,4
CC-3067,3234003,False,5
CC-3068,3236601,True,1
CC-3069,3235283,True,1
CC-3070,3236330,True,1
CC-3071,3220291,True,1
CC-3071,3221959,False,2
CC-3071,3221962,False,3
CC-3071,3224747,False,4
CC-3071,3224755,False,5
CC-3071,3226069,False,6
CC-3071,3226074,False,7
CC-3071,3226123,False,8
CC-3071,3226597,False,9
CC-3071,3227888,False,10
CC-3071,3227898,False,11
CC-3071,3232488,False,12
CC-3071,3232508,False,13
CC-3071,3236238,False,14
CC-3071,3236258,False,15
CC-3071,3236403,False,16
CC-3072,3235087,True,1
CC-3073,3235092,True,1
CC-3074,3232418,True,1
CC-3074,3235230,False,2
CC-3075,3226170,True,1
CC-3075,3229385,False,2
CC-3075,3229415,False,3
CC-3075,3229493,False,4
CC-3075,3230963,False,5
CC-3075,3231510,False,6
CC-3075,3231628,False,7
CC-3075,3231631,False,8
CC-3075,3232344,False,9
CC-3075,3232638,False,10
CC-3075,3232662,False,11
CC-3075,3232682,False,12
CC-3075,3233508,False,13
CC-3075,3234340,False,14
CC-3075,3234380,False,15
CC-3076,3234703,True,1
CC-3076,3234764,False,2
CC-3077,3231534,True,1
CC-3077,3236477,False,2
CC-3077,3236543,False,3
CC-3077,3236551,False,4
CC-3078,3235228,True,1
CC-3079,3224407,True,1
CC-3079,3224421,False,2
CC-3079,3227395,False,3
CC-3079,3228738,False,4
CC-3079,3228873,False,5
CC-3079,3228910,False,6
CC-3079,3228965,False,7
CC-3079,3229170,False,8
CC-3079,3229528,False,9
CC-3079,3233879,False,10
CC-3079,3234059,False,11
CC-3079,3234250,False,12
CC-3079,3234576,False,13
CC-3079,3236595,False,14
CC-3080,3237506,True,1
CC-3081,3237089,True,1
CC-3082,3236646,True,1
CC-3083,3234549,True,1
CC-3083,3234564,False,2
CC-3083,3234646,False,3
CC-3083,3235284,False,4
CC-3083,3235289,False,5
CC-3084,3238074,True,1
CC-3084,3238089,False,2
CC-3085,3231738,True,1
CC-3085,3231751,False,2
CC-3085,3231776,False,3
CC-3085,3237600,False,4
CC-3085,3237671,False,5
CC-3085,3237694,False,6
CC-3086,3238080,True,1
CC-3086,3238102,False,2
CC-3086,3238111,False,3
CC-3086,3238139,False,4
CC-3087,3235260,True,1
CC-3088,3234955,True,1
CC-3088,3236380,False,2
CC-3089,3237993,True,1
CC-3090,3238528,True,1
CC-3091,3238551,True,1
CC-3091,3238562,False,2
CC-3092,3239092,False,1
CC-3093,3155135,True,1
CC-3093,3155596,False,2
CC-3093,3155744,False,3
CC-3093,3155776,False,4
CC-3093,3156525,False,5
CC-3093,3156555,False,6
CC-3093,3156710,False,7
CC-3093,3158657,False,8
CC-3093,3159097,False,9
CC-3093,3161565,False,10
CC-3093,3162409,False,11
CC-3093,3164056,False,12
CC-3093,3164147,False,13
CC-3093,3165245,False,14
CC-3093,3165278,False,15
CC-3093,3165312,False,16
CC-3093,3165365,False,17
CC-3093,3165700,False,18
CC-3093,3166299,False,19
CC-3093,3168104,False,20
CC-3093,3171366,False,21
CC-3093,3173102,False,22
CC-3093,3173242,False,23
CC-3093,3173274,False,24
CC-3093,3176024,False,25
CC-3093,3178605,False,26
CC-3093,3178634,False,27
CC-3093,3180342,False,28
CC-3093,3180529,False,29
CC-3093,3181771,False,30
CC-3093,3181815,False,31
CC-3093,3182471,False,32
CC-3093,3182668,False,33
CC-3093,3182795,False,34
CC-3093,3182959,False,35
CC-3093,3183297,False,36
CC-3093,3183424,False,37
CC-3093,3183946,False,38
CC-3093,3184857,False,39
CC-3093,3184860,False,40
CC-3093,3185449,False,41
CC-3093,3187858,False,42
CC-3093,3188109,False,43
CC-3093,3188118,False,44
CC-3093,3188972,False,45
CC-3093,3189285,False,46
CC-3093,3191029,False,47
CC-3093,3191045,False,48
CC-3093,3191061,False,49
CC-3093,3191079,False,50
CC-3093,3191230,False,51
CC-3093,3191346,False,52
CC-3093,3191391,False,53
CC-3093,3191500,False,54
CC-3093,3192688,False,55
CC-3093,3195124,False,56
CC-3093,3195704,False,57
CC-3093,3197478,False,58
CC-3093,3197939,False,59
CC-3093,3199399,False,60
CC-3093,3199410,False,61
CC-3093,3199541,False,62
CC-3093,3199542,False,63
CC-3093,3202700,False,64
CC-3093,3203849,False,65
CC-3093,3204735,False,66
CC-3093,3204757,False,67
CC-3093,3206002,False,68
CC-3093,3206029,False,69
CC-3093,3206036,False,70
CC-3093,3206168,False,71
CC-3093,3206225,False,72
CC-3093,3206356,False,73
CC-3093,3206434,False,74
CC-3093,3206495,False,75
CC-3093,3208182,False,76
CC-3093,3208208,False,77
CC-3093,3210021,False,78
CC-3093,3210087,False,79
CC-3093,3210106,False,80
CC-3093,3210415,False,81
CC-3093,3212396,False,82
CC-3093,3214960,False,83
CC-3093,3215287,False,84
CC-3093,3215301,False,85
CC-3093,3221112,False,86
CC-3093,3221836,False,87
CC-3093,3222190,False,88
CC-3093,3223148,False,89
CC-3093,3223203,False,90
CC-3093,3228440,False,91
CC-3093,3228479,False,92
CC-3093,3233180,False,93
CC-3093,3237753,False,94
CC-3093,3239331,False,95
CC-3093,3239579,False,96
CC-3094,3231690,True,1
CC-3094,3236186,False,2
CC-3095,3234395,True,1
CC-3095,3234405,False,2
CC-3095,3237997,False,3
CC-3096,3240088,False,1
CC-3097,3236497,True,1
CC-3098,3238397,True,1
CC-3099,3237954,True,1
CC-3100,3236636,True,1
CC-3101,3233693,True,1
CC-3101,3236320,False,2
CC-3101,3236587,False,3
CC-3101,3236950,False,4
CC-3101,3239401,False,5
CC-3101,3239418,False,6
CC-3101,3239454,False,7
CC-3102,3236984,True,1
CC-3103,3240209,False,1
CC-3104,3237015,True,1
CC-3105,3241264,False,1
CC-3106,3239388,True,1
CC-3107,3241425,False,1
CC-3108,3200804,True,1
CC-3108,3200942,False,2
CC-3108,3200983,False,3
CC-3108,3201222,False,4
CC-3108,3201250,False,5
CC-3108,3204422,False,6
CC-3108,3205406,False,7
CC-3108,3206152,False,8
CC-3108,3208116,False,9
CC-3108,3211758,False,10
CC-3108,3213838,False,11
CC-3108,3214610,False,12
CC-3108,3216638,False,13
CC-3108,3217369,False,14
CC-3108,3217452,False,15
CC-3108,3222409,False,16
CC-3108,3223775,False,17
CC-3108,3226500,False,18
CC-3108,3233011,False,19
CC-3108,3239850,False,20
CC-3109,3240608,True,1
CC-3110,3230642,True,1
CC-3110,3230738,False,2
CC-3110,3230749,False,3
CC-3110,3234912,False,4
CC-3110,3234945,False,5
CC-3110,3238532,False,6
CC-3111,3235926,True,1
CC-3111,3237958,False,2
CC-3111,3238477,False,3
CC-3111,3239950,False,4
CC-3111,3240698,False,5
CC-3111,3241155,False,6
CC-3111,3241321,False,7
CC-3112,3237874,True,1
CC-3113,3232198,True,1
CC-3113,3233758,False,2
CC-3113,3238751,False,3
CC-3114,3241757,False,1
CC-3115,3239598,True,1
CC-3116,3238850,True,1
CC-3117,3230080,True,1
CC-3117,3232228,False,2
CC-3117,3233668,False,3
CC-3117,3234606,False,4
CC-3117,3234690,False,5
CC-3117,3237938,False,6
CC-3117,3237947,False,7
CC-3118,3238164,True,1
CC-3119,3225407,True,1
CC-3119,3229456,False,2
CC-3119,3229553,False,3
CC-3119,3229577,False,4
CC-3119,3236632,False,5
CC-3119,3236640,False,6
CC-3119,3236835,False,7
CC-3119,3236876,False,8
CC-3119,3236897,False,9
CC-3119,3236936,False,10
CC-3119,3236986,False,11
CC-3119,3237006,False,12
CC-3119,3240323,False,13
CC-3119,3240366,False,14
CC-3119,3240415,False,15
CC-3119,3240417,False,16
CC-3119,3240450,False,17
CC-3120,3239367,True,1
CC-3120,3239452,False,2
CC-3120,3242052,False,3
CC-3120,3242057,False,4
CC-3121,3239694,True,1
CC-3122,3240514,True,1
CC-3123,3227861,True,1
CC-3123,3227939,False,2
CC-3123,3234781,False,3
CC-3123,3240546,False,4
CC-3124,3241442,True,1
CC-3124,3241515,False,2
CC-3125,3239924,True,1
CC-3125,3241988,False,2
CC-3126,3242095,True,1
CC-3127,3239858,True,1
CC-3127,3240203,False,2
CC-3127,3240205,False,3
CC-3127,3240252,False,4
CC-3127,3240359,False,5
CC-3128,3239659,True,1
CC-3129,3241820,True,1
CC-3129,3241854,False,2
CC-3130,3241752,True,1
CC-3131,3242009,True,1
CC-3132,3242648,False,1
CC-3133,3233709,True,1
CC-3133,3237862,False,2
CC-3133,3239978,False,3
CC-3134,3236581,True,1
CC-3134,3239280,False,2
CC-3135,3242213,True,1
CC-3136,3241674,True,1
CC-3137,3234615,True,1
CC-3137,3235809,False,2
CC-3137,3235933,False,3
CC-3137,3238116,False,4
CC-3137,3238344,False,5
CC-3137,3238357,False,6
CC-3137,3241686,False,7
CC-3137,3241710,False,8
CC-3137,3241719,False,9
CC-3137,3241736,False,10
CC-3138,3229102,True,1
CC-3138,3229207,False,2
CC-3138,3232017,False,3
CC-3138,3237761,False,4
CC-3138,3241073,False,5
CC-3138,3241098,False,6
CC-3139,3241987,True,1
CC-3139,3242008,False,2
CC-3140,3239032,True,1
CC-3141,3239544,True,1
CC-3141,3239946,False,2
CC-3142,3240008,True,1
CC-3142,3240051,False,2
CC-3143,3240322,True,1
CC-3143,3240800,False,2
CC-3144,3240616,True,1
CC-3145,3243781,True,1
CC-3146,3241363,True,1
CC-3147,3243775,True,1
CC-3148,3244028,False,1
CC-3149,3241815,True,1
CC-3149,3242003,False,2
CC-3149,3242007,False,3
CC-3150,3236514,True,1
CC-3150,3239245,False,2
CC-3150,3241013,False,3
CC-3150,3241091,False,4
CC-3150,3241097,False,5
CC-3150,3241117,False,6
CC-3150,3241120,False,7
CC-3150,3241132,False,8
CC-3150,3241149,False,9
CC-3151,3241974,True,1
CC-3152,3240936,True,1
CC-3152,3243262,False,2
CC-3153,3242085,True,1
CC-3154,3244996,True,1
CC-3155,3239603,True,1
CC-3155,3239744,False,2
CC-3155,3240711,False,3
CC-3155,3240766,False,4
CC-3155,3241472,False,5
CC-3156,3243172,True,1
CC-3157,3241928,True,1
CC-3157,3243223,False,2
CC-3158,3243011,True,1
CC-3159,3241570,True,1
CC-3160,3245143,True,1
CC-3161,3245080,True,1
CC-3162,3220592,True,1
CC-3162,3225317,False,2
CC-3162,3229523,False,3
CC-3162,3232735,False,4
CC-3162,3232782,False,5
CC-3162,3233364,False,6
CC-3162,3233381,False,7
CC-3162,3233385,False,8
CC-3162,3233841,False,9
CC-3162,3238350,False,10
CC-3162,3239119,False,11
CC-3162,3242916,False,12
CC-3163,3241960,True,1
CC-3163,3243198,False,2
CC-3164,3232703,True,1
CC-3164,3237611,False,2
CC-3164,3243240,False,3
CC-3165,3245181,True,1
CC-3166,3243494,True,1
CC-3167,3244645,True,1
CC-3168,3245153,False,1
CC-3169,3242783,True,1
CC-3170,3243525,True,1
CC-3170,3243590,False,2
CC-3170,3243596,False,3
CC-3171,3243065,True,1
CC-3172,3240011,True,1
CC-3172,3242995,False,2
CC-3172,3243062,False,3
CC-3172,3243087,False,4
CC-3172,3243112,False,5
CC-3172,3244452,False,6
CC-3173,3244451,True,1
CC-3174,3245255,True,1
CC-3175,3233450,True,1
CC-3175,3235234,False,2
CC-3175,3235246,False,3
CC-3175,3241530,False,4
CC-3175,3241677,False,5
CC-3175,3242547,False,6
CC-3176,3237308,True,1
CC-3176,3242718,False,2
CC-3176,3242987,False,3
CC-3177,3245467,False,1
CC-3178,3235136,True,1
CC-3178,3240210,False,2
CC-3178,3244484,False,3
CC-3179,3243471,True,1
CC-3180,3243726,True,1
CC-3181,3239639,True,1
CC-3181,3239642,False,2
CC-3181,3241631,False,3
CC-3181,3244678,False,4
CC-3182,3245574,False,1
CC-3183,3233119,True,1
CC-3183,3235354,False,2
CC-3183,3235398,False,3
CC-3183,3238281,False,4
CC-3183,3243185,False,5
CC-3184,3246386,False,1
CC-3185,3245667,True,1
CC-3186,3242539,True,1
CC-3187,3244213,True,1
CC-3188,3244508,True,1
CC-3189,3241148,True,1
CC-3189,3244115,False,2
CC-3189,3244457,False,3
CC-3189,3245798,False,4
CC-3190,3245243,True,1
CC-3191,3244000,True,1
CC-3191,3244053,False,2
CC-3192,3245314,True,1
CC-3192,3246894,False,2
CC-3192,3246929,False,3
CC-3193,3245361,True,1
CC-3194,3247295,False,1
CC-3195,3246554,True,1
CC-3196,3239169,True,1
CC-3196,3239658,False,2
CC-3196,3244957,False,3
CC-3197,3239730,True,1
CC-3197,3244109,False,2
CC-3197,3244273,False,3
CC-3197,3244397,False,4
CC-3197,3244730,False,5
CC-3197,3247697,False,6
CC-3198,3247536,True,1
CC-3199,3248153,False,1
CC-3200,3246422,True,1
CC-3201,3246302,True,1
CC-3202,3237757,True,1
CC-3202,3238990,False,2
CC-3202,3243602,False,3
CC-3202,3244789,False,4
CC-3202,3244832,False,5
CC-3202,3246702,False,6
CC-3203,3246030,True,1
CC-3204,3247737,True,1
CC-3204,3247781,False,2
CC-3205,3245217,True,1
CC-3205,3245238,False,2
CC-3205,3245265,False,3
CC-3205,3245272,False,4
CC-3206,3243592,True,1
CC-3206,3247856,False,2
CC-3206,3247862,False,3
CC-3207,3227924,True,1
CC-3207,3228040,False,2
CC-3207,3228354,False,3
CC-3207,3228542,False,4
CC-3207,3229021,False,5
CC-3207,3229108,False,6
CC-3207,3230457,False,7
CC-3207,3231744,False,8
CC-3207,3231808,False,9
CC-3207,3232315,False,10
CC-3207,3233615,False,11
CC-3207,3237881,False,12
CC-3207,3237893,False,13
CC-3207,3241878,False,14
CC-3207,3243605,False,15
CC-3207,3243613,False,16
CC-3207,3246005,False,17
CC-3207,3246017,False,18
CC-3207,3246024,False,19
CC-3207,3246035,False,20
CC-3207,3246116,False,21
CC-3207,3246666,False,22
CC-3208,3246096,True,1
CC-3208,3246620,False,2
CC-3209,3248202,True,1
CC-3209,3248223,False,2
CC-3209,3248225,False,3
CC-3210,3248240,True,1
CC-3210,3248251,False,2
CC-3210,3248256,False,3
CC-3210,3248257,False,4
CC-3210,3248258,False,5
CC-3211,3248012,True,1
CC-3212,3218233,True,1
CC-3212,3220092,False,2
CC-3212,3222899,False,3
CC-3212,3228808,False,4
CC-3212,3229324,False,5
CC-3212,3229950,False,6
CC-3212,3231832,False,7
CC-3212,3232074,False,8
CC-3212,3232075,False,9
CC-3212,3232127,False,10
CC-3212,3237268,False,11
CC-3212,3243004,False,12
CC-3212,3243017,False,13
CC-3212,3246063,False,14
CC-3212,3246084,False,15
CC-3213,3247889,True,1
CC-3214,3235293,True,1
CC-3214,3238180,False,2
CC-3214,3238221,False,3
CC-3214,3238287,False,4
CC-3214,3238307,False,5
CC-3214,3238362,False,6
CC-3214,3238404,False,7
CC-3214,3239567,False,8
CC-3214,3239605,False,9
CC-3214,3242077,False,10
CC-3214,3247786,False,11
CC-3215,3245994,True,1
CC-3216,3247646,True,1
CC-3216,3247679,False,2
CC-3216,3247726,False,3
CC-3217,3247423,True,1
CC-3218,3246417,True,1
CC-3219,3244422,True,1
CC-3219,3245741,False,2
CC-3219,3247840,False,3
CC-3220,3247904,True,1
CC-3221,3009568,True,1
CC-3221,3009587,False,2
CC-3221,3009592,False,3
CC-3221,3009630,False,4
CC-3221,3009659,False,5
CC-3221,3009663,False,6
CC-3221,3009667,False,7
CC-3221,3014473,False,8
CC-3221,3014522,False,9
CC-3221,3015271,False,10
CC-3221,3016062,False,11
CC-3221,3016084,False,12
CC-3221,3016137,False,13
CC-3221,3017258,False,14
CC-3221,3017266,False,15
CC-3221,3017350,False,16
CC-3221,3017390,False,17
CC-3221,3017413,False,18
CC-3221,3022229,False,19
CC-3221,3022239,False,20
CC-3221,3026905,False,21
CC-3221,3027721,False,22
CC-3221,3028676,False,23
CC-3221,3028702,False,24
CC-3221,3028717,False,25
CC-3221,3028719,False,26
CC-3221,3029795,False,27
CC-3221,3029808,False,28
CC-3221,3029841,False,29
CC-3221,3030085,False,30
CC-3221,3032539,False,31
CC-3221,3035354,False,32
CC-3221,3035475,False,33
CC-3221,3035537,False,34
CC-3221,3041263,False,35
CC-3221,3045627,False,36
CC-3221,3046077,False,37
CC-3221,3046352,False,38
CC-3221,3046974,False,39
CC-3221,3048069,False,40
CC-3221,3048347,False,41
CC-3221,3048549,False,42
CC-3221,3049240,False,43
CC-3221,3050674,False,44
CC-3221,3051543,False,45
CC-3221,3053176,False,46
CC-3221,3053549,False,47
CC-3221,3053821,False,48
CC-3221,3054905,False,49
CC-3221,3054937,False,50
CC-3221,3055790,False,51
CC-3221,3056164,False,52
CC-3221,3056211,False,53
CC-3221,3057810,False,54
CC-3221,3058905,False,55
CC-3221,3058974,False,56
CC-3221,3058991,False,57
CC-3221,3059013,False,58
CC-3221,3059049,False,59
CC-3221,3059849,False,60
CC-3221,3060359,False,61
CC-3221,3060497,False,62
CC-3221,3060792,False,63
CC-3221,3060845,False,64
CC-3221,3060944,False,65
CC-3221,3061010,False,66
CC-3221,3061837,False,67
CC-3221,3061838,False,68
CC-3221,3061846,False,69
CC-3221,3061849,False,70
CC-3221,3061853,False,71
CC-3221,3061854,False,72
CC-3221,3061877,False,73
CC-3221,3061879,False,74
CC-3221,3061887,False,75
CC-3221,3061888,False,76
CC-3221,3061890,False,77
CC-3221,3061891,False,78
CC-3221,3061899,False,79
CC-3221,3061900,False,80
CC-3221,3061907,False,81
CC-3221,3061967,False,82
CC-3221,3061980,False,83
CC-3221,3061982,False,84
CC-3221,3062097,False,85
CC-3221,3062100,False,86
CC-3221,3062528,False,87
CC-3221,3062584,False,88
CC-3221,3062621,False,89
CC-3221,3062852,False,90
CC-3221,3062907,False,91
CC-3221,3062947,False,92
CC-3221,3062960,False,93
CC-3221,3063059,False,94
CC-3221,3063105,False,95
CC-3221,3067047,False,96
CC-3221,3071198,False,97
CC-3221,3071518,False,98
CC-3221,3073770,False,99
CC-3221,3073778,False,100
CC-3221,3073975,False,101
CC-3221,3078241,False,102
CC-3221,3078348,False,103
CC-3221,3078379,False,104
CC-3221,3078491,False,105
CC-3221,3079202,False,106
CC-3221,3079607,False,107
CC-3221,3079751,False,108
CC-3221,3079789,False,109
CC-3221,3079862,False,110
CC-3221,3079969,False,111
CC-3221,3079987,False,112
CC-3221,3080049,False,113
CC-3221,3080404,False,114
CC-3221,3080471,False,115
CC-3221,3080792,False,116
CC-3221,3080854,False,117
CC-3221,3082185,False,118
CC-3221,3082394,False,119
CC-3221,3082461,False,120
CC-3221,3086013,False,121
CC-3221,3086220,False,122
CC-3221,3086536,False,123
CC-3221,3087204,False,124
CC-3221,3087251,False,125
CC-3221,3088528,False,126
CC-3221,3088586,False,127
CC-3221,3088588,False,128
CC-3221,3088611,False,129
CC-3221,3088660,False,130
CC-3221,3090447,False,131
CC-3221,3090493,False,132
CC-3221,3093202,False,133
CC-3221,3093871,False,134
CC-3221,3093935,False,135
CC-3221,3095608,False,136
CC-3221,3096900,False,137
CC-3221,3098584,False,138
CC-3221,3098632,False,139
CC-3221,3099388,False,140
CC-3221,3102203,False,141
CC-3221,3102256,False,142
CC-3221,3103602,False,143
CC-3221,3103714,False,144
CC-3221,3104040,False,145
CC-3221,3104369,False,146
CC-3221,3106898,False,147
CC-3221,3106920,False,148
CC-3221,3108971,False,149
CC-3221,3110499,False,150
CC-3221,3110811,False,151
CC-3221,3117226,False,152
CC-3221,3117352,False,153
CC-3221,3118067,False,154
CC-3221,3122048,False,155
CC-3221,3122777,False,156
CC-3221,3122797,False,157
CC-3221,3122828,False,158
CC-3221,3123785,False,159
CC-3221,3123815,False,160
CC-3221,3125043,False,161
CC-3221,3126387,False,162
CC-3221,3127106,False,163
CC-3221,3127697,False,164
CC-3221,3130505,False,165
CC-3221,3130551,False,166
CC-3221,3130584,False,167
CC-3221,3130607,False,168
CC-3221,3130618,False,169
CC-3221,3130637,False,170
CC-3221,3130683,False,171
CC-3221,3131065,False,172
CC-3221,3132259,False,173
CC-3221,3132802,False,174
CC-3221,3132811,False,175
CC-3221,3132896,False,176
CC-3221,3132909,False,177
CC-3221,3133337,False,178
CC-3221,3133443,False,179
CC-3221,3133602,False,180
CC-3221,3134154,False,181
CC-3221,3134188,False,182
CC-3221,3134189,False,183
CC-3221,3134362,False,184
CC-3221,3134370,False,185
CC-3221,3134393,False,186
CC-3221,3134452,False,187
CC-3221,3134982,False,188
CC-3221,3135181,False,189
CC-3221,3136484,False,190
CC-3221,3137178,False,191
CC-3221,3137787,False,192
CC-3221,3137847,False,193
CC-3221,3137859,False,194
CC-3221,3137945,False,195
CC-3221,3137948,False,196
CC-3221,3138635,False,197
CC-3221,3138898,False,198
CC-3221,3139891,False,199
CC-3221,3139926,False,200
CC-3221,3140043,False,201
CC-3221,3140069,False,202
CC-3221,3142569,False,203
CC-3221,3144485,False,204
CC-3221,3144744,False,205
CC-3221,3144752,False,206
CC-3221,3144760,False,207
CC-3221,3144787,False,208
CC-3221,3144793,False,209
CC-3221,3144818,False,210
CC-3221,3148229,False,211
CC-3221,3148271,False,212
CC-3221,3148274,False,213
CC-3221,3148276,False,214
CC-3221,3148277,False,215
CC-3221,3148280,False,216
CC-3221,3148281,False,217
CC-3221,3148283,False,218
CC-3221,3148884,False,219
CC-3221,3148903,False,220
CC-3221,3148936,False,221
CC-3221,3151361,False,222
CC-3221,3151476,False,223
CC-3221,3151483,False,224
CC-3221,3152982,False,225
CC-3221,3152992,False,226
CC-3221,3153473,False,227
CC-3221,3155002,False,228
CC-3221,3155011,False,229
CC-3221,3156169,False,230
CC-3221,3156178,False,231
CC-3221,3156184,False,232
CC-3221,3156263,False,233
CC-3221,3157761,False,234
CC-3221,3157780,False,235
CC-3221,3157796,False,236
CC-3221,3157798,False,237
CC-3221,3157807,False,238
CC-3221,3157831,False,239
CC-3221,3157884,False,240
CC-3221,3159853,False,241
CC-3221,3159877,False,242
CC-3221,3159889,False,243
CC-3221,3159923,False,244
CC-3221,3159941,False,245
CC-3221,3161135,False,246
CC-3221,3161151,False,247
CC-3221,3161189,False,248
CC-3221,3161614,False,249
CC-3221,3161698,False,250
CC-3221,3161744,False,251
CC-3221,3163835,False,252
CC-3221,3163854,False,253
CC-3221,3163901,False,254
CC-3221,3164794,False,255
CC-3221,3164805,False,256
CC-3221,3164821,False,257
CC-3221,3165223,False,258
CC-3221,3165317,False,259
CC-3221,3166163,False,260
CC-3221,3166269,False,261
CC-3221,3166722,False,262
CC-3221,3166792,False,263
CC-3221,3166806,False,264
CC-3221,3167093,False,265
CC-3221,3167098,False,266
CC-3221,3168004,False,267
CC-3221,3168038,False,268
CC-3221,3168052,False,269
CC-3221,3171612,False,270
CC-3221,3172868,False,271
CC-3221,3175000,False,272
CC-3221,3175326,False,273
CC-3221,3175372,False,274
CC-3221,3175378,False,275
CC-3221,3175694,False,276
CC-3221,3175696,False,277
CC-3221,3175702,False,278
CC-3221,3176892,False,279
CC-3221,3176905,False,280
CC-3221,3176940,False,281
CC-3221,3176947,False,282
CC-3221,3176962,False,283
CC-3221,3181040,False,284
CC-3221,3181803,False,285
CC-3221,3183039,False,286
CC-3221,3183040,False,287
CC-3221,3183549,False,288
CC-3221,3183550,False,289
CC-3221,3185296,False,290
CC-3221,3185512,False,291
CC-3221,3185517,False,292
CC-3221,3185521,False,293
CC-3221,3185537,False,294
CC-3221,3185538,False,295
CC-3221,3185548,False,296
CC-3221,3185619,False,297
CC-3221,3185939,False,298
CC-3221,3189407,False,299
CC-3221,3192244,False,300
CC-3221,3192265,False,301
CC-3221,3192295,False,302
CC-3221,3192299,False,303
CC-3221,3194583,False,304
CC-3221,3194619,False,305
CC-3221,3197147,False,306
CC-3221,3197166,False,307
CC-3221,3198675,False,308
CC-3221,3199260,False,309
CC-3221,3200810,False,310
CC-3221,3200854,False,311
CC-3221,3202042,False,312
CC-3221,3202054,False,313
CC-3221,3202466,False,314
CC-3221,3203696,False,315
CC-3221,3207137,False,316
CC-3221,3207149,False,317
CC-3221,3210328,False,318
CC-3221,3212923,False,319
CC-3221,3218180,False,320
CC-3221,3218262,False,321
CC-3221,3219103,False,322
CC-3221,3219109,False,323
CC-3221,3222486,False,324
CC-3221,3223488,False,325
CC-3221,3223773,False,326
CC-3221,3224567,False,327
CC-3221,3224725,False,328
CC-3221,3225961,False,329
CC-3221,3225962,False,330
CC-3221,3230946,False,331
CC-3221,3230976,False,332
CC-3221,3230987,False,333
CC-3221,3231020,False,334
CC-3221,3231032,False,335
CC-3221,3231047,False,336
CC-3221,3231049,False,337
CC-3221,3231054,False,338
CC-3221,3231075,False,339
CC-3221,3231078,False,340
CC-3221,3231083,False,341
CC-3221,3231102,False,342
CC-3221,3231106,False,343
CC-3221,3231111,False,344
CC-3221,3231121,False,345
CC-3221,3231144,False,346
CC-3221,3231477,False,347
CC-3221,3233091,False,348
CC-3221,3233153,False,349
CC-3221,3233796,False,350
CC-3221,3238608,False,351
CC-3221,3239693,False,352
CC-3221,3241090,False,353
CC-3221,3243986,False,354
CC-3221,3244960,False,355
CC-3221,3248165,False,356
CC-3222,3246519,True,1
CC-3222,3246536,False,2
CC-3222,3246595,False,3
CC-3222,3246665,False,4
CC-3223,3246231,True,1
CC-3224,3240400,True,1
CC-3224,3241231,False,2
CC-3224,3242620,False,3
CC-3224,3247185,False,4
CC-3224,3247256,False,5
CC-3225,3248295,True,1
CC-3226,3245161,True,1
CC-3226,3247421,False,2
CC-3227,3246173,True,1
CC-3228,3247863,True,1
CC-3228,3247916,False,2
CC-3229,3245944,True,1
CC-3230,3247990,True,1
CC-3231,3248454,False,1
CC-3232,3247210,True,1
CC-3233,3248971,True,1
CC-3234,3248331,True,1
CC-3235,3246223,True,1
CC-3236,3241893,True,1
CC-3236,3242100,False,2
CC-3236,3242103,False,3
CC-3236,3243302,False,4
CC-3236,3247676,False,5
CC-3236,3247722,False,6
CC-3236,3248696,False,7
CC-3237,3244445,True,1
CC-3237,3246320,False,2
CC-3238,3248001,True,1
CC-3239,3248340,True,1
CC-3239,3248341,False,2
CC-3239,3248343,False,3
CC-3240,3249384,True,1
CC-3240,3249392,False,2
CC-3240,3249476,False,3
CC-3241,3248935,True,1
CC-3242,3240951,True,1
CC-3242,3244288,False,2
CC-3242,3248854,False,3
CC-3242,3248941,False,4
CC-3242,3248993,False,5
CC-3243,3246622,True,1
CC-3244,3249341,True,1
CC-3245,3249361,False,1
CC-3246,3245781,True,1
CC-3246,3245824,False,2
CC-3246,3245829,False,3
CC-3246,3250153,False,4
CC-3247,3247429,True,1
CC-3248,3205572,True,1
CC-3248,3205616,False,2
CC-3248,3205973,False,3
CC-3248,3208897,False,4
CC-3248,3213486,False,5
CC-3248,3213508,False,6
CC-3248,3213825,False,7
CC-3248,3216952,False,8
CC-3248,3217016,False,9
CC-3248,3217264,False,10
CC-3248,3219737,False,11
CC-3248,3222140,False,12
CC-3248,3223262,False,13
CC-3248,3225388,False,14
CC-3248,3227884,False,15
CC-3248,3229590,False,16
CC-3248,3229652,False,17
CC-3248,3229661,False,18
CC-3248,3233970,False,19
CC-3248,3238420,False,20
CC-3248,3238431,False,21
CC-3248,3238599,False,22
CC-3248,3238607,False,23
CC-3248,3239042,False,24
CC-3248,3239189,False,25
CC-3248,3239276,False,26
CC-3248,3241115,False,27
CC-3248,3241953,False,28
CC-3248,3242072,False,29
CC-3248,3244965,False,30
CC-3248,3246261,False,31
CC-3248,3248203,False,32
CC-3249,3247791,True,1
CC-3250,3241114,True,1
CC-3250,3241138,False,2
CC-3250,3241145,False,3
CC-3250,3241182,False,4
CC-3250,3241978,False,5
CC-3250,3243219,False,6
CC-3250,3243271,False,7
CC-3250,3243281,False,8
CC-3250,3244658,False,9
CC-3250,3245848,False,10
CC-3250,3245914,False,11
CC-3250,3245983,False,12
CC-3250,3245985,False,13
CC-3250,3245989,False,14
CC-3250,3246441,False,15
CC-3250,3246881,False,16
CC-3250,3247453,False,17
CC-3250,3247511,False,18
CC-3250,3248304,False,19
CC-3251,3250206,True,1
CC-3251,3250721,False,2
CC-3252,3248061,True,1
CC-3253,3249976,True,1
CC-3254,3248574,True,1
CC-3254,3248604,False,2
CC-3255,3247907,True,1
CC-3256,3248070,True,1
CC-3257,3249592,True,1
CC-3258,3248494,True,1
CC-3259,3250073,True,1
CC-3260,3249581,True,1
CC-3261,3248376,True,1
CC-3261,3248389,False,2
CC-3262,3234930,True,1
CC-3262,3241348,False,2
CC-3262,3241805,False,3
CC-3262,3241824,False,4
CC-3262,3241829,False,5
CC-3262,3241851,False,6
CC-3262,3241989,False,7
CC-3262,3242002,False,8
CC-3262,3247444,False,9
CC-3262,3249673,False,10
CC-3263,3249953,True,1
CC-3264,3248320,True,1
CC-3265,3240857,True,1
CC-3265,3245452,False,2
CC-3265,3245471,False,3
CC-3265,3245472,False,4
CC-3265,3245501,False,5
CC-3265,3249293,False,6
CC-3265,3249304,False,7
CC-3265,3249347,False,8
CC-3266,3249945,True,1
CC-3267,3249122,True,1
CC-3268,3250266,True,1
CC-3269,3249629,True,1
CC-3270,3251258,False,1
CC-3271,3231140,True,1
CC-3271,3236645,False,2
CC-3271,3236697,False,3
CC-3271,3239262,False,4
CC-3271,3244751,False,5
CC-3271,3244926,False,6
CC-3271,3244959,False,7
CC-3271,3244997,False,8
CC-3271,3249182,False,9
CC-3271,3249194,False,10
CC-3271,3249201,False,11
CC-3271,3249207,False,12
CC-3271,3249216,False,13
CC-3271,3249222,False,14
CC-3271,3249259,False,15
CC-3271,3249270,False,16
CC-3272,3250641,True,1
CC-3272,3250669,False,2
CC-3273,3249108,True,1
CC-3273,3249669,False,2
CC-3274,3251507,True,1
CC-3275,3248818,True,1
CC-3276,3249789,True,1
CC-3277,3239818,True,1
CC-3277,3239830,False,2
CC-3277,3239848,False,3
CC-3277,3242094,False,4
CC-3277,3243242,False,5
CC-3277,3248109,False,6
CC-3277,3250676,False,7
CC-3278,3248870,True,1
CC-3279,3251854,True,1
CC-3280,3251277,True,1
CC-3281,3251822,False,1
CC-3282,3250944,True,1
CC-3282,3251742,False,2
CC-3282,3251752,False,3
CC-3283,3249296,True,1
CC-3284,3249200,True,1
CC-3284,3249262,False,2
CC-3285,3251040,True,1
CC-3285,3252188,False,2
CC-3285,3252241,False,3
CC-3286,3249412,True,1
CC-3286,3249985,False,2
CC-3287,3249593,True,1
CC-3287,3250047,False,2
CC-3288,3233885,True,1
CC-3288,3240016,False,2
CC-3288,3241946,False,3
CC-3288,3242701,False,4
CC-3288,3245263,False,5
CC-3288,3245274,False,6
CC-3288,3251100,False,7
CC-3288,3251112,False,8
CC-3289,3253029,True,1
CC-3290,3250559,True,1
CC-3290,3250951,False,2
CC-3291,3252340,True,1
CC-3292,3250993,True,1
CC-3293,3251917,True,1
CC-3293,3252011,False,2
CC-3294,3251232,True,1
CC-3295,3250925,True,1
CC-3296,3253862,False,1
CC-3297,3248488,True,1
CC-3297,3251893,False,2
CC-3298,3251912,True,1
CC-3299,3252843,True,1
CC-3300,3252587,True,1
CC-3301,3251616,True,1
CC-3302,3250693,True,1
CC-3302,3252120,False,2
CC-3303,3253351,True,1
CC-3304,3253380,True,1
CC-3305,3253770,True,1
CC-3306,3254196,True,1
CC-3307,3245749,True,1
CC-3307,3251351,False,2
CC-3308,3253543,True,1
CC-3309,3244031,True,1
CC-3309,3244037,False,2
CC-3309,3244073,False,3
CC-3309,3244095,False,4
CC-3309,3244100,False,5
CC-3309,3246829,False,6
CC-3309,3246909,False,7
CC-3309,3252707,False,8
CC-3309,3253110,False,9
CC-3310,3238182,True,1
CC-3310,3242252,False,2
CC-3310,3246569,False,3
CC-3310,3252394,False,4
CC-3310,3254539,False,5
CC-3311,3253729,True,1
CC-3312,3250260,True,1
CC-3312,3250324,False,2
CC-3312,3252767,False,3
CC-3313,3235722,True,1
CC-3313,3239389,False,2
CC-3313,3239430,False,3
CC-3313,3245451,False,4
CC-3313,3250448,False,5
CC-3313,3254380,False,6
CC-3314,3252859,True,1
CC-3314,3252882,False,2
CC-3315,3254177,True,1
CC-3315,3254180,False,2
CC-3316,3255775,False,1
CC-3317,3252839,True,1
CC-3318,3254551,True,1
CC-3319,3227040,True,1
CC-3319,3227056,False,2
CC-3319,3230571,False,3
CC-3319,3230714,False,4
CC-3319,3235464,False,5
CC-3319,3236013,False,6
CC-3319,3236017,False,7
CC-3319,3236395,False,8
CC-3319,3236442,False,9
CC-3319,3236484,False,10
CC-3319,3239504,False,11
CC-3319,3239540,False,12
CC-3319,3239802,False,13
CC-3319,3240934,False,14
CC-3319,3240946,False,15
CC-3319,3245146,False,16
CC-3319,3250452,False,17
CC-3319,3250519,False,18
CC-3319,3252658,False,19
CC-3319,3252758,False,20
CC-3319,3253306,False,21
CC-3320,3255359,True,1
CC-3321,3253836,True,1
CC-3322,3253847,True,1
CC-3322,3253870,False,2
CC-3322,3254310,False,3
CC-3322,3254327,False,4
CC-3322,3254328,False,5
CC-3323,3254826,True,1
CC-3323,3255684,False,2
CC-3324,3255246,True,1
CC-3325,3253701,True,1
CC-3325,3253783,False,2
CC-3326,3240298,True,1
CC-3326,3241922,False,2
CC-3326,3241973,False,3
CC-3326,3241996,False,4
CC-3326,3245558,False,5
CC-3326,3245617,False,6
CC-3326,3248561,False,7
CC-3326,3251772,False,8
CC-3326,3251802,False,9
CC-3326,3254415,False,10
CC-3327,3252324,True,1
CC-3327,3252393,False,2
CC-3327,3254075,False,3
CC-3328,3255582,True,1
CC-3329,3255743,True,1
CC-3330,3254817,True,1
CC-3330,3254856,False,2
CC-3331,3248584,True,1
CC-3331,3248585,False,2
CC-3331,3248787,False,3
CC-3331,3254461,False,4
CC-3331,3255004,False,5
CC-3332,3256842,False,1
CC-3333,3252478,True,1
CC-3333,3252771,False,2
CC-3333,3252822,False,3
CC-3333,3252942,False,4
CC-3333,3253182,False,5
CC-3333,3254706,False,6
CC-3334,3256472,True,1
CC-3335,3255847,True,1
CC-3336,3254099,True,1
CC-3336,3254117,False,2
CC-3336,3254125,False,3
CC-3336,3254128,False,4
CC-3336,3254129,False,5
CC-3337,3250956,True,1
CC-3337,3256799,False,2
CC-3338,3254192,True,1
CC-3339,3256855,True,1
CC-3340,3254015,True,1
CC-3341,3257008,True,1
CC-3342,3254661,True,1
CC-3343,3255594,True,1
CC-3344,3256094,True,1
CC-3345,3256847,True,1
CC-3346,3254515,True,1
CC-3347,3249268,True,1
CC-3347,3249306,False,2
CC-3347,3252292,False,3
CC-3347,3253796,False,4
CC-3347,3254787,False,5
CC-3347,3254794,False,6
CC-3348,3256497,True,1
CC-3349,3256688,True,1
CC-3350,3254832,True,1
CC-3351,3255207,True,1
CC-3351,3255857,False,2
CC-3351,3255872,False,3
CC-3352,3257285,True,1
CC-3353,3256999,True,1
CC-3354,3257195,False,1
CC-3355,3234995,True,1
CC-3355,3235710,False,2
CC-3355,3241150,False,3
CC-3355,3241400,False,4
CC-3355,3241403,False,5
CC-3355,3241418,False,6
CC-3355,3241427,False,7
CC-3355,3242739,False,8
CC-3355,3242747,False,9
CC-3355,3243749,False,10
CC-3355,3243799,False,11
CC-3355,3244323,False,12
CC-3355,3246563,False,13
CC-3355,3248836,False,14
CC-3355,3249192,False,15
CC-3355,3249695,False,16
CC-3355,3249716,False,17
CC-3355,3251986,False,18
CC-3355,3252021,False,19
CC-3355,3252052,False,20
CC-3355,3252075,False,21
CC-3355,3252102,False,22
CC-3355,3252109,False,23
CC-3355,3254505,False,24
CC-3355,3254538,False,25
CC-3356,3255355,True,1
CC-3357,3253250,True,1
CC-3357,3256643,False,2
CC-3358,3247877,True,1
CC-3358,3247908,False,2
CC-3358,3249385,False,3
CC-3358,3252879,False,4
CC-3358,3255352,False,5
CC-3358,3257003,False,6
CC-3358,3257096,False,7
CC-3359,3257019,True,1
CC-3359,3257046,False,2
CC-3360,3257822,False,1
CC-3361,3255448,True,1
CC-3361,3257179,False,2
CC-3362,3257984,False,1
CC-3363,3255602,True,1
CC-3364,3251151,True,1
CC-3364,3256055,False,2
CC-3365,3257164,True,1
CC-3365,3257173,False,2
CC-3366,3257733,False,1
CC-3367,3256966,True,1
CC-3368,3258257,True,1
CC-3369,3254844,True,1
CC-3369,3254904,False,2
CC-3370,3256793,True,1
CC-3370,3257167,False,2
CC-3370,3257170,False,3
CC-3371,3256208,True,1
CC-3371,3256257,False,2
CC-3371,3256269,False,3
CC-3372,3255645,True,1
CC-3373,3252894,True,1
CC-3373,3252922,False,2
CC-3373,3252924,False,3
CC-3373,3252958,False,4
CC-3373,3252990,False,5
CC-3373,3255877,False,6
CC-3374,3256142,True,1
CC-3374,3256835,False,2
CC-3375,3257492,True,1
CC-3376,3255288,True,1
CC-3376,3255312,False,2
CC-3377,3258749,True,1
CC-3378,3257041,True,1
CC-3378,3258162,False,2
CC-3379,3259407,False,1
CC-3380,3258550,True,1
CC-3380,3258589,False,2
CC-3381,3259250,True,1
CC-3382,3252291,True,1
CC-3382,3252837,False,2
CC-3382,3252852,False,3
CC-3382,3252856,False,4
CC-3382,3258432,False,5
CC-3382,3258444,False,6
CC-3383,3256135,True,1
CC-3383,3256146,False,2
CC-3383,3256156,False,3
CC-3383,3256164,False,4
CC-3384,3259723,True,1
CC-3385,3259275,False,1
CC-3386,3256931,True,1
CC-3386,3256961,False,2
CC-3387,3259580,False,1
CC-3388,3258366,True,1
CC-3388,3258694,False,2
CC-3389,3259077,True,1
CC-3390,3259932,True,1
CC-3391,3257375,True,1
CC-3392,3258051,True,1
CC-3393,3259762,True,1
CC-3394,3259209,True,1
CC-3394,3259416,False,2
CC-3394,3259424,False,3
CC-3394,3259514,False,4
CC-3394,3259519,False,5
CC-3395,3258551,True,1
CC-3395,3258582,False,2
CC-3395,3258653,False,3
CC-3396,3259757,True,1
CC-3397,3259915,True,1
CC-3398,3258127,True,1
CC-3399,3257288,True,1
CC-3400,3259249,True,1
CC-3401,3257151,True,1
CC-3401,3257157,False,2
CC-3401,3257165,False,3
CC-3401,3259034,False,4
CC-3402,3258460,True,1
CC-3403,3255591,True,1
CC-3403,3260270,False,2
CC-3403,3260282,False,3
CC-3404,3259904,True,1
CC-3405,3251835,True,1
CC-3405,3252746,False,2
CC-3405,3253546,False,3
CC-3405,3254209,False,4
CC-3405,3254210,False,5
CC-3405,3254211,False,6
CC-3405,3257185,False,7
CC-3405,3259693,False,8
CC-3405,3260042,False,9
CC-3406,3260055,False,1
CC-3407,3261147,False,1
CC-3408,3252606,True,1
CC-3408,3252717,False,2
CC-3408,3252863,False,3
CC-3408,3252968,False,4
CC-3408,3256660,False,5
CC-3408,3261137,False,6
CC-3409,3259220,True,1
CC-3410,3259695,True,1
CC-3410,3259718,False,2
CC-3411,3261611,False,1
CC-3412,3261557,False,1
CC-3413,3261536,False,1
CC-3414,3262008,True,1
CC-3415,3262576,True,1
CC-3416,3262756,False,1
CC-3417,3260655,True,1
CC-3418,3256209,True,1
CC-3418,3257662,False,2
CC-3418,3261055,False,3
CC-3419,3244570,True,1
CC-3419,3249495,False,2
CC-3419,3249559,False,3
CC-3419,3249617,False,4
CC-3419,3249785,False,5
CC-3419,3249786,False,6
CC-3419,3253549,False,7
CC-3419,3255908,False,8
CC-3419,3255955,False,9
CC-3419,3258823,False,10
CC-3419,3261298,False,11
CC-3420,3262126,True,1
CC-3421,3259737,True,1
CC-3422,3262531,True,1
CC-3422,3262544,False,2
CC-3423,3260634,True,1
CC-3424,3262013,True,1
CC-3425,3262785,True,1
CC-3426,3258676,True,1
CC-3426,3261993,False,2
CC-3427,3261965,True,1
CC-3428,3260024,True,1
CC-3429,3261334,True,1
CC-3430,3260058,True,1
CC-3431,3262711,True,1
CC-3432,3255341,True,1
CC-3432,3255442,False,2
CC-3432,3255461,False,3
CC-3432,3255612,False,4
CC-3432,3259644,False,5
CC-3432,3260979,False,6
CC-3432,3261017,False,7
CC-3432,3261794,False,8
CC-3432,3261823,False,9
CC-3432,3262995,False,10
CC-3433,3260900,True,1
CC-3434,3257628,True,1
CC-3434,3257634,False,2
CC-3434,3261102,False,3
CC-3434,3262200,False,4
CC-3435,3263142,False,1
CC-3436,3259287,True,1
CC-3436,3259316,False,2
CC-3436,3260033,False,3
CC-3436,3260034,False,4
CC-3436,3260037,False,5
CC-3436,3260038,False,6
CC-3436,3260040,False,7
CC-3436,3260481,False,8
CC-3436,3260548,False,9
CC-3437,3262974,True,1
CC-3438,3263742,True,1
CC-3439,3255549,True,1
CC-3439,3256630,False,2
CC-3439,3262275,False,3
CC-3440,3259942,True,1
CC-3440,3259967,False,2
CC-3440,3263881,False,3
CC-3441,3261977,True,1
CC-3441,3262147,False,2
CC-3442,3262415,True,1
CC-3443,3260574,True,1
CC-3443,3260632,False,2
CC-3444,3261843,True,1
CC-3444,3261926,False,2
CC-3445,3261299,True,1
CC-3446,3264686,True,1
CC-3446,3264752,False,2
CC-3446,3264765,False,3
CC-3446,3264771,False,4
CC-3447,3258704,True,1
CC-3447,3263086,False,2
CC-3448,3259142,True,1
CC-3448,3259550,False,2
CC-3448,3259902,False,3
CC-3448,3259912,False,4
CC-3448,3260969,False,5
CC-3448,3261062,False,6
CC-3448,3261427,False,7
CC-3448,3261659,False,8
CC-3448,3262597,False,9
CC-3448,3262641,False,10
CC-3449,3258427,True,1
CC-3449,3261107,False,2
CC-3449,3261740,False,3
CC-3449,3261862,False,4
CC-3449,3261903,False,5
CC-3450,3256420,True,1
CC-3450,3257050,False,2
CC-3450,3257127,False,3
CC-3450,3258808,False,4
CC-3450,3259216,False,5
CC-3450,3261962,False,6
CC-3451,3265265,True,1
CC-3452,3262604,True,1
CC-3452,3262663,False,2
CC-3452,3262682,False,3
CC-3453,3261550,True,1
CC-3454,3264140,True,1
CC-3455,3264570,True,1
CC-3456,3263485,True,1
CC-3457,3263855,True,1
CC-3457,3263910,False,2
CC-3458,3265193,False,1
CC-3459,3265023,True,1
CC-3459,3265259,False,2
CC-3460,3264288,True,1
CC-3460,3265627,False,2
CC-3461,3246719,True,1
CC-3461,3247246,False,2
CC-3461,3250307,False,3
CC-3461,3250436,False,4
CC-3461,3253925,False,5
CC-3461,3254002,False,6
CC-3461,3256649,False,7
CC-3461,3256783,False,8
CC-3461,3256823,False,9
CC-3461,3259977,False,10
CC-3461,3259978,False,11
CC-3461,3259979,False,12
CC-3461,3262897,False,13
CC-3461,3262960,False,14
CC-3461,3262973,False,15
CC-3461,3262981,False,16
CC-3461,3265827,False,17
CC-3462,3263337,True,1
CC-3463,3265897,False,1
CC-3464,3264087,True,1
CC-3464,3264104,False,2
CC-3465,3265715,False,1
CC-3466,3263274,True,1
CC-3467,3265865,True,1
CC-3467,3265877,False,2
CC-3468,3265506,True,1
CC-3469,3258722,True,1
CC-3469,3261816,False,2
CC-3469,3262401,False,3
CC-3469,3263336,False,4
CC-3470,3249046,True,1
CC-3470,3251528,False,2
CC-3470,3251549,False,3
CC-3470,3251558,False,4
CC-3470,3251604,False,5
CC-3470,3251739,False,6
CC-3470,3252168,False,7
CC-3470,3256066,False,8
CC-3470,3257560,False,9
CC-3470,3259298,False,10
CC-3470,3260312,False,11
CC-3470,3263452,False,12
CC-3471,3262962,True,1
CC-3471,3262965,False,2
CC-3471,3262966,False,3
CC-3471,3262970,False,4
CC-3471,3262971,False,5
CC-3472,3264551,True,1
CC-3473,3263004,True,1
CC-3474,3263147,True,1
CC-3475,3266298,False,1
CC-3476,3262255,True,1
CC-3476,3262926,False,2
CC-3476,3263026,False,3
CC-3477,3262969,True,1
CC-3477,3263534,False,2
CC-3477,3263814,False,3
CC-3477,3263825,False,4
CC-3478,3265472,True,1
CC-3479,3265629,True,1
CC-3480,3264631,True,1
CC-3481,3265578,True,1
CC-3482,3266180,False,1
CC-3483,3264780,True,1
CC-3484,3267451,False,1
CC-3485,3264672,True,1
CC-3486,3264837,True,1
CC-3486,3267189,False,2
CC-3487,3265486,True,1
CC-3488,3266778,True,1
CC-3489,3264406,True,1
CC-3489,3265371,False,2
CC-3489,3266460,False,3
CC-3490,3266655,True,1
CC-3490,3266665,False,2
CC-3490,3266696,False,3
CC-3491,3214820,True,1
CC-3491,3216948,False,2
CC-3491,3220299,False,3
CC-3491,3221822,False,4
CC-3491,3222780,False,5
CC-3491,3224562,False,6
CC-3491,3224595,False,7
CC-3491,3224744,False,8
CC-3491,3225422,False,9
CC-3491,3225676,False,10
CC-3491,3227098,False,11
CC-3491,3227120,False,12
CC-3491,3227129,False,13
CC-3491,3228463,False,14
CC-3491,3232345,False,15
CC-3491,3232845,False,16
CC-3491,3234219,False,17
CC-3491,3234352,False,18
CC-3491,3237108,False,19
CC-3491,3237199,False,20
CC-3491,3237616,False,21
CC-3491,3237634,False,22
CC-3491,3237685,False,23
CC-3491,3242723,False,24
CC-3491,3243754,False,25
CC-3491,3245294,False,26
CC-3491,3247593,False,27
CC-3491,3250640,False,28
CC-3491,3251153,False,29
CC-3491,3251158,False,30
CC-3491,3252310,False,31
CC-3491,3252336,False,32
CC-3491,3253510,False,33
CC-3491,3255378,False,34
CC-3491,3255422,False,35
CC-3491,3255452,False,36
CC-3491,3255453,False,37
CC-3491,3255458,False,38
CC-3491,3255465,False,39
CC-3491,3255494,False,40
CC-3491,3255608,False,41
CC-3491,3258564,False,42
CC-3491,3258871,False,43
CC-3491,3259821,False,44
CC-3491,3262703,False,45
CC-3491,3262742,False,46
CC-3491,3262751,False,47
CC-3491,3262759,False,48
CC-3491,3263976,False,49
CC-3491,3264522,False,50
CC-3491,3264991,False,51
CC-3492,3267591,True,1
CC-3493,3267360,True,1
CC-3493,3268095,False,2
CC-3494,3258857,True,1
CC-3494,3258993,False,2
CC-3494,3264410,False,3
CC-3495,3264611,True,1
CC-3496,3265041,True,1
CC-3497,3265878,True,1
CC-3498,3268128,False,1
CC-3499,3265862,True,1
CC-3500,3264571,True,1
CC-3501,3268057,True,1
CC-3501,3268067,False,2
CC-3501,3268092,False,3
CC-3501,3268100,False,4
CC-3501,3268339,False,5
CC-3501,3268371,False,6
CC-3502,3268050,True,1
CC-3503,3265722,True,1
CC-3504,3268812,True,1
CC-3505,3266171,True,1
CC-3506,3268591,False,1
CC-3507,3266012,True,1
CC-3508,3262989,True,1
CC-3508,3262992,False,2
CC-3508,3264171,False,3
CC-3508,3265924,False,4
CC-3509,3267154,True,1
CC-3510,3266983,True,1
CC-3511,3263006,True,1
CC-3511,3263009,False,2
CC-3511,3265920,False,3
CC-3511,3265923,False,4
CC-3511,3267505,False,5
CC-3511,3268846,False,6
CC-3511,3268854,False,7
CC-3511,3268874,False,8
CC-3511,3268882,False,9
CC-3511,3268894,False,10
CC-3511,3268907,False,11
CC-3511,3268979,False,12
CC-3511,3268984,False,13
CC-3511,3268985,False,14
CC-3512,3268687,True,1
CC-3513,3266150,True,1
CC-3514,3237064,True,1
CC-3514,3238616,False,2
CC-3514,3238625,False,3
CC-3514,3238673,False,4
CC-3514,3238851,False,5
CC-3514,3238880,False,6
CC-3514,3242235,False,7
CC-3514,3242247,False,8
CC-3514,3242275,False,9
CC-3514,3242340,False,10
CC-3514,3248396,False,11
CC-3514,3249282,False,12
CC-3514,3251707,False,13
CC-3514,3251872,False,14
CC-3514,3251892,False,15
CC-3514,3251996,False,16
CC-3514,3252175,False,17
CC-3514,3253071,False,18
CC-3514,3257908,False,19
CC-3514,3257951,False,20
CC-3514,3257999,False,21
CC-3514,3260964,False,22
CC-3514,3261424,False,23
CC-3514,3266565,False,24
CC-3515,3269193,False,1
CC-3516,3268900,True,1
CC-3517,3266918,True,1
CC-3518,3269043,True,1
CC-3519,3268800,True,1
CC-3520,3269528,False,1
CC-3521,3269749,False,1
CC-3522,3268958,True,1
CC-3522,3268969,False,2
CC-3523,3267608,True,1
CC-3524,3256942,True,1
CC-3524,3262289,False,2
CC-3524,3265116,False,3
CC-3524,3265759,False,4
CC-3524,3266890,False,5
CC-3524,3268212,False,6
CC-3524,3268310,False,7
CC-3524,3268960,False,8
CC-3524,3269018,False,9
CC-3525,3267764,True,1
CC-3526,3269147,True,1
CC-3526,3269152,False,2
CC-3527,3266566,True,1
CC-3528,3205413,True,1
CC-3528,3207317,False,2
CC-3528,3211637,False,3
CC-3528,3211709,False,4
CC-3528,3211989,False,5
CC-3528,3212773,False,6
CC-3528,3214359,False,7
CC-3528,3214528,False,8
CC-3528,3214569,False,9
CC-3528,3214593,False,10
CC-3528,3214595,False,11
CC-3528,3214607,False,12
CC-3528,3214677,False,13
CC-3528,3214680,False,14
CC-3528,3214712,False,15
CC-3528,3215035,False,16
CC-3528,3215101,False,17
CC-3528,3215197,False,18
CC-3528,3215242,False,19
CC-3528,3215336,False,20
CC-3528,3215396,False,21
CC-3528,3215556,False,22
CC-3528,3215855,False,23
CC-3528,3215872,False,24
CC-3528,3215993,False,25
CC-3528,3216038,False,26
CC-3528,3216055,False,27
CC-3528,3217660,False,28
CC-3528,3217668,False,29
CC-3528,3218349,False,30
CC-3528,3218500,False,31
CC-3528,3218958,False,32
CC-3528,3218983,False,33
CC-3528,3220078,False,34
CC-3528,3220216,False,35
CC-3528,3220227,False,36
CC-3528,3220729,False,37
CC-3528,3220782,False,38
CC-3528,3221902,False,39
CC-3528,3222384,False,40
CC-3528,3222429,False,41
CC-3528,3223273,False,42
CC-3528,3223340,False,43
CC-3528,3223387,False,44
CC-3528,3223413,False,45
CC-3528,3223462,False,46
CC-3528,3224078,False,47
CC-3528,3224086,False,48
CC-3528,3224417,False,49
CC-3528,3224583,False,50
CC-3528,3224681,False,51
CC-3528,3224718,False,52
CC-3528,3224764,False,53
CC-3528,3224863,False,54
CC-3528,3224864,False,55
CC-3528,3225097,False,56
CC-3528,3225125,False,57
CC-3528,3225206,False,58
CC-3528,3225753,False,59
CC-3528,3225793,False,60
CC-3528,3226185,False,61
CC-3528,3226211,False,62
CC-3528,3226287,False,63
CC-3528,3226292,False,64
CC-3528,3226507,False,65
CC-3528,3226686,False,66
CC-3528,3226739,False,67
CC-3528,3227727,False,68
CC-3528,3227767,False,69
CC-3528,3227771,False,70
CC-3528,3227800,False,71
CC-3528,3228018,False,72
CC-3528,3228168,False,73
CC-3528,3228386,False,74
CC-3528,3228395,False,75
CC-3528,3228406,False,76
CC-3528,3228568,False,77
CC-3528,3229960,False,78
CC-3528,3230014,False,79
CC-3528,3230021,False,80
CC-3528,3231373,False,81
CC-3528,3231420,False,82
CC-3528,3231439,False,83
CC-3528,3231448,False,84
CC-3528,3231457,False,85
CC-3528,3231478,False,86
CC-3528,3231488,False,87
CC-3528,3231507,False,88
CC-3528,3231529,False,89
CC-3528,3231552,False,90
CC-3528,3231563,False,91
CC-3528,3231582,False,92
CC-3528,3231619,False,93
CC-3528,3231622,False,94
CC-3528,3231645,False,95
CC-3528,3231648,False,96
CC-3528,3231672,False,97
CC-3528,3232652,False,98
CC-3528,3232671,False,99
CC-3528,3232763,False,100
CC-3528,3232798,False,101
CC-3528,3232825,False,102
CC-3528,3234266,False,103
CC-3528,3234402,False,104
CC-3528,3234452,False,105
CC-3528,3238654,False,106
CC-3528,3238692,False,107
CC-3528,3239573,False,108
CC-3528,3239707,False,109
CC-3528,3239833,False,110
CC-3528,3239975,False,111
CC-3528,3240191,False,112
CC-3528,3240193,False,113
CC-3528,3240211,False,114
CC-3528,3240334,False,115
CC-3528,3240372,False,116
CC-3528,3240481,False,117
CC-3528,3240508,False,118
CC-3528,3240666,False,119
CC-3528,3242033,False,120
CC-3528,3242045,False,121
CC-3528,3242059,False,122
CC-3528,3242065,False,123
CC-3528,3243444,False,124
CC-3528,3243900,False,125
CC-3528,3243917,False,126
CC-3528,3243941,False,127
CC-3528,3245322,False,128
CC-3528,3246134,False,129
CC-3528,3246375,False,130
CC-3528,3246921,False,131
CC-3528,3246924,False,132
CC-3528,3248586,False,133
CC-3528,3248708,False,134
CC-3528,3248712,False,135
CC-3528,3248713,False,136
CC-3528,3248794,False,137
CC-3528,3248865,False,138
CC-3528,3248882,False,139
CC-3528,3248977,False,140
CC-3528,3249305,False,141
CC-3528,3249373,False,142
CC-3528,3249377,False,143
CC-3528,3249529,False,144
CC-3528,3249571,False,145
CC-3528,3249619,False,146
CC-3528,3249735,False,147
CC-3528,3249746,False,148
CC-3528,3249846,False,149
CC-3528,3249856,False,150
CC-3528,3249902,False,151
CC-3528,3249981,False,152
CC-3528,3250121,False,153
CC-3528,3250281,False,154
CC-3528,3250750,False,155
CC-3528,3250878,False,156
CC-3528,3251147,False,157
CC-3528,3251150,False,158
CC-3528,3251170,False,159
CC-3528,3251183,False,160
CC-3528,3251212,False,161
CC-3528,3251214,False,162
CC-3528,3251215,False,163
CC-3528,3252197,False,164
CC-3528,3252313,False,165
CC-3528,3252428,False,166
CC-3528,3252455,False,167
CC-3528,3252565,False,168
CC-3528,3252730,False,169
CC-3528,3253014,False,170
CC-3528,3253069,False,171
CC-3528,3253205,False,172
CC-3528,3253339,False,173
CC-3528,3253394,False,174
CC-3528,3255641,False,175
CC-3528,3255673,False,176
CC-3528,3255687,False,177
CC-3528,3255749,False,178
CC-3528,3255765,False,179
CC-3528,3255800,False,180
CC-3528,3256262,False,181
CC-3528,3256304,False,182
CC-3528,3256406,False,183
CC-3528,3256816,False,184
CC-3528,3256858,False,185
CC-3528,3257024,False,186
CC-3528,3258059,False,187
CC-3528,3259989,False,188
CC-3528,3260004,False,189
CC-3528,3260178,False,190
CC-3528,3261063,False,191
CC-3528,3261082,False,192
CC-3528,3261150,False,193
CC-3528,3261155,False,194
CC-3528,3261277,False,195
CC-3528,3261287,False,196
CC-3528,3261335,False,197
CC-3528,3261454,False,198
CC-3528,3261608,False,199
CC-3528,3261647,False,200
CC-3528,3262690,False,201
CC-3528,3262768,False,202
CC-3528,3262864,False,203
CC-3528,3262869,False,204
CC-3528,3262886,False,205
CC-3528,3262893,False,206
CC-3528,3262920,False,207
CC-3528,3262929,False,208
CC-3528,3264138,False,209
CC-3528,3267213,False,210
CC-3528,3267343,False,211
CC-3529,3266892,True,1
CC-3530,3267624,True,1
CC-3531,3268388,True,1
CC-3532,3267053,True,1
CC-3532,3267078,False,2
CC-3532,3267087,False,3
CC-3532,3267120,False,4
CC-3533,3268736,True,1
CC-3534,3269166,True,1
CC-3535,3255880,True,1
CC-3535,3257462,False,2
CC-3535,3260887,False,3
CC-3535,3260962,False,4
CC-3535,3265199,False,5
CC-3535,3266669,False,6
CC-3535,3270690,False,7
CC-3536,3269425,True,1
CC-3536,3269446,False,2
CC-3537,3263436,True,1
CC-3537,3268025,False,2
CC-3538,3258499,True,1
CC-3538,3258937,False,2
CC-3538,3258955,False,3
CC-3538,3259021,False,4
CC-3538,3259042,False,5
CC-3538,3259126,False,6
CC-3538,3259191,False,7
CC-3538,3259946,False,8
CC-3538,3260070,False,9
CC-3538,3260301,False,10
CC-3538,3262043,False,11
CC-3538,3263774,False,12
CC-3538,3264071,False,13
CC-3538,3264330,False,14
CC-3538,3264905,False,15
CC-3538,3264906,False,16
CC-3538,3265963,False,17
CC-3538,3268949,False,18
CC-3539,3270999,True,1
CC-3540,3271384,False,1
CC-3541,3268739,True,1
CC-3542,3262014,True,1
CC-3542,3263874,False,2
CC-3542,3267516,False,3
CC-3542,3270102,False,4
CC-3542,3270232,False,5
CC-3542,3270640,False,6
CC-3543,3271054,True,1
CC-3544,3270698,False,1
CC-3545,3270112,True,1
CC-3546,3269190,True,1
CC-3546,3270115,False,2
CC-3547,3271192,False,1
CC-3548,3252126,True,1
CC-3548,3252757,False,2
CC-3548,3255692,False,3
CC-3548,3255762,False,4
CC-3548,3257575,False,5
CC-3548,3260267,False,6
CC-3548,3260468,False,7
CC-3548,3260902,False,8
CC-3548,3260952,False,9
CC-3548,3263933,False,10
CC-3548,3264336,False,11
CC-3548,3267074,False,12
CC-3548,3270014,False,13
CC-3548,3270040,False,14
CC-3549,3269971,True,1
CC-3549,3270521,False,2
CC-3549,3270536,False,3
CC-3550,3265870,True,1
CC-3550,3271850,False,2
CC-3551,3227158,True,1
CC-3551,3227256,False,2
CC-3551,3232406,False,3
CC-3551,3233169,False,4
CC-3551,3237085,False,5
CC-3551,3237181,False,6
CC-3551,3238558,False,7
CC-3551,3238566,False,8
CC-3551,3241537,False,9
CC-3551,3241581,False,10
CC-3551,3241618,False,11
CC-3551,3241713,False,12
CC-3551,3246227,False,13
CC-3551,3251901,False,14
CC-3551,3251968,False,15
CC-3551,3253812,False,16
CC-3551,3253853,False,17
CC-3551,3258971,False,18
CC-3551,3259048,False,19
CC-3551,3261405,False,20
CC-3551,3263497,False,21
CC-3551,3268524,False,22
CC-3551,3268613,False,23
CC-3551,3271484,False,24
CC-3552,3269116,True,1
CC-3553,3254109,True,1
CC-3553,3254130,False,2
CC-3553,3254133,False,3
CC-3553,3259776,False,4
CC-3553,3259779,False,5
CC-3553,3259795,False,6
CC-3553,3260383,False,7
CC-3553,3260425,False,8
CC-3553,3261531,False,9
CC-3553,3261918,False,10
CC-3553,3264404,False,11
CC-3553,3268304,False,12
CC-3553,3268913,False,13
CC-3553,3268981,False,14
CC-3553,3268993,False,15
CC-3554,3270198,True,1
CC-3555,3267651,True,1
CC-3555,3267688,False,2
CC-3555,3267706,False,3
CC-3555,3267829,False,4
CC-3555,3270081,False,5
CC-3555,3270104,False,6
CC-3555,3270254,False,7
CC-3555,3270271,False,8
CC-3555,3270289,False,9
CC-3555,3270347,False,10
CC-3555,3270385,False,11
CC-3555,3270387,False,12
CC-3556,3269478,True,1
CC-3557,3271960,True,1
CC-3558,3271979,True,1
CC-3559,3271522,True,1
CC-3560,3270664,True,1
CC-3560,3270700,False,2
CC-3561,3271167,True,1
CC-3562,3262097,True,1
CC-3562,3265102,False,2
CC-3562,3265280,False,3
CC-3562,3267414,False,4
CC-3562,3268139,False,5
CC-3562,3270949,False,6
CC-3562,3271015,False,7
CC-3562,3271418,False,8
CC-3563,3271858,True,1
CC-3564,3262237,True,1
CC-3564,3262755,False,2
CC-3564,3262774,False,3
CC-3564,3263990,False,4
CC-3564,3264002,False,5
CC-3564,3264882,False,6
CC-3564,3268200,False,7
CC-3564,3268239,False,8
CC-3564,3271757,False,9
CC-3564,3271767,False,10
CC-3565,3264875,True,1
CC-3565,3267136,False,2
CC-3565,3267150,False,3
CC-3565,3267177,False,4
CC-3565,3267179,False,5
CC-3565,3270791,False,6
CC-3565,3270797,False,7
CC-3566,3270963,True,1
CC-3566,3271098,False,2
CC-3567,3272511,True,1
CC-3568,3268510,True,1
CC-3568,3268518,False,2
CC-3568,3268675,False,3
CC-3568,3272761,False,4
CC-3569,3269730,True,1
CC-3569,3269791,False,2
CC-3570,3272614,False,1
CC-3571,3268512,True,1
CC-3571,3270296,False,2
CC-3572,3270426,True,1
CC-3573,3270065,True,1
CC-3574,3270282,True,1
CC-3575,3271099,True,1
CC-3576,3268966,True,1
CC-3576,3268976,False,2
CC-3576,3271957,False,3
CC-3577,3266524,True,1
CC-3577,3272042,False,2
CC-3578,3269655,True,1
CC-3578,3273450,False,2
CC-3578,3273470,False,3
CC-3578,3273485,False,4
CC-3579,3272615,False,1
CC-3580,3272335,True,1
CC-3581,3273386,True,1
CC-3582,3271778,True,1
CC-3582,3272209,False,2
CC-3582,3272385,False,3
CC-3583,3271179,True,1
CC-3584,3271793,True,1
CC-3584,3271835,False,2
CC-3584,3272864,False,3
CC-3584,3273901,False,4
CC-3584,3274072,False,5
CC-3584,3274142,False,6
CC-3585,3274083,True,1
CC-3586,3273973,True,1
CC-3587,3271314,True,1
CC-3588,3273153,True,1
CC-3589,3273390,True,1
CC-3590,3273728,False,1
CC-3591,3274380,False,1
CC-3592,3269753,True,1
CC-3592,3271309,False,2
CC-3593,3272406,True,1
CC-3594,3270636,True,1
CC-3594,3270677,False,2
CC-3594,3271948,False,3
CC-3595,3260473,True,1
CC-3595,3260546,False,2
CC-3595,3264453,False,3
CC-3595,3264456,False,4
CC-3595,3264660,False,5
CC-3595,3266390,False,6
CC-3595,3269133,False,7
CC-3595,3272029,False,8
CC-3596,3272660,True,1
CC-3597,3268941,True,1
CC-3597,3268964,False,2
CC-3597,3269811,False,3
CC-3597,3270413,False,4
CC-3597,3270418,False,5
CC-3597,3270422,False,6
CC-3597,3270440,False,7
CC-3597,3272906,False,8
CC-3598,3267070,True,1
CC-3598,3267448,False,2
CC-3598,3267485,False,3
CC-3598,3269000,False,4
CC-3598,3269288,False,5
CC-3598,3269306,False,6
CC-3598,3269313,False,7
CC-3598,3269620,False,8
CC-3598,3269703,False,9
CC-3598,3270770,False,10
CC-3598,3270800,False,11
CC-3598,3272249,False,12
CC-3598,3272265,False,13
CC-3599,3274855,True,1
CC-3600,3272843,True,1
CC-3600,3272883,False,2
CC-3601,3273147,True,1
CC-3602,3274837,False,1
CC-3603,3273749,True,1
CC-3604,3273345,True,1
CC-3604,3273363,False,2
CC-3605,3274986,True,1
CC-3606,3273306,True,1
CC-3607,3253238,True,1
CC-3607,3253293,False,2
CC-3607,3253302,False,3
CC-3607,3253819,False,4
CC-3607,3253901,False,5
CC-3607,3253905,False,6
CC-3607,3255583,False,7
CC-3607,3255598,False,8
CC-3607,3257189,False,9
CC-3607,3259448,False,10
CC-3607,3260352,False,11
CC-3607,3264352,False,12
CC-3607,3264457,False,13
CC-3607,3266311,False,14
CC-3607,3267331,False,15
CC-3607,3269237,False,16
CC-3607,3270130,False,17
CC-3607,3271411,False,18
CC-3607,3272947,False,19
CC-3607,3272948,False,20
CC-3607,3273465,False,21
CC-3607,3274365,False,22
CC-3608,3272922,True,1
CC-3609,3272737,True,1
CC-3610,3273191,True,1
CC-3611,3274270,True,1
CC-3612,3275183,False,1
CC-3613,3275189,True,1
CC-3614,3271159,True,1
CC-3614,3271171,False,2
CC-3614,3272774,False,3
CC-3614,3272821,False,4
CC-3614,3272837,False,5
CC-3615,3273118,True,1
CC-3616,3275487,False,1
CC-3617,3274353,True,1
CC-3618,3276128,True,1
CC-3619,3275368,True,1
CC-3620,3275378,False,1
CC-3621,3274147,True,1
CC-3622,3276679,True,1
CC-3622,3276711,False,2
CC-3623,3268906,True,1
CC-3623,3270078,False,2
CC-3623,3273856,False,3
CC-3623,3273962,False,4
CC-3624,3270788,True,1
CC-3624,3273228,False,2
CC-3625,3276829,False,1
CC-3626,3273977,True,1
CC-3627,3276479,True,1
CC-3628,3273780,True,1
CC-3629,3276995,False,1
CC-3630,3275634,True,1
CC-3631,3268992,True,1
CC-3631,3269004,False,2
CC-3631,3273308,False,3
CC-3631,3277254,False,4
CC-3632,3264520,True,1
CC-3632,3270029,False,2
CC-3632,3271365,False,3
CC-3632,3272298,False,4
CC-3632,3272327,False,5
CC-3632,3272987,False,6
CC-3632,3274040,False,7
CC-3632,3274191,False,8
CC-3632,3275465,False,9
CC-3633,3271847,True,1
CC-3633,3277106,False,2
CC-3634,3274919,True,1
CC-3635,3277622,False,1
CC-3636,3277167,True,1
CC-3637,3271737,True,1
CC-3637,3275051,False,2
CC-3637,3275070,False,3
CC-3637,3275120,False,4
CC-3637,3275359,False,5
CC-3637,3276656,False,6
CC-3638,3261651,True,1
CC-3638,3265543,False,2
CC-3638,3265555,False,3
CC-3638,3265594,False,4
CC-3638,3268760,False,5
CC-3638,3270625,False,6
CC-3638,3270655,False,7
CC-3638,3270721,False,8
CC-3638,3270736,False,9
CC-3638,3270851,False,10
CC-3638,3276274,False,11
CC-3638,3277449,False,12
CC-3639,3277318,False,1
CC-3640,3277371,False,1
CC-3641,3277836,True,1
CC-3642,3277820,True,1
CC-3643,3275337,True,1
CC-3644,3273550,True,1
CC-3644,3275770,False,2
CC-3644,3275831,False,3
CC-3644,3275838,False,4
CC-3645,3277720,False,1
CC-3646,3275318,True,1
CC-3647,3270837,True,1
CC-3647,3275335,False,2
CC-3648,3275778,True,1
CC-3649,3277226,True,1
CC-3650,3274562,True,1
CC-3650,3275733,False,2
CC-3650,3276147,False,3
CC-3650,3276235,False,4
CC-3650,3276239,False,5
CC-3650,3276254,False,6
CC-3650,3276270,False,7
CC-3650,3276317,False,8
CC-3650,3276377,False,9
CC-3650,3276805,False,10
CC-3650,3276807,False,11
CC-3650,3276994,False,12
CC-3650,3277061,False,13
CC-3650,3277156,False,14
CC-3650,3277158,False,15
CC-3650,3277400,False,16
CC-3651,3275526,True,1
CC-3652,3277766,True,1
CC-3653,3259393,True,1
CC-3653,3259450,False,2
CC-3653,3259666,False,3
CC-3653,3263868,False,4
CC-3653,3263892,False,5
CC-3653,3264507,False,6
CC-3653,3268930,False,7
CC-3653,3268959,False,8
CC-3653,3273893,False,9
CC-3653,3275689,False,10
CC-3653,3277686,False,11
CC-3654,3276325,True,1
CC-3655,3276689,True,1
CC-3655,3278062,False,2
CC-3655,3278063,False,3
CC-3655,3278068,False,4
CC-3655,3278077,False,5
CC-3655,3278093,False,6
CC-3655,3278125,False,7
CC-3655,3278267,False,8
CC-3655,3278275,False,9
CC-3655,3278303,False,10
CC-3656,3276183,True,1
CC-3657,3271953,True,1
CC-3657,3271954,False,2
CC-3657,3273188,False,3
CC-3657,3274823,False,4
CC-3657,3276122,False,5
CC-3657,3276197,False,6
CC-3657,3276919,False,7
CC-3658,3276562,True,1
CC-3659,3276392,True,1
CC-3660,3277741,True,1
CC-3661,3275502,True,1
CC-3662,3276077,True,1
CC-3663,3277272,True,1
CC-3664,3278490,True,1
CC-3665,3276419,True,1
CC-3666,3276348,True,1
CC-3667,3276647,True,1
CC-3668,3276722,True,1
CC-3669,3277825,True,1
CC-3670,3278839,False,1
CC-3671,3278746,True,1
CC-3672,3280084,True,1
CC-3673,3277052,True,1
CC-3674,3278152,True,1
CC-3675,3280184,True,1
CC-3675,3280205,False,2
CC-3676,3277269,True,1
CC-3677,3277028,True,1
CC-3678,3271830,True,1
CC-3678,3271844,False,2
CC-3678,3277551,False,3
CC-3678,3277712,False,4
CC-3679,3277855,True,1
CC-3680,3278268,True,1
CC-3681,3280758,True,1
CC-3682,3275452,True,1
CC-3682,3280670,False,2
CC-3683,3278843,True,1
CC-3684,3278015,True,1
CC-3684,3278032,False,2
CC-3685,3274252,True,1
CC-3685,3274286,False,2
CC-3685,3274305,False,3
CC-3685,3274312,False,4
CC-3685,3274318,False,5
CC-3685,3274345,False,6
CC-3685,3274944,False,7
CC-3685,3274970,False,8
CC-3685,3278657,False,9
CC-3686,3280828,True,1
CC-3687,3278719,True,1
CC-3688,3279818,True,1
CC-3688,3279840,False,2
CC-3689,3278410,True,1
CC-3690,3280764,True,1
CC-3691,3278820,True,1
CC-3692,3276667,True,1
CC-3692,3279094,False,2
CC-3693,3279954,True,1
CC-3694,3277886,True,1
CC-3695,3278121,True,1
CC-3695,3278145,False,2
CC-3695,3278173,False,3
CC-3695,3278175,False,4
CC-3695,3278184,False,5
CC-3695,3278188,False,6
CC-3695,3278220,False,7
CC-3696,3280715,True,1
CC-3697,3279716,True,1
CC-3698,3279272,True,1
CC-3698,3279294,False,2
CC-3699,3279028,True,1
CC-3700,3278285,True,1
CC-3701,3280625,True,1
CC-3702,3280342,True,1
CC-3703,3281077,False,1
CC-3704,3281424,True,1
CC-3704,3281553,False,2
CC-3705,3280859,True,1
CC-3706,3280320,True,1
CC-3707,3279604,True,1
CC-3707,3279621,False,2
CC-3708,3278827,True,1
CC-3709,3282011,False,1
CC-3710,3279110,True,1
CC-3711,3281371,True,1
CC-3712,3277783,True,1
CC-3712,3279150,False,2
CC-3712,3279232,False,3
CC-3713,3268686,True,1
CC-3713,3271788,False,2
CC-3713,3274920,False,3
CC-3713,3280455,False,4
CC-3714,3270261,True,1
CC-3714,3276060,False,2
CC-3714,3281221,False,3
CC-3715,3278602,True,1
CC-3715,3282849,False,2
CC-3716,3276074,True,1
CC-3716,3280800,False,2
CC-3717,3279880,True,1
CC-3718,3278144,True,1
CC-3718,3279862,False,2
CC-3719,3279569,True,1
CC-3720,3280396,True,1
CC-3721,3279956,True,1
CC-3722,3282462,True,1
CC-3723,3283010,True,1
CC-3724,3282687,True,1
CC-3725,3280694,True,1
CC-3725,3280717,False,2
CC-3726,3282111,True,1
CC-3727,3275290,True,1
CC-3727,3277185,False,2
CC-3727,3280152,False,3
CC-3727,3280195,False,4
CC-3727,3282349,False,5
CC-3728,3280741,True,1
CC-3728,3281211,False,2
CC-3728,3283227,False,3
CC-3729,3281495,True,1
CC-3730,3281988,True,1
CC-3730,3283738,False,2
CC-3731,3281104,True,1
CC-3732,3278369,True,1
CC-3732,3278386,False,2
CC-3732,3279538,False,3
CC-3732,3282630,False,4
CC-3733,3282035,True,1
CC-3734,3283628,False,1
CC-3735,3281802,True,1
CC-3735,3281930,False,2
CC-3736,3283659,True,1
CC-3736,3283668,False,2
CC-3737,3281556,True,1
CC-3738,3283585,True,1
CC-3739,3282566,True,1
CC-3739,3282643,False,2
CC-3739,3282666,False,3
CC-3739,3283345,False,4
CC-3739,3283389,False,5
CC-3739,3283395,False,6
CC-3739,3283429,False,7
CC-3740,3278076,True,1
CC-3740,3279352,False,2
CC-3740,3279901,False,3
CC-3740,3281066,False,4
CC-3740,3282057,False,5
CC-3740,3282079,False,6
CC-3740,3282488,False,7
CC-3740,3282517,False,8
CC-3740,3282601,False,9
CC-3740,3282613,False,10
CC-3740,3282631,False,11
CC-3740,3282633,False,12
CC-3741,3283709,True,1
CC-3742,3280889,True,1
CC-3742,3282684,False,2
CC-3742,3282689,False,3
CC-3743,3281960,True,1
CC-3743,3282059,False,2
CC-3743,3282105,False,3
CC-3743,3282203,False,4
CC-3743,3282255,False,5
CC-3744,3281964,True,1
CC-3744,3282650,False,2
CC-3744,3282905,False,3
CC-3744,3282941,False,4
CC-3745,3283747,True,1
CC-3746,3277037,True,1
CC-3746,3279384,False,2
CC-3746,3283575,False,3
CC-3747,3282389,True,1
CC-3748,3284089,True,1
CC-3748,3284119,False,2
CC-3748,3284143,False,3
CC-3748,3284161,False,4
CC-3749,3238472,True,1
CC-3749,3239988,False,2
CC-3749,3240162,False,3
CC-3749,3245672,False,4
CC-3749,3245724,False,5
CC-3749,3246585,False,6
CC-3749,3248278,False,7
CC-3749,3248403,False,8
CC-3749,3250017,False,9
CC-3749,3250333,False,10
CC-3749,3250561,False,11
CC-3749,3251098,False,12
CC-3749,3256859,False,13
CC-3749,3262624,False,14
CC-3749,3267449,False,15
CC-3749,3267528,False,16
CC-3749,3267559,False,17
CC-3749,3267627,False,18
CC-3749,3272453,False,19
CC-3749,3272564,False,20
CC-3749,3272612,False,21
CC-3749,3274662,False,22
CC-3749,3274809,False,23
CC-3749,3274895,False,24
CC-3749,3274938,False,25
CC-3749,3277447,False,26
CC-3749,3279945,False,27
CC-3749,3279992,False,28
CC-3749,3280456,False,29
CC-3749,3281293,False,30
CC-3750,3276400,True,1
CC-3750,3277003,False,2
CC-3750,3278738,False,3
CC-3750,3280611,False,4
CC-3750,3280641,False,5
CC-3750,3280928,False,6
CC-3750,3281460,False,7
CC-3750,3281472,False,8
CC-3750,3281480,False,9
CC-3750,3281487,False,10
CC-3750,3284489,False,11
CC-3750,3284809,False,12
CC-3751,3284100,False,1
CC-3752,3284251,True,1
CC-3753,3284982,True,1
CC-3753,3285019,False,2
CC-3754,3276732,True,1
CC-3754,3277911,False,2
CC-3754,3281921,False,3
CC-3754,3281945,False,4
CC-3754,3281992,False,5
CC-3754,3282006,False,6
CC-3755,3281973,True,1
CC-3756,3276571,True,1
CC-3756,3281981,False,2
CC-3756,3282010,False,3
CC-3757,3265420,True,1
CC-3757,3265716,False,2
CC-3757,3265734,False,3
CC-3757,3267112,False,4
CC-3757,3268897,False,5
CC-3757,3270032,False,6
CC-3757,3270036,False,7
CC-3757,3270133,False,8
CC-3757,3272380,False,9
CC-3757,3272398,False,10
CC-3757,3272426,False,11
CC-3757,3275527,False,12
CC-3757,3275587,False,13
CC-3757,3275593,False,14
CC-3757,3277915,False,15
CC-3757,3277929,False,16
CC-3757,3279345,False,17
CC-3757,3279435,False,18
CC-3757,3284699,False,19
CC-3758,3282797,True,1
CC-3759,3285678,True,1
CC-3760,3281106,True,1
CC-3760,3283181,False,2
CC-3760,3283182,False,3
CC-3760,3283376,False,4
CC-3761,3285920,False,1
CC-3762,3283272,True,1
CC-3763,3283599,True,1
CC-3764,3278869,True,1
CC-3764,3280339,False,2
CC-3764,3285126,False,3
CC-3765,3260617,True,1
CC-3765,3261207,False,2
CC-3765,3262513,False,3
CC-3765,3262796,False,4
CC-3765,3265349,False,5
CC-3765,3266120,False,6
CC-3765,3267633,False,7
CC-3765,3268155,False,8
CC-3765,3268977,False,9
CC-3765,3270804,False,10
CC-3765,3271028,False,11
CC-3765,3271810,False,12
CC-3765,3271853,False,13
CC-3765,3271876,False,14
CC-3765,3274863,False,15
CC-3765,3274872,False,16
CC-3765,3277788,False,17
CC-3765,3277802,False,18
CC-3765,3281566,False,19
CC-3765,3282674,False,20
CC-3765,3282697,False,21
CC-3765,3282915,False,22
CC-3765,3282939,False,23
CC-3765,3283728,False,24
CC-3765,3283737,False,25
CC-3765,3283739,False,26
CC-3766,3282908,True,1
CC-3766,3282931,False,2
CC-3766,3282964,False,3
CC-3766,3282984,False,4
CC-3766,3282992,False,5
CC-3766,3283105,False,6
CC-3766,3283208,False,7
CC-3766,3284969,False,8
CC-3766,3285035,False,9
CC-3767,3276314,True,1
CC-3767,3276373,False,2
CC-3767,3280851,False,3
CC-3767,3280856,False,4
CC-3767,3283764,False,5
CC-3767,3283770,False,6
CC-3768,3277880,True,1
CC-3768,3279077,False,2
CC-3768,3279225,False,3
CC-3768,3284094,False,4
CC-3769,3285824,True,1
CC-3770,3284613,True,1
CC-3770,3284644,False,2
CC-3771,3286321,True,1
CC-3771,3286385,False,2
CC-3772,3282991,True,1
CC-3773,3272375,True,1
CC-3773,3276013,False,2
CC-3773,3276071,False,3
CC-3773,3279135,False,4
CC-3773,3284491,False,5
CC-3774,3283666,True,1
CC-3775,3278708,True,1
CC-3775,3278731,False,2
CC-3775,3279671,False,3
CC-3775,3279696,False,4
CC-3775,3283808,False,5
CC-3776,3284422,True,1
CC-3777,3284785,True,1
CC-3778,3285800,True,1
CC-3779,3285996,True,1
CC-3780,3286619,True,1
CC-3780,3286620,False,2
CC-3781,3284088,True,1
CC-3782,3286605,True,1
CC-3783,3275806,True,1
CC-3783,3275816,False,2
CC-3783,3279381,False,3
CC-3783,3279401,False,4
CC-3783,3281919,False,5
CC-3783,3282722,False,6
CC-3783,3282757,False,7
CC-3783,3282926,False,8
CC-3783,3284108,False,9
CC-3783,3284216,False,10
CC-3784,3279069,True,1
CC-3784,3282795,False,2
CC-3784,3282834,False,3
CC-3784,3282892,False,4
CC-3784,3283947,False,5
CC-3785,3284840,True,1
CC-3786,3286812,True,1
CC-3787,3286604,True,1
CC-3788,3286522,True,1
CC-3789,3287169,True,1
CC-3790,3286885,False,1
CC-3791,3129815,True,1
CC-3791,3130091,False,2
CC-3791,3131666,False,3
CC-3791,3131703,False,4
CC-3791,3131761,False,5
CC-3791,3134587,False,6
CC-3791,3134599,False,7
CC-3791,3136755,False,8
CC-3791,3139532,False,9
CC-3791,3141336,False,10
CC-3791,3143571,False,11
CC-3791,3144327,False,12
CC-3791,3146472,False,13
CC-3791,3147587,False,14
CC-3791,3147631,False,15
CC-3791,3148949,False,16
CC-3791,3149048,False,17
CC-3791,3149090,False,18
CC-3791,3149647,False,19
CC-3791,3151721,False,20
CC-3791,3153132,False,21
CC-3791,3153269,False,22
CC-3791,3153556,False,23
CC-3791,3156432,False,24
CC-3791,3158197,False,25
CC-3791,3158271,False,26
CC-3791,3158881,False,27
CC-3791,3159890,False,28
CC-3791,3162100,False,29
CC-3791,3162792,False,30
CC-3791,3166886,False,31
CC-3791,3169196,False,32
CC-3791,3169760,False,33
CC-3791,3171202,False,34
CC-3791,3172987,False,35
CC-3791,3173379,False,36
CC-3791,3175432,False,37
CC-3791,3176521,False,38
CC-3791,3176615,False,39
CC-3791,3177405,False,40
CC-3791,3179148,False,41
CC-3791,3179166,False,42
CC-3791,3179171,False,43
CC-3791,3179709,False,44
CC-3791,3182303,False,45
CC-3791,3182389,False,46
CC-3791,3182391,False,47
CC-3791,3183529,False,48
CC-3791,3183822,False,49
CC-3791,3183857,False,50
CC-3791,3183873,False,51
CC-3791,3183887,False,52
CC-3791,3185614,False,53
CC-3791,3185678,False,54
CC-3791,3186113,False,55
CC-3791,3189151,False,56
CC-3791,3189186,False,57
CC-3791,3189601,False,58
CC-3791,3191480,False,59
CC-3791,3195119,False,60
CC-3791,3195173,False,61
CC-3791,3195554,False,62
CC-3791,3195592,False,63
CC-3791,3197170,False,64
CC-3791,3198679,False,65
CC-3791,3200186,False,66
CC-3791,3200959,False,67
CC-3791,3201043,False,68
CC-3791,3203088,False,69
CC-3791,3204867,False,70
CC-3791,3205308,False,71
CC-3791,3205786,False,72
CC-3791,3208689,False,73
CC-3791,3209071,False,74
CC-3791,3209648,False,75
CC-3791,3209722,False,76
CC-3791,3210131,False,77
CC-3791,3210845,False,78
CC-3791,3210926,False,79
CC-3791,3211128,False,80
CC-3791,3211593,False,81
CC-3791,3211615,False,82
CC-3791,3212481,False,83
CC-3791,3212550,False,84
CC-3791,3212613,False,85
CC-3791,3215926,False,86
CC-3791,3215942,False,87
CC-3791,3216543,False,88
CC-3791,3219162,False,89
CC-3791,3223132,False,90
CC-3791,3226284,False,91
CC-3791,3226725,False,92
CC-3791,3226734,False,93
CC-3791,3231434,False,94
CC-3791,3233173,False,95
CC-3791,3233228,False,96
CC-3791,3235559,False,97
CC-3791,3236631,False,98
CC-3791,3236647,False,99
CC-3791,3236665,False,100
CC-3791,3236668,False,101
CC-3791,3237972,False,102
CC-3791,3238533,False,103
CC-3791,3238621,False,104
CC-3791,3238623,False,105
CC-3791,3239518,False,106
CC-3791,3240516,False,107
CC-3791,3240921,False,108
CC-3791,3240957,False,109
CC-3791,3240960,False,110
CC-3791,3241005,False,111
CC-3791,3241049,False,112
CC-3791,3241218,False,113
CC-3791,3241262,False,114
CC-3791,3241272,False,115
CC-3791,3242180,False,116
CC-3791,3242793,False,117
CC-3791,3243108,False,118
CC-3791,3244089,False,119
CC-3791,3244728,False,120
CC-3791,3244818,False,121
CC-3791,3245054,False,122
CC-3791,3246465,False,123
CC-3791,3246735,False,124
CC-3791,3246761,False,125
CC-3791,3246809,False,126
CC-3791,3247094,False,127
CC-3791,3247549,False,128
CC-3791,3247561,False,129
CC-3791,3247778,False,130
CC-3791,3249944,False,131
CC-3791,3250164,False,132
CC-3791,3250434,False,133
CC-3791,3250824,False,134
CC-3791,3254238,False,135
CC-3791,3255084,False,136
CC-3791,3255377,False,137
CC-3791,3258069,False,138
CC-3791,3260115,False,139
CC-3791,3261197,False,140
CC-3791,3262382,False,141
CC-3791,3263880,False,142
CC-3791,3265413,False,143
CC-3791,3268438,False,144
CC-3791,3274303,False,145
CC-3791,3274347,False,146
CC-3791,3276249,False,147
CC-3791,3277369,False,148
CC-3791,3277381,False,149
CC-3791,3278497,False,150
CC-3791,3278530,False,151
CC-3791,3278707,False,152
CC-3791,3278841,False,153
CC-3791,3280154,False,154
CC-3791,3280363,False,155
CC-3791,3281130,False,156
CC-3791,3281149,False,157
CC-3791,3281881,False,158
CC-3791,3282380,False,159
CC-3791,3285046,False,160
CC-3792,3285608,True,1
CC-3792,3285616,False,2
CC-3793,3287200,False,1
CC-3794,3286895,False,1
CC-3795,3286509,True,1
CC-3796,3280397,True,1
CC-3796,3280811,False,2
CC-3796,3280879,False,3
CC-3796,3284358,False,4
CC-3796,3284393,False,5
CC-3796,3284503,False,6
CC-3796,3284506,False,7
CC-3796,3284549,False,8
CC-3796,3286577,False,9
CC-3796,3286582,False,10
CC-3797,3287475,True,1
CC-3798,3286392,True,1
CC-3799,3283803,True,1
CC-3799,3284842,False,2
CC-3800,3286806,True,1
CC-3801,3286039,True,1
CC-3802,3286712,True,1
CC-3803,3286617,True,1
CC-3804,3288517,False,1
CC-3805,3288342,True,1
CC-3806,3274736,True,1
CC-3806,3276362,False,2
CC-3806,3278393,False,3
CC-3806,3280523,False,4
CC-3806,3283755,False,5
CC-3806,3286913,False,6
CC-3807,3276043,True,1
CC-3807,3280761,False,2
CC-3807,3285588,False,3
CC-3808,3288505,True,1
CC-3809,3280981,True,1
CC-3809,3281509,False,2
CC-3809,3283672,False,3
CC-3809,3288200,False,4
CC-3810,3279942,True,1
CC-3810,3282827,False,2
CC-3810,3282857,False,3
CC-3810,3284622,False,4
CC-3810,3286076,False,5
CC-3811,3288919,True,1
CC-3811,3288959,False,2
CC-3811,3288979,False,3
CC-3812,3274942,True,1
CC-3812,3277276,False,2
CC-3812,3277576,False,3
CC-3812,3282655,False,4
CC-3812,3288091,False,5
CC-3813,3286546,True,1
CC-3813,3286547,False,2
CC-3814,3286398,True,1
CC-3815,3289126,True,1
CC-3816,3289065,True,1
CC-3817,3286615,True,1
CC-3818,3286642,True,1
CC-3819,3289205,True,1
CC-3819,3289220,False,2
CC-3820,3287661,True,1
CC-3821,3274830,True,1
CC-3821,3277847,False,2
CC-3821,3277850,False,3
CC-3821,3279313,False,4
CC-3821,3284741,False,5
CC-3821,3288463,False,6
CC-3822,3287891,True,1
CC-3822,3287933,False,2
CC-3822,3287969,False,3
CC-3822,3287990,False,4
CC-3823,3284371,True,1
CC-3823,3286804,False,2
CC-3824,3288235,True,1
CC-3825,3288475,True,1
CC-3826,3288513,True,1
CC-3827,3277580,True,1
CC-3827,3280667,False,2
CC-3827,3281949,False,3
CC-3827,3287337,False,4
CC-3827,3288172,False,5
CC-3827,3288926,False,6
CC-3828,3288329,True,1
CC-3828,3288334,False,2
CC-3829,3288726,True,1
CC-3830,3289293,True,1
CC-3831,3289233,True,1
CC-3832,3286893,True,1
CC-3833,3289637,True,1
CC-3834,3290087,True,1
CC-3835,3290132,True,1
CC-3835,3290138,False,2
CC-3836,3256822,True,1
CC-3836,3258217,False,2
CC-3836,3258243,False,3
CC-3836,3258247,False,4
CC-3836,3261842,False,5
CC-3836,3261883,False,6
CC-3836,3265497,False,7
CC-3836,3265631,False,8
CC-3836,3265783,False,9
CC-3836,3271573,False,10
CC-3836,3272302,False,11
CC-3836,3274523,False,12
CC-3836,3274552,False,13
CC-3836,3277429,False,14
CC-3836,3280777,False,15
CC-3836,3283690,False,16
CC-3836,3289141,False,17
CC-3837,3289884,False,1
CC-3838,3279348,True,1
CC-3838,3282077,False,2
CC-3838,3287391,False,3
CC-3838,3287442,False,4
CC-3839,3286667,True,1
CC-3839,3287338,False,2
CC-3840,3284957,True,1
CC-3840,3287994,False,2
CC-3841,3287951,True,1
CC-3841,3287980,False,2
CC-3841,3288030,False,3
CC-3841,3288033,False,4
CC-3842,3285721,True,1
CC-3842,3288796,False,2
CC-3843,3291284,True,1
CC-3844,3284164,True,1
CC-3844,3288101,False,2
CC-3844,3288118,False,3
CC-3844,3288237,False,4
CC-3844,3288267,False,5
CC-3844,3288281,False,6
CC-3844,3290166,False,7
CC-3845,3289911,True,1
CC-3846,3288978,True,1
CC-3846,3289190,False,2
CC-3847,3276475,True,1
CC-3847,3278661,False,2
CC-3847,3278706,False,3
CC-3847,3278720,False,4
CC-3847,3278904,False,5
CC-3847,3280215,False,6
CC-3847,3280382,False,7
CC-3847,3280497,False,8
CC-3847,3282182,False,9
CC-3847,3282266,False,10
CC-3847,3282913,False,11
CC-3847,3283368,False,12
CC-3847,3285683,False,13
CC-3847,3290175,False,14
CC-3848,3289357,True,1
CC-3848,3289361,False,2
CC-3848,3289363,False,3
CC-3849,3291643,True,1
CC-3850,3289318,True,1
CC-3851,3291600,True,1
CC-3852,3290499,True,1
CC-3853,3289324,True,1
CC-3854,3289333,True,1
CC-3855,3284482,True,1
CC-3855,3286364,False,2
CC-3855,3287611,False,3
CC-3855,3287679,False,4
CC-3855,3288283,False,5
CC-3855,3288460,False,6
CC-3855,3289311,False,7
CC-3856,3290346,True,1
CC-3857,3292102,True,1
CC-3858,3288773,True,1
CC-3858,3291595,False,2
CC-3859,3269996,True,1
CC-3859,3274535,False,2
CC-3859,3276381,False,3
CC-3859,3276407,False,4
CC-3859,3279861,False,5
CC-3859,3282394,False,6
CC-3859,3282443,False,7
CC-3859,3286598,False,8
CC-3859,3289657,False,9
CC-3859,3291146,False,10
CC-3859,3291566,False,11
CC-3860,3291089,True,1
CC-3861,3288092,True,1
CC-3861,3289581,False,2
CC-3861,3292085,False,3
CC-3862,3292933,False,1
CC-3863,3289301,True,1
CC-3863,3289690,False,2
CC-3863,3289994,False,3
CC-3863,3290073,False,4
CC-3863,3291082,False,5
CC-3864,3291032,True,1
CC-3864,3291501,False,2
CC-3864,3291516,False,3
CC-3865,3290512,True,1
CC-3866,3290105,True,1
CC-3866,3290140,False,2
CC-3867,3293053,True,1
CC-3867,3293098,False,2
CC-3868,3283427,True,1
CC-3868,3288156,False,2
CC-3868,3289998,False,3
CC-3868,3290230,False,4
CC-3869,3290287,True,1
CC-3869,3290363,False,2
CC-3870,3290690,True,1
CC-3871,3292914,True,1
CC-3872,3292241,True,1
CC-3872,3292275,False,2
CC-3873,3294265,False,1
CC-3874,3292054,True,1
CC-3875,3292539,True,1
CC-3875,3292551,False,2
CC-3876,3291893,True,1
CC-3877,3291581,True,1
CC-3877,3292179,False,2
CC-3877,3292187,False,3
CC-3878,3291113,True,1
CC-3879,3294010,True,1
CC-3880,3291954,True,1
CC-3880,3291964,False,2
CC-3881,3292777,True,1
CC-3882,3286887,True,1
CC-3882,3291739,False,2
CC-3883,3294006,True,1
CC-3883,3294500,False,2
CC-3884,3292805,True,1
CC-3885,3294553,True,1
CC-3886,3292070,True,1
CC-3887,3293463,True,1
CC-3887,3293519,False,2
CC-3888,3294806,False,1
CC-3889,3292113,True,1
CC-3890,3292311,True,1
CC-3890,3292320,False,2
CC-3890,3292331,False,3
CC-3890,3292381,False,4
CC-3890,3292390,False,5
CC-3890,3292391,False,6
CC-3890,3292432,False,7
CC-3890,3292434,False,8
CC-3890,3292452,False,9
CC-3890,3292482,False,10
CC-3891,3293652,True,1
CC-3891,3293719,False,2
CC-3892,3293263,True,1
CC-3893,3294808,True,1
CC-3894,3291473,True,1
CC-3894,3291475,False,2
CC-3894,3292332,False,3
CC-3894,3292356,False,4
CC-3895,3289906,True,1
CC-3895,3294924,False,2
CC-3896,3295030,True,1
CC-3897,3292562,True,1
CC-3898,3295004,True,1
CC-3899,3287842,True,1
CC-3899,3291285,False,2
CC-3899,3294069,False,3
CC-3899,3294310,False,4
CC-3899,3294923,False,5
CC-3899,3294932,False,6
CC-3900,3288357,True,1
CC-3900,3291054,False,2
CC-3900,3291088,False,3
CC-3900,3293774,False,4
CC-3900,3293830,False,5
CC-3900,3293844,False,6
CC-3901,3295263,False,1
CC-3902,3295978,True,1
CC-3902,3295992,False,2
CC-3902,3296012,False,3
CC-3903,3293644,True,1
CC-3903,3293971,False,2
CC-3903,3294003,False,3
CC-3904,3295387,True,1
CC-3905,3257020,True,1
CC-3905,3257030,False,2
CC-3905,3257080,False,3
CC-3905,3257121,False,4
CC-3905,3257584,False,5
CC-3905,3257647,False,6
CC-3905,3259674,False,7
CC-3905,3263403,False,8
CC-3905,3263419,False,9
CC-3905,3264289,False,10
CC-3905,3266394,False,11
CC-3905,3269346,False,12
CC-3905,3270045,False,13
CC-3905,3271281,False,14
CC-3905,3271291,False,15
CC-3905,3273531,False,16
CC-3905,3274038,False,17
CC-3905,3274582,False,18
CC-3905,3276134,False,19
CC-3905,3276895,False,20
CC-3905,3276960,False,21
CC-3905,3277868,False,22
CC-3905,3280771,False,23
CC-3905,3281699,False,24
CC-3905,3281735,False,25
CC-3905,3283597,False,26
CC-3905,3289024,False,27
CC-3905,3289315,False,28
CC-3905,3289316,False,29
CC-3905,3289319,False,30
CC-3905,3289322,False,31
CC-3905,3289323,False,32
CC-3905,3289325,False,33
CC-3905,3289328,False,34
CC-3905,3289753,False,35
CC-3905,3289762,False,36
CC-3905,3289809,False,37
CC-3905,3289966,False,38
CC-3905,3289991,False,39
CC-3905,3290047,False,40
CC-3905,3292106,False,41
CC-3905,3292107,False,42
CC-3905,3292108,False,43
CC-3905,3293317,False,44
CC-3906,3293805,True,1
CC-3906,3294333,False,2
CC-3907,3295041,True,1
CC-3907,3295045,False,2
CC-3907,3295052,False,3
CC-3907,3295051,False,4
CC-3908,3295075,True,1
CC-3908,3295082,False,2
CC-3908,3295083,False,3
CC-3908,3295085,False,4
CC-3908,3295088,False,5
CC-3909,3294977,True,1
CC-3910,3296477,True,1
CC-3910,3296480,False,2
CC-3911,3293840,True,1
CC-3911,3293997,False,2
CC-3911,3294185,False,3
CC-3912,3296708,True,1
CC-3913,3295519,True,1
CC-3914,3295293,True,1
CC-3915,3295029,True,1
CC-3916,3296335,True,1
CC-3917,3297613,False,1
CC-3918,3294981,True,1
CC-3919,3292928,True,1
CC-3919,3294404,False,2
CC-3920,3289320,True,1
CC-3920,3291239,False,2
CC-3920,3294038,False,3
CC-3921,3286325,True,1
CC-3921,3290280,False,2
CC-3921,3293081,False,3
CC-3921,3293091,False,4
CC-3921,3293497,False,5
CC-3921,3293521,False,6
CC-3921,3297227,False,7
CC-3921,3297230,False,8
CC-3922,3297525,True,1
CC-3923,3290585,True,1
CC-3923,3290595,False,2
CC-3923,3292521,False,3
CC-3923,3292580,False,4
CC-3923,3292594,False,5
CC-3923,3292610,False,6
CC-3923,3292823,False,7
CC-3923,3292930,False,8
CC-3923,3292932,False,9
CC-3923,3293383,False,10
CC-3923,3293575,False,11
CC-3923,3293999,False,12
CC-3924,3296194,True,1
CC-3925,3294556,True,1
CC-3925,3297421,False,2
CC-3926,3296513,True,1
CC-3927,3297559,False,1
CC-3928,3288848,True,1
CC-3928,3293885,False,2
CC-3928,3294390,False,3
CC-3928,3295001,False,4
CC-3929,3295028,True,1
CC-3930,3287612,True,1
CC-3930,3290851,False,2
CC-3930,3293933,False,3
CC-3930,3294009,False,4
CC-3930,3295346,False,5
CC-3931,3297155,False,1
CC-3932,3297529,True,1
CC-3933,3287532,True,1
CC-3933,3288286,False,2
CC-3933,3292088,False,3
CC-3933,3294903,False,4
CC-3933,3294914,False,5
CC-3933,3294947,False,6
CC-3933,3294950,False,7
CC-3934,3295048,True,1
CC-3935,3297399,True,1
CC-3935,3297501,False,2
CC-3936,3296046,True,1
CC-3937,3295049,True,1
CC-3938,3297180,True,1
CC-3938,3297181,False,2
CC-3939,3295155,True,1
CC-3939,3296631,False,2
CC-3939,3296641,False,3
CC-3939,3296923,False,4
CC-3940,3293850,True,1
CC-3940,3295243,False,2
CC-3941,3298081,True,1
CC-3942,3295013,True,1
CC-3942,3298549,False,2
CC-3943,3295941,True,1
CC-3944,3297061,True,1
CC-3945,3295839,True,1
CC-3946,3297548,True,1
CC-3947,3298712,True,1
CC-3948,3298197,True,1
CC-3949,3295620,True,1
CC-3950,3295672,True,1
CC-3951,3295881,True,1
CC-3951,3297196,False,2
CC-3952,3298557,True,1
CC-3952,3298615,False,2
CC-3953,3288548,True,1
CC-3953,3289307,False,2
CC-3953,3292077,False,3
CC-3953,3292080,False,4
CC-3953,3292081,False,5
CC-3953,3292084,False,6
CC-3953,3292086,False,7
CC-3953,3293149,False,8
CC-3953,3293962,False,9
CC-3953,3294651,False,10
CC-3953,3296582,False,11
CC-3953,3296657,False,12
CC-3953,3297029,False,13
CC-3953,3297040,False,14
CC-3953,3298349,False,15
CC-3954,3298577,True,1
CC-3955,3297406,True,1
CC-3955,3297456,False,2
CC-3956,3296104,True,1
CC-3957,3295054,True,1
CC-3957,3295064,False,2
CC-3957,3297556,False,3
CC-3958,3297305,True,1
CC-3959,3299751,True,1
CC-3959,3299782,False,2
CC-3959,3299816,False,3
CC-3960,3297830,True,1
CC-3961,3291201,True,1
CC-3961,3291812,False,2
CC-3961,3296616,False,3
CC-3961,3296915,False,4
CC-3961,3297159,False,5
CC-3961,3297781,False,6
CC-3961,3299608,False,7
CC-3961,3299724,False,8
CC-3962,3287866,True,1
CC-3962,3291713,False,2
CC-3962,3294916,False,3
CC-3962,3296428,False,4
CC-3963,3296433,True,1
CC-3963,3296442,False,2
CC-3964,3299772,True,1
CC-3964,3299845,False,2
CC-3965,3297244,True,1
CC-3966,3300574,False,1
CC-3967,3296758,True,1
CC-3968,3280002,True,1
CC-3968,3280221,False,2
CC-3968,3280514,False,3
CC-3968,3282165,False,4
CC-3968,3282945,False,5
CC-3968,3285567,False,6
CC-3968,3287550,False,7
CC-3968,3290362,False,8
CC-3968,3292092,False,9
CC-3968,3297330,False,10
CC-3969,3300100,True,1
CC-3969,3300106,False,2
CC-3970,3299437,True,1
CC-3970,3299480,False,2
CC-3970,3299519,False,3
CC-3971,3300570,True,1
CC-3972,3300647,False,1
CC-3973,3300273,True,1
CC-3974,3299463,True,1
CC-3974,3299473,False,2
CC-3975,3300949,True,1
CC-3976,3298007,True,1
CC-3976,3298010,False,2
CC-3976,3299527,False,3
CC-3976,3299905,False,4
CC-3976,3299948,False,5
CC-3976,3299987,False,6
CC-3977,3289230,True,1
CC-3977,3290926,False,2
CC-3977,3294345,False,3
CC-3977,3294599,False,4
CC-3977,3294623,False,5
CC-3977,3294998,False,6
CC-3977,3295007,False,7
CC-3977,3296488,False,8
CC-3977,3296502,False,9
CC-3977,3296530,False,10
CC-3977,3296566,False,11
CC-3977,3296654,False,12
CC-3977,3298473,False,13
CC-3978,3298319,True,1
CC-3979,3291798,True,1
CC-3979,3291903,False,2
CC-3979,3293034,False,3
CC-3979,3293495,False,4
CC-3979,3295057,False,5
CC-3979,3295758,False,6
CC-3979,3296668,False,7
CC-3979,3299590,False,8
CC-3979,3299594,False,9
CC-3979,3299754,False,10
CC-3980,3299383,True,1
CC-3981,3295790,True,1
CC-3981,3298762,False,2
CC-3982,3293884,True,1
CC-3982,3297234,False,2
CC-3982,3298988,False,3
CC-3982,3299044,False,4
CC-3982,3299267,False,5
CC-3982,3299356,False,6
CC-3982,3299395,False,7
CC-3982,3299478,False,8
CC-3982,3299506,False,9
CC-3983,3299163,True,1
CC-3983,3299188,False,2
CC-3983,3299221,False,3
CC-3984,3301016,True,1
CC-3985,3296961,True,1
CC-3985,3298456,False,2
CC-3985,3298459,False,3
CC-3986,3298535,True,1
CC-3986,3298574,False,2
CC-3987,3295394,True,1
CC-3987,3300413,False,2
CC-3988,3290319,True,1
CC-3988,3290374,False,2
CC-3988,3292416,False,3
CC-3988,3293347,False,4
CC-3988,3298793,False,5
CC-3989,3299050,True,1
CC-3990,3298505,True,1
CC-3991,3301292,False,1
CC-3992,3298486,True,1
CC-3993,3298493,True,1
CC-3994,3299277,True,1
CC-3994,3299335,False,2
CC-3995,3299803,True,1
CC-3995,3299812,False,2
CC-3996,3301448,True,1
CC-3997,3300788,True,1
CC-3997,3300791,False,2
CC-3998,3299324,True,1
CC-3999,3301740,True,1
CC-4000,3302493,False,1
CC-4001,3292537,True,1
CC-4001,3295098,False,2
CC-4001,3297156,False,3
CC-4001,3297166,False,4
CC-4001,3302550,False,5
CC-4001,3302597,False,6
CC-4002,3299840,True,1
CC-4003,3295463,True,1
CC-4003,3301459,False,2
CC-4004,3301813,False,1
CC-4005,3301000,True,1
CC-4006,3300469,True,1
CC-4007,3300380,True,1
CC-4007,3300502,False,2
CC-4008,3300543,True,1
CC-4009,3300993,True,1
CC-4010,3301358,True,1
CC-4011,3299555,True,1
CC-4012,3299408,True,1
CC-4013,3302070,False,1
CC-4014,3300752,True,1
CC-4014,3300866,False,2
CC-4014,3300900,False,3
CC-4015,3303437,False,1
CC-4016,3300249,True,1
CC-4016,3300266,False,2
CC-4016,3300296,False,3
CC-4017,3302887,False,1
CC-4018,3301642,True,1
CC-4018,3301654,False,2
CC-4019,3302560,True,1
CC-4020,3302195,True,1
CC-4021,3304005,False,1
CC-4022,3302065,True,1
CC-4023,3300582,True,1
CC-4023,3300617,False,2
CC-4023,3301347,False,3
CC-4024,3300560,True,1
CC-4025,3304043,True,1
CC-4026,3301009,True,1
CC-4026,3301014,False,2
CC-4027,3303310,False,1
CC-4028,3300226,True,1
CC-4028,3300658,False,2
CC-4029,3297982,True,1
CC-4029,3297992,False,2
CC-4029,3301057,False,3
CC-4030,3303629,True,1
CC-4031,3301786,True,1
CC-4031,3301920,False,2
CC-4032,3301955,True,1
CC-4033,3295011,True,1
CC-4033,3300995,False,2
CC-4033,3301013,False,3
CC-4033,3304061,False,4
CC-4033,3304067,False,5
CC-4034,3299884,True,1
CC-4034,3300651,False,2
CC-4035,3302013,True,1
CC-4035,3302100,False,2
CC-4036,3303816,True,1
CC-4037,3302187,True,1
CC-4038,3302089,True,1
CC-4039,3301024,True,1
CC-4039,3302778,False,2
CC-4039,3302790,False,3
CC-4039,3302838,False,4
CC-4040,3303829,True,1
CC-4041,3304132,True,1
CC-4041,3304135,False,2
CC-4041,3304144,False,3
CC-4042,3303220,True,1
CC-4043,3302914,True,1
CC-4044,3302110,True,1
CC-4045,3304296,True,1
CC-4045,3304297,False,2
CC-4046,3304230,False,1
CC-4047,3300887,True,1
CC-4047,3301641,False,2
CC-4047,3301676,False,3
CC-4047,3302894,False,4
CC-4048,3299393,True,1
CC-4048,3299800,False,2
CC-4048,3299941,False,3
CC-4048,3303570,False,4
CC-4049,3305122,True,1
CC-4050,3302888,True,1
CC-4051,3303554,True,1
CC-4051,3303590,False,2
CC-4052,3302989,True,1
CC-4052,3302998,False,2
CC-4052,3303034,False,3
CC-4052,3303048,False,4
CC-4053,3299857,True,1
CC-4053,3299961,False,2
CC-4053,3305005,False,3
CC-4054,3305206,True,1
CC-4055,3304569,True,1
CC-4056,3304173,True,1
CC-4057,3299074,True,1
CC-4057,3302315,False,2
CC-4057,3302453,False,3
CC-4058,3292064,True,1
CC-4058,3293335,False,2
CC-4058,3293701,False,3
CC-4058,3293989,False,4
CC-4058,3294045,False,5
CC-4058,3295903,False,6
CC-4058,3295953,False,7
CC-4058,3295964,False,8
CC-4058,3295993,False,9
CC-4058,3299703,False,10
CC-4058,3300634,False,11
CC-4058,3304161,False,12
CC-4058,3304743,False,13
CC-4059,3296072,True,1
CC-4059,3297930,False,2
CC-4059,3299406,False,3
CC-4059,3300355,False,4
CC-4059,3302537,False,5
CC-4059,3302546,False,6
CC-4059,3302557,False,7
CC-4059,3302576,False,8
CC-4059,3302617,False,9
CC-4059,3303972,False,10
CC-4059,3303976,False,11
CC-4060,3304916,True,1
CC-4061,3290619,True,1
CC-4061,3291053,False,2
CC-4061,3291155,False,3
CC-4061,3292226,False,4
CC-4061,3295487,False,5
CC-4061,3298099,False,6
CC-4061,3301306,False,7
CC-4061,3303568,False,8
CC-4061,3303604,False,9
CC-4061,3305033,False,10
CC-4061,3305034,False,11
CC-4061,3305072,False,12
CC-4061,3305092,False,13
CC-4061,3306002,False,14
CC-4062,3305835,True,1
CC-4063,3301452,True,1
CC-4063,3302982,False,2
CC-4063,3303057,False,3
CC-4064,3304843,True,1
CC-4064,3304854,False,2
CC-4065,3297776,True,1
CC-4065,3297799,False,2
CC-4065,3297815,False,3
CC-4065,3299077,False,4
CC-4065,3300785,False,5
CC-4065,3300786,False,6
CC-4065,3301032,False,7
CC-4065,3301047,False,8
CC-4065,3301058,False,9
CC-4065,3301061,False,10
CC-4065,3303106,False,11
CC-4065,3304306,False,12
CC-4066,3275379,True,1
CC-4066,3278531,False,2
CC-4066,3279617,False,3
CC-4066,3280570,False,4
CC-4066,3281611,False,5
CC-4066,3283961,False,6
CC-4066,3283983,False,7
CC-4066,3283990,False,8
CC-4066,3284008,False,9
CC-4066,3284034,False,10
CC-4066,3284237,False,11
CC-4066,3284664,False,12
CC-4066,3285065,False,13
CC-4066,3285657,False,14
CC-4066,3285718,False,15
CC-4066,3286939,False,16
CC-4066,3288494,False,17
CC-4066,3289327,False,18
CC-4066,3289336,False,19
CC-4066,3291038,False,20
CC-4066,3291099,False,21
CC-4066,3293539,False,22
CC-4066,3293705,False,23
CC-4066,3295227,False,24
CC-4066,3295559,False,25
CC-4066,3295636,False,26
CC-4066,3295642,False,27
CC-4066,3295954,False,28
CC-4066,3296403,False,29
CC-4066,3296548,False,30
CC-4066,3296597,False,31
CC-4066,3297966,False,32
CC-4066,3299297,False,33
CC-4066,3299299,False,34
CC-4066,3299615,False,35
CC-4066,3302789,False,36
CC-4066,3302801,False,37
CC-4066,3303442,False,38
CC-4066,3303452,False,39
CC-4066,3303460,False,40
CC-4066,3303514,False,41
CC-4066,3303535,False,42
CC-4066,3303551,False,43
CC-4066,3304488,False,44
CC-4066,3304518,False,45
CC-4067,3305765,True,1
CC-4068,3306941,True,1
CC-4069,3307130,True,1
CC-4070,3301381,True,1
CC-4070,3301771,False,2
CC-4070,3304460,False,3
CC-4071,3305166,True,1
CC-4072,3290360,True,1
CC-4072,3290424,False,2
CC-4072,3291243,False,3
CC-4072,3291249,False,4
CC-4072,3291535,False,5
CC-4072,3291551,False,6
CC-4072,3292920,False,7
CC-4072,3294372,False,8
CC-4072,3299295,False,9
CC-4072,3299301,False,10
CC-4072,3299345,False,11
CC-4072,3301313,False,12
CC-4072,3301644,False,13
CC-4072,3303578,False,14
CC-4072,3305404,False,15
CC-4073,3301865,True,1
CC-4073,3302163,False,2
CC-4073,3302342,False,3
CC-4073,3304616,False,4
CC-4074,3306561,True,1
CC-4075,3305827,True,1
CC-4075,3306122,False,2
CC-4076,3306154,True,1
CC-4077,3304423,True,1
CC-4078,3306528,True,1
CC-4079,3305323,True,1
CC-4079,3305502,False,2
CC-4080,3305699,True,1
CC-4081,3305251,True,1
CC-4082,3307322,True,1
CC-4083,3301528,True,1
CC-4083,3301985,False,2
CC-4083,3302024,False,3
CC-4083,3302149,False,4
CC-4083,3302532,False,5
CC-4083,3302844,False,6
CC-4083,3304495,False,7
CC-4083,3304532,False,8
CC-4084,3307363,True,1
CC-4085,3305332,True,1
CC-4085,3305352,False,2
CC-4085,3305355,False,3
CC-4085,3305381,False,4
CC-4085,3305395,False,5
CC-4086,3305526,True,1
CC-4086,3305559,False,2
CC-4086,3305579,False,3
CC-4086,3305646,False,4
CC-4087,3299211,True,1
CC-4087,3299551,False,2
CC-4087,3304511,False,3
CC-4088,3307881,False,1
CC-4089,3299485,True,1
CC-4089,3303910,False,2
CC-4089,3304330,False,3
CC-4090,3307859,True,1
CC-4091,3305648,True,1
CC-4092,3307284,True,1
CC-4093,3304855,True,1
CC-4094,3306171,True,1
CC-4095,3307464,False,1
CC-4096,3308592,True,1
CC-4096,3308606,False,2
CC-4097,3308050,True,1
CC-4097,3308319,False,2
CC-4098,3306853,True,1
CC-4098,3307375,False,2
CC-4098,3307380,False,3
CC-4098,3307383,False,4
CC-4099,3294733,True,1
CC-4099,3297975,False,2
CC-4099,3297979,False,3
CC-4099,3297984,False,4
CC-4099,3297990,False,5
CC-4099,3297994,False,6
CC-4099,3298031,False,7
CC-4099,3298757,False,8
CC-4099,3298763,False,9
CC-4099,3298764,False,10
CC-4099,3299679,False,11
CC-4099,3299692,False,12
CC-4099,3299785,False,13
CC-4099,3301180,False,14
CC-4099,3306712,False,15
CC-4099,3306778,False,16
CC-4099,3306807,False,17
CC-4099,3306871,False,18
CC-4100,3300506,True,1
CC-4100,3304531,False,2
CC-4100,3305419,False,3
CC-4101,3306615,True,1
CC-4101,3306944,False,2
CC-4102,3308628,True,1
CC-4103,3306767,True,1
CC-4103,3306784,False,2
CC-4103,3306842,False,3
CC-4103,3306860,False,4
CC-4103,3306866,False,5
CC-4104,3308170,True,1
CC-4105,3306600,True,1
CC-4105,3306630,False,2
CC-4106,3305644,True,1
CC-4107,3306003,True,1
CC-4107,3306009,False,2
CC-4107,3307406,False,3
CC-4108,3304224,True,1
CC-4108,3309364,False,2
CC-4109,3309042,True,1
CC-4110,3307029,True,1
CC-4111,3308176,True,1
CC-4112,3308944,False,1
CC-4113,3306869,True,1
CC-4114,3308534,True,1
CC-4115,3305595,True,1
CC-4115,3305689,False,2
CC-4115,3309508,False,3
CC-4116,3303082,True,1
CC-4116,3307880,False,2
CC-4117,3307018,True,1
CC-4117,3310321,False,2
CC-4118,3309711,False,1
CC-4119,3307433,True,1
CC-4119,3309232,False,2
CC-4119,3309824,False,3
CC-4119,3309848,False,4
CC-4119,3309867,False,5
CC-4120,3307136,True,1
CC-4121,3308465,True,1
CC-4122,3307403,True,1
CC-4123,3307936,True,1
CC-4124,3307384,True,1
CC-4124,3307388,False,2
CC-4124,3307389,False,3
CC-4124,3307392,False,4
CC-4125,3307695,True,1
CC-4125,3308122,False,2
CC-4125,3308172,False,3
CC-4125,3308184,False,4
CC-4126,3307820,True,1
CC-4127,3302282,True,1
CC-4127,3302362,False,2
CC-4127,3304498,False,3
CC-4127,3309365,False,4
CC-4128,3308844,True,1
CC-4129,3308852,True,1
CC-4130,3309083,True,1
CC-4131,3308578,True,1
CC-4132,3308587,True,1
CC-4133,3311300,True,1
CC-4134,3307914,True,1
CC-4134,3307946,False,2
CC-4134,3307954,False,3
CC-4135,3310982,True,1
CC-4136,3302175,True,1
CC-4136,3302196,False,2
CC-4136,3302288,False,3
CC-4136,3302961,False,4
CC-4136,3303086,False,5
CC-4136,3303112,False,6
CC-4136,3303129,False,7
CC-4136,3303134,False,8
CC-4136,3303147,False,9
CC-4136,3303193,False,10
CC-4136,3303240,False,11
CC-4136,3303312,False,12
CC-4136,3303313,False,13
CC-4136,3303349,False,14
CC-4136,3303422,False,15
CC-4136,3303468,False,16
CC-4136,3303599,False,17
CC-4136,3303753,False,18
CC-4136,3303763,False,19
CC-4136,3306756,False,20
CC-4136,3306766,False,21
CC-4136,3307149,False,22
CC-4136,3307151,False,23
CC-4136,3307186,False,24
CC-4136,3307275,False,25
CC-4136,3307289,False,26
CC-4136,3307903,False,27
CC-4136,3307926,False,28
CC-4136,3309036,False,29
CC-4136,3309063,False,30
CC-4136,3309220,False,31
CC-4136,3309293,False,32
CC-4136,3309442,False,33
CC-4136,3309558,False,34
CC-4137,3308471,True,1
CC-4137,3308484,False,2
CC-4138,3307741,True,1
CC-4138,3307794,False,2
CC-4139,3311542,True,1
CC-4140,3309323,True,1
CC-4140,3309332,False,2
CC-4141,3311375,True,1
CC-4142,3305678,True,1
CC-4142,3309960,False,2
CC-4143,3310570,True,1
CC-4144,3308938,True,1
CC-4144,3308963,False,2
CC-4144,3309014,False,3
CC-4144,3309025,False,4
CC-4145,3311511,True,1
CC-4146,3310974,True,1
CC-4147,3311813,True,1
CC-4148,3312629,False,1
CC-4149,3309273,True,1
CC-4149,3311356,False,2
CC-4150,3302477,True,1
CC-4150,3306800,False,2
CC-4150,3306873,False,3
CC-4150,3310880,False,4
CC-4151,3309058,True,1
CC-4151,3311076,False,2
CC-4152,3311445,True,1
CC-4152,3311458,False,2
CC-4153,3311311,True,1
CC-4154,3310141,True,1
CC-4154,3313916,False,2
CC-4155,3312429,True,1
CC-4156,3303851,True,1
CC-4156,3307349,False,2
CC-4156,3307352,False,3
CC-4156,3307432,False,4
CC-4156,3309428,False,5
CC-4156,3309480,False,6
CC-4156,3311206,False,7
CC-4157,3313760,True,1
CC-4158,3313830,False,1
CC-4159,3311841,True,1
CC-4160,3311844,True,1
CC-4161,3311983,True,1
CC-4162,3312262,True,1
CC-4163,3302372,True,1
CC-4163,3305687,False,2
CC-4163,3306629,False,3
CC-4163,3308640,False,4
CC-4163,3308682,False,5
CC-4163,3309941,False,6
CC-4163,3312546,False,7
CC-4164,3312835,True,1
CC-4165,3311096,True,1
CC-4166,3311315,True,1
CC-4166,3311364,False,2
CC-4167,3312358,True,1
CC-4167,3312745,False,2
CC-4167,3312746,False,3
CC-4167,3312825,False,4
CC-4168,3312710,True,1
CC-4168,3312880,False,2
CC-4169,3312832,True,1
CC-4170,3305098,True,1
CC-4170,3308116,False,2
CC-4170,3311416,False,3
CC-4170,3311493,False,4
CC-4171,3314207,True,1
CC-4171,3314219,False,2
CC-4172,3313014,True,1
CC-4172,3314235,False,2
CC-4173,3314530,False,1
CC-4174,3313624,True,1
CC-4175,3312758,True,1
CC-4176,3294043,True,1
CC-4176,3299114,False,2
CC-4176,3299441,False,3
CC-4176,3303611,False,4
CC-4176,3305290,False,5
CC-4176,3311690,False,6
CC-4176,3312356,False,7
CC-4177,3303804,True,1
CC-4177,3305641,False,2
CC-4177,3305684,False,3
CC-4177,3309744,False,4
CC-4177,3310080,False,5
CC-4177,3312579,False,6
CC-4178,3310128,True,1
CC-4178,3312676,False,2
CC-4179,3312202,True,1
CC-4180,3314842,False,1
CC-4181,3311088,True,1
CC-4182,3312222,True,1
CC-4183,3313970,True,1
CC-4184,3313660,True,1
CC-4185,3311984,True,1
CC-4185,3314073,False,2
CC-4186,3313343,True,1
CC-4187,3311884,True,1
CC-4187,3314285,False,2
CC-4188,3313086,True,1
CC-4188,3313101,False,2
CC-4189,3313702,True,1
CC-4190,3312794,True,1
CC-4191,3313031,True,1
CC-4191,3313051,False,2
CC-4191,3313105,False,3
CC-4192,3312166,True,1
CC-4193,3313474,True,1
CC-4194,3306442,True,1
CC-4194,3307013,False,2
CC-4194,3307058,False,3
CC-4194,3307957,False,4
CC-4194,3307992,False,5
CC-4194,3308248,False,6
CC-4194,3308258,False,7
CC-4194,3308285,False,8
CC-4194,3308291,False,9
CC-4194,3308297,False,10
CC-4194,3312715,False,11
CC-4195,3303284,True,1
CC-4195,3303443,False,2
CC-4195,3305868,False,3
CC-4195,3311703,False,4
CC-4196,3304612,True,1
CC-4196,3304615,False,2
CC-4196,3309664,False,3
CC-4196,3312264,False,4
CC-4197,3315344,False,1
CC-4198,3309537,True,1
CC-4198,3309604,False,2
CC-4198,3310334,False,3
CC-4198,3310336,False,4
CC-4198,3310340,False,5
CC-4198,3310367,False,6
CC-4198,3310372,False,7
CC-4198,3310541,False,8
CC-4198,3315626,False,9
CC-4199,3315932,False,1
CC-4200,3314222,True,1
CC-4200,3314223,False,2
CC-4201,3309094,True,1
CC-4201,3309168,False,2
CC-4201,3312866,False,3
CC-4201,3312915,False,4
CC-4202,3315057,True,1
CC-4203,3314108,True,1
CC-4203,3314324,False,2
CC-4203,3314329,False,3
CC-4203,3314342,False,4
CC-4204,3312349,True,1
CC-4204,3312937,False,2
CC-4204,3312954,False,3
CC-4204,3313038,False,4
CC-4204,3313966,False,5
CC-4204,3313976,False,6
CC-4204,3316389,False,7
CC-4205,3317234,False,1
CC-4206,3317008,False,1
CC-4207,3317394,True,1
CC-4208,3317496,False,1
CC-4209,3313861,True,1
CC-4209,3316586,False,2
CC-4210,3312732,True,1
CC-4210,3317413,False,2
CC-4211,3316707,True,1
CC-4212,3314561,True,1
CC-4213,3316912,True,1
CC-4214,3314621,True,1
CC-4215,3301627,True,1
CC-4215,3302020,False,2
CC-4215,3302033,False,3
CC-4215,3302464,False,4
CC-4215,3304331,False,5
CC-4215,3306204,False,6
CC-4215,3307553,False,7
CC-4215,3310664,False,8
CC-4215,3314441,False,9
CC-4215,3314541,False,10
CC-4216,3310148,True,1
CC-4216,3310558,False,2
CC-4216,3310564,False,3
CC-4216,3310574,False,4
CC-4216,3314139,False,5
CC-4216,3314150,False,6
CC-4217,3317718,False,1
CC-4218,3307619,True,1
CC-4218,3309979,False,2
CC-4218,3310495,False,3
CC-4218,3317437,False,4
CC-4219,3317596,True,1
CC-4220,3307311,True,1
CC-4220,3311294,False,2
CC-4220,3311320,False,3
CC-4220,3311332,False,4
CC-4220,3311344,False,5
CC-4220,3311350,False,6
CC-4220,3311370,False,7
CC-4220,3311373,False,8
CC-4220,3311398,False,9
CC-4220,3311430,False,10
CC-4220,3314486,False,11
CC-4220,3314581,False,12
CC-4220,3314710,False,13
CC-4220,3314828,False,14
CC-4220,3314924,False,15
CC-4221,3315239,True,1
CC-4222,3315013,True,1
CC-4223,3317204,True,1
CC-4224,3316650,True,1
CC-4224,3316796,False,2
CC-4225,3300796,True,1
CC-4225,3303046,False,2
CC-4225,3304083,False,3
CC-4225,3304136,False,4
CC-4225,3304163,False,5
CC-4225,3304166,False,6
CC-4225,3304201,False,7
CC-4225,3308539,False,8
CC-4225,3308553,False,9
CC-4225,3311054,False,10
CC-4225,3318029,False,11
CC-4225,3318059,False,12
CC-4225,3318061,False,13
CC-4226,3313047,True,1
CC-4226,3316617,False,2
CC-4227,3314572,True,1
CC-4228,3315769,True,1
CC-4228,3318527,False,2
CC-4229,3317121,True,1
CC-4229,3317988,False,2
CC-4230,3318851,False,1
CC-4231,3290118,True,1
CC-4231,3290716,False,2
CC-4231,3291428,False,3
CC-4231,3293499,False,4
CC-4231,3293906,False,5
CC-4231,3295564,False,6
CC-4231,3296276,False,7
CC-4231,3297379,False,8
CC-4231,3298697,False,9
CC-4231,3299431,False,10
CC-4231,3300603,False,11
CC-4231,3302134,False,12
CC-4231,3305186,False,13
CC-4231,3306621,False,14
CC-4231,3307394,False,15
CC-4231,3309317,False,16
CC-4231,3312199,False,17
CC-4231,3313445,False,18
CC-4231,3315422,False,19
CC-4231,3316046,False,20
CC-4231,3316880,False,21
CC-4232,3318287,True,1
CC-4233,3315916,True,1
CC-4234,3296937,True,1
CC-4234,3299764,False,2
CC-4234,3300878,False,3
CC-4234,3303880,False,4
CC-4234,3303886,False,5
CC-4234,3303920,False,6
CC-4234,3305058,False,7
CC-4234,3305805,False,8
CC-4234,3305870,False,9
CC-4234,3305949,False,10
CC-4234,3311080,False,11
CC-4234,3311753,False,12
CC-4234,3317535,False,13
CC-4235,3318872,False,1
CC-4236,3319001,False,1
CC-4237,3318351,False,1
CC-4238,3317901,True,1
CC-4239,3319499,True,1
CC-4240,3316117,True,1
CC-4240,3316176,False,2
CC-4241,3317966,True,1
CC-4242,3321206,True,1
CC-4243,3318044,True,1
CC-4244,3318115,True,1
CC-4245,3318194,True,1
CC-4246,3317746,True,1
CC-4246,3317772,False,2
CC-4247,3317646,True,1
CC-4248,3317576,True,1
CC-4249,3321719,False,1
CC-4250,3317644,True,1
CC-4251,3317950,True,1
CC-4251,3317960,False,2
CC-4251,3317963,False,3
CC-4252,3319854,True,1
CC-4252,3320028,False,2
CC-4253,3320080,True,1
CC-4253,3320177,False,2
CC-4253,3320284,False,3
CC-4253,3320334,False,4
CC-4253,3321106,False,5
CC-4254,3315436,True,1
CC-4254,3321987,False,2
CC-4255,3321844,True,1
CC-4256,3319049,True,1
CC-4257,3320310,True,1
CC-4258,3319150,True,1
CC-4259,3322391,False,1
CC-4260,3318269,True,1
CC-4261,3322315,True,1
CC-4262,3322140,True,1
CC-4262,3322147,False,2
CC-4263,3307303,True,1
CC-4263,3307315,False,2
CC-4263,3310289,False,3
CC-4263,3313034,False,4
CC-4263,3314019,False,5
CC-4263,3315089,False,6
CC-4263,3315155,False,7
CC-4263,3319841,False,8
CC-4264,3320997,True,1
CC-4265,3318497,True,1
CC-4266,3322482,True,1
CC-4267,3316211,True,1
CC-4267,3316228,False,2
CC-4267,3322528,False,3
CC-4268,3322283,True,1
CC-4269,3321398,True,1
CC-4270,3314420,True,1
CC-4270,3319463,False,2
CC-4270,3319472,False,3
CC-4270,3322444,False,4
CC-4270,3322460,False,5
CC-4271,3319821,True,1
CC-4272,3313084,True,1
CC-4272,3318984,False,2
CC-4272,3320322,False,3
CC-4272,3323671,False,4
CC-4273,3311763,True,1
CC-4273,3313733,False,2
CC-4273,3319621,False,3
CC-4273,3319671,False,4
CC-4273,3324257,False,5
CC-4274,3310210,True,1
CC-4274,3310498,False,2
CC-4274,3317386,False,3
CC-4274,3317665,False,4
CC-4274,3321787,False,5
CC-4274,3322231,False,6
CC-4275,3321373,True,1
CC-4276,3324776,True,1
CC-4277,3322706,True,1
CC-4278,3322023,True,1
CC-4279,3321675,True,1
CC-4280,3319155,True,1
CC-4280,3320468,False,2
CC-4281,3322702,True,1
CC-4282,3325219,False,1
CC-4283,3318937,True,1
CC-4283,3319211,False,2
CC-4283,3321850,False,3
CC-4284,3311830,True,1
CC-4284,3311995,False,2
CC-4284,3312040,False,3
CC-4284,3317598,False,4
CC-4284,3324574,False,5
CC-4285,3321465,True,1
CC-4285,3321494,False,2
CC-4286,3322351,True,1
CC-4286,3322438,False,2
CC-4287,3312124,True,1
CC-4287,3314914,False,2
CC-4287,3322442,False,3
CC-4288,3321872,True,1
CC-4289,3324501,True,1
CC-4290,3322089,True,1
CC-4291,3320778,True,1
CC-4291,3324611,False,2
CC-4292,3322048,True,1
CC-4293,3322313,True,1
CC-4294,3320387,True,1
CC-4294,3324796,False,2
CC-4295,3325852,True,1
CC-4295,3325858,False,2
CC-4296,3325562,True,1
CC-4296,3325642,False,2
CC-4297,3314319,True,1
CC-4297,3321910,False,2
CC-4297,3325430,False,3
CC-4298,3322926,True,1
CC-4299,3307457,True,1
CC-4299,3313995,False,2
CC-4299,3314028,False,3
CC-4299,3314036,False,4
CC-4299,3316818,False,5
CC-4299,3316839,False,6
CC-4299,3316846,False,7
CC-4299,3318163,False,8
CC-4299,3322541,False,9
CC-4299,3324476,False,10
CC-4299,3324585,False,11
CC-4299,3326279,False,12
CC-4300,3326372,True,1
CC-4300,3326380,False,2
CC-4301,3325099,True,1
CC-4302,3323879,True,1
CC-4303,3323899,True,1
CC-4304,3322522,True,1
CC-4305,3326531,True,1
CC-4306,3316875,True,1
CC-4306,3323693,False,2
CC-4306,3323729,False,3
CC-4306,3324375,False,4
CC-4307,3323402,True,1
CC-4308,3326776,True,1
CC-4309,3323554,True,1
CC-4309,3326283,False,2
CC-4310,3313590,True,1
CC-4310,3313604,False,2
CC-4310,3313608,False,3
CC-4310,3313649,False,4
CC-4310,3313651,False,5
CC-4310,3313692,False,6
CC-4310,3313751,False,7
CC-4310,3313839,False,8
CC-4310,3314205,False,9
CC-4310,3317783,False,10
CC-4310,3320919,False,11
CC-4310,3320953,False,12
CC-4310,3321272,False,13
CC-4310,3323125,False,14
CC-4310,3324677,False,15
CC-4311,3322549,True,1
CC-4311,3322555,False,2
CC-4312,3321510,True,1
CC-4312,3321657,False,2
CC-4312,3326349,False,3
CC-4312,3326351,False,4
CC-4313,3325524,True,1
CC-4313,3325529,False,2
CC-4313,3325573,False,3
CC-4314,3326163,True,1
CC-4315,3324502,True,1
CC-4315,3324610,False,2
CC-4316,3327888,False,1
CC-4317,3325383,True,1
CC-4318,3327415,True,1
CC-4318,3327534,False,2
CC-4318,3327574,False,3
CC-4319,3325584,True,1
CC-4320,3327347,True,1
CC-4321,3322798,True,1
CC-4321,3324915,False,2
CC-4322,3328777,False,1
CC-4323,3327312,True,1
CC-4324,3328498,False,1
CC-4325,3327136,True,1
CC-4326,3324622,True,1
CC-4327,3324558,True,1
CC-4328,3326886,True,1
CC-4329,3328688,False,1
CC-4330,3319512,True,1
CC-4330,3325721,False,2
CC-4331,3329515,True,1
CC-4332,3328759,True,1
CC-4333,3328887,True,1
CC-4334,3324580,True,1
CC-4335,3324593,True,1
CC-4336,3329228,True,1
CC-4337,3321769,True,1
CC-4337,3324718,False,2
CC-4338,3329175,True,1
CC-4339,3328977,False,1
CC-4340,3308576,True,1
CC-4340,3308602,False,2
CC-4340,3308952,False,3
CC-4340,3309955,False,4
CC-4340,3313372,False,5
CC-4340,3317206,False,6
CC-4340,3318042,False,7
CC-4340,3318052,False,8
CC-4340,3318913,False,9
CC-4340,3325302,False,10
CC-4341,3304833,True,1
CC-4341,3305210,False,2
CC-4341,3306269,False,3
CC-4341,3307973,False,4
CC-4341,3308257,False,5
CC-4341,3312426,False,6
CC-4341,3320278,False,7
CC-4341,3325060,False,8
CC-4342,3326404,True,1
CC-4343,3323009,True,1
CC-4343,3330119,False,2
CC-4344,3325411,True,1
CC-4345,3323008,True,1
CC-4345,3326852,False,2
CC-4346,3329864,False,1
CC-4347,3327335,True,1
CC-4347,3327360,False,2
CC-4348,3326979,True,1
CC-4349,3329913,False,1
CC-4350,3328656,True,1
CC-4351,3323073,True,1
CC-4351,3329815,False,2
CC-4351,3329858,False,3
CC-4352,3330068,False,1
CC-4353,3329398,True,1
CC-4354,3314112,True,1
CC-4354,3315470,False,2
CC-4354,3315566,False,3
CC-4354,3316103,False,4
CC-4354,3316165,False,5
CC-4354,3317914,False,6
CC-4354,3324634,False,7
CC-4354,3324733,False,8
CC-4354,3328637,False,9
CC-4355,3324268,True,1
CC-4355,3329117,False,2
CC-4355,3329136,False,3
CC-4355,3329452,False,4
CC-4355,3329481,False,5
CC-4356,3321053,True,1
CC-4356,3321750,False,2
CC-4356,3327496,False,3
CC-4357,3318905,True,1
CC-4357,3324526,False,2
CC-4357,3326857,False,3
CC-4358,3328628,True,1
CC-4359,3326652,True,1
CC-4359,3327237,False,2
CC-4359,3327511,False,3
CC-4359,3327551,False,4
CC-4359,3327561,False,5
CC-4360,3327985,True,1
CC-4360,3328144,False,2
CC-4361,3329105,True,1
CC-4362,3327873,True,1
CC-4363,3328072,True,1
CC-4363,3329475,False,2
CC-4363,3329606,False,3
CC-4363,3330092,False,4
CC-4364,3322359,True,1
CC-4364,3324438,False,2
CC-4364,3327673,False,3
CC-4365,3327356,True,1
CC-4365,3327741,False,2
CC-4366,3326627,True,1
CC-4366,3330433,False,2
CC-4367,3328749,True,1
CC-4368,3323005,True,1
CC-4368,3330373,False,2
CC-4369,3331685,True,1
CC-4370,3332069,True,1
CC-4371,3327215,True,1
CC-4372,3331967,True,1
CC-4372,3332122,False,2
CC-4373,3327773,True,1
CC-4373,3330049,False,2
CC-4374,3302983,True,1
CC-4374,3305048,False,2
CC-4374,3305275,False,3
CC-4374,3311708,False,4
CC-4374,3312981,False,5
CC-4374,3317459,False,6
CC-4374,3319830,False,7
CC-4374,3323756,False,8
CC-4374,3327181,False,9
CC-4374,3328738,False,10
CC-4374,3328751,False,11
CC-4374,3328791,False,12
CC-4374,3329417,False,13
CC-4374,3330011,False,14
CC-4374,3331175,False,15
CC-4374,3331560,False,16
CC-4375,3333342,False,1
CC-4376,3321298,True,1
CC-4376,3324665,False,2
CC-4376,3328469,False,3
CC-4376,3329365,False,4
CC-4376,3329487,False,5
CC-4376,3329497,False,6
CC-4376,3329516,False,7
CC-4376,3329572,False,8
CC-4376,3329693,False,9
CC-4377,3311060,True,1
CC-4377,3317306,False,2
CC-4377,3318169,False,3
CC-4377,3318172,False,4
CC-4377,3318241,False,5
CC-4377,3320479,False,6
CC-4377,3320527,False,7
CC-4377,3320547,False,8
CC-4377,3320713,False,9
CC-4377,3321066,False,10
CC-4377,3325332,False,11
CC-4377,3330136,False,12
CC-4377,3332380,False,13
CC-4378,3330002,True,1
CC-4379,3330004,True,1
CC-4379,3330050,False,2
CC-4380,3330711,True,1
CC-4381,3332608,False,1
CC-4382,3328452,True,1
CC-4383,3332089,False,1
CC-4384,3315582,True,1
CC-4384,3319157,False,2
CC-4384,3323189,False,3
CC-4384,3324084,False,4
CC-4384,3324283,False,5
CC-4384,3324803,False,6
CC-4384,3328536,False,7
CC-4385,3328353,True,1
CC-4385,3328558,False,2
CC-4385,3328717,False,3
CC-4385,3329458,False,4
CC-4385,3329807,False,5
CC-4386,3333293,True,1
CC-4387,3325199,True,1
CC-4387,3325216,False,2
CC-4387,3325473,False,3
CC-4387,3328922,False,4
CC-4388,3330843,True,1
CC-4389,3333298,False,1
CC-4390,3328080,True,1
CC-4390,3328849,False,2
CC-4390,3333650,False,3
CC-4391,3330218,True,1
CC-4392,3331620,True,1
CC-4392,3331663,False,2
CC-4392,3331709,False,3
CC-4393,3330937,True,1
CC-4394,3321776,True,1
CC-4394,3329583,False,2
CC-4394,3331200,False,3
CC-4394,3331216,False,4
CC-4395,3333708,False,1
CC-4396,3321880,True,1
CC-4396,3322352,False,2
CC-4396,3330337,False,3
CC-4397,3333630,False,1
CC-4398,3332822,True,1
CC-4399,3331184,True,1
CC-4400,3333360,True,1
CC-4401,3330717,True,1
CC-4402,3330476,True,1
CC-4403,3333255,True,1
CC-4404,3333832,True,1
CC-4404,3333847,False,2
CC-4405,3334287,False,1
CC-4406,3329165,True,1
CC-4406,3329314,False,2
CC-4406,3331127,False,3
CC-4406,3331252,False,4
CC-4407,3333568,True,1
CC-4408,3333973,True,1
CC-4409,3332029,True,1
CC-4410,3333054,True,1
CC-4410,3333146,False,2
CC-4411,3331408,True,1
CC-4411,3331481,False,2
CC-4411,3331485,False,3
CC-4412,3321812,True,1
CC-4412,3326439,False,2
CC-4412,3328193,False,3
CC-4412,3329709,False,4
CC-4412,3330456,False,5
CC-4412,3331615,False,6
CC-4413,3328772,True,1
CC-4413,3331313,False,2
CC-4414,3322696,True,1
CC-4414,3326310,False,2
CC-4414,3332019,False,3
CC-4414,3334081,False,4
CC-4414,3334097,False,5
CC-4414,3334104,False,6
CC-4414,3334134,False,7
CC-4414,3334497,False,8
CC-4414,3334527,False,9
CC-4415,3334584,True,1
CC-4416,3322014,True,1
CC-4416,3323679,False,2
CC-4416,3331495,False,3
CC-4416,3331591,False,4
CC-4417,3329884,True,1
CC-4417,3330431,False,2
CC-4417,3330440,False,3
CC-4417,3331535,False,4
CC-4417,3331536,False,5
CC-4417,3331607,False,6
CC-4418,3332867,True,1
CC-4419,3333090,True,1
CC-4420,3336587,True,1
CC-4420,3336591,False,2
CC-4421,3332580,True,1
CC-4422,3333400,True,1
CC-4423,3332825,True,1
CC-4424,3333102,True,1
CC-4425,3332357,True,1
CC-4425,3335462,False,2
CC-4426,3335172,True,1
CC-4427,3326453,True,1
CC-4427,3326461,False,2
CC-4427,3332684,False,3
CC-4428,3334631,True,1
CC-4429,3332065,True,1
CC-4429,3332364,False,2
CC-4430,3336341,False,1
CC-4431,3336231,True,1
CC-4432,3327622,True,1
CC-4432,3327644,False,2
CC-4432,3327686,False,3
CC-4432,3327689,False,4
CC-4432,3327728,False,5
CC-4432,3327797,False,6
CC-4432,3332252,False,7
CC-4432,3332922,False,8
CC-4433,3334284,True,1
CC-4434,3315513,True,1
CC-4434,3320944,False,2
CC-4434,3321103,False,3
CC-4434,3321133,False,4
CC-4434,3322300,False,5
CC-4434,3322301,False,6
CC-4434,3326137,False,7
CC-4434,3328648,False,8
CC-4434,3328766,False,9
CC-4434,3329182,False,10
CC-4434,3329626,False,11
CC-4434,3330784,False,12
CC-4434,3332988,False,13
CC-4435,3334217,True,1
CC-4435,3334226,False,2
CC-4435,3334233,False,3
CC-4436,3312421,True,1
CC-4436,3315718,False,2
CC-4436,3317329,False,3
CC-4436,3319554,False,4
CC-4436,3319560,False,5
CC-4436,3319878,False,6
CC-4436,3319906,False,7
CC-4436,3319933,False,8
CC-4436,3326388,False,9
CC-4436,3331248,False,10
CC-4436,3333448,False,11
CC-4437,3337258,False,1
CC-4438,3330106,True,1
CC-4438,3333709,False,2
CC-4439,3337751,False,1
CC-4440,3337485,False,1
CC-4441,3337405,True,1
CC-4442,3337956,False,1
CC-4443,3337634,False,1
CC-4444,3335957,True,1
CC-4445,3338064,True,1
CC-4445,3338090,False,2
CC-4446,3338108,True,1
CC-4447,3315128,True,1
CC-4447,3319369,False,2
CC-4447,3319818,False,3
CC-4447,3322538,False,4
CC-4447,3322539,False,5
CC-4447,3324377,False,6
CC-4447,3324446,False,7
CC-4447,3324659,False,8
CC-4447,3325094,False,9
CC-4447,3326997,False,10
CC-4447,3327801,False,11
CC-4447,3330771,False,12
CC-4447,3330807,False,13
CC-4447,3331788,False,14
CC-4447,3331798,False,15
CC-4447,3333057,False,16
CC-4447,3334045,False,17
CC-4447,3336911,False,18
CC-4448,3320603,True,1
CC-4448,3321166,False,2
CC-4448,3321241,False,3
CC-4448,3322495,False,4
CC-4448,3324566,False,5
CC-4448,3329179,False,6
CC-4448,3329243,False,7
CC-4448,3329305,False,8
CC-4448,3334474,False,9
CC-4448,3335985,False,10
CC-4449,3337089,True,1
CC-4449,3337094,False,2
CC-4449,3337112,False,3
CC-4449,3337125,False,4
CC-4449,3337140,False,5
CC-4449,3337160,False,6
CC-4450,3336150,True,1
CC-4451,3327895,True,1
CC-4451,3329278,False,2
CC-4451,3335431,False,3
CC-4452,3322429,True,1
CC-4452,3322510,False,2
CC-4452,3329593,False,3
CC-4452,3329698,False,4
CC-4452,3329903,False,5
CC-4452,3333934,False,6
CC-4452,3333953,False,7
CC-4452,3335209,False,8
CC-4452,3335248,False,9
CC-4453,3332749,True,1
CC-4453,3332916,False,2
CC-4453,3333022,False,3
CC-4453,3334165,False,4
CC-4453,3334517,False,5
CC-4454,3325164,True,1
CC-4454,3331893,False,2
CC-4454,3332021,False,3
CC-4454,3332078,False,4
CC-4454,3333353,False,5
CC-4454,3335444,False,6
CC-4455,3332883,True,1
CC-4455,3335227,False,2
CC-4455,3335240,False,3
CC-4456,3329137,True,1
CC-4456,3335413,False,2
CC-4456,3335642,False,3
CC-4456,3337438,False,4
CC-4457,3338026,True,1
CC-4457,3338048,False,2
CC-4458,3328285,True,1
CC-4458,3330437,False,2
CC-4458,3335075,False,3
CC-4458,3335100,False,4
CC-4458,3336305,False,5
CC-4459,3325320,True,1
CC-4459,3332366,False,2
CC-4459,3335174,False,3
CC-4460,3336306,True,1
CC-4461,3337249,True,1
CC-4461,3338163,False,2
CC-4461,3338466,False,3
CC-4462,3338194,True,1
CC-4463,3333872,True,1
CC-4463,3334548,False,2
CC-4463,3334570,False,3
CC-4464,3329438,True,1
CC-4464,3329512,False,2
CC-4464,3335165,False,3
CC-4464,3335200,False,4
CC-4464,3335211,False,5
CC-4464,3335254,False,6
CC-4465,3337117,True,1
CC-4465,3337158,False,2
CC-4466,3339479,True,1
CC-4466,3339688,False,2
CC-4467,3338137,True,1
CC-4467,3338142,False,2
CC-4468,3336167,True,1
CC-4469,3321198,True,1
CC-4469,3325378,False,2
CC-4469,3327613,False,3
CC-4469,3328181,False,4
CC-4469,3330150,False,5
CC-4469,3330678,False,6
CC-4469,3330820,False,7
CC-4469,3331895,False,8
CC-4469,3334961,False,9
CC-4469,3336798,False,10
CC-4470,3339182,True,1
CC-4471,3335972,True,1
CC-4472,3332511,True,1
CC-4472,3337162,False,2
CC-4473,3340799,False,1
CC-4474,3316312,True,1
CC-4474,3316332,False,2
CC-4474,3319395,False,3
CC-4474,3322766,False,4
CC-4474,3324520,False,5
CC-4474,3328896,False,6
CC-4474,3330916,False,7
CC-4474,3332801,False,8
CC-4474,3337204,False,9
CC-4474,3339682,False,10
CC-4475,3339243,False,1
CC-4476,3340061,True,1
CC-4477,3323372,True,1
CC-4477,3323377,False,2
CC-4477,3323637,False,3
CC-4477,3329295,False,4
CC-4477,3336208,False,5
CC-4477,3337025,False,6
CC-4477,3337151,False,7
CC-4478,3339886,True,1
CC-4479,3316288,True,1
CC-4479,3321146,False,2
CC-4479,3321456,False,3
CC-4479,3321774,False,4
CC-4479,3322350,False,5
CC-4479,3323753,False,6
CC-4479,3325604,False,7
CC-4479,3325670,False,8
CC-4479,3325679,False,9
CC-4479,3326378,False,10
CC-4479,3326379,False,11
CC-4479,3326390,False,12
CC-4479,3326395,False,13
CC-4479,3326398,False,14
CC-4479,3328142,False,15
CC-4479,3328230,False,16
CC-4479,3330487,False,17
CC-4479,3332540,False,18
CC-4479,3336765,False,19
CC-4479,3337946,False,20
CC-4479,3337960,False,21
CC-4479,3337963,False,22
CC-4479,3338005,False,23
CC-4480,3339277,True,1
CC-4480,3339325,False,2
CC-4480,3339556,False,3
CC-4481,3339130,True,1
CC-4482,3335721,True,1
CC-4482,3337325,False,2
CC-4482,3337344,False,3
CC-4482,3337442,False,4
CC-4482,3337468,False,5
CC-4482,3337515,False,6
CC-4482,3337577,False,7
CC-4482,3340646,False,8
CC-4482,3340743,False,9
CC-4482,3340793,False,10
CC-4483,3333262,True,1
CC-4483,3339166,False,2
CC-4484,3338070,True,1
CC-4484,3338073,False,2
CC-4484,3338075,False,3
CC-4484,3338077,False,4
CC-4485,3334243,True,1
CC-4485,3334245,False,2
CC-4485,3337712,False,3
CC-4486,3339816,True,1
CC-4487,3336860,True,1
CC-4487,3336949,False,2
CC-4488,3340853,False,1
CC-4489,3340031,True,1
CC-4490,3338253,True,1
CC-4491,3337997,True,1
CC-4492,3340393,False,1
CC-4493,3340466,True,1
CC-4493,3340554,False,2
CC-4494,3337921,True,1
CC-4495,3338587,True,1
CC-4495,3339926,False,2
CC-4495,3339950,False,3
CC-4495,3340112,False,4
CC-4495,3340235,False,5
CC-4496,3328884,True,1
CC-4496,3328916,False,2
CC-4496,3336023,False,3
CC-4496,3337853,False,4
CC-4496,3341129,False,5
CC-4497,3326423,True,1
CC-4497,3329621,False,2
CC-4497,3333444,False,3
CC-4497,3334878,False,4
CC-4497,3339432,False,5
CC-4497,3340421,False,6
CC-4497,3340462,False,7
CC-4498,3338079,True,1
CC-4498,3338084,False,2
CC-4498,3340707,False,3
CC-4499,3339974,True,1
CC-4500,3338696,True,1
CC-4500,3338762,False,2
CC-4501,3302336,True,1
CC-4501,3308522,False,2
CC-4501,3308562,False,3
CC-4501,3308616,False,4
CC-4501,3308868,False,5
CC-4501,3309553,False,6
CC-4501,3310510,False,7
CC-4501,3310512,False,8
CC-4501,3313166,False,9
CC-4501,3315275,False,10
CC-4501,3317939,False,11
CC-4501,3317948,False,12
CC-4501,3317954,False,13
CC-4501,3317956,False,14
CC-4501,3317959,False,15
CC-4501,3318049,False,16
CC-4501,3319832,False,17
CC-4501,3319913,False,18
CC-4501,3326416,False,19
CC-4501,3332442,False,20
CC-4501,3334086,False,21
CC-4501,3336192,False,22
CC-4501,3337324,False,23
CC-4501,3337374,False,24
CC-4501,3338428,False,25
CC-4501,3338446,False,26
CC-4501,3338472,False,27
CC-4501,3338475,False,28
CC-4502,3341413,True,1
CC-4503,3340397,True,1
CC-4504,3336039,True,1
CC-4504,3336063,False,2
CC-4504,3339968,False,3
CC-4505,3341437,False,1
CC-4506,3341274,True,1
CC-4507,3338533,True,1
CC-4508,3338751,True,1
CC-4509,3338336,True,1
CC-4509,3338359,False,2
CC-4509,3338376,False,3
CC-4509,3339222,False,4
CC-4510,3341320,True,1
CC-4511,3339364,True,1
CC-4511,3339374,False,2
CC-4512,3338100,True,1
CC-4512,3341406,False,2
CC-4513,3336216,True,1
CC-4513,3336677,False,2
CC-4513,3336735,False,3
CC-4513,3340129,False,4
CC-4514,3341027,True,1
CC-4515,3337810,True,1
CC-4515,3341271,False,2
CC-4516,3340737,True,1
CC-4516,3340750,False,2
CC-4517,3338614,True,1
CC-4517,3338674,False,2
CC-4517,3338703,False,3
CC-4517,3341632,False,4
CC-4518,3341809,True,1
CC-4518,3341851,False,2
CC-4518,3341869,False,3
CC-4519,3317835,True,1
CC-4519,3320557,False,2
CC-4519,3324254,False,3
CC-4519,3324474,False,4
CC-4519,3329803,False,5
CC-4519,3329887,False,6
CC-4519,3329889,False,7
CC-4519,3329917,False,8
CC-4519,3329920,False,9
CC-4519,3329938,False,10
CC-4519,3329940,False,11
CC-4519,3330412,False,12
CC-4519,3330453,False,13
CC-4519,3334215,False,14
CC-4519,3336868,False,15
CC-4519,3338833,False,16
CC-4520,3341189,True,1
CC-4520,3342122,False,2
CC-4521,3327591,True,1
CC-4521,3330835,False,2
CC-4521,3337808,False,3
CC-4521,3339300,False,4
CC-4522,3342492,True,1
CC-4523,3339991,True,1
CC-4524,3341957,True,1
CC-4525,3339649,True,1
CC-4525,3341156,False,2
CC-4525,3341182,False,3
CC-4526,3338435,True,1
CC-4526,3340860,False,2
CC-4526,3340945,False,3
CC-4527,3329306,True,1
CC-4527,3334330,False,2
CC-4527,3340110,False,3
CC-4528,3342218,True,1
CC-4528,3342230,False,2
CC-4528,3342283,False,3
CC-4529,3342747,False,1
CC-4530,3343082,True,1
CC-4530,3343119,False,2
CC-4530,3343160,False,3
CC-4531,3341265,True,1
CC-4532,3342052,True,1
CC-4533,3318080,True,1
CC-4533,3321576,False,2
CC-4533,3325220,False,3
CC-4533,3325514,False,4
CC-4533,3325568,False,5
CC-4533,3328944,False,6
CC-4533,3332933,False,7
CC-4533,3333191,False,8
CC-4533,3333796,False,9
CC-4533,3334285,False,10
CC-4533,3337927,False,11
CC-4533,3343018,False,12
CC-4534,3337509,True,1
CC-4534,3339691,False,2
CC-4534,3343169,False,3
CC-4535,3343305,True,1
CC-4536,3340611,True,1
CC-4537,3340009,True,1
CC-4538,3344545,False,1
CC-4539,3343099,True,1
CC-4540,3341999,True,1
CC-4541,3309973,True,1
CC-4541,3316770,False,2
CC-4541,3321751,False,3
CC-4541,3322845,False,4
CC-4541,3322866,False,5
CC-4541,3323433,False,6
CC-4541,3323434,False,7
CC-4541,3323764,False,8
CC-4541,3323770,False,9
CC-4541,3324964,False,10
CC-4541,3324979,False,11
CC-4541,3327280,False,12
CC-4541,3327634,False,13
CC-4541,3328562,False,14
CC-4541,3329772,False,15
CC-4541,3330321,False,16
CC-4541,3335936,False,17
CC-4541,3341161,False,18
CC-4542,3341317,True,1
CC-4543,3337908,True,1
CC-4543,3343613,False,2
CC-4543,3343621,False,3
CC-4544,3343104,True,1
CC-4545,3342991,True,1
CC-4546,3341244,True,1
CC-4546,3343207,False,2
CC-4546,3343258,False,3
CC-4547,3344503,True,1
CC-4548,3313593,True,1
CC-4548,3314147,False,2
CC-4548,3314211,False,3
CC-4548,3315552,False,4
CC-4548,3316268,False,5
CC-4548,3316277,False,6
CC-4548,3317899,False,7
CC-4548,3320294,False,8
CC-4548,3321216,False,9
CC-4548,3321982,False,10
CC-4548,3324893,False,11
CC-4548,3325246,False,12
CC-4548,3327023,False,13
CC-4548,3330618,False,14
CC-4548,3334114,False,15
CC-4548,3335465,False,16
CC-4548,3338045,False,17
CC-4548,3338049,False,18
CC-4548,3339001,False,19
CC-4548,3341731,False,20
CC-4549,3343148,True,1
CC-4550,3342456,True,1
CC-4551,3342461,True,1
CC-4552,3339400,True,1
CC-4552,3342045,False,2
CC-4553,3344808,False,1
CC-4554,3341584,True,1
CC-4555,3338121,True,1
CC-4555,3340478,False,2
CC-4555,3343750,False,3
CC-4556,3344403,True,1
CC-4557,3343136,True,1
CC-4558,3342916,True,1
CC-4559,3343799,True,1
CC-4560,3338195,True,1
CC-4560,3342592,False,2
CC-4561,3341950,True,1
CC-4561,3342038,False,2
CC-4562,3341883,True,1
CC-4563,3343797,True,1
CC-4564,3344683,True,1
CC-4565,3337600,True,1
CC-4565,3342200,False,2
CC-4566,3345068,False,1
CC-4567,3339144,True,1
CC-4567,3342430,False,2
CC-4568,3345745,True,1
CC-4568,3345755,False,2
CC-4569,3344220,True,1
CC-4569,3346230,False,2
CC-4570,3345181,False,1
CC-4571,3345429,True,1
CC-4572,3336993,True,1
CC-4572,3338477,False,2
CC-4572,3338515,False,3
CC-4572,3339022,False,4
CC-4572,3339264,False,5
CC-4572,3345500,False,6
CC-4573,3343681,True,1
CC-4573,3344701,False,2
CC-4573,3344702,False,3
CC-4574,3342804,True,1
CC-4575,3344865,True,1
CC-4576,3336771,True,1
CC-4576,3343329,False,2
CC-4576,3343346,False,3
CC-4576,3343386,False,4
CC-4576,3345538,False,5
CC-4577,3347152,False,1
CC-4578,3346473,True,1
CC-4579,3343827,True,1
CC-4580,3344276,True,1
CC-4581,3342304,True,1
CC-4581,3343890,False,2
CC-4582,3342937,True,1
CC-4582,3343377,False,2
CC-4582,3343416,False,3
CC-4583,3347055,True,1
CC-4584,3344704,True,1
CC-4584,3344792,False,2
CC-4584,3345524,False,3
CC-4585,3344860,True,1
CC-4586,3346817,True,1
CC-4587,3346433,True,1
CC-4587,3347388,False,2
CC-4587,3347395,False,3
CC-4587,3347457,False,4
CC-4587,3347468,False,5
CC-4587,3347475,False,6
CC-4588,3346342,True,1
CC-4589,3347456,False,1
CC-4590,3347241,False,1
CC-4591,3347077,False,1
CC-4592,3347632,False,1
CC-4593,3345018,True,1
CC-4593,3345036,False,2
CC-4594,3347008,True,1
CC-4595,3345385,True,1
CC-4596,3347508,False,1
CC-4597,3347174,True,1
CC-4598,3344891,True,1
CC-4599,3337916,True,1
CC-4599,3342740,False,2
CC-4599,3347339,False,3
CC-4599,3347396,False,4
CC-4600,3345475,True,1
CC-4600,3345503,False,2
CC-4600,3345511,False,3
CC-4601,3344995,True,1
CC-4602,3341344,True,1
CC-4602,3342239,False,2
CC-4602,3345813,False,3
CC-4603,3297179,True,1
CC-4603,3297720,False,2
CC-4603,3301466,False,3
CC-4603,3301608,False,4
CC-4603,3302338,False,5
CC-4603,3305227,False,6
CC-4603,3306763,False,7
CC-4603,3309302,False,8
CC-4603,3316561,False,9
CC-4603,3317470,False,10
CC-4603,3321273,False,11
CC-4603,3321321,False,12
CC-4603,3321336,False,13
CC-4603,3322292,False,14
CC-4603,3323584,False,15
CC-4603,3323601,False,16
CC-4603,3323641,False,17
CC-4603,3331063,False,18
CC-4603,3331132,False,19
CC-4603,3331186,False,20
CC-4603,3331290,False,21
CC-4603,3338633,False,22
CC-4603,3338765,False,23
CC-4603,3344584,False,24
CC-4603,3344611,False,25
CC-4603,3344621,False,26
CC-4603,3344644,False,27
CC-4603,3345219,False,28
CC-4604,3341468,True,1
CC-4604,3345890,False,2
CC-4604,3345918,False,3
CC-4604,3345975,False,4
CC-4604,3346261,False,5
CC-4604,3347231,False,6
CC-4604,3347958,False,7
CC-4605,3344945,True,1
CC-4606,3345790,True,1
CC-4607,3347971,True,1
CC-4607,3347993,False,2
CC-4608,3347746,True,1
CC-4608,3347761,False,2
CC-4609,3345687,True,1
CC-4610,3345264,True,1
CC-4611,3348023,True,1
CC-4611,3348049,False,2
CC-4612,3347864,True,1
CC-4613,3345191,True,1
CC-4614,3347877,True,1
CC-4615,3345026,True,1
CC-4616,3347891,True,1
CC-4617,3346441,True,1
CC-4617,3346508,False,2
CC-4618,3348744,True,1
CC-4619,3344931,True,1
CC-4619,3345035,False,2
CC-4620,3346681,True,1
CC-4620,3346757,False,2
CC-4620,3347349,False,3
CC-4621,3345845,True,1
CC-4622,3345866,True,1
CC-4623,3344625,True,1
CC-4623,3346506,False,2
CC-4624,3347804,True,1
CC-4624,3347816,False,2
CC-4625,3347014,True,1
CC-4626,3346375,True,1
CC-4627,3347865,True,1
CC-4628,3346515,True,1
CC-4628,3349188,False,2
CC-4628,3349328,False,3
CC-4629,3336625,True,1
CC-4629,3338505,False,2
CC-4629,3338897,False,3
CC-4629,3339666,False,4
CC-4629,3340173,False,5
CC-4629,3340262,False,6
CC-4629,3341932,False,7
CC-4629,3347274,False,8
CC-4629,3347728,False,9
CC-4629,3347737,False,10
CC-4630,3344784,True,1
CC-4630,3344992,False,2
CC-4630,3347277,False,3
CC-4630,3347428,False,4
CC-4631,3349348,True,1
CC-4632,3345534,True,1
CC-4632,3347166,False,2
CC-4633,3347962,True,1
CC-4633,3347967,False,2
CC-4633,3347970,False,3
CC-4634,3349676,True,1
CC-4635,3346383,True,1
CC-4636,3343963,True,1
CC-4636,3344857,False,2
CC-4636,3348175,False,3
CC-4636,3348196,False,4
CC-4636,3348203,False,5
CC-4636,3348253,False,6
CC-4637,3350138,False,1
CC-4638,3349100,True,1
CC-4639,3348653,True,1
CC-4639,3348720,False,2
CC-4640,3337759,True,1
CC-4640,3341219,False,2
CC-4640,3342568,False,3
CC-4640,3347995,False,4
CC-4641,3350502,True,1
CC-4642,3349884,False,1
CC-4643,3350578,False,1
CC-4644,3345022,True,1
CC-4644,3350298,False,2
CC-4645,3349584,True,1
CC-4646,3350800,True,1
CC-4647,3348225,True,1
CC-4648,3349861,True,1
CC-4648,3349934,False,2
CC-4649,3350583,True,1
CC-4650,3348562,True,1
CC-4651,3350952,True,1
CC-4652,3349723,True,1
CC-4653,3348952,True,1
CC-4654,3348627,True,1
CC-4655,3348582,True,1
CC-4656,3348664,True,1
CC-4656,3348675,False,2
CC-4657,3348991,True,1
CC-4658,3350965,True,1
CC-4659,3349474,True,1
CC-4660,3346700,True,1
CC-4660,3347644,False,2
CC-4660,3349949,False,3
CC-4661,3350918,True,1
CC-4662,3350701,True,1
CC-4663,3344757,True,1
CC-4663,3344770,False,2
CC-4663,3349465,False,3
CC-4663,3349481,False,4
CC-4663,3349516,False,5
CC-4663,3349523,False,6
CC-4664,3349134,True,1
CC-4665,3348324,True,1
CC-4666,3349364,True,1
CC-4667,3348003,True,1
CC-4668,3350112,True,1
CC-4669,3349572,True,1
CC-4670,3351367,True,1
CC-4671,3349284,True,1
CC-4672,3330816,True,1
CC-4672,3333983,False,2
CC-4672,3336196,False,3
CC-4672,3336245,False,4
CC-4672,3341938,False,5
CC-4672,3347158,False,6
CC-4672,3347285,False,7
CC-4672,3349832,False,8
CC-4673,3349393,True,1
CC-4674,3348567,True,1
CC-4675,3350423,True,1
CC-4675,3350487,False,2
CC-4676,3351537,True,1
CC-4676,3352249,False,2
CC-4676,3352313,False,3
CC-4677,3350302,True,1
CC-4678,3340245,True,1
CC-4678,3342958,False,2
CC-4678,3346344,False,3
CC-4678,3349034,False,4
CC-4679,3349509,True,1
CC-4680,3351608,True,1
CC-4681,3352777,False,1
CC-4682,3351779,True,1
CC-4683,3351314,True,1
CC-4683,3351397,False,2
CC-4683,3351414,False,3
CC-4684,3349295,True,1
CC-4685,3351929,False,1
CC-4686,3351235,True,1
CC-4686,3351303,False,2
CC-4687,3350916,True,1
CC-4688,3350856,True,1
CC-4689,3350721,True,1
CC-4689,3350748,False,2
CC-4689,3350758,False,3
CC-4689,3350803,False,4
CC-4690,3351564,True,1
CC-4691,3353924,False,1
CC-4692,3353994,True,1
CC-4693,3342815,True,1
CC-4693,3342830,False,2
CC-4693,3345326,False,3
CC-4693,3345744,False,4
CC-4693,3345746,False,5
CC-4693,3345782,False,6
CC-4693,3345815,False,7
CC-4693,3348421,False,8
CC-4693,3352078,False,9
CC-4694,3349171,True,1
CC-4694,3350043,False,2
CC-4694,3350591,False,3
CC-4694,3350613,False,4
CC-4695,3353513,True,1
CC-4696,3350728,True,1
CC-4696,3353199,False,2
CC-4697,3354070,False,1
CC-4698,3351660,True,1
CC-4699,3352802,True,1
CC-4700,3354105,True,1
CC-4701,3352270,True,1
CC-4702,3352846,True,1
CC-4703,3351736,True,1
CC-4704,3353561,True,1
CC-4705,3352955,True,1
CC-4705,3353026,False,2
CC-4705,3353180,False,3
CC-4706,3352056,True,1
CC-4707,3343011,True,1
CC-4707,3347906,False,2
CC-4707,3347910,False,3
CC-4707,3352310,False,4
CC-4708,3354397,False,1
CC-4709,3353331,True,1
CC-4710,3346349,True,1
CC-4710,3346540,False,2
CC-4710,3347094,False,3
CC-4710,3348161,False,4
CC-4710,3348205,False,5
CC-4710,3348219,False,6
CC-4710,3348244,False,7
CC-4710,3348248,False,8
CC-4710,3349624,False,9
CC-4710,3351343,False,10
CC-4710,3351366,False,11
CC-4710,3352239,False,12
CC-4711,3351361,True,1
CC-4712,3354019,True,1
CC-4712,3354052,False,2
CC-4712,3354472,False,3
CC-4713,3353512,True,1
CC-4714,3354262,True,1
CC-4715,3343125,True,1
CC-4715,3345921,False,2
CC-4715,3350604,False,3
CC-4715,3354843,False,4
CC-4716,3349173,True,1
CC-4716,3349221,False,2
CC-4716,3349223,False,3
CC-4716,3349231,False,4
CC-4716,3349242,False,5
CC-4716,3349260,False,6
CC-4716,3351499,False,7
CC-4717,3349177,True,1
CC-4717,3352174,False,2
CC-4717,3352177,False,3
CC-4717,3352183,False,4
CC-4717,3352202,False,5
CC-4717,3352233,False,6
CC-4717,3352247,False,7
CC-4717,3352248,False,8
CC-4718,3352728,True,1
CC-4719,3354258,True,1
CC-4720,3353875,True,1
CC-4720,3353912,False,2
CC-4721,3341425,True,1
CC-4721,3341430,False,2
CC-4721,3341438,False,3
CC-4721,3342644,False,4
CC-4721,3345735,False,5
CC-4721,3345816,False,6
CC-4721,3347393,False,7
CC-4721,3349859,False,8
CC-4721,3349993,False,9
CC-4721,3351986,False,10
CC-4722,3351646,True,1
CC-4722,3355431,False,2
CC-4723,3351136,True,1
CC-4723,3352677,False,2
CC-4724,3352958,True,1
CC-4725,3350996,True,1
CC-4725,3355238,False,2
CC-4726,3356191,True,1
CC-4727,3355963,True,1
CC-4727,3356393,False,2
CC-4727,3356463,False,3
CC-4727,3356464,False,4
CC-4728,3347134,True,1
CC-4728,3353343,False,2
CC-4729,3354788,True,1
CC-4730,3356845,False,1
CC-4731,3353579,True,1
CC-4732,3352994,True,1
CC-4733,3352495,True,1
CC-4733,3352499,False,2
CC-4733,3354194,False,3
CC-4734,3357010,False,1
CC-4735,3356221,False,1
CC-4736,3355853,True,1
CC-4737,3356570,True,1
CC-4738,3350402,True,1
CC-4738,3355450,False,2
CC-4739,3348691,True,1
CC-4739,3353400,False,2
CC-4739,3355816,False,3
CC-4740,3356268,True,1
CC-4740,3356343,False,2
CC-4740,3356350,False,3
CC-4740,3356383,False,4
CC-4740,3357224,False,5
CC-4741,3354590,True,1
CC-4741,3354596,False,2
CC-4741,3354603,False,3
CC-4741,3354619,False,4
CC-4741,3354663,False,5
CC-4742,3354054,True,1
CC-4743,3357080,False,1
CC-4744,3355110,True,1
CC-4745,3357147,True,1
CC-4745,3357149,False,2
CC-4746,3348544,True,1
CC-4746,3350570,False,2
CC-4746,3354201,False,3
CC-4746,3354210,False,4
CC-4747,3355216,True,1
CC-4747,3355298,False,2
CC-4747,3355641,False,3
CC-4748,3355432,True,1
CC-4749,3354246,True,1
CC-4749,3354247,False,2
CC-4750,3356525,True,1
CC-4750,3356549,False,2
CC-4751,3356707,True,1
CC-4752,3354920,True,1
CC-4752,3356454,False,2
CC-4752,3356512,False,3
CC-4752,3356538,False,4
CC-4752,3356591,False,5
CC-4753,3357564,False,1
CC-4754,3356494,True,1
CC-4754,3356557,False,2
CC-4755,3356488,True,1
CC-4756,3358041,True,1
CC-4757,3357470,True,1
CC-4757,3357592,False,2
CC-4757,3357647,False,3
CC-4757,3357747,False,4
CC-4757,3357963,False,5
CC-4757,3358135,False,6
CC-4757,3358778,False,7
CC-4757,3358831,False,8
CC-4758,3339201,True,1
CC-4758,3344656,False,2
CC-4758,3349593,False,3
CC-4758,3350980,False,4
CC-4758,3350985,False,5
CC-4758,3350998,False,6
CC-4758,3351606,False,7
CC-4758,3354580,False,8
CC-4758,3354647,False,9
CC-4758,3354964,False,10
CC-4759,3355217,True,1
CC-4760,3356947,True,1
CC-4761,3351011,True,1
CC-4761,3353535,False,2
CC-4761,3354219,False,3
CC-4761,3357362,False,4
CC-4762,3358205,True,1
CC-4763,3349840,True,1
CC-4763,3349869,False,2
CC-4763,3353007,False,3
CC-4763,3353604,False,4
CC-4763,3357361,False,5
CC-4764,3358477,True,1
CC-4764,3358658,False,2
CC-4765,3351955,True,1
CC-4765,3357569,False,2
CC-4766,3358570,True,1
CC-4767,3359375,True,1
CC-4767,3359576,False,2
CC-4768,3358731,True,1
CC-4769,3356398,True,1
CC-4770,3345769,True,1
CC-4770,3347063,False,2
CC-4770,3351821,False,3
CC-4770,3351835,False,4
CC-4770,3355536,False,5
CC-4770,3358383,False,6
CC-4771,3357259,True,1
CC-4772,3348416,True,1
CC-4772,3350959,False,2
CC-4772,3353547,False,3
CC-4772,3354980,False,4
CC-4772,3356833,False,5
CC-4773,3357732,True,1
CC-4773,3358649,False,2
CC-4773,3359884,False,3
CC-4774,3353360,True,1
CC-4774,3357264,False,2
CC-4774,3358058,False,3
CC-4775,3357405,True,1
CC-4776,3357717,True,1
CC-4776,3357744,False,2
CC-4777,3355484,True,1
CC-4777,3357275,False,2
CC-4778,3360129,False,1
CC-4779,3359875,True,1
CC-4780,3356741,True,1
CC-4780,3359757,False,2
CC-4781,3350994,True,1
CC-4781,3351167,False,2
CC-4781,3356356,False,3
CC-4781,3357733,False,4
CC-4782,3359496,True,1
CC-4783,3360141,False,1
CC-4784,3360325,True,1
CC-4785,3354831,True,1
CC-4785,3359090,False,2
CC-4786,3358959,True,1
CC-4786,3359008,False,2
CC-4787,3356275,True,1
CC-4787,3356926,False,2
CC-4787,3357004,False,3
CC-4787,3358442,False,4
CC-4788,3360219,True,1
CC-4789,3359691,True,1
CC-4790,3358424,True,1
CC-4791,3359880,True,1
CC-4792,3360384,True,1
CC-4793,3360587,True,1
CC-4794,3359191,True,1
CC-4794,3359301,False,2
CC-4794,3359359,False,3
CC-4795,3354369,True,1
CC-4795,3357176,False,2
CC-4795,3357191,False,3
CC-4795,3357297,False,4
CC-4795,3358651,False,5
CC-4795,3359236,False,6
CC-4796,3357781,True,1
CC-4796,3358023,False,2
CC-4796,3359221,False,3
CC-4796,3360360,False,4
CC-4796,3360361,False,5
CC-4797,3360719,True,1
CC-4797,3360751,False,2
CC-4797,3360755,False,3
CC-4798,3358327,True,1
CC-4799,3358630,True,1
CC-4800,3319053,True,1
CC-4800,3326005,False,2
CC-4800,3326034,False,3
CC-4800,3326269,False,4
CC-4800,3326943,False,5
CC-4800,3326983,False,6
CC-4800,3326995,False,7
CC-4800,3327161,False,8
CC-4800,3334630,False,9
CC-4800,3334660,False,10
CC-4800,3334724,False,11
CC-4800,3334759,False,12
CC-4800,3337966,False,13
CC-4800,3343039,False,14
CC-4800,3343044,False,15
CC-4800,3343077,False,16
CC-4800,3343218,False,17
CC-4800,3347846,False,18
CC-4800,3347850,False,19
CC-4800,3347869,False,20
CC-4800,3351845,False,21
CC-4800,3351852,False,22
CC-4800,3351911,False,23
CC-4800,3352966,False,24
CC-4800,3353012,False,25
CC-4800,3354167,False,26
CC-4800,3354515,False,27
CC-4800,3354516,False,28
CC-4800,3356682,False,29
CC-4800,3357813,False,30
CC-4801,3359976,True,1
CC-4802,3360973,True,1
CC-4803,3358274,True,1
CC-4803,3358485,False,2
CC-4803,3358526,False,3
CC-4804,3352066,True,1
CC-4804,3357322,False,2
CC-4804,3360910,False,3
CC-4804,3361056,False,4
CC-4804,3361077,False,5
CC-4805,3360079,True,1
CC-4806,3359936,True,1
CC-4806,3359965,False,2
CC-4807,3355465,True,1
CC-4807,3358501,False,2
CC-4808,3360602,True,1
CC-4809,3361852,True,1
CC-4810,3358812,True,1
CC-4811,3356923,True,1
CC-4811,3359339,False,2
CC-4812,3361114,True,1
CC-4813,3361884,False,1
CC-4814,3361773,True,1
CC-4815,3359712,True,1
CC-4816,3363136,False,1
CC-4817,3361378,True,1
CC-4817,3361620,False,2
CC-4817,3361652,False,3
CC-4817,3361710,False,4
CC-4817,3361755,False,5
CC-4818,3361283,True,1
CC-4819,3363087,False,1
CC-4820,3352296,True,1
CC-4820,3356261,False,2
CC-4820,3359219,False,3
CC-4820,3361323,False,4
CC-4820,3362979,False,5
CC-4820,3362989,False,6
CC-4821,3362003,True,1
CC-4821,3362008,False,2
CC-4822,3362243,True,1
CC-4823,3360312,True,1
CC-4824,3362268,True,1
CC-4825,3362334,True,1
CC-4825,3362564,False,2
CC-4826,3327450,True,1
CC-4826,3327922,False,2
CC-4826,3333275,False,3
CC-4826,3335578,False,4
CC-4826,3341308,False,5
CC-4826,3346715,False,6
CC-4826,3350703,False,7
CC-4826,3351854,False,8
CC-4826,3354320,False,9
CC-4826,3354357,False,10
CC-4826,3354387,False,11
CC-4826,3359253,False,12
CC-4826,3359486,False,13
CC-4826,3360446,False,14
CC-4826,3361682,False,15
CC-4827,3363303,True,1
CC-4828,3360808,True,1
CC-4829,3359271,True,1
CC-4829,3359356,False,2
CC-4829,3359381,False,3
CC-4829,3359619,False,4
CC-4829,3362329,False,5
CC-4829,3362417,False,6
CC-4829,3362430,False,7
CC-4830,3363456,True,1
CC-4831,3363250,True,1
CC-4832,3355839,True,1
CC-4832,3355855,False,2
CC-4832,3355876,False,3
CC-4832,3360728,False,4
CC-4832,3362960,False,5
CC-4833,3363693,True,1
CC-4833,3363731,False,2
CC-4834,3364434,False,1
CC-4835,3362484,True,1
CC-4836,3363730,True,1
CC-4837,3362118,True,1
CC-4838,3360028,True,1
CC-4838,3360071,False,2
CC-4838,3363286,False,3
CC-4839,3361046,True,1
CC-4840,3359845,True,1
CC-4840,3361566,False,2
CC-4841,3362109,True,1
CC-4842,3358089,True,1
CC-4842,3358092,False,2
CC-4842,3363769,False,3
CC-4843,3363186,True,1
CC-4843,3363657,False,2
CC-4844,3365356,False,1
CC-4845,3364124,True,1
CC-4846,3361855,True,1
CC-4847,3364517,True,1
CC-4848,3365712,True,1
CC-4848,3365727,False,2
CC-4848,3365740,False,3
CC-4848,3365751,False,4
CC-4849,3363230,True,1
CC-4849,3363240,False,2
CC-4849,3364825,False,3
CC-4850,3364055,True,1
CC-4851,3362489,True,1
CC-4852,3365905,True,1
CC-4852,3365921,False,2
CC-4853,3365242,True,1
CC-4854,3362619,True,1
CC-4854,3362676,False,2
CC-4855,3358645,True,1
CC-4855,3362571,False,2
CC-4855,3364342,False,3
CC-4856,3361875,True,1
CC-4856,3363222,False,2
CC-4857,3363279,True,1
CC-4858,3365832,True,1
CC-4859,3365002,True,1
CC-4859,3365110,False,2
CC-4860,3364135,True,1
CC-4861,3365520,True,1
CC-4861,3365791,False,2
CC-4861,3365827,False,3
CC-4862,3364012,True,1
CC-4862,3364088,False,2
CC-4863,3364656,True,1
CC-4864,3359953,True,1
CC-4864,3360018,False,2
CC-4864,3364579,False,3
CC-4864,3364585,False,4
CC-4864,3364658,False,5
CC-4865,3365325,True,1
CC-4866,3365308,True,1
CC-4867,3365227,True,1
CC-4868,3366259,True,1
CC-4869,3364600,True,1
CC-4870,3364568,True,1
CC-4871,3366264,True,1
CC-4872,3365385,True,1
CC-4873,3365854,True,1
CC-4873,3365872,False,2
CC-4874,3359903,True,1
CC-4874,3364299,False,2
CC-4874,3364315,False,3
CC-4875,3366593,True,1
CC-4876,3362942,True,1
CC-4876,3366335,False,2
CC-4877,3348403,True,1
CC-4877,3348453,False,2
CC-4877,3353713,False,3
CC-4877,3353719,False,4
CC-4877,3359144,False,5
CC-4877,3362066,False,6
CC-4877,3366149,False,7
CC-4878,3364906,True,1
CC-4878,3364910,False,2
CC-4878,3364939,False,3
CC-4878,3364979,False,4
CC-4878,3364986,False,5
CC-4879,3321717,True,1
CC-4879,3321718,False,2
CC-4879,3321728,False,3
CC-4879,3325579,False,4
CC-4879,3326015,False,5
CC-4879,3329934,False,6
CC-4879,3330207,False,7
CC-4879,3333665,False,8
CC-4879,3333740,False,9
CC-4879,3336892,False,10
CC-4879,3336925,False,11
CC-4879,3337203,False,12
CC-4879,3337395,False,13
CC-4879,3340683,False,14
CC-4879,3340721,False,15
CC-4879,3341943,False,16
CC-4879,3347916,False,17
CC-4879,3349471,False,18
CC-4879,3350343,False,19
CC-4879,3355799,False,20
CC-4879,3358787,False,21
CC-4879,3358907,False,22
CC-4879,3358971,False,23
CC-4879,3363235,False,24
CC-4879,3366227,False,25
CC-4880,3364208,True,1
CC-4880,3367592,False,2
CC-4881,3364590,True,1
CC-4882,3368350,False,1
CC-4883,3367069,True,1
CC-4883,3367129,False,2
CC-4884,3368512,True,1
CC-4885,3368551,False,1
CC-4886,3367719,True,1
CC-4887,3368870,True,1
CC-4888,3366249,True,1
CC-4889,3368356,True,1
CC-4889,3368415,False,2
CC-4890,3367680,True,1
CC-4890,3367707,False,2
CC-4891,3365779,True,1
CC-4891,3365794,False,2
CC-4891,3365809,False,3
CC-4891,3365811,False,4
CC-4891,3365829,False,5
CC-4892,3367893,True,1
CC-4893,3364382,True,1
CC-4893,3367176,False,2
CC-4893,3367518,False,3
CC-4894,3368197,True,1
CC-4895,3360974,True,1
CC-4895,3366289,False,2
CC-4896,3368771,True,1
CC-4897,3368205,True,1
CC-4898,3369223,False,1
CC-4899,3369068,False,1
CC-4900,3368232,True,1
CC-4901,3360748,True,1
CC-4901,3366284,False,2
CC-4901,3366891,False,3
CC-4902,3367813,True,1
CC-4903,3368456,True,1
CC-4904,3355033,True,1
CC-4904,3357212,False,2
CC-4904,3357890,False,3
CC-4904,3358402,False,4
CC-4904,3358603,False,5
CC-4904,3359204,False,6
CC-4904,3359250,False,7
CC-4904,3359841,False,8
CC-4904,3360113,False,9
CC-4904,3361138,False,10
CC-4904,3364625,False,11
CC-4904,3365337,False,12
CC-4904,3366326,False,13
CC-4905,3366451,True,1
CC-4906,3367422,True,1
CC-4906,3367498,False,2
CC-4906,3367508,False,3
CC-4907,3368367,True,1
CC-4908,3366523,True,1
CC-4908,3368741,False,2
CC-4909,3354180,True,1
CC-4909,3355704,False,2
CC-4909,3361435,False,3
CC-4909,3366614,False,4
CC-4909,3367806,False,5
CC-4909,3367862,False,6
CC-4909,3370009,False,7
CC-4910,3369180,True,1
CC-4911,3367739,True,1
CC-4911,3367818,False,2
CC-4912,3369232,True,1
CC-4913,3367194,True,1
CC-4913,3367207,False,2
CC-4913,3369228,False,3
CC-4913,3369234,False,4
CC-4914,3367373,True,1
CC-4915,3368701,True,1
CC-4916,3369533,False,1
CC-4917,3367653,True,1
CC-4918,3368903,True,1
CC-4918,3368930,False,2
CC-4918,3368937,False,3
CC-4919,3368248,True,1
CC-4920,3369956,True,1
CC-4921,3368440,True,1
CC-4922,3369230,True,1
CC-4922,3370472,False,2
CC-4923,3369240,True,1
CC-4923,3369241,False,2
CC-4924,3368052,True,1
CC-4924,3368363,False,2
CC-4924,3368824,False,3
CC-4925,3368250,True,1
CC-4926,3369265,True,1
CC-4927,3358625,True,1
CC-4927,3361880,False,2
CC-4927,3362461,False,3
CC-4927,3363432,False,4
CC-4927,3365661,False,5
CC-4927,3368754,False,6
CC-4928,3371411,True,1
CC-4928,3371421,False,2
CC-4928,3371456,False,3
CC-4928,3371473,False,4
CC-4928,3371507,False,5
CC-4929,3370090,True,1
CC-4930,3367747,True,1
CC-4930,3371653,False,2
CC-4931,3371962,False,1
CC-4932,3371763,False,1
CC-4933,3364668,True,1
CC-4933,3369220,False,2
CC-4933,3369221,False,3
CC-4933,3369226,False,4
CC-4933,3369229,False,5
CC-4933,3369599,False,6
CC-4934,3371375,True,1
CC-4935,3361176,True,1
CC-4935,3367043,False,2
CC-4935,3367423,False,3
CC-4935,3370167,False,4
CC-4935,3370206,False,5
CC-4935,3371238,False,6
CC-4936,3369198,True,1
CC-4936,3369204,False,2
CC-4936,3371929,False,3
CC-4936,3371941,False,4
CC-4936,3371960,False,5
CC-4937,3367470,True,1
CC-4937,3369175,False,2
CC-4937,3370396,False,3
CC-4937,3371045,False,4
CC-4938,3371782,True,1
CC-4939,3370647,True,1
CC-4940,3366168,True,1
CC-4940,3371098,False,2
CC-4940,3371138,False,3
CC-4941,3371621,True,1
CC-4942,3362805,True,1
CC-4942,3364912,False,2
CC-4942,3366319,False,3
CC-4942,3370000,False,4
CC-4942,3370038,False,5
CC-4943,3369315,True,1
CC-4943,3372141,False,2
CC-4944,3368965,True,1
CC-4944,3368975,False,2
CC-4944,3370415,False,3
CC-4944,3370428,False,4
CC-4945,3370539,True,1
CC-4946,3372429,True,1
CC-4947,3371704,True,1
CC-4948,3372015,True,1
CC-4949,3369953,True,1
CC-4950,3365253,True,1
CC-4950,3368220,False,2
CC-4950,3369236,False,3
CC-4950,3370448,False,4
CC-4950,3370508,False,5
CC-4950,3370561,False,6
CC-4951,3370991,True,1
CC-4951,3371024,False,2
CC-4952,3373238,True,1
CC-4952,3373330,False,2
CC-4952,3373343,False,3
CC-4952,3373377,False,4
CC-4953,3371872,True,1
CC-4954,3371679,True,1
CC-4955,3372603,False,1
CC-4956,3368899,True,1
CC-4956,3373705,False,2
CC-4957,3371052,True,1
CC-4958,3372115,True,1
CC-4958,3373278,False,2
CC-4959,3364260,True,1
CC-4959,3369665,False,2
CC-4959,3372981,False,3
CC-4960,3371807,True,1
CC-4961,3368839,True,1
CC-4961,3368962,False,2
CC-4961,3371492,False,3
CC-4962,3372478,True,1
CC-4963,3374470,True,1
CC-4963,3374520,False,2
CC-4964,3347990,True,1
CC-4964,3349809,False,2
CC-4964,3349853,False,3
CC-4964,3352415,False,4
CC-4964,3354404,False,5
CC-4964,3355788,False,6
CC-4964,3357444,False,7
CC-4964,3362120,False,8
CC-4964,3362147,False,9
CC-4964,3362730,False,10
CC-4964,3364643,False,11
CC-4964,3366331,False,12
CC-4964,3366334,False,13
CC-4964,3366336,False,14
CC-4964,3366349,False,15
CC-4964,3370686,False,16
CC-4964,3372976,False,17
CC-4964,3373087,False,18
CC-4965,3374696,False,1
CC-4966,3371302,True,1
CC-4967,3374823,True,1
CC-4968,3374684,False,1
CC-4969,3374877,True,1
CC-4970,3374770,True,1
CC-4971,3374431,False,1
CC-4972,3359305,True,1
CC-4972,3362137,False,2
CC-4972,3362249,False,3
CC-4972,3364145,False,4
CC-4972,3364640,False,5
CC-4972,3365430,False,6
CC-4972,3365796,False,7
CC-4972,3366272,False,8
CC-4972,3368416,False,9
CC-4972,3373404,False,10
CC-4973,3374947,False,1
CC-4974,3374687,False,1
CC-4975,3374010,True,1
CC-4976,3370852,True,1
CC-4976,3372926,False,2
CC-4976,3373366,False,3
CC-4976,3373440,False,4
CC-4977,3373862,True,1
CC-4978,3367682,True,1
CC-4978,3367699,False,2
CC-4978,3367718,False,3
CC-4978,3367733,False,4
CC-4978,3373142,False,5
CC-4979,3371278,True,1
CC-4979,3374985,False,2
CC-4980,3373812,True,1
CC-4981,3373388,True,1
CC-4982,3360295,True,1
CC-4982,3360566,False,2
CC-4982,3360614,False,3
CC-4982,3364700,False,4
CC-4982,3365576,False,5
CC-4982,3365699,False,6
CC-4982,3366177,False,7
CC-4982,3366234,False,8
CC-4982,3371016,False,9
CC-4982,3371839,False,10
CC-4982,3371845,False,11
CC-4982,3371846,False,12
CC-4982,3371865,False,13
CC-4982,3373233,False,14
CC-4982,3373320,False,15
CC-4982,3373376,False,16
CC-4982,3373410,False,17
CC-4982,3373473,False,18
CC-4982,3373510,False,19
CC-4982,3373528,False,20
CC-4982,3373611,False,21
CC-4982,3373618,False,22
CC-4982,3375120,False,23
CC-4982,3375124,False,24
CC-4982,3375179,False,25
CC-4982,3375184,False,26
CC-4983,3372987,True,1
CC-4984,3374558,True,1
CC-4984,3374587,False,2
CC-4985,3365554,True,1
CC-4985,3369256,False,2
CC-4985,3372187,False,3
CC-4986,3374347,True,1
CC-4987,3373610,True,1
CC-4988,3375983,False,1
CC-4989,3375610,True,1
CC-4990,3373966,True,1
CC-4990,3374491,False,2
CC-4991,3375565,True,1
CC-4992,3363706,True,1
CC-4992,3363713,False,2
CC-4992,3366627,False,3
CC-4992,3366648,False,4
CC-4992,3366702,False,5
CC-4992,3369217,False,6
CC-4992,3372066,False,7
CC-4992,3375582,False,8
CC-4993,3374096,True,1
CC-4993,3374142,False,2
CC-4994,3375142,True,1
CC-4995,3374635,True,1
CC-4996,3366656,True,1
CC-4996,3367215,False,2
CC-4996,3367337,False,3
CC-4996,3367566,False,4
CC-4996,3367623,False,5
CC-4996,3369327,False,6
CC-4996,3369340,False,7
CC-4996,3370176,False,8
CC-4996,3370177,False,9
CC-4996,3370238,False,10
CC-4996,3371308,False,11
CC-4996,3371315,False,12
CC-4996,3373424,False,13
CC-4997,3373042,True,1
CC-4998,3363640,True,1
CC-4998,3366659,False,2
CC-4998,3366667,False,3
CC-4998,3370017,False,4
CC-4998,3372100,False,5
CC-4998,3375550,False,6
CC-4999,3376491,True,1
CC-4999,3376493,False,2
CC-5000,3367312,True,1
CC-5000,3372829,False,2
CC-5000,3372853,False,3
CC-5000,3373441,False,4
CC-5001,3376078,False,1
CC-5002,3373891,True,1
CC-5003,3373704,True,1
CC-5004,3372025,True,1
CC-5004,3375217,False,2
CC-5005,3374932,True,1
CC-5006,3376723,False,1
CC-5007,3373157,True,1
CC-5007,3374915,False,2
CC-5007,3374936,False,3
CC-5008,3377574,False,1
CC-5009,3370364,True,1
CC-5009,3373389,False,2
CC-5009,3373454,False,3
CC-5009,3376686,False,4
CC-5010,3355424,True,1
CC-5010,3356092,False,2
CC-5010,3358142,False,3
CC-5010,3359129,False,4
CC-5010,3361971,False,5
CC-5010,3363181,False,6
CC-5010,3363297,False,7
CC-5010,3365800,False,8
CC-5010,3365863,False,9
CC-5010,3366112,False,10
CC-5010,3366217,False,11
CC-5010,3366268,False,12
CC-5010,3366481,False,13
CC-5010,3368201,False,14
CC-5010,3373657,False,15
CC-5010,3375081,False,16
CC-5010,3375082,False,17
CC-5011,3377755,False,1
CC-5012,3377089,True,1
CC-5012,3377185,False,2
CC-5013,3376375,True,1
CC-5014,3377599,False,1
CC-5015,3371703,True,1
CC-5015,3375000,False,2
CC-5016,3374247,True,1
CC-5016,3374326,False,2
CC-5016,3374336,False,3
CC-5017,3376156,True,1
CC-5018,3377269,False,1
CC-5019,3377902,True,1
CC-5019,3377932,False,2
CC-5020,3376125,True,1
CC-5021,3376831,True,1
CC-5021,3376900,False,2
CC-5021,3376924,False,3
CC-5021,3376926,False,4
CC-5021,3376940,False,5
CC-5022,3375167,True,1
CC-5023,3369623,True,1
CC-5023,3369624,False,2
CC-5023,3375321,False,3
CC-5023,3375561,False,4
CC-5023,3375570,False,5
CC-5023,3375629,False,6
CC-5023,3375667,False,7
CC-5024,3375763,True,1
CC-5025,3374949,True,1
CC-5025,3374959,False,2
CC-5025,3375069,False,3
CC-5026,3376101,True,1
CC-5026,3376146,False,2
CC-5026,3376171,False,3
CC-5027,3371196,True,1
CC-5027,3376592,False,2
CC-5028,3378260,True,1
CC-5029,3363140,True,1
CC-5029,3365335,False,2
CC-5029,3366262,False,3
CC-5029,3366271,False,4
CC-5029,3367332,False,5
CC-5029,3367425,False,6
CC-5029,3370546,False,7
CC-5029,3370569,False,8
CC-5029,3371638,False,9
CC-5029,3375006,False,10
CC-5029,3377951,False,11
CC-5030,3375985,True,1
CC-5031,3375415,True,1
CC-5032,3374054,True,1
CC-5032,3374057,False,2
CC-5032,3375324,False,3
CC-5032,3375347,False,4
CC-5032,3376329,False,5
CC-5032,3378051,False,6
CC-5032,3378054,False,7
CC-5032,3378057,False,8
CC-5032,3378066,False,9
CC-5032,3378425,False,10
CC-5032,3378449,False,11
CC-5033,3376424,True,1
CC-5034,3376245,True,1
CC-5035,3378637,False,1
CC-5036,3375984,True,1
CC-5036,3377112,False,2
CC-5037,3376432,True,1
CC-5038,3378991,True,1
CC-5039,3377377,True,1
CC-5040,3376528,True,1
CC-5041,3376337,True,1
CC-5042,3377301,True,1
CC-5043,3378678,False,1
CC-5044,3376225,True,1
CC-5044,3376508,False,2
CC-5045,3378405,True,1
CC-5046,3376096,True,1
CC-5046,3376638,False,2
CC-5046,3378210,False,3
CC-5047,3379479,False,1
CC-5048,3376828,True,1
CC-5048,3376862,False,2
CC-5049,3379227,True,1
CC-5049,3379256,False,2
CC-5049,3379333,False,3
CC-5049,3379352,False,4
CC-5050,3369140,True,1
CC-5050,3372535,False,2
CC-5050,3374970,False,3
CC-5050,3380249,False,4
CC-5051,3379147,True,1
CC-5052,3379879,True,1
CC-5053,3376795,True,1
CC-5053,3376820,False,2
CC-5053,3377062,False,3
CC-5054,3365122,True,1
CC-5054,3369917,False,2
CC-5054,3370680,False,3
CC-5054,3370695,False,4
CC-5054,3373751,False,5
CC-5054,3373772,False,6
CC-5054,3373825,False,7
CC-5054,3378207,False,8
CC-5054,3378223,False,9
CC-5055,3379683,True,1
CC-5056,3379992,True,1
CC-5057,3379545,True,1
CC-5057,3380151,False,2
CC-5058,3377649,True,1
CC-5059,3379323,True,1
CC-5059,3379338,False,2
CC-5060,3348888,True,1
CC-5060,3354837,False,2
CC-5060,3356421,False,3
CC-5060,3357914,False,4
CC-5060,3357953,False,5
CC-5060,3361221,False,6
CC-5060,3364281,False,7
CC-5060,3367604,False,8
CC-5060,3371032,False,9
CC-5060,3374390,False,10
CC-5060,3379747,False,11
CC-5061,3377162,True,1
CC-5061,3377188,False,2
CC-5061,3379172,False,3
CC-5062,3380616,False,1
CC-5063,3379002,True,1
CC-5064,3380628,True,1
CC-5065,3379435,True,1
CC-5065,3379552,False,2
CC-5066,3379324,True,1
CC-5067,3379701,True,1
CC-5068,3380191,True,1
CC-5068,3380197,False,2
CC-5069,3378759,True,1
CC-5070,3379015,True,1
CC-5070,3379036,False,2
CC-5070,3379082,False,3
CC-5070,3379083,False,4
CC-5071,3376546,True,1
CC-5071,3378943,False,2
CC-5072,3380987,True,1
CC-5073,3378352,True,1
CC-5074,3379392,True,1
CC-5075,3375886,True,1
CC-5075,3376226,False,2
CC-5075,3379469,False,3
CC-5076,3380534,True,1
CC-5077,3381282,False,1
CC-5078,3381279,False,1
CC-5079,3376449,True,1
CC-5079,3380010,False,2
CC-5080,3380293,True,1
CC-5081,3381105,True,1
CC-5082,3379929,True,1
CC-5082,3380080,False,2
CC-5082,3381474,False,3
CC-5082,3381477,False,4
CC-5082,3381550,False,5
CC-5083,3381635,True,1
CC-5084,3380008,True,1
CC-5084,3380065,False,2
CC-5084,3380068,False,3
CC-5084,3380149,False,4
CC-5085,3365669,True,1
CC-5085,3366251,False,2
CC-5085,3370536,False,3
CC-5085,3371712,False,4
CC-5085,3371720,False,5
CC-5085,3371749,False,6
CC-5085,3374983,False,7
CC-5085,3377832,False,8
CC-5085,3379676,False,9
CC-5086,3379910,True,1
CC-5086,3380335,False,2
CC-5087,3382404,True,1
CC-5088,3383156,True,1
CC-5089,3377786,True,1
CC-5089,3381503,False,2
CC-5090,3368246,True,1
CC-5090,3372762,False,2
CC-5090,3374559,False,3
CC-5090,3378662,False,4
CC-5090,3381136,False,5
CC-5090,3381168,False,6
CC-5090,3381178,False,7
CC-5091,3380054,True,1
CC-5092,3375430,True,1
CC-5092,3380309,False,2
CC-5092,3382539,False,3
CC-5093,3380266,True,1
CC-5094,3375856,True,1
CC-5094,3375910,False,2
CC-5094,3379870,False,3
CC-5094,3379976,False,4
CC-5095,3383608,False,1
CC-5096,3382030,True,1
CC-5097,3381590,True,1
CC-5098,3381613,True,1
CC-5099,3383180,True,1
CC-5100,3381045,True,1
CC-5100,3381071,False,2
CC-5101,3382946,True,1
CC-5102,3382437,True,1
CC-5102,3382531,False,2
CC-5103,3382140,True,1
CC-5104,3380988,True,1
CC-5105,3383299,True,1
CC-5106,3383702,True,1
CC-5106,3383714,False,2
CC-5106,3383748,False,3
CC-5107,3383826,True,1
CC-5107,3383839,False,2
CC-5108,3382983,True,1
CC-5109,3373051,True,1
CC-5109,3377751,False,2
CC-5109,3383061,False,3
CC-5110,3382877,True,1
CC-5111,3383093,True,1
CC-5112,3376676,True,1
CC-5112,3377334,False,2
CC-5112,3377336,False,3
CC-5112,3381960,False,4
CC-5113,3382217,True,1
CC-5114,3384107,False,1
CC-5115,3382161,True,1
CC-5115,3382981,False,2
CC-5115,3383105,False,3
CC-5115,3383115,False,4
CC-5115,3384310,False,5
CC-5115,3384372,False,6
CC-5116,3382951,True,1
CC-5116,3383692,False,2
CC-5116,3383704,False,3
CC-5116,3383716,False,4
CC-5116,3384026,False,5
CC-5116,3384027,False,6
CC-5116,3384028,False,7
CC-5116,3384033,False,8
CC-5117,3382784,True,1
CC-5118,3383181,True,1
CC-5118,3383246,False,2
CC-5119,3382210,True,1
CC-5119,3382231,False,2
CC-5119,3382275,False,3
CC-5119,3382319,False,4
CC-5120,3380545,True,1
CC-5120,3384593,False,2
CC-5120,3384604,False,3
CC-5120,3384959,False,4
CC-5120,3384960,False,5
CC-5120,3384968,False,6
CC-5121,3377039,True,1
CC-5121,3377109,False,2
CC-5121,3377149,False,3
CC-5121,3383078,False,4
CC-5121,3383133,False,5
CC-5122,3381910,True,1
CC-5122,3382573,False,2
CC-5122,3382658,False,3
CC-5122,3382831,False,4
CC-5122,3383335,False,5
CC-5122,3383920,False,6
CC-5122,3384502,False,7
CC-5123,3382735,True,1
CC-5123,3382737,False,2
CC-5124,3375769,True,1
CC-5124,3375817,False,2
CC-5124,3376991,False,3
CC-5124,3377018,False,4
CC-5124,3377035,False,5
CC-5124,3377046,False,6
CC-5124,3377056,False,7
CC-5124,3377096,False,8
CC-5124,3382742,False,9
CC-5125,3385533,True,1
CC-5126,3384175,True,1
CC-5127,3384859,True,1
CC-5128,3364732,True,1
CC-5128,3368561,False,2
CC-5128,3373716,False,3
CC-5128,3377838,False,4
CC-5128,3379869,False,5
CC-5128,3383470,False,6
CC-5129,3386470,False,1
CC-5130,3383271,True,1
CC-5131,3386025,True,1
CC-5132,3386736,False,1
CC-5133,3386211,True,1
CC-5134,3386588,False,1
CC-5135,3379947,True,1
CC-5135,3382394,False,2
CC-5135,3384402,False,3
CC-5136,3375526,True,1
CC-5136,3379187,False,2
CC-5136,3379282,False,3
CC-5136,3383938,False,4
CC-5136,3383945,False,5
CC-5137,3386355,False,1
CC-5138,3384498,True,1
CC-5139,3383214,True,1
CC-5139,3385618,False,2
CC-5139,3385743,False,3
CC-5140,3378152,True,1
CC-5140,3379500,False,2
CC-5140,3379515,False,3
CC-5140,3379565,False,4
CC-5140,3380985,False,5
CC-5140,3380986,False,6
CC-5140,3380996,False,7
CC-5140,3381032,False,8
CC-5140,3385091,False,9
CC-5140,3385183,False,10
CC-5140,3386106,False,11
CC-5140,3386317,False,12
CC-5140,3386454,False,13
CC-5141,3383532,True,1
CC-5141,3385888,False,2
CC-5142,3386766,False,1
CC-5143,3385335,True,1
CC-5144,3384030,True,1
CC-5144,3385302,False,2
CC-5144,3385416,False,3
CC-5144,3385546,False,4
CC-5144,3385553,False,5
CC-5145,3370638,True,1
CC-5145,3370660,False,2
CC-5145,3373655,False,3
CC-5145,3373677,False,4
CC-5145,3378218,False,5
CC-5145,3378239,False,6
CC-5145,3381881,False,7
CC-5145,3385459,False,8
CC-5146,3386162,True,1
CC-5147,3385748,True,1
CC-5147,3385779,False,2
CC-5148,3386934,True,1
CC-5149,3383986,True,1
CC-5150,3384598,True,1
CC-5151,3385214,True,1
CC-5152,3386545,True,1
CC-5153,3387311,True,1
CC-5154,3387308,True,1
CC-5154,3387528,False,2
CC-5154,3387562,False,3
CC-5155,3378436,True,1
CC-5155,3378513,False,2
CC-5155,3383493,False,3
CC-5155,3385095,False,4
CC-5155,3385125,False,5
CC-5155,3385197,False,6
CC-5155,3385226,False,7
CC-5156,3386746,True,1
CC-5157,3381098,True,1
CC-5157,3386935,False,2
CC-5157,3386943,False,3
CC-5158,3385580,True,1
CC-5158,3385636,False,2
CC-5158,3387834,False,3
CC-5158,3387858,False,4
CC-5158,3387975,False,5
CC-5159,3386573,True,1
CC-5160,3386358,True,1
CC-5160,3387150,False,2
CC-5161,3387431,True,1
CC-5162,3388613,False,1
CC-5163,3388868,True,1
CC-5164,3388336,False,1
CC-5165,3387144,True,1
CC-5166,3388139,True,1
CC-5167,3388671,False,1
CC-5168,3389162,True,1
CC-5168,3389236,False,2
CC-5169,3388250,True,1
CC-5169,3388979,False,2
CC-5169,3389008,False,3
CC-5170,3387206,True,1
CC-5171,3386523,True,1
CC-5172,3389297,True,1
CC-5172,3389347,False,2
CC-5172,3389422,False,3
CC-5173,3385452,True,1
CC-5173,3385590,False,2
CC-5173,3386126,False,3
CC-5173,3387070,False,4
CC-5173,3387075,False,5
CC-5173,3387744,False,6
CC-5173,3387908,False,7
CC-5173,3387912,False,8
CC-5173,3388014,False,9
CC-5173,3389227,False,10
CC-5174,3388051,True,1
CC-5175,3389909,False,1
CC-5176,3389379,True,1
CC-5176,3389882,False,2
CC-5177,3388890,True,1
CC-5178,3387491,True,1
CC-5179,3389595,True,1
CC-5180,3387474,True,1
CC-5181,3389846,True,1
CC-5182,3386964,True,1
CC-5183,3384006,True,1
CC-5183,3387212,False,2
CC-5184,3387215,True,1
CC-5185,3381803,True,1
CC-5185,3386508,False,2
CC-5185,3389177,False,3
CC-5186,3388017,True,1
CC-5187,3330484,True,1
CC-5187,3330488,False,2
CC-5187,3333770,False,3
CC-5187,3333790,False,4
CC-5187,3333794,False,5
CC-5187,3334044,False,6
CC-5187,3334048,False,7
CC-5187,3337226,False,8
CC-5187,3338719,False,9
CC-5187,3344400,False,10
CC-5187,3344489,False,11
CC-5187,3344581,False,12
CC-5187,3344586,False,13
CC-5187,3344713,False,14
CC-5187,3347986,False,15
CC-5187,3348876,False,16
CC-5187,3352534,False,17
CC-5187,3352892,False,18
CC-5187,3352947,False,19
CC-5187,3352974,False,20
CC-5187,3359011,False,21
CC-5187,3360338,False,22
CC-5187,3366222,False,23
CC-5187,3369185,False,24
CC-5187,3369187,False,25
CC-5187,3369191,False,26
CC-5187,3373885,False,27
CC-5187,3373943,False,28
CC-5187,3374181,False,29
CC-5187,3378069,False,30
CC-5187,3383707,False,31
CC-5187,3385433,False,32
CC-5187,3385456,False,33
CC-5187,3388229,False,34
CC-5187,3389045,False,35
CC-5187,3389912,False,36
CC-5187,3389924,False,37
CC-5188,3388230,True,1
CC-5189,3389561,True,1
CC-5190,3376613,True,1
CC-5190,3378451,False,2
CC-5190,3381928,False,3
CC-5190,3386620,False,4
CC-5190,3389977,False,5
CC-5191,3388204,True,1
CC-5191,3388214,False,2
CC-5191,3388255,False,3
CC-5191,3388278,False,4
CC-5192,3374643,True,1
CC-5192,3375262,False,2
CC-5192,3375278,False,3
CC-5192,3375311,False,4
CC-5192,3375601,False,5
CC-5192,3375706,False,6
CC-5192,3378366,False,7
CC-5192,3378388,False,8
CC-5192,3381422,False,9
CC-5192,3381458,False,10
CC-5192,3381824,False,11
CC-5192,3382768,False,12
CC-5192,3382827,False,13
CC-5192,3382829,False,14
CC-5192,3387478,False,15
CC-5192,3389248,False,16
CC-5193,3390242,False,1
CC-5194,3389825,True,1
CC-5195,3389667,True,1
CC-5196,3388337,True,1
CC-5197,3388134,True,1
CC-5197,3388177,False,2
CC-5198,3389926,True,1
CC-5198,3389936,False,2
CC-5199,3390179,True,1
CC-5200,3390208,False,1
CC-5201,3390224,True,1
CC-5202,3385650,True,1
CC-5202,3386128,False,2
CC-5202,3386293,False,3
CC-5202,3386842,False,4
CC-5202,3387555,False,5
CC-5202,3388633,False,6
CC-5203,3391436,False,1
CC-5204,3387827,True,1
CC-5204,3387876,False,2
CC-5205,3389293,True,1
CC-5206,3389135,True,1
CC-5207,3388102,True,1
CC-5207,3388117,False,2
CC-5207,3388179,False,3
CC-5208,3388668,True,1
CC-5209,3385564,True,1
CC-5209,3389624,False,2
CC-5210,3389795,True,1
CC-5210,3389839,False,2
CC-5210,3389841,False,3
CC-5211,3391451,True,1
CC-5212,3389661,True,1
CC-5213,3390201,True,1
CC-5214,3388827,True,1
CC-5215,3385143,True,1
CC-5215,3388904,False,2
CC-5215,3389592,False,3
CC-5216,3390985,True,1
CC-5216,3391015,False,2
CC-5217,3389758,True,1
CC-5217,3389785,False,2
CC-5217,3391110,False,3
CC-5217,3391115,False,4
CC-5217,3391146,False,5
CC-5218,3373935,True,1
CC-5218,3373936,False,2
CC-5218,3378182,False,3
CC-5218,3383106,False,4
CC-5218,3383277,False,5
CC-5218,3387002,False,6
CC-5218,3387008,False,7
CC-5218,3389647,False,8
CC-5219,3377168,True,1
CC-5219,3379359,False,2
CC-5219,3381034,False,3
CC-5219,3381775,False,4
CC-5219,3381795,False,5
CC-5219,3381839,False,6
CC-5219,3385499,False,7
CC-5219,3388228,False,8
CC-5219,3389770,False,9
CC-5220,3389590,True,1
CC-5221,3391989,True,1
CC-5222,3367796,True,1
CC-5222,3368043,False,2
CC-5222,3368281,False,3
CC-5222,3368423,False,4
CC-5222,3372306,False,5
CC-5222,3372330,False,6
CC-5222,3372376,False,7
CC-5222,3372437,False,8
CC-5222,3372479,False,9
CC-5222,3375418,False,10
CC-5222,3375509,False,11
CC-5222,3377279,False,12
CC-5222,3377341,False,13
CC-5222,3377374,False,14
CC-5222,3378383,False,15
CC-5222,3379243,False,16
CC-5222,3380798,False,17
CC-5222,3382906,False,18
CC-5222,3382912,False,19
CC-5222,3384293,False,20
CC-5222,3384440,False,21
CC-5222,3384650,False,22
CC-5222,3387887,False,23
CC-5222,3388466,False,24
CC-5222,3391233,False,25
CC-5222,3391546,False,26
CC-5223,3376099,True,1
CC-5223,3376457,False,2
CC-5223,3376590,False,3
CC-5223,3376928,False,4
CC-5223,3377169,False,5
CC-5223,3377501,False,6
CC-5223,3377519,False,7
CC-5223,3378738,False,8
CC-5223,3378774,False,9
CC-5223,3378837,False,10
CC-5223,3379278,False,11
CC-5223,3381315,False,12
CC-5223,3384504,False,13
CC-5223,3384678,False,14
CC-5223,3386668,False,15
CC-5223,3389251,False,16
CC-5224,3392572,False,1
CC-5225,3389270,True,1
CC-5226,3383994,True,1
CC-5226,3386528,False,2
CC-5226,3389949,False,3
CC-5226,3391422,False,4
CC-5227,3392114,False,1
CC-5228,3391050,True,1
CC-5229,3391507,True,1
CC-5230,3386926,True,1
CC-5230,3387696,False,2
CC-5230,3387715,False,3
CC-5230,3388907,False,4
CC-5230,3391659,False,5
CC-5231,3392049,True,1
CC-5232,3392521,False,1
CC-5233,3382168,True,1
CC-5233,3387132,False,2
CC-5233,3387137,False,3
CC-5233,3387210,False,4
CC-5233,3387216,False,5
CC-5233,3387317,False,6
CC-5233,3387330,False,7
CC-5233,3388087,False,8
CC-5233,3388095,False,9
CC-5233,3389133,False,10
CC-5233,3391051,False,11
CC-5233,3391147,False,12
CC-5233,3391385,False,13
CC-5234,3392482,False,1
CC-5235,3390671,True,1
CC-5236,3392779,False,1
CC-5237,3392211,True,1
CC-5238,3389979,True,1
CC-5239,3391078,True,1
CC-5239,3391098,False,2
CC-5239,3391400,False,3
CC-5240,3391485,True,1
CC-5241,3390167,True,1
CC-5241,3390169,False,2
CC-5241,3391122,False,3
CC-5241,3391163,False,4
CC-5242,3390717,True,1
CC-5242,3390763,False,2
CC-5242,3390796,False,3
CC-5243,3393290,True,1
CC-5244,3391315,True,1
CC-5244,3391325,False,2
CC-5245,3392286,True,1
CC-5246,3390581,True,1
CC-5247,3388569,True,1
CC-5247,3390519,False,2
CC-5248,3373836,True,1
CC-5248,3375437,False,2
CC-5248,3379890,False,3
CC-5248,3382529,False,4
CC-5248,3386895,False,5
CC-5248,3386920,False,6
CC-5248,3391640,False,7
CC-5248,3391662,False,8
CC-5248,3391663,False,9
CC-5248,3392912,False,10
CC-5249,3393487,False,1
CC-5250,3384605,True,1
CC-5250,3390498,False,2
CC-5251,3392592,True,1
CC-5252,3393373,False,1
CC-5253,3390976,True,1
CC-5253,3391012,False,2
CC-5254,3394354,False,1
CC-5255,3394360,True,1
CC-5256,3393767,True,1
CC-5257,3392024,True,1
CC-5258,3391854,True,1
CC-5259,3395404,False,1
CC-5260,3394710,True,1
CC-5261,3392632,True,1
CC-5262,3395410,False,1
CC-5263,3392603,True,1
CC-5264,3392576,True,1
CC-5265,3392968,True,1
CC-5266,3391587,True,1
CC-5266,3392413,False,2
CC-5266,3394420,False,3
CC-5266,3395204,False,4
CC-5267,3392884,True,1
CC-5267,3392897,False,2
CC-5268,3395123,True,1
CC-5269,3377417,True,1
CC-5269,3381995,False,2
CC-5269,3386302,False,3
CC-5269,3387079,False,4
CC-5269,3387977,False,5
CC-5269,3390866,False,6
CC-5269,3391513,False,7
CC-5269,3393250,False,8
CC-5269,3394289,False,9
CC-5270,3395771,True,1
CC-5271,3394941,True,1
CC-5272,3392022,True,1
CC-5272,3392949,False,2
CC-5273,3396001,True,1
CC-5273,3396005,False,2
CC-5274,3395917,True,1
CC-5275,3392800,True,1
CC-5275,3392894,False,2
CC-5275,3392902,False,3
CC-5275,3392903,False,4
CC-5275,3392904,False,5
CC-5275,3394931,False,6
CC-5276,3395863,True,1
CC-5277,3389947,True,1
CC-5277,3393813,False,2
CC-5278,3395953,True,1
CC-5279,3387469,True,1
CC-5279,3393417,False,2
CC-5280,3387581,True,1
CC-5280,3391621,False,2
CC-5280,3393308,False,3
CC-5281,3396408,True,1
CC-5282,3389969,True,1
CC-5282,3394432,False,2
CC-5283,3395802,True,1
CC-5284,3396848,True,1
CC-5285,3384246,True,1
CC-5285,3384298,False,2
CC-5285,3389606,False,3
CC-5285,3391801,False,4
CC-5285,3396033,False,5
CC-5285,3396035,False,6
CC-5285,3396041,False,7
CC-5286,3394552,True,1
CC-5287,3393362,True,1
CC-5288,3394064,True,1
CC-5289,3397458,False,1
CC-5290,3396744,False,1
CC-5291,3375275,True,1
CC-5291,3378238,False,2
CC-5291,3378559,False,3
CC-5291,3384130,False,4
CC-5291,3386385,False,5
CC-5291,3386681,False,6
CC-5291,3386683,False,7
CC-5291,3388414,False,8
CC-5291,3388645,False,9
CC-5291,3389061,False,10
CC-5291,3389556,False,11
CC-5291,3389602,False,12
CC-5291,3389627,False,13
CC-5291,3390137,False,14
CC-5291,3393054,False,15
CC-5291,3393782,False,16
CC-5291,3393977,False,17
CC-5291,3394286,False,18
CC-5291,3397522,False,19
CC-5291,3397532,False,20
CC-5291,3397563,False,21
CC-5292,3396625,False,1
CC-5293,3391386,True,1
CC-5293,3394686,False,2
CC-5294,3395833,True,1
CC-5295,3394393,True,1
CC-5295,3394483,False,2
CC-5295,3394520,False,3
CC-5296,3397650,False,1
CC-5297,3396503,True,1
CC-5297,3396789,False,2
CC-5297,3397048,False,3
CC-5298,3397485,True,1
CC-5299,3397957,False,1
CC-5300,3397512,True,1
CC-5300,3397585,False,2
CC-5301,3389547,True,1
CC-5301,3390963,False,2
CC-5301,3391128,False,3
CC-5301,3391151,False,4
CC-5301,3395548,False,5
CC-5302,3398728,True,1
CC-5302,3398820,False,2
CC-5303,3397415,True,1
CC-5304,3392932,True,1
CC-5304,3398984,False,2
CC-5305,3397725,True,1
CC-5306,3397935,True,1
CC-5307,3398975,True,1
CC-5308,3398703,False,1
CC-5309,3397841,True,1
CC-5310,3392784,True,1
CC-5310,3392875,False,2
CC-5310,3395986,False,3
CC-5311,3392403,True,1
CC-5311,3392489,False,2
CC-5311,3392970,False,3
CC-5311,3394096,False,4
CC-5311,3398513,False,5
CC-5311,3398520,False,6
CC-5311,3398556,False,7
CC-5311,3398568,False,8
CC-5311,3398927,False,9
CC-5311,3398942,False,10
CC-5311,3398948,False,11
CC-5312,3397904,True,1
CC-5313,3392948,True,1
CC-5313,3395514,False,2
CC-5313,3395607,False,3
CC-5313,3395616,False,4
CC-5313,3396159,False,5
CC-5313,3396215,False,6
CC-5314,3398882,True,1
CC-5315,3397410,True,1
CC-5315,3397467,False,2
CC-5316,3396398,True,1
CC-5317,3397016,True,1
CC-5317,3397064,False,2
CC-5318,3397342,True,1
CC-5318,3397345,False,2
CC-5318,3397368,False,3
CC-5319,3396356,True,1
CC-5320,3395212,True,1
CC-5320,3397449,False,2
CC-5321,3394508,True,1
CC-5321,3397561,False,2
CC-5322,3397995,True,1
CC-5323,3397547,True,1
CC-5323,3398607,False,2
CC-5324,3399428,False,1
CC-5325,3398131,True,1
CC-5326,3399786,True,1
CC-5327,3397232,True,1
CC-5328,3387843,True,1
CC-5328,3391439,False,2
CC-5328,3397086,False,3
CC-5328,3400286,False,4
CC-5329,3399909,True,1
CC-5330,3398138,True,1
CC-5330,3398159,False,2
CC-5331,3401751,False,1
CC-5332,3398255,True,1
CC-5333,3395712,True,1
CC-5333,3399795,False,2
CC-5334,3400594,True,1
CC-5335,3390267,True,1
CC-5335,3393375,False,2
CC-5335,3397870,False,3
CC-5335,3397881,False,4
CC-5335,3397899,False,5
CC-5335,3398215,False,6
CC-5335,3399160,False,7
CC-5335,3399178,False,8
CC-5335,3399459,False,9
CC-5335,3399598,False,10
CC-5335,3399890,False,11
CC-5336,3398657,True,1
CC-5337,3398928,True,1
CC-5338,3400324,True,1
CC-5339,3326400,True,1
CC-5339,3328689,False,2
CC-5339,3332454,False,3
CC-5339,3334861,False,4
CC-5339,3336459,False,5
CC-5339,3340242,False,6
CC-5339,3345788,False,7
CC-5339,3345797,False,8
CC-5339,3346165,False,9
CC-5339,3346168,False,10
CC-5339,3346314,False,11
CC-5339,3347596,False,12
CC-5339,3347828,False,13
CC-5339,3347840,False,14
CC-5339,3348635,False,15
CC-5339,3350020,False,16
CC-5339,3350048,False,17
CC-5339,3350057,False,18
CC-5339,3350366,False,19
CC-5339,3350589,False,20
CC-5339,3350607,False,21
CC-5339,3351730,False,22
CC-5339,3353960,False,23
CC-5339,3353962,False,24
CC-5339,3359153,False,25
CC-5339,3359284,False,26
CC-5339,3359361,False,27
CC-5339,3360347,False,28
CC-5339,3362659,False,29
CC-5339,3365009,False,30
CC-5339,3369080,False,31
CC-5339,3369216,False,32
CC-5339,3369222,False,33
CC-5339,3370031,False,34
CC-5339,3370942,False,35
CC-5339,3371940,False,36
CC-5339,3373701,False,37
CC-5339,3373877,False,38
CC-5339,3374472,False,39
CC-5339,3374518,False,40
CC-5339,3374903,False,41
CC-5339,3375005,False,42
CC-5339,3376091,False,43
CC-5339,3376143,False,44
CC-5339,3376176,False,45
CC-5339,3376196,False,46
CC-5339,3377707,False,47
CC-5339,3378013,False,48
CC-5339,3379130,False,49
CC-5339,3379460,False,50
CC-5339,3379577,False,51
CC-5339,3379940,False,52
CC-5339,3380400,False,53
CC-5339,3383868,False,54
CC-5339,3383875,False,55
CC-5339,3383881,False,56
CC-5339,3384645,False,57
CC-5339,3386830,False,58
CC-5339,3386894,False,59
CC-5339,3390951,False,60
CC-5339,3392428,False,61
CC-5339,3392454,False,62
CC-5339,3392519,False,63
CC-5339,3392648,False,64
CC-5339,3392918,False,65
CC-5339,3396659,False,66
CC-5339,3396885,False,67
CC-5339,3399059,False,68
CC-5340,3399358,True,1
CC-5340,3401842,False,2
CC-5341,3392621,True,1
CC-5341,3396229,False,2
CC-5341,3397046,False,3
CC-5341,3397123,False,4
CC-5341,3397132,False,5
CC-5341,3401618,False,6
CC-5342,3401267,True,1
CC-5343,3394689,True,1
CC-5343,3394716,False,2
CC-5343,3394728,False,3
CC-5343,3394804,False,4
CC-5343,3394810,False,5
CC-5343,3395535,False,6
CC-5343,3400105,False,7
CC-5344,3400141,True,1
CC-5345,3398758,True,1
CC-5345,3398786,False,2
CC-5345,3401957,False,3
CC-5345,3401958,False,4
CC-5346,3397387,True,1
CC-5346,3400526,False,2
CC-5347,3394450,True,1
CC-5347,3396016,False,2
CC-5347,3400387,False,3
CC-5348,3395924,True,1
CC-5348,3395990,False,2
CC-5348,3396042,False,3
CC-5348,3397695,False,4
CC-5348,3398365,False,5
CC-5348,3398373,False,6
CC-5348,3399062,False,7
CC-5348,3400448,False,8
CC-5349,3400485,True,1
CC-5350,3402076,True,1
CC-5351,3390416,True,1
CC-5351,3391457,False,2
CC-5351,3394636,False,3
CC-5351,3394889,False,4
CC-5351,3395998,False,5
CC-5351,3396338,False,6
CC-5351,3396562,False,7
CC-5351,3396635,False,8
CC-5351,3396728,False,9
CC-5351,3396752,False,10
CC-5351,3399848,False,11
CC-5351,3400012,False,12
CC-5352,3402165,True,1
CC-5352,3402200,False,2
CC-5352,3402211,False,3
CC-5353,3397862,True,1
CC-5353,3402483,False,2
CC-5354,3392692,True,1
CC-5354,3393033,False,2
CC-5354,3393034,False,3
CC-5354,3397036,False,4
CC-5354,3398229,False,5
CC-5354,3399095,False,6
CC-5354,3399105,False,7
CC-5354,3401295,False,8
CC-5354,3401306,False,9
CC-5354,3401328,False,10
CC-5355,3401982,True,1
CC-5356,3402472,True,1
CC-5357,3400524,True,1
CC-5358,3400456,True,1
CC-5358,3400531,False,2
CC-5358,3400549,False,3
CC-5359,3398238,True,1
CC-5359,3398307,False,2
CC-5359,3399755,False,3
CC-5359,3400996,False,4
CC-5360,3402006,True,1
CC-5360,3402018,False,2
CC-5360,3402023,False,3
CC-5361,3388753,True,1
CC-5361,3390203,False,2
CC-5361,3393476,False,3
CC-5361,3396508,False,4
CC-5361,3399241,False,5
CC-5361,3399270,False,6
CC-5362,3403068,True,1
CC-5363,3377549,True,1
CC-5363,3379782,False,2
CC-5363,3382535,False,3
CC-5363,3383982,False,4
CC-5363,3384056,False,5
CC-5363,3384178,False,6
CC-5363,3384725,False,7
CC-5363,3384747,False,8
CC-5363,3384837,False,9
CC-5363,3384838,False,10
CC-5363,3387090,False,11
CC-5363,3390929,False,12
CC-5363,3394099,False,13
CC-5363,3395289,False,14
CC-5363,3397916,False,15
CC-5363,3398739,False,16
CC-5363,3399895,False,17
CC-5363,3399903,False,18
CC-5364,3402767,True,1
CC-5365,3402541,True,1
CC-5366,3401179,True,1
CC-5366,3401980,False,2
CC-5367,3400626,True,1
CC-5368,3404149,False,1
CC-5369,3402042,True,1
CC-5369,3402050,False,2
CC-5369,3402055,False,3
CC-5369,3402675,False,4
CC-5370,3367034,True,1
CC-5370,3367102,False,2
CC-5370,3368651,False,3
CC-5370,3371253,False,4
CC-5370,3372203,False,5
CC-5370,3376281,False,6
CC-5370,3377192,False,7
CC-5370,3377231,False,8
CC-5370,3377262,False,9
CC-5370,3377391,False,10
CC-5370,3378497,False,11
CC-5370,3382468,False,12
CC-5370,3385170,False,13
CC-5370,3385881,False,14
CC-5370,3390880,False,15
CC-5370,3394414,False,16
CC-5370,3394423,False,17
CC-5370,3396009,False,18
CC-5370,3397321,False,19
CC-5370,3399051,False,20
CC-5370,3400341,False,21
CC-5370,3400509,False,22
CC-5370,3400532,False,23
CC-5371,3403375,False,1
CC-5372,3396190,True,1
CC-5372,3401913,False,2
CC-5373,3388993,True,1
CC-5373,3389055,False,2
CC-5373,3389067,False,3
CC-5373,3389698,False,4
CC-5373,3389711,False,5
CC-5373,3393376,False,6
CC-5373,3393387,False,7
CC-5373,3393421,False,8
CC-5373,3397208,False,9
CC-5373,3397249,False,10
CC-5373,3402113,False,11
CC-5373,3402125,False,12
CC-5374,3402857,True,1
CC-5375,3402934,True,1
CC-5376,3404078,False,1
CC-5377,3403293,True,1
CC-5378,3402041,True,1
CC-5379,3403897,True,1
CC-5380,3403088,True,1
CC-5381,3402310,True,1
CC-5382,3404074,True,1
CC-5382,3404369,False,2
CC-5382,3404436,False,3
CC-5382,3404442,False,4
CC-5383,3405175,True,1
CC-5384,3394764,True,1
CC-5384,3398258,False,2
CC-5384,3398320,False,3
CC-5384,3403090,False,4
CC-5384,3403129,False,5
CC-5384,3403941,False,6
CC-5385,3397598,True,1
CC-5385,3400133,False,2
CC-5385,3400380,False,3
CC-5385,3400440,False,4
CC-5385,3401630,False,5
CC-5385,3403156,False,6
CC-5386,3403912,True,1
CC-5386,3404328,False,2
CC-5386,3404345,False,3
CC-5387,3400729,True,1
CC-5387,3403186,False,2
CC-5387,3405363,False,3
CC-5388,3392691,True,1
CC-5388,3394665,False,2
CC-5388,3395390,False,3
CC-5388,3395418,False,4
CC-5388,3395468,False,5
CC-5388,3395908,False,6
CC-5388,3395927,False,7
CC-5388,3397406,False,8
CC-5388,3397795,False,9
CC-5388,3397828,False,10
CC-5388,3397832,False,11
CC-5388,3398837,False,12
CC-5388,3398847,False,13
CC-5388,3400723,False,14
CC-5388,3401101,False,15
CC-5388,3401108,False,16
CC-5388,3401567,False,17
CC-5388,3401961,False,18
CC-5388,3405151,False,19
CC-5388,3405158,False,20
CC-5389,3404481,True,1
CC-5390,3403425,True,1
CC-5391,3394181,True,1
CC-5391,3395889,False,2
CC-5391,3395960,False,3
CC-5391,3399296,False,4
CC-5391,3401846,False,5
CC-5391,3401904,False,6
CC-5391,3401918,False,7
CC-5391,3402600,False,8
CC-5392,3404579,True,1
CC-5393,3404781,True,1
CC-5394,3404106,True,1
CC-5395,3405740,True,1
CC-5396,3405057,True,1
CC-5396,3405078,False,2
CC-5396,3405091,False,3
CC-5397,3405757,True,1
CC-5398,3405182,True,1
CC-5399,3405152,True,1
CC-5400,3400502,True,1
CC-5400,3402904,False,2
CC-5401,3405877,False,1
CC-5402,3405951,True,1
CC-5403,3404093,True,1
CC-5404,3405144,True,1
CC-5404,3405171,False,2
CC-5405,3400366,True,1
CC-5405,3401463,False,2
CC-5405,3404339,False,3
CC-5406,3402838,True,1
CC-5407,3403069,True,1
CC-5408,3404017,True,1
CC-5409,3404511,True,1
CC-5410,3397255,True,1
CC-5410,3399110,False,2
CC-5410,3405036,False,3
CC-5410,3405067,False,4
CC-5411,3406545,False,1
CC-5412,3406347,True,1
CC-5413,3406458,False,1
CC-5414,3406468,True,1
CC-5414,3406755,False,2
CC-5415,3404850,True,1
CC-5416,3406585,True,1
CC-5417,3400191,True,1
CC-5417,3403229,False,2
CC-5417,3404975,False,3
CC-5418,3399060,True,1
CC-5418,3399064,False,2
CC-5418,3400853,False,3
CC-5418,3404498,False,4
CC-5419,3403819,True,1
CC-5419,3403830,False,2
CC-5419,3403872,False,3
CC-5419,3404053,False,4
CC-5419,3404068,False,5
CC-5420,3405168,True,1
CC-5421,3406847,True,1
CC-5421,3407726,False,2
CC-5421,3407752,False,3
CC-5422,3405043,True,1
CC-5423,3403328,True,1
CC-5423,3403786,False,2
CC-5423,3407629,False,3
CC-5423,3407630,False,4
CC-5424,3407733,True,1
CC-5425,3406720,True,1
CC-5426,3402948,True,1
CC-5426,3406902,False,2
CC-5427,3405732,True,1
CC-5428,3408140,True,1
CC-5429,3407048,True,1
CC-5430,3404617,True,1
CC-5430,3405391,False,2
CC-5430,3406203,False,3
CC-5430,3406329,False,4
CC-5430,3406353,False,5
CC-5431,3379369,True,1
CC-5431,3380264,False,2
CC-5431,3381900,False,3
CC-5431,3382629,False,4
CC-5431,3384470,False,5
CC-5431,3387461,False,6
CC-5431,3389913,False,7
CC-5431,3390047,False,8
CC-5431,3390055,False,9
CC-5431,3395161,False,10
CC-5431,3398416,False,11
CC-5431,3400633,False,12
CC-5431,3402511,False,13
CC-5431,3406928,False,14
CC-5432,3405058,True,1
CC-5432,3405148,False,2
CC-5433,3407659,True,1
CC-5434,3383621,True,1
CC-5434,3383628,False,2
CC-5434,3386970,False,3
CC-5434,3389185,False,4
CC-5434,3391191,False,5
CC-5434,3391512,False,6
CC-5434,3392969,False,7
CC-5434,3395887,False,8
CC-5434,3400746,False,9
CC-5434,3400837,False,10
CC-5434,3401945,False,11
CC-5434,3403962,False,12
CC-5434,3405165,False,13
CC-5434,3406797,False,14
CC-5434,3407754,False,15
CC-5435,3407805,True,1
CC-5436,3407179,True,1
CC-5437,3405984,True,1
CC-5438,3406121,True,1
CC-5439,3405283,True,1
CC-5439,3405288,False,2
CC-5439,3405312,False,3
CC-5440,3406712,True,1
CC-5441,3376144,True,1
CC-5441,3377280,False,2
CC-5441,3377384,False,3
CC-5441,3378212,False,4
CC-5441,3384000,False,5
CC-5441,3384316,False,6
CC-5441,3385775,False,7
CC-5441,3386981,False,8
CC-5441,3386983,False,9
CC-5441,3388208,False,10
CC-5441,3389127,False,11
CC-5441,3389161,False,12
CC-5441,3389261,False,13
CC-5441,3395191,False,14
CC-5441,3399218,False,15
CC-5441,3404260,False,16
CC-5441,3406464,False,17
CC-5441,3406477,False,18
CC-5441,3407535,False,19
CC-5442,3399527,True,1
CC-5442,3399652,False,2
CC-5442,3405824,False,3
CC-5443,3405505,True,1
CC-5443,3406781,False,2
CC-5444,3408489,True,1
CC-5445,3405860,True,1
CC-5445,3405866,False,2
CC-5445,3405902,False,3
CC-5445,3405915,False,4
CC-5446,3405417,True,1
CC-5447,3400510,True,1
CC-5447,3405132,False,2
CC-5447,3409080,False,3
CC-5447,3409148,False,4
CC-5448,3408771,False,1
CC-5449,3407507,True,1
CC-5450,3406294,True,1
CC-5451,3407172,True,1
CC-5452,3407727,True,1
CC-5453,3403576,True,1
CC-5453,3406995,False,2
CC-5453,3407005,False,3
CC-5454,3408814,True,1
CC-5455,3407065,True,1
CC-5455,3407130,False,2
CC-5456,3408026,True,1
CC-5457,3406327,True,1
CC-5458,3408869,False,1
CC-5459,3408925,False,1
CC-5460,3409892,True,1
CC-5461,3394408,True,1
CC-5461,3397385,False,2
CC-5461,3401677,False,3
CC-5461,3401900,False,4
CC-5461,3405130,False,5
CC-5461,3405150,False,6
CC-5461,3406685,False,7
CC-5461,3406804,False,8
CC-5461,3409587,False,9
CC-5462,3410923,False,1
CC-5463,3411112,False,1
CC-5464,3407353,True,1
CC-5464,3407741,False,2
CC-5465,3409762,True,1
CC-5466,3404275,True,1
CC-5466,3410482,False,2
CC-5467,3409551,True,1
CC-5468,3410925,False,1
CC-5469,3408990,True,1
CC-5469,3409130,False,2
CC-5469,3409139,False,3
CC-5470,3408040,True,1
CC-5471,3410277,True,1
CC-5472,3409919,True,1
CC-5473,3410068,True,1
CC-5474,3409607,True,1
CC-5474,3409851,False,2
CC-5475,3402715,True,1
CC-5475,3402967,False,2
CC-5475,3409282,False,3
CC-5475,3409363,False,4
CC-5476,3406730,True,1
CC-5476,3408099,False,2
CC-5477,3407082,True,1
CC-5477,3407331,False,2
CC-5477,3407377,False,3
CC-5477,3409895,False,4
CC-5478,3407785,True,1
CC-5478,3408365,False,2
CC-5479,3410360,True,1
CC-5480,3410097,True,1
CC-5480,3410803,False,2
CC-5481,3408157,True,1
CC-5481,3408176,False,2
CC-5481,3410470,False,3
CC-5482,3410890,True,1
CC-5483,3408362,True,1
CC-5484,3411318,True,1
CC-5484,3411320,False,2
CC-5485,3411626,True,1
CC-5485,3411630,False,2
CC-5486,3411585,True,1
CC-5487,3409528,True,1
CC-5488,3410081,True,1
CC-5489,3411591,True,1
CC-5489,3412024,False,2
CC-5489,3412069,False,3
CC-5490,3394359,True,1
CC-5490,3395741,False,2
CC-5490,3396678,False,3
CC-5490,3398648,False,4
CC-5490,3400844,False,5
CC-5490,3401320,False,6
CC-5490,3401356,False,7
CC-5490,3401359,False,8
CC-5490,3401379,False,9
CC-5490,3402201,False,10
CC-5490,3402208,False,11
CC-5490,3402508,False,12
CC-5490,3402596,False,13
CC-5490,3402688,False,14
CC-5490,3404253,False,15
CC-5490,3404289,False,16
CC-5490,3404461,False,17
CC-5490,3404568,False,18
CC-5490,3404661,False,19
CC-5490,3404680,False,20
CC-5490,3404688,False,21
CC-5490,3405416,False,22
CC-5490,3405438,False,23
CC-5490,3405884,False,24
CC-5490,3407336,False,25
CC-5490,3407539,False,26
CC-5490,3407635,False,27
CC-5490,3407714,False,28
CC-5490,3407778,False,29
CC-5490,3410057,False,30
CC-5490,3410071,False,31
CC-5490,3410219,False,32
CC-5491,3411521,True,1
CC-5492,3412670,False,1
CC-5493,3411378,True,1
CC-5494,3409877,True,1
CC-5495,3410067,True,1
CC-5495,3410133,False,2
CC-5496,3412822,True,1
CC-5497,3410555,True,1
CC-5498,3412963,True,1
CC-5499,3413551,True,1
CC-5500,3410926,True,1
CC-5501,3410584,True,1
CC-5502,3409983,True,1
CC-5502,3411608,False,2
CC-5503,3411228,True,1
CC-5504,3414105,False,1
CC-5505,3394208,True,1
CC-5505,3394485,False,2
CC-5505,3394521,False,3
CC-5505,3397975,False,4
CC-5505,3399376,False,5
CC-5505,3399444,False,6
CC-5505,3399537,False,7
CC-5505,3402171,False,8
CC-5505,3404378,False,9
CC-5505,3405314,False,10
CC-5505,3411650,False,11
CC-5506,3411664,True,1
CC-5507,3411764,True,1
CC-5508,3411534,True,1
CC-5509,3414032,True,1
CC-5510,3413916,True,1
CC-5511,3413430,True,1
CC-5511,3413564,False,2
CC-5511,3413967,False,3
CC-5512,3414362,True,1
CC-5512,3414370,False,2
CC-5513,3414732,True,1
CC-5513,3414742,False,2
CC-5514,3414776,True,1
CC-5515,3409190,True,1
CC-5515,3409223,False,2
CC-5515,3409293,False,3
CC-5515,3413035,False,4
CC-5516,3411567,True,1
CC-5516,3411569,False,2
CC-5516,3411574,False,3
CC-5517,3412250,True,1
CC-5517,3412259,False,2
CC-5517,3412261,False,3
CC-5517,3412275,False,4
CC-5517,3412300,False,5
CC-5517,3412324,False,6
CC-5517,3412348,False,7
CC-5518,3411627,True,1
CC-5518,3411635,False,2
CC-5519,3414892,True,1
CC-5520,3414721,True,1
CC-5521,3392668,True,1
CC-5521,3395273,False,2
CC-5521,3397540,False,3
CC-5521,3402399,False,4
CC-5521,3408153,False,5
CC-5521,3408273,False,6
CC-5521,3410985,False,7
CC-5521,3411056,False,8
CC-5521,3413312,False,9
CC-5522,3413114,True,1
CC-5523,3412333,True,1
CC-5524,3413976,True,1
CC-5525,3414909,False,1
CC-5526,3413581,True,1
CC-5527,3412372,True,1
CC-5528,3412004,True,1
CC-5528,3412771,False,2
CC-5529,3410743,True,1
CC-5529,3410792,False,2
CC-5529,3414889,False,3
CC-5530,3408928,True,1
CC-5530,3414751,False,2
CC-5530,3414752,False,3
CC-5531,3412041,True,1
CC-5532,3412736,True,1
CC-5533,3412373,True,1
CC-5534,3412384,True,1
CC-5535,3414823,True,1
CC-5536,3397985,True,1
CC-5536,3403669,False,2
CC-5536,3407991,False,3
CC-5536,3411560,False,4
CC-5536,3413773,False,5
CC-5537,3415770,False,1
CC-5538,3416070,True,1
CC-5539,3388467,True,1
CC-5539,3388517,False,2
CC-5539,3388743,False,3
CC-5539,3389976,False,4
CC-5539,3391374,False,5
CC-5539,3392865,False,6
CC-5539,3396809,False,7
CC-5539,3396820,False,8
CC-5539,3396823,False,9
CC-5539,3401967,False,10
CC-5539,3401974,False,11
CC-5539,3408018,False,12
CC-5539,3408042,False,13
CC-5539,3411018,False,14
CC-5539,3411121,False,15
CC-5539,3411258,False,16
CC-5539,3411283,False,17
CC-5539,3411297,False,18
CC-5539,3411782,False,19
CC-5539,3414553,False,20
CC-5540,3413603,True,1
CC-5541,3392841,True,1
CC-5541,3398709,False,2
CC-5541,3400973,False,3
CC-5541,3400979,False,4
CC-5541,3402800,False,5
CC-5541,3404356,False,6
CC-5541,3407334,False,7
CC-5541,3408008,False,8
CC-5541,3410322,False,9
CC-5541,3411541,False,10
CC-5541,3416160,False,11
CC-5542,3414896,True,1
CC-5543,3415805,True,1
CC-5543,3416093,False,2
CC-5544,3416906,True,1
CC-5545,3411581,True,1
CC-5545,3411592,False,2
CC-5545,3413591,False,3
CC-5546,3414839,True,1
CC-5547,3411222,True,1
CC-5547,3413685,False,2
CC-5547,3413703,False,3
CC-5547,3414502,False,4
CC-5548,3417198,True,1
CC-5549,3415741,True,1
CC-5550,3416099,True,1
CC-5550,3416103,False,2
CC-5551,3416144,True,1
CC-5552,3412751,True,1
CC-5552,3415790,False,2
CC-5553,3412031,True,1
CC-5553,3414879,False,2
CC-5554,3414593,True,1
CC-5555,3416162,True,1
CC-5556,3417031,True,1
CC-5556,3417038,False,2
CC-5557,3415120,True,1
CC-5557,3415966,False,2
CC-5558,3417221,True,1
CC-5559,3416400,True,1
CC-5559,3417333,False,2
CC-5560,3416658,True,1
CC-5560,3416717,False,2
CC-5560,3416791,False,3
CC-5561,3417030,True,1
CC-5562,3411738,True,1
CC-5562,3411937,False,2
CC-5562,3413242,False,3
CC-5562,3414875,False,4
CC-5562,3416154,False,5
CC-5562,3416193,False,6
CC-5562,3416217,False,7
CC-5563,3402698,True,1
CC-5563,3403200,False,2
CC-5563,3404218,False,3
CC-5563,3404222,False,4
CC-5563,3404276,False,5
CC-5563,3406794,False,6
CC-5563,3409305,False,7
CC-5563,3411802,False,8
CC-5563,3412197,False,9
CC-5563,3412975,False,10
CC-5563,3413034,False,11
CC-5563,3415041,False,12
CC-5563,3417029,False,13
CC-5564,3417271,True,1
CC-5565,3417172,True,1
